ISO-10303-21;
HEADER;
FILE_DESCRIPTION(('FreeCAD Model'),'2;1');
FILE_NAME('Open CASCADE Shape Model','2026-08-18T20:09:47',(''),(''),
  'Open CASCADE STEP processor 7.8','FreeCAD','Unknown');
FILE_SCHEMA(('AUTOMOTIVE_DESIGN { 1 0 10303 214 1 1 1 1 }'));
ENDSEC;
DATA;
#1 = APPLICATION_PROTOCOL_DEFINITION('international standard',
  'automotive_design',2000,#2);
#2 = APPLICATION_CONTEXT(
  'core data for automotive mechanical design processes');
#3 = SHAPE_DEFINITION_REPRESENTATION(#4,#10);
#4 = PRODUCT_DEFINITION_SHAPE('','',#5);
#5 = PRODUCT_DEFINITION('design','',#6,#9);
#6 = PRODUCT_DEFINITION_FORMATION('','',#7);
#7 = PRODUCT('Cut043','Cut043','',(#8));
#8 = PRODUCT_CONTEXT('',#2,'mechanical');
#9 = PRODUCT_DEFINITION_CONTEXT('part definition',#2,'design');
#10 = ADVANCED_BREP_SHAPE_REPRESENTATION('',(#11,#15),#3101);
#11 = AXIS2_PLACEMENT_3D('',#12,#13,#14);
#12 = CARTESIAN_POINT('',(0.,0.,0.));
#13 = DIRECTION('',(0.,0.,1.));
#14 = DIRECTION('',(1.,0.,-0.));
#15 = MANIFOLD_SOLID_BREP('',#16);
#16 = CLOSED_SHELL('',(#17,#117,#398,#515,#540,#652,#683,#699,#922,#1249
    ,#1281,#1307,#1580,#1604,#1626,#1657,#1681,#1698,#2064,#2211,#2539,
    #2619,#2643,#2679,#2688,#2717,#2741,#2757,#2769,#2793,#2810,#3089));
#17 = ADVANCED_FACE('',(#18),#94,.F.);
#18 = FACE_BOUND('',#19,.F.);
#19 = EDGE_LOOP('',(#20,#35,#57));
#20 = ORIENTED_EDGE('',*,*,#21,.F.);
#21 = EDGE_CURVE('',#22,#24,#26,.T.);
#22 = VERTEX_POINT('',#23);
#23 = CARTESIAN_POINT('',(-64.22394521055,-14.92702228615,
    33.837091747089));
#24 = VERTEX_POINT('',#25);
#25 = CARTESIAN_POINT('',(-11.5,-53.21862317911,50.));
#26 = B_SPLINE_CURVE_WITH_KNOTS('',3,(#27,#28,#29,#30,#31,#32,#33,#34),
  .UNSPECIFIED.,.F.,.F.,(4,1,1,1,1,4),(0.,11.939100908576,
    22.123834938753,43.025784369384,62.546742674482,83.486100584084),
  .UNSPECIFIED.);
#27 = CARTESIAN_POINT('',(-68.22394521055,-9.749575084509,
    40.686260024709));
#28 = CARTESIAN_POINT('',(-66.97093093578,-11.69913375009,
    37.330590003255));
#29 = CARTESIAN_POINT('',(-63.54543633736,-15.92997791054,
    32.221999617231));
#30 = CARTESIAN_POINT('',(-54.109437537,-25.40597655668,26.115053606107)
  );
#31 = CARTESIAN_POINT('',(-41.38618633092,-37.45177534184,
    28.227411387876));
#32 = CARTESIAN_POINT('',(-24.98071380667,-48.33027927933,
    34.754995147537));
#33 = CARTESIAN_POINT('',(-15.53287304229,-52.37234994458,
    43.994056038432));
#34 = CARTESIAN_POINT('',(-11.5,-53.21862317911,50.));
#35 = ORIENTED_EDGE('',*,*,#36,.T.);
#36 = EDGE_CURVE('',#22,#37,#39,.T.);
#37 = VERTEX_POINT('',#38);
#38 = CARTESIAN_POINT('',(-64.22394521055,-9.749575084509,
    40.686260024709));
#39 = B_SPLINE_CURVE_WITH_KNOTS('',6,(#40,#41,#42,#43,#44,#45,#46,#47,
    #48,#49,#50,#51,#52,#53,#54,#55,#56),.UNSPECIFIED.,.F.,.F.,(7,5,5,7)
  ,(0.,0.351212179439,0.839150298937,1.),.UNSPECIFIED.);
#40 = CARTESIAN_POINT('',(-64.22394521055,-14.92702228615,
    33.837091747089));
#41 = CARTESIAN_POINT('',(-64.22394521055,-14.58814540864,
    34.180860881186));
#42 = CARTESIAN_POINT('',(-64.22394521055,-14.25335856128,34.5296537767)
  );
#43 = CARTESIAN_POINT('',(-64.22394521055,-13.92299506578,
    34.884690039444));
#44 = CARTESIAN_POINT('',(-64.22394521055,-13.59735045109,35.24700805577
    ));
#45 = CARTESIAN_POINT('',(-64.22394521055,-13.27667818304,35.61742760079
    ));
#46 = CARTESIAN_POINT('',(-64.22394521055,-12.52289526155,36.52326356753
    ));
#47 = CARTESIAN_POINT('',(-64.22394521055,-12.09459460338,
    37.066794542702));
#48 = CARTESIAN_POINT('',(-64.22394521055,-11.67690304114,
    37.628727042701));
#49 = CARTESIAN_POINT('',(-64.22394521055,-11.27021454669,
    38.209902338602));
#50 = CARTESIAN_POINT('',(-64.22394521055,-10.87476358785,
    38.810471354853));
#51 = CARTESIAN_POINT('',(-64.22394521055,-10.3640742048,39.634299062521
    ));
#52 = CARTESIAN_POINT('',(-64.22394521055,-10.23869644105,
    39.840614517809));
#53 = CARTESIAN_POINT('',(-64.22394521055,-10.11455637058,
    40.048987125952));
#54 = CARTESIAN_POINT('',(-64.22394521055,-9.991656042488,
    40.259400326639));
#55 = CARTESIAN_POINT('',(-64.22394521055,-9.869995960793,40.47183311162
    ));
#56 = CARTESIAN_POINT('',(-64.22394521055,-9.749575084509,
    40.686260024709));
#57 = ORIENTED_EDGE('',*,*,#58,.T.);
#58 = EDGE_CURVE('',#37,#24,#59,.T.);
#59 = B_SPLINE_CURVE_WITH_KNOTS('',6,(#60,#61,#62,#63,#64,#65,#66,#67,
    #68,#69,#70,#71,#72,#73,#74,#75,#76,#77,#78,#79,#80,#81,#82,#83,#84,
    #85,#86,#87,#88,#89,#90,#91,#92,#93),.UNSPECIFIED.,.F.,.F.,(7,5,5,4,
    4,5,4,7),(0.,8.729890232298,9.147402829908,15.367603553337,
    41.914252756135,43.984897983691,61.02148412251,79.472404836456),
  .UNSPECIFIED.);
#60 = CARTESIAN_POINT('',(-64.22394521055,-9.749575084509,
    40.686260024709));
#61 = CARTESIAN_POINT('',(-63.79928148056,-10.51745540956,39.31893724145
    ));
#62 = CARTESIAN_POINT('',(-63.31337504229,-11.31764010417,
    38.053575917688));
#63 = CARTESIAN_POINT('',(-62.76920406148,-12.14763719514,
    36.887527525096));
#64 = CARTESIAN_POINT('',(-62.16974670389,-13.0049547093,35.818143535345
    ));
#65 = CARTESIAN_POINT('',(-61.51798113527,-13.88710067345,
    34.842775420106));
#66 = CARTESIAN_POINT('',(-60.78335517411,-14.83484056706,
    33.916496747486));
#67 = CARTESIAN_POINT('',(-60.74971199465,-14.87814910976,
    33.874427827716));
#68 = CARTESIAN_POINT('',(-60.71595630875,-14.92150846991,
    33.832567602017));
#69 = CARTESIAN_POINT('',(-60.68208844221,-14.96491837489,
    33.790915780661));
#70 = CARTESIAN_POINT('',(-60.64810872081,-15.00837855213,
    33.749472073924));
#71 = CARTESIAN_POINT('',(-60.10611801513,-15.70011356155,
    33.093894340966));
#72 = CARTESIAN_POINT('',(-59.57346385628,-16.3594361851,32.525680762933
    ));
#73 = CARTESIAN_POINT('',(-59.01713229146,-17.02895517338,
    32.002637400706));
#74 = CARTESIAN_POINT('',(-58.43820061831,-17.7077691001,31.523806197015
    ));
#75 = CARTESIAN_POINT('',(-55.27511909835,-21.32784890449,
    29.229267775965));
#76 = CARTESIAN_POINT('',(-51.54467773045,-25.15583294229,28.10843808354
    ));
#77 = CARTESIAN_POINT('',(-48.25651591217,-28.30944626416,
    27.858177909249));
#78 = CARTESIAN_POINT('',(-44.80899708608,-31.43120432165,
    28.153128278142));
#79 = CARTESIAN_POINT('',(-41.03561376175,-34.67139699576,
    28.937450447845));
#80 = CARTESIAN_POINT('',(-37.32461705627,-37.67897167156,
    30.093676339482));
#81 = CARTESIAN_POINT('',(-37.0564379807,-37.89535707392,30.179300281893
    ));
#82 = CARTESIAN_POINT('',(-36.78860306974,-38.11049641562,
    30.266904271886));
#83 = CARTESIAN_POINT('',(-36.52112109461,-38.3243755966,30.356504791061
    ));
#84 = CARTESIAN_POINT('',(-34.05622334335,-40.286223694,31.201884236031)
  );
#85 = CARTESIAN_POINT('',(-31.88293145814,-41.94920635185,
    32.091920025758));
#86 = CARTESIAN_POINT('',(-29.73901045855,-43.51807520359,
    33.127405422725));
#87 = CARTESIAN_POINT('',(-27.62934563225,-44.98497696245,
    34.317520159454));
#88 = CARTESIAN_POINT('',(-23.31640925411,-47.81180120718,
    37.137767130239));
#89 = CARTESIAN_POINT('',(-19.19450325864,-50.12804390228,
    40.708605926052));
#90 = CARTESIAN_POINT('',(-17.12112528023,-51.1769836597,42.759888264134
    ));
#91 = CARTESIAN_POINT('',(-15.13553342288,-52.05327029647,
    44.997679497107));
#92 = CARTESIAN_POINT('',(-13.25580066876,-52.73958855535,47.41378246304
    ));
#93 = CARTESIAN_POINT('',(-11.5,-53.21862317911,50.));
#94 = B_SPLINE_SURFACE_WITH_KNOTS('',3,1,(
    (#95,#96)
    ,(#97,#98)
    ,(#99,#100)
    ,(#101,#102)
    ,(#103,#104)
    ,(#105,#106)
    ,(#107,#108)
    ,(#109,#110)
    ,(#111,#112)
    ,(#113,#114)
    ,(#115,#116
    )),.UNSPECIFIED.,.F.,.F.,.F.,(4,1,1,1,1,1,1,1,4),(2,2),(0.,
    19.382770985267,20.939357909601,39.454999112995,40.460316214699,
    61.36226564533,67.342367440101,71.546999675507,83.486100584084),(0.,
    1.),.UNSPECIFIED.);
#95 = CARTESIAN_POINT('',(-11.5,-53.21862317911,50.));
#96 = CARTESIAN_POINT('',(-11.5,-53.21862317911,50.));
#97 = CARTESIAN_POINT('',(-15.23307791618,-52.43526008046,
    44.440525021828));
#98 = CARTESIAN_POINT('',(-15.01160133752,-52.2605539316,44.82756492608)
  );
#99 = CARTESIAN_POINT('',(-20.05892105609,-50.43597036724,
    39.568025346608));
#100 = CARTESIAN_POINT('',(-19.47463548096,-50.10589369074,
    40.158623632604));
#101 = CARTESIAN_POINT('',(-29.91173260141,-45.03173833769,
    32.863919564311));
#102 = CARTESIAN_POINT('',(-28.45190510175,-44.5283856474,33.59213213064
    ));
#103 = CARTESIAN_POINT('',(-35.52918194234,-41.33556748552,
    30.557858540228));
#104 = CARTESIAN_POINT('',(-33.52725834099,-40.78967923139,
    31.205571692481));
#105 = CARTESIAN_POINT('',(-46.04119782824,-33.04462099654,
    27.454570421262));
#106 = CARTESIAN_POINT('',(-43.53322130573,-32.60399690614,
    28.252171974145));
#107 = CARTESIAN_POINT('',(-53.05235227688,-26.40677707032,
    26.290554524783));
#108 = CARTESIAN_POINT('',(-50.58677099403,-26.21819849693,
    27.535442308146));
#109 = CARTESIAN_POINT('',(-60.00494895723,-19.48547365938,
    29.930608346316));
#110 = CARTESIAN_POINT('',(-56.93963298558,-19.44513439302,
    30.356690587745));
#111 = CARTESIAN_POINT('',(-64.47135205011,-14.78637514785,
    33.602858343613));
#112 = CARTESIAN_POINT('',(-60.92137297581,-14.82255331244,
    33.480551203782));
#113 = CARTESIAN_POINT('',(-66.97093093578,-11.69913375009,
    37.330590003255));
#114 = CARTESIAN_POINT('',(-63.11823789314,-11.74892382647,
    37.126128325299));
#115 = CARTESIAN_POINT('',(-68.22394521055,-9.749575084509,
    40.686260024709));
#116 = CARTESIAN_POINT('',(-64.22394521055,-9.749575084509,
    40.686260024709));
#117 = ADVANCED_FACE('',(#118),#269,.T.);
#118 = FACE_BOUND('',#119,.T.);
#119 = EDGE_LOOP('',(#120,#121,#194,#237,#250));
#120 = ORIENTED_EDGE('',*,*,#21,.F.);
#121 = ORIENTED_EDGE('',*,*,#122,.F.);
#122 = EDGE_CURVE('',#123,#22,#125,.T.);
#123 = VERTEX_POINT('',#124);
#124 = CARTESIAN_POINT('',(-64.22394521055,-13.82351457756,
    24.68626002471));
#125 = B_SPLINE_CURVE_WITH_KNOTS('',7,(#126,#127,#128,#129,#130,#131,
    #132,#133,#134,#135,#136,#137,#138,#139,#140,#141,#142,#143,#144,
    #145,#146,#147,#148,#149,#150,#151,#152,#153,#154,#155,#156,#157,
    #158,#159,#160,#161,#162,#163,#164,#165,#166,#167,#168,#169,#170,
    #171,#172,#173,#174,#175,#176,#177,#178,#179,#180,#181,#182,#183,
    #184,#185,#186,#187,#188,#189,#190,#191,#192,#193),.UNSPECIFIED.,.F.
  ,.F.,(8,6,6,6,6,6,6,6,6,6,6,8),(0.,1.205123035957E-02,0.221377032346,
    0.456644276614,0.47676006705,0.498067866418,0.582855955662,
    0.657913783984,0.686643395691,0.762564823874,0.877874110331,1.),
  .UNSPECIFIED.);
#126 = CARTESIAN_POINT('',(-64.22394521055,-13.82351457756,
    24.68626002471));
#127 = CARTESIAN_POINT('',(-64.22394521055,-13.82686099769,
    24.700931899607));
#128 = CARTESIAN_POINT('',(-64.22394521055,-13.83020342547,
    24.715624301985));
#129 = CARTESIAN_POINT('',(-64.22394521055,-13.83354206237,
    24.730338581733));
#130 = CARTESIAN_POINT('',(-64.22394521055,-13.83687695907,
    24.745075429435));
#131 = CARTESIAN_POINT('',(-64.22394521055,-13.84020801552,
    24.759834876366));
#132 = CARTESIAN_POINT('',(-64.22394521055,-13.84353498089,
    24.774616294498));
#133 = CARTESIAN_POINT('',(-64.22394521055,-13.90456768284,
    25.04652590988));
#134 = CARTESIAN_POINT('',(-64.22394521055,-13.9609822271,
    25.310136075314));
#135 = CARTESIAN_POINT('',(-64.22394521055,-14.01541662835,
    25.579756548498));
#136 = CARTESIAN_POINT('',(-64.22394521055,-14.06709928511,
    25.854841528657));
#137 = CARTESIAN_POINT('',(-64.22394521055,-14.11513694708,
    26.13478999562));
#138 = CARTESIAN_POINT('',(-64.22394521055,-14.15856495567,
    26.418900543461));
#139 = CARTESIAN_POINT('',(-64.22394521055,-14.23929462086,
    27.029590841474));
#140 = CARTESIAN_POINT('',(-64.22394521055,-14.2751691423,
    27.357075132452));
#141 = CARTESIAN_POINT('',(-64.22394521055,-14.30305935396,
    27.687852997833));
#142 = CARTESIAN_POINT('',(-64.22394521055,-14.32201156341,
    28.020819214013));
#143 = CARTESIAN_POINT('',(-64.22394521055,-14.33175475147,
    28.354916846022));
#144 = CARTESIAN_POINT('',(-64.22394521055,-14.33266488172,
    28.689347429916));
#145 = CARTESIAN_POINT('',(-64.22394521055,-14.32474625702,
    29.05207455693));
#146 = CARTESIAN_POINT('',(-64.22394521055,-14.324123227,29.08066357493)
  );
#147 = CARTESIAN_POINT('',(-64.22394521055,-14.32366459207,
    29.109341915649));
#148 = CARTESIAN_POINT('',(-64.22394521055,-14.32338266652,
    29.138114646189));
#149 = CARTESIAN_POINT('',(-64.22394521055,-14.3232236408,29.16695745603
    ));
#150 = CARTESIAN_POINT('',(-64.22394521055,-14.32315284114,
    29.195853494274));
#151 = CARTESIAN_POINT('',(-64.22394521055,-14.32333230126,
    29.255524003406));
#152 = CARTESIAN_POINT('',(-64.22394521055,-14.32357575196,
    29.285760651248));
#153 = CARTESIAN_POINT('',(-64.22394521055,-14.32396441435,
    29.315555758984));
#154 = CARTESIAN_POINT('',(-64.22394521055,-14.32449259972,29.3449243162
    ));
#155 = CARTESIAN_POINT('',(-64.22394521055,-14.32515485753,
    29.373880693495));
#156 = CARTESIAN_POINT('',(-64.22394521055,-14.32594597543,
    29.402438642477));
#157 = CARTESIAN_POINT('',(-64.22394521055,-14.33050196633,
    29.542716042021));
#158 = CARTESIAN_POINT('',(-64.22394521055,-14.33633747509,
    29.655878177164));
#159 = CARTESIAN_POINT('',(-64.22394521055,-14.34451683756,
    29.770014077901));
#160 = CARTESIAN_POINT('',(-64.22394521055,-14.35516354331,
    29.884997806746));
#161 = CARTESIAN_POINT('',(-64.22394521055,-14.36831636151,
    30.000658098903));
#162 = CARTESIAN_POINT('',(-64.22394521055,-14.3838838947,
    30.116766441326));
#163 = CARTESIAN_POINT('',(-64.22394521055,-14.41730669536,
    30.33592524687));
#164 = CARTESIAN_POINT('',(-64.22394521055,-14.43469807217,
    30.438968293099));
#165 = CARTESIAN_POINT('',(-64.22394521055,-14.45361664032,
    30.541934686098));
#166 = CARTESIAN_POINT('',(-64.22394521055,-14.47380917333,
    30.644664211393));
#167 = CARTESIAN_POINT('',(-64.22394521055,-14.49496931788,
    30.74703813985));
#168 = CARTESIAN_POINT('',(-64.22394521055,-14.5167755863,30.8489701251)
  );
#169 = CARTESIAN_POINT('',(-64.22394521055,-14.54742005245,
    30.989219788852));
#170 = CARTESIAN_POINT('',(-64.22394521055,-14.5559554702,
    31.027971097062));
#171 = CARTESIAN_POINT('',(-64.22394521055,-14.56452725746,
    31.066648831679));
#172 = CARTESIAN_POINT('',(-64.22394521055,-14.57311993303,
    31.105251349003));
#173 = CARTESIAN_POINT('',(-64.22394521055,-14.58171882587,
    31.143777449657));
#174 = CARTESIAN_POINT('',(-64.22394521055,-14.59031007514,
    31.182226378582));
#175 = CARTESIAN_POINT('',(-64.22394521055,-14.62152934487,
    31.321998952419));
#176 = CARTESIAN_POINT('',(-64.22394521055,-14.64403214348,
    31.422849901507));
#177 = CARTESIAN_POINT('',(-64.22394521055,-14.66615324155,
    31.523157056449));
#178 = CARTESIAN_POINT('',(-64.22394521055,-14.68770063985,
    31.622916891921));
#179 = CARTESIAN_POINT('',(-64.22394521055,-14.70852765293,
    31.722112337464));
#180 = CARTESIAN_POINT('',(-64.22394521055,-14.72852632595,
    31.820714285204));
#181 = CARTESIAN_POINT('',(-64.22394521055,-14.77660113911,
    32.067490854349));
#182 = CARTESIAN_POINT('',(-64.22394521055,-14.80348074279,
    32.214820823365));
#183 = CARTESIAN_POINT('',(-64.22394521055,-14.82795836958,
    32.360545004391));
#184 = CARTESIAN_POINT('',(-64.22394521055,-14.84985915573,
    32.504390200009));
#185 = CARTESIAN_POINT('',(-64.22394521055,-14.86905845912,
    32.64600083067));
#186 = CARTESIAN_POINT('',(-64.22394521055,-14.8854469342,
    32.784977709723));
#187 = CARTESIAN_POINT('',(-64.22394521055,-14.91320761024,
    33.064853168844));
#188 = CARTESIAN_POINT('',(-64.22394521055,-14.92422619706,
    33.205383595885));
#189 = CARTESIAN_POINT('',(-64.22394521055,-14.93186416702,
    33.341922769047));
#190 = CARTESIAN_POINT('',(-64.22394521055,-14.93602334346,
    33.473891184506));
#191 = CARTESIAN_POINT('',(-64.22394521055,-14.93662572852,
    33.600732804945));
#192 = CARTESIAN_POINT('',(-64.22394521055,-14.93362368084,
    33.721943550913));
#193 = CARTESIAN_POINT('',(-64.22394521055,-14.92702228615,
    33.837091747089));
#194 = ORIENTED_EDGE('',*,*,#195,.F.);
#195 = EDGE_CURVE('',#196,#123,#198,.T.);
#196 = VERTEX_POINT('',#197);
#197 = CARTESIAN_POINT('',(-68.22394521055,-6.455777250724,
    24.68626002471));
#198 = B_SPLINE_CURVE_WITH_KNOTS('',7,(#199,#200,#201,#202,#203,#204,
    #205,#206,#207,#208,#209,#210,#211,#212,#213,#214,#215,#216,#217,
    #218,#219,#220,#221,#222,#223,#224,#225,#226,#227,#228,#229,#230,
    #231,#232,#233,#234,#235,#236),.UNSPECIFIED.,.F.,.F.,(8,6,6,6,6,6,8)
  ,(0.,0.154099985911,0.566359980001,0.921151723984,0.961062735836,
    0.979745332765,1.),.UNSPECIFIED.);
#199 = CARTESIAN_POINT('',(-68.22394521055,-6.455777250722,
    24.68626002471));
#200 = CARTESIAN_POINT('',(-68.16511968435,-6.582269180756,
    24.68626002471));
#201 = CARTESIAN_POINT('',(-68.10499801772,-6.711281220372,
    24.68626002471));
#202 = CARTESIAN_POINT('',(-68.04352966427,-6.842827254061,
    24.68626002471));
#203 = CARTESIAN_POINT('',(-67.98066674499,-6.97690724233,24.68626002471
    ));
#204 = CARTESIAN_POINT('',(-67.91636532226,-7.113506133727,
    24.68626002471));
#205 = CARTESIAN_POINT('',(-67.85058667369,-7.252592776857,
    24.68626002471));
#206 = CARTESIAN_POINT('',(-67.6032843067,-7.772740092336,24.68626002471
    ));
#207 = CARTESIAN_POINT('',(-67.41244884157,-8.168858142937,
    24.68626002471));
#208 = CARTESIAN_POINT('',(-67.21020249806,-8.581492727576,
    24.68626002471));
#209 = CARTESIAN_POINT('',(-66.99620299564,-9.008978488022,
    24.68626002471));
#210 = CARTESIAN_POINT('',(-66.77048055385,-9.449007214496,
    24.68626002471));
#211 = CARTESIAN_POINT('',(-66.5333609562,-9.89911673296,24.68626002471)
  );
#212 = CARTESIAN_POINT('',(-66.07185195642,-10.75092463055,
    24.68626002471));
#213 = CARTESIAN_POINT('',(-65.85028252618,-11.15065011137,
    24.68626002471));
#214 = CARTESIAN_POINT('',(-65.62087198149,-11.55465965112,
    24.68626002471));
#215 = CARTESIAN_POINT('',(-65.38396492219,-11.96155782351,
    24.68626002471));
#216 = CARTESIAN_POINT('',(-65.13992164445,-12.37008978624,
    24.68626002471));
#217 = CARTESIAN_POINT('',(-64.88906542418,-12.77916436377,
    24.68626002471));
#218 = CARTESIAN_POINT('',(-64.60268611306,-13.23378000803,
    24.68626002471));
#219 = CARTESIAN_POINT('',(-64.57364542057,-13.27974364529,
    24.68626002471));
#220 = CARTESIAN_POINT('',(-64.54452212141,-13.32570030938,
    24.68626002471));
#221 = CARTESIAN_POINT('',(-64.51531658227,-13.37164860681,
    24.68626002471));
#222 = CARTESIAN_POINT('',(-64.48602916111,-13.4175871599,24.68626002471
    ));
#223 = CARTESIAN_POINT('',(-64.45666020715,-13.46351460683,
    24.68626002471));
#224 = CARTESIAN_POINT('',(-64.41342426124,-13.53092270083,
    24.68626002471));
#225 = CARTESIAN_POINT('',(-64.39961331559,-13.5524245382,24.68626002471
    ));
#226 = CARTESIAN_POINT('',(-64.38577700833,-13.5739353077,24.68626002471
    ));
#227 = CARTESIAN_POINT('',(-64.37191511975,-13.59545520636,
    24.68626002471));
#228 = CARTESIAN_POINT('',(-64.35802742598,-13.61698443427,
    24.68626002471));
#229 = CARTESIAN_POINT('',(-64.34411369904,-13.63852319458,
    24.68626002471));
#230 = CARTESIAN_POINT('',(-64.31506071658,-13.68343341746,
    24.68626002471));
#231 = CARTESIAN_POINT('',(-64.29992726454,-13.70679050349,
    24.68626002471));
#232 = CARTESIAN_POINT('',(-64.28477279619,-13.73014368967,
    24.68626002471));
#233 = CARTESIAN_POINT('',(-64.26959708679,-13.75349321066,
    24.68626002471));
#234 = CARTESIAN_POINT('',(-64.25440024129,-13.7768387977,24.68626002471
    ));
#235 = CARTESIAN_POINT('',(-64.23918269441,-13.80017967856,
    24.68626002471));
#236 = CARTESIAN_POINT('',(-64.22394521055,-13.82351457756,
    24.68626002471));
#237 = ORIENTED_EDGE('',*,*,#238,.T.);
#238 = EDGE_CURVE('',#196,#239,#241,.T.);
#239 = VERTEX_POINT('',#240);
#240 = CARTESIAN_POINT('',(-49.58310452964,-35.26416136191,
    2.470971174259));
#241 = B_SPLINE_CURVE_WITH_KNOTS('',3,(#242,#243,#244,#245,#246,#247,
    #248,#249),.UNSPECIFIED.,.F.,.F.,(4,1,1,1,1,4),(0.,11.939100908576,
    22.123834938753,43.025784369384,62.546742674482,83.486100584084),
  .UNSPECIFIED.);
#242 = CARTESIAN_POINT('',(-68.22394521055,-6.455777250722,
    24.686260024711));
#243 = CARTESIAN_POINT('',(-67.33535466932,-7.829044587082,
    23.627279054852));
#244 = CARTESIAN_POINT('',(-65.68874571502,-10.37378728664,
    21.664926917967));
#245 = CARTESIAN_POINT('',(-62.48646898476,-15.32272814476,
    17.848602120203));
#246 = CARTESIAN_POINT('',(-58.71989793963,-21.14375453021,
    13.359777545396));
#247 = CARTESIAN_POINT('',(-54.15289333362,-28.20180653438,
    7.917033398797));
#248 = CARTESIAN_POINT('',(-51.14155650358,-32.85566037999,
    4.328261913078));
#249 = CARTESIAN_POINT('',(-49.58310452964,-35.26416136191,
    2.470971174259));
#250 = ORIENTED_EDGE('',*,*,#251,.F.);
#251 = EDGE_CURVE('',#24,#239,#252,.T.);
#252 = B_SPLINE_CURVE_WITH_KNOTS('',8,(#253,#254,#255,#256,#257,#258,
    #259,#260,#261,#262,#263,#264,#265,#266,#267,#268),.UNSPECIFIED.,.F.
  ,.F.,(9,7,9),(0.,0.424797626756,1.),.UNSPECIFIED.);
#253 = CARTESIAN_POINT('',(-11.5,-53.21862317911,50.));
#254 = CARTESIAN_POINT('',(-12.55225966167,-53.79291001975,
    46.689373899985));
#255 = CARTESIAN_POINT('',(-13.77278951754,-54.10387417103,
    43.386875183307));
#256 = CARTESIAN_POINT('',(-15.15747571019,-54.15967768999,
    40.128861711603));
#257 = CARTESIAN_POINT('',(-16.6967806773,-53.97695685334,
    36.943821546868));
#258 = CARTESIAN_POINT('',(-18.37776258899,-53.57550606187,
    33.853615694584));
#259 = CARTESIAN_POINT('',(-20.18575798506,-52.97656939758,
    30.874406606726));
#260 = CARTESIAN_POINT('',(-22.10569596474,-52.20121332207,
    28.017384751984));
#261 = CARTESIAN_POINT('',(-26.85536938068,-50.00730337009,
    21.595720598686));
#262 = CARTESIAN_POINT('',(-29.76603924021,-48.4584487629,
    18.139377315923));
#263 = CARTESIAN_POINT('',(-32.82723456913,-46.66865036838,
    14.92758937095));
#264 = CARTESIAN_POINT('',(-36.0123606937,-44.67703555277,
    11.962108050008));
#265 = CARTESIAN_POINT('',(-39.29786021799,-42.51698700982,
    9.240293335329));
#266 = CARTESIAN_POINT('',(-42.66398521106,-40.21561320502,
    6.756393185882));
#267 = CARTESIAN_POINT('',(-46.09578225353,-37.79379202599,
    4.502671026817));
#268 = CARTESIAN_POINT('',(-49.58310452964,-35.26416136191,
    2.470971174259));
#269 = B_SPLINE_SURFACE_WITH_KNOTS('',8,3,(
    (#270,#271,#272,#273,#274,#275,#276,#277)
    ,(#278,#279,#280,#281,#282,#283,#284,#285)
    ,(#286,#287,#288,#289,#290,#291,#292,#293)
    ,(#294,#295,#296,#297,#298,#299,#300,#301)
    ,(#302,#303,#304,#305,#306,#307,#308,#309)
    ,(#310,#311,#312,#313,#314,#315,#316,#317)
    ,(#318,#319,#320,#321,#322,#323,#324,#325)
    ,(#326,#327,#328,#329,#330,#331,#332,#333)
    ,(#334,#335,#336,#337,#338,#339,#340,#341)
    ,(#342,#343,#344,#345,#346,#347,#348,#349)
    ,(#350,#351,#352,#353,#354,#355,#356,#357)
    ,(#358,#359,#360,#361,#362,#363,#364,#365)
    ,(#366,#367,#368,#369,#370,#371,#372,#373)
    ,(#374,#375,#376,#377,#378,#379,#380,#381)
    ,(#382,#383,#384,#385,#386,#387,#388,#389)
    ,(#390,#391,#392,#393,#394,#395,#396,#397
  )),.UNSPECIFIED.,.F.,.F.,.F.,(9,7,9),(4,1,1,1,1,4),(0.,0.424797626756,
    1.),(0.,11.939100908576,22.123834938753,43.025784369384,
    62.546742674482,83.486100584084),.UNSPECIFIED.);
#270 = CARTESIAN_POINT('',(-68.22394521055,-9.749575084509,
    40.686260024709));
#271 = CARTESIAN_POINT('',(-66.97093093578,-11.69913375009,
    37.330590003255));
#272 = CARTESIAN_POINT('',(-63.54543633736,-15.92997791054,
    32.221999617231));
#273 = CARTESIAN_POINT('',(-54.109437537,-25.40597655668,26.115053606107
    ));
#274 = CARTESIAN_POINT('',(-41.38618633092,-37.45177534184,
    28.227411387876));
#275 = CARTESIAN_POINT('',(-24.98071380667,-48.33027927933,
    34.754995147537));
#276 = CARTESIAN_POINT('',(-15.53287304229,-52.37234994458,
    43.994056038432));
#277 = CARTESIAN_POINT('',(-11.5,-53.21862317911,50.));
#278 = CARTESIAN_POINT('',(-68.22394521055,-9.805404099548,
    39.809598717137));
#279 = CARTESIAN_POINT('',(-66.78285242655,-11.93023411811,
    36.559608508066));
#280 = CARTESIAN_POINT('',(-63.2635767796,-16.26236228943,
    31.613334547596));
#281 = CARTESIAN_POINT('',(-54.03078602577,-25.65024785796,
    25.611663826306));
#282 = CARTESIAN_POINT('',(-41.69227340562,-37.49475259141,
    27.236509993248));
#283 = CARTESIAN_POINT('',(-25.86365865111,-48.33225050826,
    32.918639101435));
#284 = CARTESIAN_POINT('',(-16.63254472421,-52.6287974938,
    41.255078376166));
#285 = CARTESIAN_POINT('',(-12.55225966167,-53.79291001975,
    46.689373899985));
#286 = CARTESIAN_POINT('',(-68.22394521055,-9.832854935985,
    38.931370420748));
#287 = CARTESIAN_POINT('',(-66.61881251648,-12.09939280599,
    35.788444934369));
#288 = CARTESIAN_POINT('',(-63.02979442017,-16.49924148664,
    31.005872309759));
#289 = CARTESIAN_POINT('',(-54.02425031205,-25.76545047603,
    25.110861788611));
#290 = CARTESIAN_POINT('',(-42.09451487699,-37.37509765622,
    26.249581251032));
#291 = CARTESIAN_POINT('',(-26.8667964914,-48.13802605091,
    31.087640618054));
#292 = CARTESIAN_POINT('',(-17.87644800115,-52.6554858552,
    38.522843186929));
#293 = CARTESIAN_POINT('',(-13.77278951754,-54.10387417103,
    43.386875183307));
#294 = CARTESIAN_POINT('',(-68.22394521055,-9.831869211494,
    38.052614114268));
#295 = CARTESIAN_POINT('',(-66.47822351167,-12.20772577989,
    35.023183815589));
#296 = CARTESIAN_POINT('',(-62.84291387125,-16.64290581681,
    30.410742991849));
#297 = CARTESIAN_POINT('',(-54.08806731409,-25.755049074,24.628823135853
    ));
#298 = CARTESIAN_POINT('',(-42.59055996938,-37.09744954788,
    25.287846358763));
#299 = CARTESIAN_POINT('',(-27.98718885796,-47.75341926735,
    29.288266449628));
#300 = CARTESIAN_POINT('',(-19.26105670963,-52.45940273733,
    35.828662777656));
#301 = CARTESIAN_POINT('',(-15.15747571019,-54.15967768999,
    40.128861711603));
#302 = CARTESIAN_POINT('',(-68.22394521055,-9.802440990033,
    37.174369788905));
#303 = CARTESIAN_POINT('',(-66.35972290321,-12.25760456272,
    34.268786295905));
#304 = CARTESIAN_POINT('',(-62.70021011504,-16.69810426183,
    29.836828891014));
#305 = CARTESIAN_POINT('',(-54.21814950519,-25.62617009273,
    24.178351318149));
#306 = CARTESIAN_POINT('',(-43.17495864718,-36.6713121662,
    24.368029919527));
#307 = CARTESIAN_POINT('',(-29.21802320629,-47.19031151637,
    27.541162352214));
#308 = CARTESIAN_POINT('',(-20.77819579621,-52.05480695794,
    33.197104057374));
#309 = CARTESIAN_POINT('',(-16.6967806773,-53.97695685334,
    36.943821546868));
#310 = CARTESIAN_POINT('',(-68.22394521055,-9.74461252553,
    36.297676264382));
#311 = CARTESIAN_POINT('',(-66.26146185826,-12.25189314369,
    33.529265793006));
#312 = CARTESIAN_POINT('',(-62.59798548585,-16.67052254615,
    29.291118022908));
#313 = CARTESIAN_POINT('',(-54.40895038683,-25.38732099194,
    23.769408949117));
#314 = CARTESIAN_POINT('',(-43.84031557903,-36.10801470618,
    23.503069144908));
#315 = CARTESIAN_POINT('',(-30.55005537216,-46.46285372821,
    25.862240135362));
#316 = CARTESIAN_POINT('',(-22.41677226386,-51.45867118256,
    30.647053433599));
#317 = CARTESIAN_POINT('',(-18.37776258899,-53.57550606187,
    33.853615694584));
#318 = CARTESIAN_POINT('',(-68.22394521055,-9.658471132395,
    35.423569241903));
#319 = CARTESIAN_POINT('',(-66.1813455968,-12.19370123257,
    32.807818972491));
#320 = CARTESIAN_POINT('',(-62.53205042363,-16.56629277494,
    28.778968017527));
#321 = CARTESIAN_POINT('',(-54.65418561891,-25.04765627215,
    23.409514623151));
#322 = CARTESIAN_POINT('',(-44.5782516448,-35.4197340637,22.702643593694
    ));
#323 = CARTESIAN_POINT('',(-31.97281145545,-45.58624519414,
    24.263340322255));
#324 = CARTESIAN_POINT('',(-24.16421743241,-50.68921709781,
    28.192512393908));
#325 = CARTESIAN_POINT('',(-20.18575798506,-52.97656939758,
    30.874406606726));
#326 = CARTESIAN_POINT('',(-68.22394521055,-9.544147143529,
    34.553079402974));
#327 = CARTESIAN_POINT('',(-66.11722113299,-12.08615003779,
    32.106927914036));
#328 = CARTESIAN_POINT('',(-62.49809895672,-16.39152703213,
    28.304312352715));
#329 = CARTESIAN_POINT('',(-54.94739624397,-24.61627889285,
    23.104053216263));
#330 = CARTESIAN_POINT('',(-45.38015490122,-34.61856407379,
    21.973589540068));
#331 = CARTESIAN_POINT('',(-33.47552652704,-44.57557062471,
    22.752750585246));
#332 = CARTESIAN_POINT('',(-26.00761338691,-49.76452028977,
    25.843220008825));
#333 = CARTESIAN_POINT('',(-22.10569596474,-52.20121332207,
    28.017384751984));
#334 = CARTESIAN_POINT('',(-68.22394521055,-9.2090835319,32.514816979952
    ));
#335 = CARTESIAN_POINT('',(-66.45734458865,-11.58674289829,
    29.895854312278));
#336 = CARTESIAN_POINT('',(-63.27264332874,-15.65378902265,
    25.977064185391));
#337 = CARTESIAN_POINT('',(-56.45335062742,-23.45081292491,
    20.603589347655));
#338 = CARTESIAN_POINT('',(-47.79904983549,-32.91218917328,
    18.707123065513));
#339 = CARTESIAN_POINT('',(-36.99948119596,-42.48857482272,
    18.362338468098));
#340 = CARTESIAN_POINT('',(-30.2764968582,-47.59238592722,
    20.271695284395));
#341 = CARTESIAN_POINT('',(-26.85536938068,-50.00730337009,
    21.595720598686));
#342 = CARTESIAN_POINT('',(-68.22394521055,-8.964997817814,
    31.350912428499));
#343 = CARTESIAN_POINT('',(-66.53475325054,-11.25746757737,
    28.857847581942));
#344 = CARTESIAN_POINT('',(-63.52175811322,-15.16533675278,
    25.121591889341));
#345 = CARTESIAN_POINT('',(-57.17116062956,-22.61378661762,
    19.873610350173));
#346 = CARTESIAN_POINT('',(-49.16708559467,-31.61340785446,
    17.509850461936));
#347 = CARTESIAN_POINT('',(-39.20986189601,-40.88832652346,
    16.339829221781));
#348 = CARTESIAN_POINT('',(-32.96909156686,-45.98615298843,
    17.366782430647));
#349 = CARTESIAN_POINT('',(-29.76603924021,-48.4584487629,
    18.139377315923));
#350 = CARTESIAN_POINT('',(-68.22394521055,-8.669983678005,
    30.198057988866));
#351 = CARTESIAN_POINT('',(-66.63366555091,-10.85011877906,
    27.86424885285));
#352 = CARTESIAN_POINT('',(-63.81388017467,-14.57166595388,
    24.34388548396));
#353 = CARTESIAN_POINT('',(-57.95348154714,-21.64439672964,
    19.254755132783));
#354 = CARTESIAN_POINT('',(-50.62113590779,-30.15511790328,
    16.457059527877));
#355 = CARTESIAN_POINT('',(-41.52776078848,-39.10142454018,
    14.495159534405));
#356 = CARTESIAN_POINT('',(-35.79070810642,-44.16612131396,
    14.673067025265));
#357 = CARTESIAN_POINT('',(-32.82723456913,-46.66865036838,
    14.92758937095));
#358 = CARTESIAN_POINT('',(-68.22394521055,-8.324610289043,
    29.058771187345));
#359 = CARTESIAN_POINT('',(-66.75028225066,-10.37077399276,
    26.91746618843));
#360 = CARTESIAN_POINT('',(-64.14141103487,-13.88436242812,
    23.64624356981));
#361 = CARTESIAN_POINT('',(-58.78891566287,-20.55973737595,
    18.749212833186));
#362 = CARTESIAN_POINT('',(-52.14600381843,-28.55992174755,
    15.550829938168));
#363 = CARTESIAN_POINT('',(-43.93418167784,-37.1559796135,
    12.830299617941));
#364 = CARTESIAN_POINT('',(-38.71855104225,-42.16590995725,
    12.192409817355));
#365 = CARTESIAN_POINT('',(-36.0123606937,-44.67703555277,
    11.962108050008));
#366 = CARTESIAN_POINT('',(-68.22394521055,-7.929583576473,
    27.935536481105));
#367 = CARTESIAN_POINT('',(-66.88123800751,-9.824807253747,
    26.019251978003));
#368 = CARTESIAN_POINT('',(-64.49762000928,-13.11346832055,
    23.029686468365));
#369 = CARTESIAN_POINT('',(-59.6673669499,-19.37451881134,
    18.357271705004));
#370 = CARTESIAN_POINT('',(-53.72822795747,-26.8471977518,
    14.790717878588));
#371 = CARTESIAN_POINT('',(-46.41229785272,-35.0760382177,
    11.344073590317));
#372 = CARTESIAN_POINT('',(-41.7324283207,-40.01423350231,9.922902856995
    ));
#373 = CARTESIAN_POINT('',(-39.29786021799,-42.51698700982,
    9.240293335329));
#374 = CARTESIAN_POINT('',(-68.22394521055,-7.485748151362,
    26.830795047779));
#375 = CARTESIAN_POINT('',(-67.02371168847,-9.216815152288,
    25.170876939392));
#376 = CARTESIAN_POINT('',(-64.87686483191,-12.26733220063,
    22.494314437639));
#377 = CARTESIAN_POINT('',(-60.58037200927,-18.10084158449,
    18.077861546444));
#378 = CARTESIAN_POINT('',(-55.35652379296,-25.0327984439,
    14.174482687532));
#379 = CARTESIAN_POINT('',(-48.94800364815,-32.88120485985,
    10.033070330118));
#380 = CARTESIAN_POINT('',(-44.81541314381,-37.73444843541,
    7.859964562965));
#381 = CARTESIAN_POINT('',(-42.66398521106,-40.21561320502,
    6.756393185882));
#382 = CARTESIAN_POINT('',(-68.22394521055,-6.994095378898,
    25.746932084955));
#383 = CARTESIAN_POINT('',(-67.17556709078,-8.55062998535,
    24.373280302695));
#384 = CARTESIAN_POINT('',(-65.27487309723,-11.35262729711,
    22.039620740238));
#385 = CARTESIAN_POINT('',(-61.52152223267,-16.74821985591,
    17.909029652621));
#386 = CARTESIAN_POINT('',(-57.02234651382,-23.12907891615,
    13.698725692624));
#387 = CARTESIAN_POINT('',(-51.5306180503,-30.58667556402,8.89244519748)
  );
#388 = CARTESIAN_POINT('',(-47.95468829499,-35.34459171241,
    5.997304327906));
#389 = CARTESIAN_POINT('',(-46.09578225353,-37.79379202599,
    4.502671026817));
#390 = CARTESIAN_POINT('',(-68.22394521055,-6.455777250722,
    24.686260024711));
#391 = CARTESIAN_POINT('',(-67.33535466932,-7.829044587082,
    23.627279054852));
#392 = CARTESIAN_POINT('',(-65.68874571502,-10.37378728664,
    21.664926917967));
#393 = CARTESIAN_POINT('',(-62.48646898476,-15.32272814476,
    17.848602120203));
#394 = CARTESIAN_POINT('',(-58.71989793963,-21.14375453021,
    13.359777545396));
#395 = CARTESIAN_POINT('',(-54.15289333362,-28.20180653438,
    7.917033398797));
#396 = CARTESIAN_POINT('',(-51.14155650358,-32.85566037999,
    4.328261913078));
#397 = CARTESIAN_POINT('',(-49.58310452964,-35.26416136191,
    2.470971174259));
#398 = ADVANCED_FACE('',(#399),#446,.T.);
#399 = FACE_BOUND('',#400,.T.);
#400 = EDGE_LOOP('',(#401,#402,#409));
#401 = ORIENTED_EDGE('',*,*,#58,.T.);
#402 = ORIENTED_EDGE('',*,*,#403,.T.);
#403 = EDGE_CURVE('',#24,#404,#406,.T.);
#404 = VERTEX_POINT('',#405);
#405 = CARTESIAN_POINT('',(-62.09005006848,-53.21862317911,
    49.999999999999));
#406 = B_SPLINE_CURVE_WITH_KNOTS('',1,(#407,#408),.UNSPECIFIED.,.F.,.F.,
  (2,2),(0.,50.590050068483),.PIECEWISE_BEZIER_KNOTS.);
#407 = CARTESIAN_POINT('',(-11.5,-53.21862317911,50.));
#408 = CARTESIAN_POINT('',(-62.09005006848,-53.21862317911,50.));
#409 = ORIENTED_EDGE('',*,*,#410,.T.);
#410 = EDGE_CURVE('',#404,#37,#411,.T.);
#411 = B_SPLINE_CURVE_WITH_KNOTS('',6,(#412,#413,#414,#415,#416,#417,
    #418,#419,#420,#421,#422,#423,#424,#425,#426,#427,#428,#429,#430,
    #431,#432,#433,#434,#435,#436,#437,#438,#439,#440,#441,#442,#443,
    #444,#445),.UNSPECIFIED.,.F.,.F.,(7,4,5,4,4,5,5,7),(0.,
    18.450920713946,35.487506852765,37.55815208032,64.104801283118,
    70.325002006548,70.742514604158,79.472404836456),.UNSPECIFIED.);
#412 = CARTESIAN_POINT('',(-62.09005006848,-53.21862317911,50.));
#413 = CARTESIAN_POINT('',(-62.35127141228,-51.68600213511,
    49.21166427707));
#414 = CARTESIAN_POINT('',(-62.58338838159,-50.1301829753,
    48.459057083233));
#415 = CARTESIAN_POINT('',(-62.78930287037,-48.55297667514,
    47.743553827795));
#416 = CARTESIAN_POINT('',(-62.97172233513,-46.95615264578,
    47.06627909582));
#417 = CARTESIAN_POINT('',(-63.28217531901,-43.85046191584,
    45.838937983105));
#418 = CARTESIAN_POINT('',(-63.52325220907,-40.68455582887,
    44.75918922534));
#419 = CARTESIAN_POINT('',(-63.62477073673,-39.15209695288,
    44.275438120545));
#420 = CARTESIAN_POINT('',(-63.71367493335,-37.60827273571,
    43.826763779015));
#421 = CARTESIAN_POINT('',(-63.79138332988,-36.05424427186,
    43.413541099678));
#422 = CARTESIAN_POINT('',(-63.86735782534,-34.30110961874,
    42.990195491459));
#423 = CARTESIAN_POINT('',(-63.87544387516,-34.11098929588,
    42.944846095487));
#424 = CARTESIAN_POINT('',(-63.88338484586,-33.92073736546,
    42.900025695131));
#425 = CARTESIAN_POINT('',(-63.89118290121,-33.73035583749,
    42.85573482589));
#426 = CARTESIAN_POINT('',(-63.997009875,-31.09742991391,42.250939700867
    ));
#427 = CARTESIAN_POINT('',(-64.07634180293,-28.44051703774,
    41.747485169794));
#428 = CARTESIAN_POINT('',(-64.13151678809,-25.95943605359,
    41.368739519574));
#429 = CARTESIAN_POINT('',(-64.17152330564,-23.46612501953,
    41.079008031884));
#430 = CARTESIAN_POINT('',(-64.20474120212,-20.37860226176,
    40.831811198432));
#431 = CARTESIAN_POINT('',(-64.21935400433,-17.28494101824,
    40.721198305897));
#432 = CARTESIAN_POINT('',(-64.22146887981,-16.69749590295,
    40.705124832027));
#433 = CARTESIAN_POINT('',(-64.22293241393,-16.10993416151,
    40.693977425193));
#434 = CARTESIAN_POINT('',(-64.22374876573,-15.52230782072,
    40.687756992248));
#435 = CARTESIAN_POINT('',(-64.22392987418,-14.89522518977,
    40.686376895313));
#436 = CARTESIAN_POINT('',(-64.22393892209,-14.85578157358,
    40.686307946223));
#437 = CARTESIAN_POINT('',(-64.22394423497,-14.81633792868,
    40.686267459195));
#438 = CARTESIAN_POINT('',(-64.22394584556,-14.77689428247,40.6862551855
    ));
#439 = CARTESIAN_POINT('',(-64.22394521055,-14.73745064031,
    40.686260024711));
#440 = CARTESIAN_POINT('',(-64.22394521055,-13.8732683354,
    40.686260024711));
#441 = CARTESIAN_POINT('',(-64.22394521055,-13.04852968522,
    40.686260024711));
#442 = CARTESIAN_POINT('',(-64.22394521054,-12.22379103504,
    40.686260024711));
#443 = CARTESIAN_POINT('',(-64.22394521055,-11.39905238486,
    40.686260024711));
#444 = CARTESIAN_POINT('',(-64.22394521055,-10.57431373468,
    40.686260024711));
#445 = CARTESIAN_POINT('',(-64.22394521055,-9.749575084509,
    40.686260024711));
#446 = B_SPLINE_SURFACE_WITH_KNOTS('',6,1,(
    (#447,#448)
    ,(#449,#450)
    ,(#451,#452)
    ,(#453,#454)
    ,(#455,#456)
    ,(#457,#458)
    ,(#459,#460)
    ,(#461,#462)
    ,(#463,#464)
    ,(#465,#466)
    ,(#467,#468)
    ,(#469,#470)
    ,(#471,#472)
    ,(#473,#474)
    ,(#475,#476)
    ,(#477,#478)
    ,(#479,#480)
    ,(#481,#482)
    ,(#483,#484)
    ,(#485,#486)
    ,(#487,#488)
    ,(#489,#490)
    ,(#491,#492)
    ,(#493,#494)
    ,(#495,#496)
    ,(#497,#498)
    ,(#499,#500)
    ,(#501,#502)
    ,(#503,#504)
    ,(#505,#506)
    ,(#507,#508)
    ,(#509,#510)
    ,(#511,#512)
    ,(#513,#514
    )),.UNSPECIFIED.,.F.,.F.,.F.,(7,5,5,4,4,5,4,7),(2,2),(0.,
    8.729890232298,9.147402829908,15.367603553337,41.914252756135,
    43.984897983691,61.02148412251,79.472404836456),(0.,50.590050068483)
  ,.UNSPECIFIED.);
#447 = CARTESIAN_POINT('',(-64.22394521055,-9.749575084509,
    40.686260024709));
#448 = CARTESIAN_POINT('',(-64.22394521055,-9.749575084509,
    40.686260024711));
#449 = CARTESIAN_POINT('',(-63.79928148056,-10.51745540956,
    39.31893724145));
#450 = CARTESIAN_POINT('',(-64.22394521055,-10.57431373468,
    40.686260024711));
#451 = CARTESIAN_POINT('',(-63.31337504229,-11.31764010417,
    38.053575917688));
#452 = CARTESIAN_POINT('',(-64.22394521055,-11.39905238486,
    40.686260024711));
#453 = CARTESIAN_POINT('',(-62.76920406148,-12.14763719514,
    36.887527525096));
#454 = CARTESIAN_POINT('',(-64.22394521054,-12.22379103504,
    40.686260024711));
#455 = CARTESIAN_POINT('',(-62.16974670389,-13.0049547093,
    35.818143535345));
#456 = CARTESIAN_POINT('',(-64.22394521055,-13.04852968522,
    40.686260024711));
#457 = CARTESIAN_POINT('',(-61.51798113527,-13.88710067345,
    34.842775420106));
#458 = CARTESIAN_POINT('',(-64.22394521055,-13.8732683354,
    40.686260024711));
#459 = CARTESIAN_POINT('',(-60.78335517411,-14.83484056706,
    33.916496747486));
#460 = CARTESIAN_POINT('',(-64.22394521055,-14.73745064031,
    40.686260024711));
#461 = CARTESIAN_POINT('',(-60.74971199465,-14.87814910976,
    33.874427827716));
#462 = CARTESIAN_POINT('',(-64.22394584556,-14.77689428247,40.6862551855
    ));
#463 = CARTESIAN_POINT('',(-60.71595630875,-14.92150846991,
    33.832567602017));
#464 = CARTESIAN_POINT('',(-64.22394423497,-14.81633792868,
    40.686267459195));
#465 = CARTESIAN_POINT('',(-60.68208844221,-14.96491837489,
    33.790915780661));
#466 = CARTESIAN_POINT('',(-64.22393892209,-14.85578157358,
    40.686307946223));
#467 = CARTESIAN_POINT('',(-60.64810872081,-15.00837855213,
    33.749472073924));
#468 = CARTESIAN_POINT('',(-64.22392987418,-14.89522518977,
    40.686376895313));
#469 = CARTESIAN_POINT('',(-60.10611801513,-15.70011356155,
    33.093894340966));
#470 = CARTESIAN_POINT('',(-64.22374876573,-15.52230782072,
    40.687756992248));
#471 = CARTESIAN_POINT('',(-59.57346385628,-16.3594361851,
    32.525680762933));
#472 = CARTESIAN_POINT('',(-64.22293241393,-16.10993416151,
    40.693977425193));
#473 = CARTESIAN_POINT('',(-59.01713229146,-17.02895517338,
    32.002637400706));
#474 = CARTESIAN_POINT('',(-64.22146887981,-16.69749590295,
    40.705124832027));
#475 = CARTESIAN_POINT('',(-58.43820061831,-17.7077691001,
    31.523806197015));
#476 = CARTESIAN_POINT('',(-64.21935400433,-17.28494101824,
    40.721198305897));
#477 = CARTESIAN_POINT('',(-55.27511909835,-21.32784890449,
    29.229267775965));
#478 = CARTESIAN_POINT('',(-64.20474120212,-20.37860226176,
    40.831811198432));
#479 = CARTESIAN_POINT('',(-51.54467773045,-25.15583294229,
    28.10843808354));
#480 = CARTESIAN_POINT('',(-64.17152330564,-23.46612501953,
    41.079008031884));
#481 = CARTESIAN_POINT('',(-48.25651591217,-28.30944626416,
    27.858177909249));
#482 = CARTESIAN_POINT('',(-64.13151678809,-25.95943605359,
    41.368739519574));
#483 = CARTESIAN_POINT('',(-44.80899708608,-31.43120432165,
    28.153128278142));
#484 = CARTESIAN_POINT('',(-64.07634180293,-28.44051703774,
    41.747485169794));
#485 = CARTESIAN_POINT('',(-41.03561376175,-34.67139699576,
    28.937450447845));
#486 = CARTESIAN_POINT('',(-63.997009875,-31.09742991391,42.250939700867
    ));
#487 = CARTESIAN_POINT('',(-37.32461705627,-37.67897167156,
    30.093676339482));
#488 = CARTESIAN_POINT('',(-63.89118290121,-33.73035583749,
    42.85573482589));
#489 = CARTESIAN_POINT('',(-37.0564379807,-37.89535707392,
    30.179300281893));
#490 = CARTESIAN_POINT('',(-63.88338484586,-33.92073736546,
    42.900025695131));
#491 = CARTESIAN_POINT('',(-36.78860306974,-38.11049641562,
    30.266904271886));
#492 = CARTESIAN_POINT('',(-63.87544387516,-34.11098929588,
    42.944846095487));
#493 = CARTESIAN_POINT('',(-36.52112109461,-38.3243755966,
    30.356504791061));
#494 = CARTESIAN_POINT('',(-63.86735782534,-34.30110961874,
    42.990195491459));
#495 = CARTESIAN_POINT('',(-34.05622334335,-40.286223694,31.201884236031
    ));
#496 = CARTESIAN_POINT('',(-63.79138332988,-36.05424427186,
    43.413541099678));
#497 = CARTESIAN_POINT('',(-31.88293145814,-41.94920635185,
    32.091920025758));
#498 = CARTESIAN_POINT('',(-63.71367493335,-37.60827273571,
    43.826763779015));
#499 = CARTESIAN_POINT('',(-29.73901045855,-43.51807520359,
    33.127405422725));
#500 = CARTESIAN_POINT('',(-63.62477073673,-39.15209695288,
    44.275438120545));
#501 = CARTESIAN_POINT('',(-27.62934563225,-44.98497696245,
    34.317520159454));
#502 = CARTESIAN_POINT('',(-63.52325220907,-40.68455582887,
    44.75918922534));
#503 = CARTESIAN_POINT('',(-23.31640925411,-47.81180120718,
    37.137767130239));
#504 = CARTESIAN_POINT('',(-63.28217531901,-43.85046191584,
    45.838937983105));
#505 = CARTESIAN_POINT('',(-19.19450325864,-50.12804390228,
    40.708605926052));
#506 = CARTESIAN_POINT('',(-62.97172233513,-46.95615264578,
    47.06627909582));
#507 = CARTESIAN_POINT('',(-17.12112528023,-51.1769836597,
    42.759888264134));
#508 = CARTESIAN_POINT('',(-62.78930287037,-48.55297667514,
    47.743553827795));
#509 = CARTESIAN_POINT('',(-15.13553342288,-52.05327029647,
    44.997679497107));
#510 = CARTESIAN_POINT('',(-62.58338838159,-50.1301829753,
    48.459057083233));
#511 = CARTESIAN_POINT('',(-13.25580066876,-52.73958855535,
    47.41378246304));
#512 = CARTESIAN_POINT('',(-62.35127141228,-51.68600213511,
    49.21166427707));
#513 = CARTESIAN_POINT('',(-11.5,-53.21862317911,50.));
#514 = CARTESIAN_POINT('',(-62.09005006848,-53.21862317911,50.));
#515 = ADVANCED_FACE('',(#516),#535,.T.);
#516 = FACE_BOUND('',#517,.F.);
#517 = EDGE_LOOP('',(#518,#526,#533,#534));
#518 = ORIENTED_EDGE('',*,*,#519,.F.);
#519 = EDGE_CURVE('',#520,#123,#522,.T.);
#520 = VERTEX_POINT('',#521);
#521 = CARTESIAN_POINT('',(-64.22394521055,-6.455777250724,
    24.68626002471));
#522 = LINE('',#523,#524);
#523 = CARTESIAN_POINT('',(-64.22394521055,-5.481450854263E-15,
    24.68626002471));
#524 = VECTOR('',#525,1.);
#525 = DIRECTION('',(0.,-1.,2.22044604925E-16));
#526 = ORIENTED_EDGE('',*,*,#527,.F.);
#527 = EDGE_CURVE('',#37,#520,#528,.T.);
#528 = CIRCLE('',#529,29.785110222327);
#529 = AXIS2_PLACEMENT_3D('',#530,#531,#532);
#530 = CARTESIAN_POINT('',(-64.22394521055,19.952342080589,
    38.461746380527));
#531 = DIRECTION('',(1.,0.,2.2E-16));
#532 = DIRECTION('',(4.84E-32,1.,-2.2E-16));
#533 = ORIENTED_EDGE('',*,*,#36,.F.);
#534 = ORIENTED_EDGE('',*,*,#122,.F.);
#535 = PLANE('',#536);
#536 = AXIS2_PLACEMENT_3D('',#537,#538,#539);
#537 = CARTESIAN_POINT('',(-64.22394521055,-9.922342952764E-15,
    44.68626002471));
#538 = DIRECTION('',(-1.,-0.,-0.));
#539 = DIRECTION('',(0.,-2.22044604925E-16,1.));
#540 = ADVANCED_FACE('',(#541),#619,.T.);
#541 = FACE_BOUND('',#542,.T.);
#542 = EDGE_LOOP('',(#543,#578,#579,#586,#593,#600));
#543 = ORIENTED_EDGE('',*,*,#544,.F.);
#544 = EDGE_CURVE('',#24,#545,#547,.T.);
#545 = VERTEX_POINT('',#546);
#546 = CARTESIAN_POINT('',(11.5,-53.21862317911,50.));
#547 = B_SPLINE_CURVE_WITH_KNOTS('',8,(#548,#549,#550,#551,#552,#553,
    #554,#555,#556,#557,#558,#559,#560,#561,#562,#563,#564,#565,#566,
    #567,#568,#569,#570,#571,#572,#573,#574,#575,#576,#577),
  .UNSPECIFIED.,.F.,.F.,(9,7,7,7,9),(0.,0.16089345706,0.499999935327,
    0.839739832551,1.),.UNSPECIFIED.);
#548 = CARTESIAN_POINT('',(-11.5,-53.21862317911,50.));
#549 = CARTESIAN_POINT('',(-11.16479686265,-53.28805645985,
    49.599733765153));
#550 = CARTESIAN_POINT('',(-10.81528993503,-53.35101310913,
    49.21473320544));
#551 = CARTESIAN_POINT('',(-10.45169921554,-53.40807475165,
    48.844715201117));
#552 = CARTESIAN_POINT('',(-10.0742338578,-53.45972626922,
    48.489662052166));
#553 = CARTESIAN_POINT('',(-9.683127067741,-53.50639547775,
    48.149742158132));
#554 = CARTESIAN_POINT('',(-9.278662111184,-53.5484726235,
    47.825265730883));
#555 = CARTESIAN_POINT('',(-8.861192675486,-53.58631870536,
    47.516655262935));
#556 = CARTESIAN_POINT('',(-7.524805854936,-53.69183238231,
    46.608461864359));
#557 = CARTESIAN_POINT('',(-6.562604652208,-53.746102172,46.065183276383
    ));
#558 = CARTESIAN_POINT('',(-5.54876489146,-53.78623450468,
    45.599330323829));
#559 = CARTESIAN_POINT('',(-4.489332080226,-53.81491890828,45.2171801444
    ));
#560 = CARTESIAN_POINT('',(-3.392788415603,-53.83458403235,
    44.925249965948));
#561 = CARTESIAN_POINT('',(-2.27047288424,-53.84708636435,44.7288730831)
  );
#562 = CARTESIAN_POINT('',(-1.135240935442,-53.85333684585,
    44.63068013688));
#563 = CARTESIAN_POINT('',(1.137361597408,-53.85333684518,
    44.630680147388));
#564 = CARTESIAN_POINT('',(2.274713750553,-53.84706299205,
    44.729240286299));
#565 = CARTESIAN_POINT('',(3.399076833354,-53.83451390501,
    44.926351345929));
#566 = CARTESIAN_POINT('',(4.497523331021,-53.81477185362,
    45.219363146396));
#567 = CARTESIAN_POINT('',(5.558656753962,-53.78596631976,
    45.602901968549));
#568 = CARTESIAN_POINT('',(6.573963195784,-53.7456518675,46.070407930354
    ));
#569 = CARTESIAN_POINT('',(7.537381758284,-53.6911218382,46.615570225949
    ));
#570 = CARTESIAN_POINT('',(8.872692263334,-53.58527443807,
    47.525164517682));
#571 = CARTESIAN_POINT('',(9.288212278793,-53.54747771521,47.83293329629
    ));
#572 = CARTESIAN_POINT('',(9.690823073694,-53.50547611756,
    48.156435122135));
#573 = CARTESIAN_POINT('',(10.08017624675,-53.45891244507,
    48.495254217417));
#574 = CARTESIAN_POINT('',(10.455992457281,-53.40740059817,
    48.849085695044));
#575 = CARTESIAN_POINT('',(10.818041426714,-53.35051734246,
    49.217764602231));
#576 = CARTESIAN_POINT('',(11.166116416728,-53.28778313016,
    49.601309445339));
#577 = CARTESIAN_POINT('',(11.5,-53.21862317911,50.));
#578 = ORIENTED_EDGE('',*,*,#251,.T.);
#579 = ORIENTED_EDGE('',*,*,#580,.T.);
#580 = EDGE_CURVE('',#239,#581,#583,.T.);
#581 = VERTEX_POINT('',#582);
#582 = CARTESIAN_POINT('',(-45.58310452964,-35.26416136191,
    2.470971174259));
#583 = B_SPLINE_CURVE_WITH_KNOTS('',1,(#584,#585),.UNSPECIFIED.,.F.,.F.,
  (2,2),(0.,99.166209059297),.PIECEWISE_BEZIER_KNOTS.);
#584 = CARTESIAN_POINT('',(-49.58310452964,-35.26416136191,
    2.470971174259));
#585 = CARTESIAN_POINT('',(49.583104529648,-35.26416136191,
    2.470971174259));
#586 = ORIENTED_EDGE('',*,*,#587,.T.);
#587 = EDGE_CURVE('',#581,#588,#590,.T.);
#588 = VERTEX_POINT('',#589);
#589 = CARTESIAN_POINT('',(45.583104529648,-35.26416136191,
    2.470971174259));
#590 = B_SPLINE_CURVE_WITH_KNOTS('',1,(#591,#592),.UNSPECIFIED.,.F.,.F.,
  (2,2),(0.,99.166209059297),.PIECEWISE_BEZIER_KNOTS.);
#591 = CARTESIAN_POINT('',(-49.58310452964,-35.26416136191,
    2.470971174259));
#592 = CARTESIAN_POINT('',(49.583104529648,-35.26416136191,
    2.470971174259));
#593 = ORIENTED_EDGE('',*,*,#594,.T.);
#594 = EDGE_CURVE('',#588,#595,#597,.T.);
#595 = VERTEX_POINT('',#596);
#596 = CARTESIAN_POINT('',(49.583104529648,-35.26416136191,
    2.470971174259));
#597 = B_SPLINE_CURVE_WITH_KNOTS('',1,(#598,#599),.UNSPECIFIED.,.F.,.F.,
  (2,2),(0.,99.166209059297),.PIECEWISE_BEZIER_KNOTS.);
#598 = CARTESIAN_POINT('',(-49.58310452964,-35.26416136191,
    2.470971174259));
#599 = CARTESIAN_POINT('',(49.583104529648,-35.26416136191,
    2.470971174259));
#600 = ORIENTED_EDGE('',*,*,#601,.F.);
#601 = EDGE_CURVE('',#545,#595,#602,.T.);
#602 = B_SPLINE_CURVE_WITH_KNOTS('',8,(#603,#604,#605,#606,#607,#608,
    #609,#610,#611,#612,#613,#614,#615,#616,#617,#618),.UNSPECIFIED.,.F.
  ,.F.,(9,7,9),(0.,0.424797626756,1.),.UNSPECIFIED.);
#603 = CARTESIAN_POINT('',(11.5,-53.21862317911,50.));
#604 = CARTESIAN_POINT('',(12.552259661678,-53.79291001975,
    46.689373899985));
#605 = CARTESIAN_POINT('',(13.772789517542,-54.10387417103,
    43.386875183307));
#606 = CARTESIAN_POINT('',(15.157475710193,-54.15967768999,
    40.128861711603));
#607 = CARTESIAN_POINT('',(16.696780677304,-53.97695685334,
    36.943821546868));
#608 = CARTESIAN_POINT('',(18.377762588996,-53.57550606187,
    33.853615694584));
#609 = CARTESIAN_POINT('',(20.185757985063,-52.97656939758,
    30.874406606726));
#610 = CARTESIAN_POINT('',(22.105695964748,-52.20121332207,
    28.017384751984));
#611 = CARTESIAN_POINT('',(26.855369380689,-50.00730337009,
    21.595720598686));
#612 = CARTESIAN_POINT('',(29.766039240218,-48.4584487629,
    18.139377315923));
#613 = CARTESIAN_POINT('',(32.827234569138,-46.66865036838,
    14.92758937095));
#614 = CARTESIAN_POINT('',(36.012360693708,-44.67703555277,
    11.962108050008));
#615 = CARTESIAN_POINT('',(39.297860217998,-42.51698700982,
    9.240293335329));
#616 = CARTESIAN_POINT('',(42.66398521106,-40.21561320502,6.756393185882
    ));
#617 = CARTESIAN_POINT('',(46.095782253537,-37.79379202599,
    4.502671026817));
#618 = CARTESIAN_POINT('',(49.583104529648,-35.26416136191,
    2.470971174259));
#619 = B_SPLINE_SURFACE_WITH_KNOTS('',8,1,(
    (#620,#621)
    ,(#622,#623)
    ,(#624,#625)
    ,(#626,#627)
    ,(#628,#629)
    ,(#630,#631)
    ,(#632,#633)
    ,(#634,#635)
    ,(#636,#637)
    ,(#638,#639)
    ,(#640,#641)
    ,(#642,#643)
    ,(#644,#645)
    ,(#646,#647)
    ,(#648,#649)
    ,(#650,#651
    )),.UNSPECIFIED.,.F.,.F.,.F.,(9,7,9),(2,2),(0.,0.424797626756,1.),(
    0.,99.166209059297),.UNSPECIFIED.);
#620 = CARTESIAN_POINT('',(-11.5,-53.21862317911,50.));
#621 = CARTESIAN_POINT('',(11.5,-53.21862317911,50.));
#622 = CARTESIAN_POINT('',(-12.55225966167,-53.79291001975,
    46.689373899985));
#623 = CARTESIAN_POINT('',(12.552259661678,-53.79291001975,
    46.689373899985));
#624 = CARTESIAN_POINT('',(-13.77278951754,-54.10387417103,
    43.386875183307));
#625 = CARTESIAN_POINT('',(13.772789517542,-54.10387417103,
    43.386875183307));
#626 = CARTESIAN_POINT('',(-15.15747571019,-54.15967768999,
    40.128861711603));
#627 = CARTESIAN_POINT('',(15.157475710193,-54.15967768999,
    40.128861711603));
#628 = CARTESIAN_POINT('',(-16.6967806773,-53.97695685334,
    36.943821546868));
#629 = CARTESIAN_POINT('',(16.696780677304,-53.97695685334,
    36.943821546868));
#630 = CARTESIAN_POINT('',(-18.37776258899,-53.57550606187,
    33.853615694584));
#631 = CARTESIAN_POINT('',(18.377762588996,-53.57550606187,
    33.853615694584));
#632 = CARTESIAN_POINT('',(-20.18575798506,-52.97656939758,
    30.874406606726));
#633 = CARTESIAN_POINT('',(20.185757985063,-52.97656939758,
    30.874406606726));
#634 = CARTESIAN_POINT('',(-22.10569596474,-52.20121332207,
    28.017384751984));
#635 = CARTESIAN_POINT('',(22.105695964748,-52.20121332207,
    28.017384751984));
#636 = CARTESIAN_POINT('',(-26.85536938068,-50.00730337009,
    21.595720598686));
#637 = CARTESIAN_POINT('',(26.855369380689,-50.00730337009,
    21.595720598686));
#638 = CARTESIAN_POINT('',(-29.76603924021,-48.4584487629,
    18.139377315923));
#639 = CARTESIAN_POINT('',(29.766039240218,-48.4584487629,
    18.139377315923));
#640 = CARTESIAN_POINT('',(-32.82723456913,-46.66865036838,
    14.92758937095));
#641 = CARTESIAN_POINT('',(32.827234569138,-46.66865036838,
    14.92758937095));
#642 = CARTESIAN_POINT('',(-36.0123606937,-44.67703555277,
    11.962108050008));
#643 = CARTESIAN_POINT('',(36.012360693708,-44.67703555277,
    11.962108050008));
#644 = CARTESIAN_POINT('',(-39.29786021799,-42.51698700982,
    9.240293335329));
#645 = CARTESIAN_POINT('',(39.297860217998,-42.51698700982,
    9.240293335329));
#646 = CARTESIAN_POINT('',(-42.66398521106,-40.21561320502,
    6.756393185882));
#647 = CARTESIAN_POINT('',(42.66398521106,-40.21561320502,6.756393185882
    ));
#648 = CARTESIAN_POINT('',(-46.09578225353,-37.79379202599,
    4.502671026817));
#649 = CARTESIAN_POINT('',(46.095782253537,-37.79379202599,
    4.502671026817));
#650 = CARTESIAN_POINT('',(-49.58310452964,-35.26416136191,
    2.470971174259));
#651 = CARTESIAN_POINT('',(49.583104529648,-35.26416136191,
    2.470971174259));
#652 = ADVANCED_FACE('',(#653),#678,.T.);
#653 = FACE_BOUND('',#654,.F.);
#654 = EDGE_LOOP('',(#655,#663,#671,#677));
#655 = ORIENTED_EDGE('',*,*,#656,.T.);
#656 = EDGE_CURVE('',#239,#657,#659,.T.);
#657 = VERTEX_POINT('',#658);
#658 = CARTESIAN_POINT('',(-49.58310452964,-35.26416136191,
    -3.529028825741));
#659 = LINE('',#660,#661);
#660 = CARTESIAN_POINT('',(-49.58310452964,-35.26416136191,
    2.470971174259));
#661 = VECTOR('',#662,1.);
#662 = DIRECTION('',(-0.,-0.,-1.));
#663 = ORIENTED_EDGE('',*,*,#664,.T.);
#664 = EDGE_CURVE('',#657,#665,#667,.T.);
#665 = VERTEX_POINT('',#666);
#666 = CARTESIAN_POINT('',(-68.22394521055,-6.455777250724,
    18.68626002471));
#667 = LINE('',#668,#669);
#668 = CARTESIAN_POINT('',(-49.58310452964,-35.26416136191,
    -3.529028825741));
#669 = VECTOR('',#670,1.);
#670 = DIRECTION('',(-0.456023555932,0.704759081842,0.543467711089));
#671 = ORIENTED_EDGE('',*,*,#672,.F.);
#672 = EDGE_CURVE('',#196,#665,#673,.T.);
#673 = LINE('',#674,#675);
#674 = CARTESIAN_POINT('',(-68.22394521055,-6.455777250724,
    24.68626002471));
#675 = VECTOR('',#676,1.);
#676 = DIRECTION('',(-0.,-0.,-1.));
#677 = ORIENTED_EDGE('',*,*,#238,.T.);
#678 = PLANE('',#679);
#679 = AXIS2_PLACEMENT_3D('',#680,#681,#682);
#680 = CARTESIAN_POINT('',(-49.58310452964,-35.26416136191,
    2.470971174259));
#681 = DIRECTION('',(-0.839568541487,-0.543253775087,-0.));
#682 = DIRECTION('',(0.456023555932,-0.704759081842,-0.543467711089));
#683 = ADVANCED_FACE('',(#684),#694,.T.);
#684 = FACE_BOUND('',#685,.F.);
#685 = EDGE_LOOP('',(#686,#692,#693));
#686 = ORIENTED_EDGE('',*,*,#687,.F.);
#687 = EDGE_CURVE('',#520,#196,#688,.T.);
#688 = LINE('',#689,#690);
#689 = CARTESIAN_POINT('',(89.,-6.455777250724,24.68626002471));
#690 = VECTOR('',#691,1.);
#691 = DIRECTION('',(-1.,-0.,-0.));
#692 = ORIENTED_EDGE('',*,*,#519,.T.);
#693 = ORIENTED_EDGE('',*,*,#195,.F.);
#694 = PLANE('',#695);
#695 = AXIS2_PLACEMENT_3D('',#696,#697,#698);
#696 = CARTESIAN_POINT('',(-64.22394521055,-5.481450854263E-15,
    24.68626002471));
#697 = DIRECTION('',(0.,2.22044604925E-16,1.));
#698 = DIRECTION('',(1.,0.,0.));
#699 = ADVANCED_FACE('',(#700),#905,.T.);
#700 = FACE_BOUND('',#701,.T.);
#701 = EDGE_LOOP('',(#702,#717,#724,#735,#736,#883,#900));
#702 = ORIENTED_EDGE('',*,*,#703,.T.);
#703 = EDGE_CURVE('',#704,#706,#708,.T.);
#704 = VERTEX_POINT('',#705);
#705 = CARTESIAN_POINT('',(62.090050068485,-53.21862317911,
    49.999999999999));
#706 = VERTEX_POINT('',#707);
#707 = CARTESIAN_POINT('',(40.,-53.21862317911,77.499999999999));
#708 = B_SPLINE_CURVE_WITH_KNOTS('',7,(#709,#710,#711,#712,#713,#714,
    #715,#716),.UNSPECIFIED.,.F.,.F.,(8,8),(0.,1.),
  .PIECEWISE_BEZIER_KNOTS.);
#709 = CARTESIAN_POINT('',(62.090050068483,-53.21862317911,
    49.999999999999));
#710 = CARTESIAN_POINT('',(60.468748731742,-53.21862317911,
    54.892899346695));
#711 = CARTESIAN_POINT('',(58.267292032924,-53.21862317911,
    59.586258095847));
#712 = CARTESIAN_POINT('',(55.514575772414,-53.21862317911,
    64.000214828382));
#713 = CARTESIAN_POINT('',(52.253081885313,-53.21862317911,
    68.060462841275));
#714 = CARTESIAN_POINT('',(48.536496500031,-53.21862317911,
    71.700168038331));
#715 = CARTESIAN_POINT('',(44.428218431397,-53.21862317911,
    74.861825713632));
#716 = CARTESIAN_POINT('',(40.,-53.21862317911,77.499999999999));
#717 = ORIENTED_EDGE('',*,*,#718,.T.);
#718 = EDGE_CURVE('',#706,#719,#721,.T.);
#719 = VERTEX_POINT('',#720);
#720 = CARTESIAN_POINT('',(-40.,-53.21862317911,77.499999999999));
#721 = B_SPLINE_CURVE_WITH_KNOTS('',1,(#722,#723),.UNSPECIFIED.,.F.,.F.,
  (2,2),(0.,124.18010013696),.PIECEWISE_BEZIER_KNOTS.);
#722 = CARTESIAN_POINT('',(40.,-53.21862317911,77.499999999999));
#723 = CARTESIAN_POINT('',(-40.,-53.21862317911,77.499999999999));
#724 = ORIENTED_EDGE('',*,*,#725,.T.);
#725 = EDGE_CURVE('',#719,#404,#726,.T.);
#726 = B_SPLINE_CURVE_WITH_KNOTS('',7,(#727,#728,#729,#730,#731,#732,
    #733,#734),.UNSPECIFIED.,.F.,.F.,(8,8),(0.,1.),
  .PIECEWISE_BEZIER_KNOTS.);
#727 = CARTESIAN_POINT('',(-40.,-53.21862317911,77.499999999999));
#728 = CARTESIAN_POINT('',(-44.42821843139,-53.21862317911,
    74.861825713632));
#729 = CARTESIAN_POINT('',(-48.53649650003,-53.21862317911,
    71.700168038331));
#730 = CARTESIAN_POINT('',(-52.25308188531,-53.21862317911,
    68.060462841274));
#731 = CARTESIAN_POINT('',(-55.51457577241,-53.21862317911,
    64.000214828381));
#732 = CARTESIAN_POINT('',(-58.26729203292,-53.21862317911,
    59.586258095847));
#733 = CARTESIAN_POINT('',(-60.46874873174,-53.21862317911,
    54.892899346695));
#734 = CARTESIAN_POINT('',(-62.09005006848,-53.21862317911,
    49.999999999999));
#735 = ORIENTED_EDGE('',*,*,#403,.F.);
#736 = ORIENTED_EDGE('',*,*,#737,.T.);
#737 = EDGE_CURVE('',#24,#738,#740,.T.);
#738 = VERTEX_POINT('',#739);
#739 = CARTESIAN_POINT('',(15.,-53.21862317911,59.630680142129));
#740 = B_SPLINE_CURVE_WITH_KNOTS('',8,(#741,#742,#743,#744,#745,#746,
    #747,#748,#749,#750,#751,#752,#753,#754,#755,#756,#757,#758,#759,
    #760,#761,#762,#763,#764,#765,#766,#767,#768,#769,#770,#771,#772,
    #773,#774,#775,#776,#777,#778,#779,#780,#781,#782,#783,#784,#785,
    #786,#787,#788,#789,#790,#791,#792,#793,#794,#795,#796,#797,#798,
    #799,#800,#801,#802,#803,#804,#805,#806,#807,#808,#809,#810,#811,
    #812,#813,#814,#815,#816,#817,#818,#819,#820,#821,#822,#823,#824,
    #825,#826,#827,#828,#829,#830,#831,#832,#833,#834,#835,#836,#837,
    #838,#839,#840,#841,#842,#843,#844,#845,#846,#847,#848,#849,#850,
    #851,#852,#853,#854,#855,#856,#857,#858,#859,#860,#861,#862,#863,
    #864,#865,#866,#867,#868,#869,#870,#871,#872,#873,#874,#875,#876,
    #877,#878,#879,#880,#881,#882),.UNSPECIFIED.,.F.,.F.,(9,7,7,7,7,7,7,
    7,7,7,7,7,7,7,7,7,7,7,7,7,9),(0.,0.104567536401,0.146602324072,
    0.170400146253,0.217665121816,0.257285632346,0.27469087058,
    0.30179031467,0.351209740699,0.413104048836,0.580616281162,
    0.746447024263,0.808120230218,0.857903161653,0.885176822581,
    0.902253068842,0.941914096813,0.98071160152,0.990050036468,
    0.994751747111,1.),.UNSPECIFIED.);
#741 = CARTESIAN_POINT('',(-11.49999999999,-53.21862317911,
    49.999999999999));
#742 = CARTESIAN_POINT('',(-11.99859238913,-53.21862317911,
    50.595369422559));
#743 = CARTESIAN_POINT('',(-12.47016030571,-53.21862317911,
    51.230033106556));
#744 = CARTESIAN_POINT('',(-12.91142954472,-53.21862317911,
    51.904200786966));
#745 = CARTESIAN_POINT('',(-13.31844727613,-53.21862317911,
    52.61759534415));
#746 = CARTESIAN_POINT('',(-13.68675993695,-53.21862317911,
    53.369287262832));
#747 = CARTESIAN_POINT('',(-14.0115798178,-53.21862317911,
    54.157567072222));
#748 = CARTESIAN_POINT('',(-14.28797864373,-53.21862317911,
    54.979829106627));
#749 = CARTESIAN_POINT('',(-14.60085699978,-53.21862317911,
    56.17517837019));
#750 = CARTESIAN_POINT('',(-14.6819485753,-53.21862317911,
    56.522756287959));
#751 = CARTESIAN_POINT('',(-14.75410614821,-53.21862317911,
    56.874899377939));
#752 = CARTESIAN_POINT('',(-14.81701881376,-53.21862317911,
    57.231292528761));
#753 = CARTESIAN_POINT('',(-14.8703873419,-53.21862317911,
    57.591577511146));
#754 = CARTESIAN_POINT('',(-14.91393172965,-53.21862317911,
    57.95535067013));
#755 = CARTESIAN_POINT('',(-14.94739875337,-53.21862317911,
    58.322160617293));
#756 = CARTESIAN_POINT('',(-14.98368755596,-53.21862317911,
    58.900609248944));
#757 = CARTESIAN_POINT('',(-14.993505497,-53.21862317911,59.110525097082
    ));
#758 = CARTESIAN_POINT('',(-14.99998379589,-53.21862317911,
    59.321161623437));
#759 = CARTESIAN_POINT('',(-15.00308666331,-53.21862317911,
    59.532422545865));
#760 = CARTESIAN_POINT('',(-15.00278262834,-53.21862317911,
    59.744207073133));
#761 = CARTESIAN_POINT('',(-14.9990450978,-53.21862317911,
    59.956409834022));
#762 = CARTESIAN_POINT('',(-14.99185291564,-53.21862317911,
    60.168920806426));
#763 = CARTESIAN_POINT('',(-14.96001508313,-53.21862317911,
    60.804078615648));
#764 = CARTESIAN_POINT('',(-14.92514998152,-53.21862317911,
    61.227340440416));
#765 = CARTESIAN_POINT('',(-14.87647454668,-53.21862317911,
    61.650461296014));
#766 = CARTESIAN_POINT('',(-14.81396876358,-53.21862317911,
    62.072473625964));
#767 = CARTESIAN_POINT('',(-14.7377181517,-53.21862317911,
    62.492392614873));
#768 = CARTESIAN_POINT('',(-14.64792150194,-53.21862317911,
    62.90921767492));
#769 = CARTESIAN_POINT('',(-14.54490187156,-53.21862317911,
    63.321934545993));
#770 = CARTESIAN_POINT('',(-14.33206580588,-53.21862317911,
    64.071180407775));
#771 = CARTESIAN_POINT('',(-14.22603195242,-53.21862317911,
    64.409276320631));
#772 = CARTESIAN_POINT('',(-14.11128640018,-53.21862317911,
    64.743204392523));
#773 = CARTESIAN_POINT('',(-13.98814842859,-53.21862317911,
    65.072412688423));
#774 = CARTESIAN_POINT('',(-13.85698296156,-53.21862317911,
    65.396395975939));
#775 = CARTESIAN_POINT('',(-13.71819502952,-53.21862317911,
    65.714693620846));
#776 = CARTESIAN_POINT('',(-13.5722252053,-53.21862317911,
    66.026888096024));
#777 = CARTESIAN_POINT('',(-13.3524742453,-53.21862317911,
    66.466904744407));
#778 = CARTESIAN_POINT('',(-13.28410585425,-53.21862317911,
    66.599958792999));
#779 = CARTESIAN_POINT('',(-13.21447985695,-53.21862317911,
    66.731736162674));
#780 = CARTESIAN_POINT('',(-13.14363580899,-53.21862317911,
    66.862209304297));
#781 = CARTESIAN_POINT('',(-13.07161367826,-53.21862317911,
    66.991353104937));
#782 = CARTESIAN_POINT('',(-12.99845371822,-53.21862317911,
    67.119144786344));
#783 = CARTESIAN_POINT('',(-12.92419634104,-53.21862317911,
    67.245563803418));
#784 = CARTESIAN_POINT('',(-12.73161976245,-53.21862317911,
    67.565256567396));
#785 = CARTESIAN_POINT('',(-12.61179470705,-53.21862317911,
    67.756550053418));
#786 = CARTESIAN_POINT('',(-12.48955956847,-53.21862317911,
    67.944402771076));
#787 = CARTESIAN_POINT('',(-12.36506570009,-53.21862317911,
    68.128760098578));
#788 = CARTESIAN_POINT('',(-12.23846212399,-53.21862317911,
    68.309581038392));
#789 = CARTESIAN_POINT('',(-12.10989459005,-53.21862317911,
    68.486837033635));
#790 = CARTESIAN_POINT('',(-11.97950463505,-53.21862317911,
    68.660510784447));
#791 = CARTESIAN_POINT('',(-11.60657057272,-53.21862317911,
    69.140766279077));
#792 = CARTESIAN_POINT('',(-11.36011190029,-53.21862317911,
    69.438991919646));
#793 = CARTESIAN_POINT('',(-11.10886894154,-53.21862317911,
    69.72524570262));
#794 = CARTESIAN_POINT('',(-10.85359940225,-53.21862317911,
    69.999611937798));
#795 = CARTESIAN_POINT('',(-10.59499227529,-53.21862317911,
    70.262261719195));
#796 = CARTESIAN_POINT('',(-10.33366075713,-53.21862317911,
    70.513432694646));
#797 = CARTESIAN_POINT('',(-10.07013818223,-53.21862317911,
    70.753412414063));
#798 = CARTESIAN_POINT('',(-9.472656223542,-53.21862317911,
    71.269472758529));
#799 = CARTESIAN_POINT('',(-9.137740456036,-53.21862317911,
    71.539346762106));
#800 = CARTESIAN_POINT('',(-8.800991310932,-53.21862317911,
    71.792814110203));
#801 = CARTESIAN_POINT('',(-8.46312850857,-53.21862317911,
    72.030569685918));
#802 = CARTESIAN_POINT('',(-8.124735625179,-53.21862317911,
    72.253317942612));
#803 = CARTESIAN_POINT('',(-7.786266163452,-53.21862317911,
    72.461757022105));
#804 = CARTESIAN_POINT('',(-7.448049920084,-53.21862317911,
    72.656565460806));
#805 = CARTESIAN_POINT('',(-6.19620426144,-53.21862317911,
    73.330489770524));
#806 = CARTESIAN_POINT('',(-5.286882016713,-53.21862317911,
    73.726764239877));
#807 = CARTESIAN_POINT('',(-4.38512231299,-53.21862317911,
    74.041303804661));
#808 = CARTESIAN_POINT('',(-3.49165379847,-53.21862317911,
    74.283343943693));
#809 = CARTESIAN_POINT('',(-2.605750008857,-53.21862317911,
    74.45987250953));
#810 = CARTESIAN_POINT('',(-1.725555396284,-53.21862317911,
    74.575391000895));
#811 = CARTESIAN_POINT('',(-0.848217658942,-53.21862317911,
    74.632426601104));
#812 = CARTESIAN_POINT('',(0.900082424628,-53.21862317911,
    74.628890146805));
#813 = CARTESIAN_POINT('',(1.768787639509,-53.21862317911,
    74.569497460134));
#814 = CARTESIAN_POINT('',(2.640390834667,-53.21862317911,
    74.452683491056));
#815 = CARTESIAN_POINT('',(3.517643827846,-53.21862317911,
    74.275931556095));
#816 = CARTESIAN_POINT('',(4.402329484686,-53.21862317911,
    74.034815725908));
#817 = CARTESIAN_POINT('',(5.295134984888,-53.21862317911,
    73.722522937368));
#818 = CARTESIAN_POINT('',(6.195337907045,-53.21862317911,
    73.330062047084));
#819 = CARTESIAN_POINT('',(7.4367653305,-53.21862317911,72.662966198042)
  );
#820 = CARTESIAN_POINT('',(7.773767660695,-53.21862317911,
    72.469249475199));
#821 = CARTESIAN_POINT('',(8.111029160577,-53.21862317911,72.26201616764
    ));
#822 = CARTESIAN_POINT('',(8.448225726318,-53.21862317911,
    72.040595759867));
#823 = CARTESIAN_POINT('',(8.784911802948,-53.21862317911,
    71.804298063595));
#824 = CARTESIAN_POINT('',(9.120514116665,-53.21862317911,
    71.552426130343));
#825 = CARTESIAN_POINT('',(9.454325668506,-53.21862317911,
    71.284291647608));
#826 = CARTESIAN_POINT('',(10.052825617305,-53.21862317911,
    70.769131854688));
#827 = CARTESIAN_POINT('',(10.318412239153,-53.21862317911,
    70.528021201989));
#828 = CARTESIAN_POINT('',(10.581800862815,-53.21862317911,
    70.275567781525));
#829 = CARTESIAN_POINT('',(10.8424492652,-53.21862317911,70.011475858717
    ));
#830 = CARTESIAN_POINT('',(11.099733000331,-53.21862317911,
    69.735500506094));
#831 = CARTESIAN_POINT('',(11.352949538038,-53.21862317911,
    69.44746478876));
#832 = CARTESIAN_POINT('',(11.601325533214,-53.21862317911,
    69.14728067262));
#833 = CARTESIAN_POINT('',(11.976991747331,-53.21862317911,
    68.663875741937));
#834 = CARTESIAN_POINT('',(12.108251118961,-53.21862317911,
    68.48914185121));
#835 = CARTESIAN_POINT('',(12.237666388114,-53.21862317911,
    68.310779186948));
#836 = CARTESIAN_POINT('',(12.365093303822,-53.21862317911,
    68.128805271569));
#837 = CARTESIAN_POINT('',(12.490383288031,-53.21862317911,
    67.94324916797));
#838 = CARTESIAN_POINT('',(12.613384407057,-53.21862317911,
    67.754152701358));
#839 = CARTESIAN_POINT('',(12.733942343036,-53.21862317911,
    67.561571681057));
#840 = CARTESIAN_POINT('',(12.925756405214,-53.21862317911,
    67.24286344048));
#841 = CARTESIAN_POINT('',(12.99859286034,-53.21862317911,
    67.118811284369));
#842 = CARTESIAN_POINT('',(13.070372539321,-53.21862317911,
    66.993438089652));
#843 = CARTESIAN_POINT('',(13.141057281346,-53.21862317911,
    66.866763270878));
#844 = CARTESIAN_POINT('',(13.21060907151,-53.21862317911,
    66.738808313983));
#845 = CARTESIAN_POINT('',(13.278990156084,-53.21862317911,
    66.609596868781));
#846 = CARTESIAN_POINT('',(13.346163157792,-53.21862317911,
    66.479154841448));
#847 = CARTESIAN_POINT('',(13.565214631265,-53.21862317911,
    66.041755326066));
#848 = CARTESIAN_POINT('',(13.711631708227,-53.21862317911,
    65.729495441547));
#849 = CARTESIAN_POINT('',(13.850867859566,-53.21862317911,
    65.411105410102));
#850 = CARTESIAN_POINT('',(13.982480304265,-53.21862317911,
    65.087002375328));
#851 = CARTESIAN_POINT('',(14.106061685758,-53.21862317911,
    64.757646957915));
#852 = CARTESIAN_POINT('',(14.221244697282,-53.21862317911,
    64.423544784676));
#853 = CARTESIAN_POINT('',(14.327707689484,-53.21862317911,
    64.08524863646));
#854 = CARTESIAN_POINT('',(14.520532579158,-53.21862317911,
    63.408917567799));
#855 = CARTESIAN_POINT('',(14.607290536981,-53.21862317911,
    63.071006243632));
#856 = CARTESIAN_POINT('',(14.685201479981,-53.21862317911,
    62.730185942788));
#857 = CARTESIAN_POINT('',(14.754072337816,-53.21862317911,
    62.387014246189));
#858 = CARTESIAN_POINT('',(14.813766255242,-53.21862317911,
    62.042046544853));
#859 = CARTESIAN_POINT('',(14.86419918677,-53.21862317911,
    61.695835190904));
#860 = CARTESIAN_POINT('',(14.905337454356,-53.21862317911,
    61.348928870061));
#861 = CARTESIAN_POINT('',(14.944864582416,-53.21862317911,60.9183367672
    ));
#862 = CARTESIAN_POINT('',(14.95199537618,-53.21862317911,
    60.834791656363));
#863 = CARTESIAN_POINT('',(14.958588876746,-53.21862317911,
    60.751244159484));
#864 = CARTESIAN_POINT('',(14.964645461283,-53.21862317911,
    60.667701487754));
#865 = CARTESIAN_POINT('',(14.970165656794,-53.21862317911,60.5841707672
    ));
#866 = CARTESIAN_POINT('',(14.975150140117,-53.21862317911,
    60.500659038676));
#867 = CARTESIAN_POINT('',(14.979599737926,-53.21862317911,
    60.417173257869));
#868 = CARTESIAN_POINT('',(14.985486895805,-53.21862317911,
    60.291703438677));
#869 = CARTESIAN_POINT('',(14.987325060688,-53.21862317911,
    60.24965144438));
#870 = CARTESIAN_POINT('',(14.989029582304,-53.21862317911,
    60.207564657329));
#871 = CARTESIAN_POINT('',(14.990600120671,-53.21862317911,
    60.165443405406));
#872 = CARTESIAN_POINT('',(14.992036334892,-53.21862317911,
    60.123287999454));
#873 = CARTESIAN_POINT('',(14.993337883161,-53.21862317911,
    60.081098733276));
#874 = CARTESIAN_POINT('',(14.994504422759,-53.21862317911,
    60.038875883634));
#875 = CARTESIAN_POINT('',(14.996686665943,-53.21862317911,
    59.949451540859));
#876 = CARTESIAN_POINT('',(14.997616084015,-53.21862317911,
    59.904412311853));
#877 = CARTESIAN_POINT('',(14.99840438861,-53.21862317911,
    59.859309494769));
#878 = CARTESIAN_POINT('',(14.99906001083,-53.21862317911,
    59.812992565707));
#879 = CARTESIAN_POINT('',(14.999561538669,-53.21862317911,
    59.765446989374));
#880 = CARTESIAN_POINT('',(14.99987199386,-53.21862317911,
    59.717633678372));
#881 = CARTESIAN_POINT('',(14.99999999902,-53.21862317911,
    59.671670795411));
#882 = CARTESIAN_POINT('',(15.,-53.21862317911,59.630680142129));
#883 = ORIENTED_EDGE('',*,*,#884,.T.);
#884 = EDGE_CURVE('',#738,#545,#885,.T.);
#885 = B_SPLINE_CURVE_WITH_KNOTS('',7,(#886,#887,#888,#889,#890,#891,
    #892,#893,#894,#895,#896,#897,#898,#899),.UNSPECIFIED.,.F.,.F.,(8,6,
    8),(0.,0.442712496976,1.),.UNSPECIFIED.);
#886 = CARTESIAN_POINT('',(15.,-53.21862317911,59.630680142129));
#887 = CARTESIAN_POINT('',(15.,-53.21862317911,58.911281468791));
#888 = CARTESIAN_POINT('',(14.959747212721,-53.21862317911,
    58.197649770517));
#889 = CARTESIAN_POINT('',(14.880404109495,-53.21862317911,
    57.494180037541));
#890 = CARTESIAN_POINT('',(14.76391020877,-53.21862317911,
    56.804419211925));
#891 = CARTESIAN_POINT('',(14.612573350145,-53.21862317911,
    56.131210185387));
#892 = CARTESIAN_POINT('',(14.428878342037,-53.21862317911,
    55.476738658514));
#893 = CARTESIAN_POINT('',(13.946407135492,-53.21862317911,
    54.044335982043));
#894 = CARTESIAN_POINT('',(13.630193013562,-53.21862317911,
    53.27841309768));
#895 = CARTESIAN_POINT('',(13.271432038866,-53.21862317911,
    52.547571080361));
#896 = CARTESIAN_POINT('',(12.874853251366,-53.21862317911,
    51.853624180573));
#897 = CARTESIAN_POINT('',(12.444896523162,-53.21862317911,
    51.197573639825));
#898 = CARTESIAN_POINT('',(11.985514129015,-53.21862317911,
    50.579752665572));
#899 = CARTESIAN_POINT('',(11.499999999999,-53.21862317911,
    49.999999999999));
#900 = ORIENTED_EDGE('',*,*,#901,.T.);
#901 = EDGE_CURVE('',#545,#704,#902,.T.);
#902 = B_SPLINE_CURVE_WITH_KNOTS('',1,(#903,#904),.UNSPECIFIED.,.F.,.F.,
  (2,2),(0.,50.590050068483),.PIECEWISE_BEZIER_KNOTS.);
#903 = CARTESIAN_POINT('',(11.5,-53.21862317911,50.));
#904 = CARTESIAN_POINT('',(62.090050068487,-53.21862317911,50.));
#905 = B_SPLINE_SURFACE_WITH_KNOTS('',7,1,(
    (#906,#907)
    ,(#908,#909)
    ,(#910,#911)
    ,(#912,#913)
    ,(#914,#915)
    ,(#916,#917)
    ,(#918,#919)
    ,(#920,#921
    )),.UNSPECIFIED.,.F.,.F.,.F.,(8,8),(2,2),(0.,1.),(0.,124.18010013696
    ),.PIECEWISE_BEZIER_KNOTS.);
#906 = CARTESIAN_POINT('',(-40.,-53.21862317911,77.499999999999));
#907 = CARTESIAN_POINT('',(40.,-53.21862317911,77.499999999999));
#908 = CARTESIAN_POINT('',(-44.42821843139,-53.21862317911,
    74.861825713632));
#909 = CARTESIAN_POINT('',(44.428218431397,-53.21862317911,
    74.861825713632));
#910 = CARTESIAN_POINT('',(-48.53649650003,-53.21862317911,
    71.700168038331));
#911 = CARTESIAN_POINT('',(48.536496500031,-53.21862317911,
    71.700168038331));
#912 = CARTESIAN_POINT('',(-52.25308188531,-53.21862317911,
    68.060462841274));
#913 = CARTESIAN_POINT('',(52.253081885313,-53.21862317911,
    68.060462841275));
#914 = CARTESIAN_POINT('',(-55.51457577241,-53.21862317911,
    64.000214828381));
#915 = CARTESIAN_POINT('',(55.514575772414,-53.21862317911,
    64.000214828382));
#916 = CARTESIAN_POINT('',(-58.26729203292,-53.21862317911,
    59.586258095847));
#917 = CARTESIAN_POINT('',(58.267292032924,-53.21862317911,
    59.586258095847));
#918 = CARTESIAN_POINT('',(-60.46874873174,-53.21862317911,
    54.892899346695));
#919 = CARTESIAN_POINT('',(60.468748731742,-53.21862317911,
    54.892899346695));
#920 = CARTESIAN_POINT('',(-62.09005006848,-53.21862317911,
    49.999999999999));
#921 = CARTESIAN_POINT('',(62.090050068483,-53.21862317911,
    49.999999999999));
#922 = ADVANCED_FACE('',(#923),#976,.T.);
#923 = FACE_BOUND('',#924,.T.);
#924 = EDGE_LOOP('',(#925,#964,#975));
#925 = ORIENTED_EDGE('',*,*,#926,.T.);
#926 = EDGE_CURVE('',#404,#927,#929,.T.);
#927 = VERTEX_POINT('',#928);
#928 = CARTESIAN_POINT('',(-62.09005006848,-9.749575084509,50.));
#929 = B_SPLINE_CURVE_WITH_KNOTS('',6,(#930,#931,#932,#933,#934,#935,
    #936,#937,#938,#939,#940,#941,#942,#943,#944,#945,#946,#947,#948,
    #949,#950,#951,#952,#953,#954,#955,#956,#957,#958,#959,#960,#961,
    #962,#963),.UNSPECIFIED.,.F.,.F.,(7,4,5,4,4,5,5,7),(0.,
    18.450920713946,35.487506852765,37.55815208032,64.104801283118,
    70.325002006548,70.742514604158,79.472404836456),.UNSPECIFIED.);
#930 = CARTESIAN_POINT('',(-62.09005006848,-53.21862317911,
    49.999999999999));
#931 = CARTESIAN_POINT('',(-62.09005006848,-51.53660545745,
    49.999999999999));
#932 = CARTESIAN_POINT('',(-62.09005006848,-49.8545877358,
    49.999999999999));
#933 = CARTESIAN_POINT('',(-62.09005006848,-48.17257001415,
    49.999999999999));
#934 = CARTESIAN_POINT('',(-62.09005006848,-46.49055229249,
    49.999999999999));
#935 = CARTESIAN_POINT('',(-62.09005006848,-43.25545002583,
    49.999999999999));
#936 = CARTESIAN_POINT('',(-62.09005006848,-40.02034775917,
    49.999999999999));
#937 = CARTESIAN_POINT('',(-62.09005006848,-38.46726321416,
    49.999999999999));
#938 = CARTESIAN_POINT('',(-62.09005006848,-36.91417866916,
    49.999999999999));
#939 = CARTESIAN_POINT('',(-62.09005006848,-35.36109412415,
    49.999999999999));
#940 = CARTESIAN_POINT('',(-62.09005006848,-33.61924599265,
    49.999999999999));
#941 = CARTESIAN_POINT('',(-62.09005006848,-33.43048240616,
    49.999999999999));
#942 = CARTESIAN_POINT('',(-62.09005006848,-33.24171881967,
    49.999999999999));
#943 = CARTESIAN_POINT('',(-62.09005006848,-33.05295523318,
    49.999999999999));
#944 = CARTESIAN_POINT('',(-62.09005006848,-30.44415336774,50.));
#945 = CARTESIAN_POINT('',(-62.09005006848,-27.8353515023,50.));
#946 = CARTESIAN_POINT('',(-62.09005006848,-25.41531322335,50.));
#947 = CARTESIAN_POINT('',(-62.09005006848,-22.9952749444,50.));
#948 = CARTESIAN_POINT('',(-62.09005006848,-20.00819245062,50.));
#949 = CARTESIAN_POINT('',(-62.09005006848,-17.02110995685,50.));
#950 = CARTESIAN_POINT('',(-62.09005006848,-16.45406574202,50.));
#951 = CARTESIAN_POINT('',(-62.09005006848,-15.8870215272,50.));
#952 = CARTESIAN_POINT('',(-62.09005006848,-15.31997731237,50.));
#953 = CARTESIAN_POINT('',(-62.09005006848,-14.71487192981,50.));
#954 = CARTESIAN_POINT('',(-62.09005006848,-14.67681076207,50.));
#955 = CARTESIAN_POINT('',(-62.09005006848,-14.63874959433,50.));
#956 = CARTESIAN_POINT('',(-62.09005006848,-14.6006884266,50.));
#957 = CARTESIAN_POINT('',(-62.09005006848,-14.56262725886,50.));
#958 = CARTESIAN_POINT('',(-62.09005006848,-13.72873425669,50.));
#959 = CARTESIAN_POINT('',(-62.09005006848,-12.93290242225,50.));
#960 = CARTESIAN_POINT('',(-62.09005006848,-12.13707058781,50.));
#961 = CARTESIAN_POINT('',(-62.09005006848,-11.34123875338,50.));
#962 = CARTESIAN_POINT('',(-62.09005006848,-10.54540691894,50.));
#963 = CARTESIAN_POINT('',(-62.09005006848,-9.749575084509,50.));
#964 = ORIENTED_EDGE('',*,*,#965,.T.);
#965 = EDGE_CURVE('',#927,#37,#966,.T.);
#966 = B_SPLINE_CURVE_WITH_KNOTS('',7,(#967,#968,#969,#970,#971,#972,
    #973,#974),.UNSPECIFIED.,.F.,.F.,(8,8),(0.,1.),
  .PIECEWISE_BEZIER_KNOTS.);
#967 = CARTESIAN_POINT('',(-62.09005006848,-9.749575084509,50.));
#968 = CARTESIAN_POINT('',(-62.52008611942,-9.749575084509,
    48.702201067563));
#969 = CARTESIAN_POINT('',(-62.90940354685,-9.749575084509,
    47.391045729574));
#970 = CARTESIAN_POINT('',(-63.25689162915,-9.749575084509,
    46.067835730525));
#971 = CARTESIAN_POINT('',(-63.56244345475,-9.749575084509,
    44.734204008623));
#972 = CARTESIAN_POINT('',(-63.82570480625,-9.749575084509,
    43.391696604648));
#973 = CARTESIAN_POINT('',(-64.04606099625,-9.749575084509,
    42.041830118966));
#974 = CARTESIAN_POINT('',(-64.22394521055,-9.749575084509,
    40.686260024711));
#975 = ORIENTED_EDGE('',*,*,#410,.F.);
#976 = B_SPLINE_SURFACE_WITH_KNOTS('',6,7,(
    (#977,#978,#979,#980,#981,#982,#983,#984)
    ,(#985,#986,#987,#988,#989,#990,#991,#992)
    ,(#993,#994,#995,#996,#997,#998,#999,#1000)
    ,(#1001,#1002,#1003,#1004,#1005,#1006,#1007,#1008)
    ,(#1009,#1010,#1011,#1012,#1013,#1014,#1015,#1016)
    ,(#1017,#1018,#1019,#1020,#1021,#1022,#1023,#1024)
    ,(#1025,#1026,#1027,#1028,#1029,#1030,#1031,#1032)
    ,(#1033,#1034,#1035,#1036,#1037,#1038,#1039,#1040)
    ,(#1041,#1042,#1043,#1044,#1045,#1046,#1047,#1048)
    ,(#1049,#1050,#1051,#1052,#1053,#1054,#1055,#1056)
    ,(#1057,#1058,#1059,#1060,#1061,#1062,#1063,#1064)
    ,(#1065,#1066,#1067,#1068,#1069,#1070,#1071,#1072)
    ,(#1073,#1074,#1075,#1076,#1077,#1078,#1079,#1080)
    ,(#1081,#1082,#1083,#1084,#1085,#1086,#1087,#1088)
    ,(#1089,#1090,#1091,#1092,#1093,#1094,#1095,#1096)
    ,(#1097,#1098,#1099,#1100,#1101,#1102,#1103,#1104)
    ,(#1105,#1106,#1107,#1108,#1109,#1110,#1111,#1112)
    ,(#1113,#1114,#1115,#1116,#1117,#1118,#1119,#1120)
    ,(#1121,#1122,#1123,#1124,#1125,#1126,#1127,#1128)
    ,(#1129,#1130,#1131,#1132,#1133,#1134,#1135,#1136)
    ,(#1137,#1138,#1139,#1140,#1141,#1142,#1143,#1144)
    ,(#1145,#1146,#1147,#1148,#1149,#1150,#1151,#1152)
    ,(#1153,#1154,#1155,#1156,#1157,#1158,#1159,#1160)
    ,(#1161,#1162,#1163,#1164,#1165,#1166,#1167,#1168)
    ,(#1169,#1170,#1171,#1172,#1173,#1174,#1175,#1176)
    ,(#1177,#1178,#1179,#1180,#1181,#1182,#1183,#1184)
    ,(#1185,#1186,#1187,#1188,#1189,#1190,#1191,#1192)
    ,(#1193,#1194,#1195,#1196,#1197,#1198,#1199,#1200)
    ,(#1201,#1202,#1203,#1204,#1205,#1206,#1207,#1208)
    ,(#1209,#1210,#1211,#1212,#1213,#1214,#1215,#1216)
    ,(#1217,#1218,#1219,#1220,#1221,#1222,#1223,#1224)
    ,(#1225,#1226,#1227,#1228,#1229,#1230,#1231,#1232)
    ,(#1233,#1234,#1235,#1236,#1237,#1238,#1239,#1240)
    ,(#1241,#1242,#1243,#1244,#1245,#1246,#1247,#1248
  )),.UNSPECIFIED.,.F.,.F.,.F.,(7,4,5,4,4,5,5,7),(8,8),(0.,
    18.450920713946,35.487506852765,37.55815208032,64.104801283118,
    70.325002006548,70.742514604158,79.472404836456),(0.,1.),
  .UNSPECIFIED.);
#977 = CARTESIAN_POINT('',(-62.09005006848,-53.21862317911,
    49.999999999999));
#978 = CARTESIAN_POINT('',(-62.09005006848,-53.21862317911,50.));
#979 = CARTESIAN_POINT('',(-62.09005006848,-53.21862317911,
    49.999999999999));
#980 = CARTESIAN_POINT('',(-62.09005006848,-53.21862317911,
    49.999999999999));
#981 = CARTESIAN_POINT('',(-62.09005006848,-53.21862317911,
    49.999999999999));
#982 = CARTESIAN_POINT('',(-62.09005006848,-53.21862317911,
    49.999999999999));
#983 = CARTESIAN_POINT('',(-62.09005006848,-53.21862317911,
    49.999999999999));
#984 = CARTESIAN_POINT('',(-62.09005006848,-53.21862317911,50.));
#985 = CARTESIAN_POINT('',(-62.09005006848,-51.53660545745,
    49.999999999999));
#986 = CARTESIAN_POINT('',(-62.13116115749,-51.55794783998,
    49.888372591305));
#987 = CARTESIAN_POINT('',(-62.17103834881,-51.5792902225,
    49.776340443048));
#988 = CARTESIAN_POINT('',(-62.20964798421,-51.60063260502,
    49.663943002032));
#989 = CARTESIAN_POINT('',(-62.24698682396,-51.62197498754,
    49.551229751232));
#990 = CARTESIAN_POINT('',(-62.2830441342,-51.64331737007,49.43824754037
    ));
#991 = CARTESIAN_POINT('',(-62.31780128802,-51.66465975259,
    49.325042327031));
#992 = CARTESIAN_POINT('',(-62.35127141228,-51.68600213511,
    49.21166427707));
#993 = CARTESIAN_POINT('',(-62.09005006848,-49.8545877358,
    49.999999999999));
#994 = CARTESIAN_POINT('',(-62.16811447871,-49.8939584843,
    49.781849258195));
#995 = CARTESIAN_POINT('',(-62.24371109356,-49.9333292328,
    49.562889037266));
#996 = CARTESIAN_POINT('',(-62.3167725966,-49.9726999813,49.343198230819
    ));
#997 = CARTESIAN_POINT('',(-62.38729250832,-50.0120707298,
    49.122875804804));
#998 = CARTESIAN_POINT('',(-62.455249361,-50.0514414783,48.902015458664)
  );
#999 = CARTESIAN_POINT('',(-62.52060590086,-50.0908122268,
    48.680709107572));
#1000 = CARTESIAN_POINT('',(-62.58338838159,-50.1301829753,
    48.459057083233));
#1001 = CARTESIAN_POINT('',(-62.09005006848,-48.17257001415,
    49.999999999999));
#1002 = CARTESIAN_POINT('',(-62.20132458842,-48.22691382286,
    49.680626487714));
#1003 = CARTESIAN_POINT('',(-62.30889741531,-48.28125763157,
    49.360038756741));
#1004 = CARTESIAN_POINT('',(-62.41266757447,-48.33560144029,
    49.03835514749));
#1005 = CARTESIAN_POINT('',(-62.51262534665,-48.389945249,
    48.715724108889));
#1006 = CARTESIAN_POINT('',(-62.60873853028,-48.44428905771,
    48.3922861901));
#1007 = CARTESIAN_POINT('',(-62.70095124468,-48.49863286643,
    48.068179263882));
#1008 = CARTESIAN_POINT('',(-62.78930287037,-48.55297667514,
    47.743553827795));
#1009 = CARTESIAN_POINT('',(-62.09005006848,-46.49055229249,
    49.999999999999));
#1010 = CARTESIAN_POINT('',(-62.23117826613,-46.55706662867,
    49.58486493487));
#1011 = CARTESIAN_POINT('',(-62.36737087306,-46.62358096486,
    49.168110911491));
#1012 = CARTESIAN_POINT('',(-62.49849325633,-46.69009530104,
    48.749895717075));
#1013 = CARTESIAN_POINT('',(-62.62453245697,-46.75660963723,
    48.330417283525));
#1014 = CARTESIAN_POINT('',(-62.74544553953,-46.82312397341,
    47.909863009724));
#1015 = CARTESIAN_POINT('',(-62.86115799646,-46.88963830959,
    47.488416726019));
#1016 = CARTESIAN_POINT('',(-62.97172233513,-46.95615264578,
    47.06627909582));
#1017 = CARTESIAN_POINT('',(-62.09005006848,-43.25545002583,
    49.999999999999));
#1018 = CARTESIAN_POINT('',(-62.27932244658,-43.3404517244,
    49.410522470492));
#1019 = CARTESIAN_POINT('',(-62.46242533626,-43.42545342298,
    48.819021243173));
#1020 = CARTESIAN_POINT('',(-62.63919044638,-43.51045512155,
    48.225693552056));
#1021 = CARTESIAN_POINT('',(-62.80960157822,-43.59545682012,
    47.630786812023));
#1022 = CARTESIAN_POINT('',(-62.97360506246,-43.68045851869,
    47.034535271676));
#1023 = CARTESIAN_POINT('',(-63.13110776465,-43.76546021727,
    46.437168718949));
#1024 = CARTESIAN_POINT('',(-63.28217531901,-43.85046191584,
    45.838937983105));
#1025 = CARTESIAN_POINT('',(-62.09005006848,-40.02034775917,
    49.999999999999));
#1026 = CARTESIAN_POINT('',(-62.31755575648,-40.11523462627,
    49.257264628249));
#1027 = CARTESIAN_POINT('',(-62.53765805838,-40.21012149337,
    48.512100819126));
#1028 = CARTESIAN_POINT('',(-62.7501550248,-40.30500836047,
    47.764745253446));
#1029 = CARTESIAN_POINT('',(-62.95502721728,-40.39989522757,
    47.015494829065));
#1030 = CARTESIAN_POINT('',(-63.15221023265,-40.49478209467,
    46.264630644308));
#1031 = CARTESIAN_POINT('',(-63.34159230956,-40.58966896177,
    45.512428444694));
#1032 = CARTESIAN_POINT('',(-63.52325220907,-40.68455582887,
    44.75918922534));
#1033 = CARTESIAN_POINT('',(-62.09005006848,-38.46726321416,
    49.999999999999));
#1034 = CARTESIAN_POINT('',(-62.33585215746,-38.56509660541,
    49.18914930786));
#1035 = CARTESIAN_POINT('',(-62.57301696266,-38.66292999665,
    48.375465438784));
#1036 = CARTESIAN_POINT('',(-62.80130887647,-38.7607633879,
    47.559224520393));
#1037 = CARTESIAN_POINT('',(-63.02070522068,-38.85859677914,
    46.740772933517));
#1038 = CARTESIAN_POINT('',(-63.23113085826,-38.95643017039,
    45.920438626203));
#1039 = CARTESIAN_POINT('',(-63.43245540098,-39.05426356164,
    45.098543301556));
#1040 = CARTESIAN_POINT('',(-63.62477073673,-39.15209695288,
    44.275438120545));
#1041 = CARTESIAN_POINT('',(-62.09005006848,-36.91417866916,
    49.999999999999));
#1042 = CARTESIAN_POINT('',(-62.35234651115,-37.01333496438,
    49.126044953651));
#1043 = CARTESIAN_POINT('',(-62.60477177236,-37.1124912596,
    48.248851990804));
#1044 = CARTESIAN_POINT('',(-62.84705658627,-37.21164755482,
    47.368736685882));
#1045 = CARTESIAN_POINT('',(-63.07917503492,-37.31080385005,
    46.486094902693));
#1046 = CARTESIAN_POINT('',(-63.30104124742,-37.40996014527,
    45.601301439001));
#1047 = CARTESIAN_POINT('',(-63.51250620865,-37.50911644049,
    44.714723955502));
#1048 = CARTESIAN_POINT('',(-63.71367493335,-37.60827273571,
    43.826763779015));
#1049 = CARTESIAN_POINT('',(-62.09005006848,-35.36109412415,
    49.999999999999));
#1050 = CARTESIAN_POINT('',(-62.36724146483,-35.46011557382,
    49.068005122612));
#1051 = CARTESIAN_POINT('',(-62.63332778204,-35.55913702349,
    48.132367589165));
#1052 = CARTESIAN_POINT('',(-62.88800609603,-35.65815847317,
    47.193442420883));
#1053 = CARTESIAN_POINT('',(-63.13124724911,-35.75717992284,
    46.25167496455));
#1054 = CARTESIAN_POINT('',(-63.36295463652,-35.85620137251,
    45.307486867652));
#1055 = CARTESIAN_POINT('',(-63.58296061625,-35.95522282219,
    44.36129174847));
#1056 = CARTESIAN_POINT('',(-63.79138332988,-36.05424427186,
    43.413541099678));
#1057 = CARTESIAN_POINT('',(-62.09005006848,-33.61924599265,
    49.999999999999));
#1058 = CARTESIAN_POINT('',(-62.38188871836,-33.71665508209,
    49.008519158876));
#1059 = CARTESIAN_POINT('',(-62.66138839141,-33.81406417153,
    48.012990922131));
#1060 = CARTESIAN_POINT('',(-62.92821250534,-33.91147326097,
    47.013809757791));
#1061 = CARTESIAN_POINT('',(-63.18232866269,-34.00888235041,
    46.011470495618));
#1062 = CARTESIAN_POINT('',(-63.42362952486,-34.10629143986,
    45.006441632816));
#1063 = CARTESIAN_POINT('',(-63.65192882293,-34.2037005293,
    43.999182745255));
#1064 = CARTESIAN_POINT('',(-63.86735782534,-34.30110961874,
    42.990195491459));
#1065 = CARTESIAN_POINT('',(-62.09005006848,-33.43048240616,
    49.999999999999));
#1066 = CARTESIAN_POINT('',(-62.38683762251,-33.52769767612,
    49.003032654033));
#1067 = CARTESIAN_POINT('',(-62.67005230203,-33.62491294608,
    48.001613172882));
#1068 = CARTESIAN_POINT('',(-62.93932386651,-33.72212821604,
    46.996175471377));
#1069 = CARTESIAN_POINT('',(-63.19461667875,-33.819343486,
    45.987263862255));
#1070 = CARTESIAN_POINT('',(-63.4358126663,-33.91655875596,
    44.975393692443));
#1071 = CARTESIAN_POINT('',(-63.66270693334,-34.01377402592,
    43.961070495394));
#1072 = CARTESIAN_POINT('',(-63.87544387516,-34.11098929588,
    42.944846095487));
#1073 = CARTESIAN_POINT('',(-62.09005006848,-33.24171881967,
    49.999999999999));
#1074 = CARTESIAN_POINT('',(-62.39176580107,-33.33872146907,
    48.997621719992));
#1075 = CARTESIAN_POINT('',(-62.67867476147,-33.43572411847,
    47.990386565237));
#1076 = CARTESIAN_POINT('',(-62.95037305091,-33.53272676787,
    46.97876789737));
#1077 = CARTESIAN_POINT('',(-63.20682179247,-33.62972941727,
    45.963359512101));
#1078 = CARTESIAN_POINT('',(-63.4478921798,-33.72673206667,
    44.94472360608));
#1079 = CARTESIAN_POINT('',(-63.67336069023,-33.82373471606,
    43.923411670346));
#1080 = CARTESIAN_POINT('',(-63.88338484586,-33.92073736546,
    42.900025695131));
#1081 = CARTESIAN_POINT('',(-62.09005006848,-33.05295523318,
    49.999999999999));
#1082 = CARTESIAN_POINT('',(-62.39667356315,-33.14972674808,
    48.992286433253));
#1083 = CARTESIAN_POINT('',(-62.68725638795,-33.24649826298,
    47.979311252197));
#1084 = CARTESIAN_POINT('',(-62.96136098588,-33.34326977788,
    46.961587265269));
#1085 = CARTESIAN_POINT('',(-63.21894524027,-33.44004129279,
    45.939757751157));
#1086 = CARTESIAN_POINT('',(-63.45986961092,-33.53681280769,
    44.914431756228));
#1087 = CARTESIAN_POINT('',(-63.68389194825,-33.63358432259,
    43.886206729111));
#1088 = CARTESIAN_POINT('',(-63.89118290121,-33.73035583749,
    42.85573482589));
#1089 = CARTESIAN_POINT('',(-62.09005006848,-30.44415336774,50.));
#1090 = CARTESIAN_POINT('',(-62.41558545644,-30.53747858862,
    48.906879109973));
#1091 = CARTESIAN_POINT('',(-62.72384627685,-30.63080380951,
    47.808091866076));
#1092 = CARTESIAN_POINT('',(-63.01436131447,-30.72412903039,
    46.704190523547));
#1093 = CARTESIAN_POINT('',(-63.28708521289,-30.81745425127,
    45.59586784405));
#1094 = CARTESIAN_POINT('',(-63.54186769806,-30.91077947215,
    44.483779723675));
#1095 = CARTESIAN_POINT('',(-63.77844799349,-31.00410469303,
    43.368569568635));
#1096 = CARTESIAN_POINT('',(-63.997009875,-31.09742991391,
    42.250939700867));
#1097 = CARTESIAN_POINT('',(-62.09005006848,-27.8353515023,50.));
#1098 = CARTESIAN_POINT('',(-62.43071234318,-27.92180372165,
    48.835949014401));
#1099 = CARTESIAN_POINT('',(-62.75286615264,-28.008255941,
    47.665826935369));
#1100 = CARTESIAN_POINT('',(-63.0560066234,-28.09470816035,
    46.490225464947));
#1101 = CARTESIAN_POINT('',(-63.34008515931,-28.1811603797,
    45.309886847773));
#1102 = CARTESIAN_POINT('',(-63.60494075244,-28.26761259904,
    44.125513829657));
#1103 = CARTESIAN_POINT('',(-63.85029399943,-28.35406481839,
    42.937795774401));
#1104 = CARTESIAN_POINT('',(-64.07634180293,-28.44051703774,
    41.747485169794));
#1105 = CARTESIAN_POINT('',(-62.09005006848,-25.41531322335,50.));
#1106 = CARTESIAN_POINT('',(-62.44238823809,-25.49304505624,
    48.782834473237));
#1107 = CARTESIAN_POINT('',(-62.77498404478,-25.57077688913,
    47.559193113478));
#1108 = CARTESIAN_POINT('',(-63.08729895686,-25.64850872202,
    46.329707069569));
#1109 = CARTESIAN_POINT('',(-63.37928113843,-25.72624055491,
    45.095168069126));
#1110 = CARTESIAN_POINT('',(-63.6507588477,-25.8039723878,
    43.856325707677));
#1111 = CARTESIAN_POINT('',(-63.90143405443,-25.88170422069,
    42.613915306613));
#1112 = CARTESIAN_POINT('',(-64.13151678809,-25.95943605359,
    41.368739519574));
#1113 = CARTESIAN_POINT('',(-62.09005006848,-22.9952749444,50.));
#1114 = CARTESIAN_POINT('',(-62.45189720906,-23.06253924085,
    48.742436241005));
#1115 = CARTESIAN_POINT('',(-62.79276808904,-23.12980353729,
    47.477991909452));
#1116 = CARTESIAN_POINT('',(-63.11209051849,-23.19706783374,
    46.20733760099));
#1117 = CARTESIAN_POINT('',(-63.40980942177,-23.26433213019,
    44.93131452621));
#1118 = CARTESIAN_POINT('',(-63.68574232324,-23.33159642663,
    43.650719130362));
#1119 = CARTESIAN_POINT('',(-63.93957256575,-23.39886072308,
    42.366332692422));
#1120 = CARTESIAN_POINT('',(-64.17152330564,-23.46612501953,
    41.079008031884));
#1121 = CARTESIAN_POINT('',(-62.09005006848,-20.00819245062,50.));
#1122 = CARTESIAN_POINT('',(-62.46043637702,-20.06110813793,
    48.70811438795));
#1123 = CARTESIAN_POINT('',(-62.80861252727,-20.11402382523,
    47.408943463781));
#1124 = CARTESIAN_POINT('',(-63.13397267109,-20.16693951254,
    46.103197269942));
#1125 = CARTESIAN_POINT('',(-63.43645849307,-20.21985519984,
    44.791766500002));
#1126 = CARTESIAN_POINT('',(-63.71587678373,-20.27277088715,
    43.475494448931));
#1127 = CARTESIAN_POINT('',(-63.97189225902,-20.32568657445,
    42.155208353292));
#1128 = CARTESIAN_POINT('',(-64.20474120212,-20.37860226176,
    40.831811198432));
#1129 = CARTESIAN_POINT('',(-62.09005006848,-17.02110995685,50.));
#1130 = CARTESIAN_POINT('',(-62.46631767436,-17.05880010847,
    48.693304526455));
#1131 = CARTESIAN_POINT('',(-62.81914122429,-17.0964902601,
    47.378919001228));
#1132 = CARTESIAN_POINT('',(-63.14788121186,-17.13418041173,
    46.057592913572));
#1133 = CARTESIAN_POINT('',(-63.45247608194,-17.17187056336,
    44.730266440031));
#1134 = CARTESIAN_POINT('',(-63.73272189118,-17.20956071499,
    43.397829725297));
#1135 = CARTESIAN_POINT('',(-63.98826472863,-17.24725086662,
    42.061155963519));
#1136 = CARTESIAN_POINT('',(-64.21935400433,-17.28494101824,
    40.721198305897));
#1137 = CARTESIAN_POINT('',(-62.09005006848,-16.45406574202,50.));
#1138 = CARTESIAN_POINT('',(-62.47041355361,-16.4888414793,
    48.692000296197));
#1139 = CARTESIAN_POINT('',(-62.82609908509,-16.52361721657,
    47.37590580115));
#1140 = CARTESIAN_POINT('',(-63.15643349831,-16.55839295385,
    46.052505450916));
#1141 = CARTESIAN_POINT('',(-63.46135199838,-16.59316869112,
    44.722788905012));
#1142 = CARTESIAN_POINT('',(-63.74063990809,-16.6279444284,
    43.387693157853));
#1143 = CARTESIAN_POINT('',(-63.99392468961,-16.66272016568,
    42.048137361174));
#1144 = CARTESIAN_POINT('',(-64.22146887981,-16.69749590295,
    40.705124832027));
#1145 = CARTESIAN_POINT('',(-62.09005006848,-15.8870215272,50.));
#1146 = CARTESIAN_POINT('',(-62.47441638409,-15.91886618924,
    48.691399789802));
#1147 = CARTESIAN_POINT('',(-62.83287084837,-15.95071085129,
    47.374300048798));
#1148 = CARTESIAN_POINT('',(-63.16470663847,-15.98255551333,
    46.049529159846));
#1149 = CARTESIAN_POINT('',(-63.46985571977,-16.01440017538,
    44.718126265443));
#1150 = CARTESIAN_POINT('',(-63.74809268118,-16.04624483742,
    43.381075209721));
#1151 = CARTESIAN_POINT('',(-63.999026358,-16.07808949947,
    42.039341102002));
#1152 = CARTESIAN_POINT('',(-64.22293241393,-16.10993416151,
    40.693977425193));
#1153 = CARTESIAN_POINT('',(-62.09005006848,-15.31997731237,50.));
#1154 = CARTESIAN_POINT('',(-62.47832675995,-15.3488816707,
    48.69150313682));
#1155 = CARTESIAN_POINT('',(-62.83945770241,-15.37778602904,
    47.374102003271));
#1156 = CARTESIAN_POINT('',(-63.17270241477,-15.40669038738,
    46.048664429015));
#1157 = CARTESIAN_POINT('',(-63.47798962268,-15.43559474571,
    44.716279039524));
#1158 = CARTESIAN_POINT('',(-63.75508318119,-15.46449910405,
    43.377976528652));
#1159 = CARTESIAN_POINT('',(-64.00357329869,-15.49340346238,
    42.034767963307));
#1160 = CARTESIAN_POINT('',(-64.22374876573,-15.52230782072,
    40.687756992248));
#1161 = CARTESIAN_POINT('',(-62.09005006848,-14.71487192981,50.));
#1162 = CARTESIAN_POINT('',(-62.48214638676,-14.74063668123,
    48.69229796041));
#1163 = CARTESIAN_POINT('',(-62.84586305835,-14.76640143265,
    47.375286910889));
#1164 = CARTESIAN_POINT('',(-63.18042594393,-14.79216618408,
    46.049874127902));
#1165 = CARTESIAN_POINT('',(-63.4857605294,-14.8179309355,
    44.717197719897));
#1166 = CARTESIAN_POINT('',(-63.76161993594,-14.84369568692,
    43.378335230447));
#1167 = CARTESIAN_POINT('',(-64.00757574507,-14.86946043835,
    42.034343684049));
#1168 = CARTESIAN_POINT('',(-64.22392987418,-14.89522518977,
    40.686376895313));
#1169 = CARTESIAN_POINT('',(-62.09005006848,-14.67681076207,50.));
#1170 = CARTESIAN_POINT('',(-62.48594143349,-14.70237802086,
    48.693280090835));
#1171 = CARTESIAN_POINT('',(-62.85221925413,-14.72794527964,
    47.376846432178));
#1172 = CARTESIAN_POINT('',(-63.18807573285,-14.75351253843,
    46.051645747295));
#1173 = CARTESIAN_POINT('',(-63.4934331158,-14.77907979722,
    44.71886562761));
#1174 = CARTESIAN_POINT('',(-63.76803379031,-14.804647056,
    43.379630466417));
#1175 = CARTESIAN_POINT('',(-64.01143071099,-14.83021431479,
    42.035043245801));
#1176 = CARTESIAN_POINT('',(-64.22393892209,-14.85578157358,
    40.686307946223));
#1177 = CARTESIAN_POINT('',(-62.09005006848,-14.63874959433,50.));
#1178 = CARTESIAN_POINT('',(-62.48973594665,-14.66411935638,
    48.69426628727));
#1179 = CARTESIAN_POINT('',(-62.85857438276,-14.68948911843,
    47.378414085484));
#1180 = CARTESIAN_POINT('',(-63.19572392105,-14.71485888048,
    46.053429564714));
#1181 = CARTESIAN_POINT('',(-63.5011035679,-14.74022864253,
    44.720549799358));
#1182 = CARTESIAN_POINT('',(-63.7744449768,-14.76559840458,
    43.380946032432));
#1183 = CARTESIAN_POINT('',(-64.01528247546,-14.79096816663,
    42.035767203606));
#1184 = CARTESIAN_POINT('',(-64.22394423497,-14.81633792868,
    40.686267459195));
#1185 = CARTESIAN_POINT('',(-62.09005006848,-14.6006884266,50.));
#1186 = CARTESIAN_POINT('',(-62.49352993091,-14.62586069172,
    48.69525651418));
#1187 = CARTESIAN_POINT('',(-62.8649284536,-14.65103295684,
    47.379989799743));
#1188 = CARTESIAN_POINT('',(-63.20337052255,-14.67620522197,
    46.055225473561));
#1189 = CARTESIAN_POINT('',(-63.50877190441,-14.70137748709,
    44.72225009301));
#1190 = CARTESIAN_POINT('',(-63.7808535188,-14.72654975222,
    43.382281750827));
#1191 = CARTESIAN_POINT('',(-64.01913106654,-14.75172201734,
    42.036515344267));
#1192 = CARTESIAN_POINT('',(-64.22394584556,-14.77689428247,
    40.6862551855));
#1193 = CARTESIAN_POINT('',(-62.09005006848,-14.56262725886,50.));
#1194 = CARTESIAN_POINT('',(-62.49732359437,-14.58760202764,
    48.696249185791));
#1195 = CARTESIAN_POINT('',(-62.87128188284,-14.61257679642,
    47.381570403403));
#1196 = CARTESIAN_POINT('',(-63.21101616165,-14.6375515652,
    46.057028716511));
#1197 = CARTESIAN_POINT('',(-63.51643895772,-14.66252633397,
    44.723960165467));
#1198 = CARTESIAN_POINT('',(-63.78726045679,-14.68750110275,
    43.383629692727));
#1199 = CARTESIAN_POINT('',(-64.02297773282,-14.71247587153,
    42.037278153135));
#1200 = CARTESIAN_POINT('',(-64.22394521055,-14.73745064031,
    40.686260024711));
#1201 = CARTESIAN_POINT('',(-62.09005006848,-13.72873425669,50.));
#1202 = CARTESIAN_POINT('',(-62.50111734854,-13.74938198222,
    48.697241166086));
#1203 = CARTESIAN_POINT('',(-62.87763549351,-13.77002970775,
    47.383149624432));
#1204 = CARTESIAN_POINT('',(-63.2186620729,-13.79067743328,
    46.058829885513));
#1205 = CARTESIAN_POINT('',(-63.52410637389,-13.81132515881,
    44.725667472659));
#1206 = CARTESIAN_POINT('',(-63.79366784837,-13.83197288434,
    43.384974178047));
#1207 = CARTESIAN_POINT('',(-64.02682494339,-13.85262060987,
    42.038036814107));
#1208 = CARTESIAN_POINT('',(-64.22394521055,-13.8732683354,
    40.686260024711));
#1209 = CARTESIAN_POINT('',(-62.09005006848,-12.93290242225,50.));
#1210 = CARTESIAN_POINT('',(-62.50491110272,-12.94942060267,
    48.698233146382));
#1211 = CARTESIAN_POINT('',(-62.88398910418,-12.9659387831,
    47.38472884546));
#1212 = CARTESIAN_POINT('',(-63.22630798415,-12.98245696352,
    46.060631054516));
#1213 = CARTESIAN_POINT('',(-63.53177379006,-12.99897514395,
    44.727374779852));
#1214 = CARTESIAN_POINT('',(-63.80007523994,-13.01549332437,
    43.386318663367));
#1215 = CARTESIAN_POINT('',(-64.03067215396,-13.0320115048,
    42.038795475079));
#1216 = CARTESIAN_POINT('',(-64.22394521055,-13.04852968522,
    40.686260024711));
#1217 = CARTESIAN_POINT('',(-62.09005006848,-12.13707058781,50.));
#1218 = CARTESIAN_POINT('',(-62.5087048569,-12.14945922313,
    48.699225126677));
#1219 = CARTESIAN_POINT('',(-62.89034271484,-12.16184785845,
    47.386308066489));
#1220 = CARTESIAN_POINT('',(-63.2339538954,-12.17423649377,
    46.062432223518));
#1221 = CARTESIAN_POINT('',(-63.53944120623,-12.18662512909,
    44.729082087045));
#1222 = CARTESIAN_POINT('',(-63.80648263152,-12.1990137644,
    43.387663148688));
#1223 = CARTESIAN_POINT('',(-64.03451936453,-12.21140239972,
    42.03955413605));
#1224 = CARTESIAN_POINT('',(-64.22394521054,-12.22379103504,
    40.686260024711));
#1225 = CARTESIAN_POINT('',(-62.09005006848,-11.34123875338,50.));
#1226 = CARTESIAN_POINT('',(-62.51249861107,-11.34949784359,
    48.700217106973));
#1227 = CARTESIAN_POINT('',(-62.89669632551,-11.3577569338,
    47.387887287517));
#1228 = CARTESIAN_POINT('',(-63.24159980665,-11.36601602401,
    46.06423339252));
#1229 = CARTESIAN_POINT('',(-63.54710862241,-11.37427511423,
    44.730789394238));
#1230 = CARTESIAN_POINT('',(-63.8128900231,-11.38253420444,
    43.389007634008));
#1231 = CARTESIAN_POINT('',(-64.0383665751,-11.39079329465,
    42.040312797022));
#1232 = CARTESIAN_POINT('',(-64.22394521055,-11.39905238486,
    40.686260024711));
#1233 = CARTESIAN_POINT('',(-62.09005006848,-10.54540691894,50.));
#1234 = CARTESIAN_POINT('',(-62.51629236525,-10.54953646405,
    48.701209087268));
#1235 = CARTESIAN_POINT('',(-62.90304993618,-10.55366600915,
    47.389466508546));
#1236 = CARTESIAN_POINT('',(-63.2492457179,-10.55779555426,
    46.066034561523));
#1237 = CARTESIAN_POINT('',(-63.55477603858,-10.56192509937,
    44.73249670143));
#1238 = CARTESIAN_POINT('',(-63.81929741468,-10.56605464447,
    43.390352119328));
#1239 = CARTESIAN_POINT('',(-64.04221378568,-10.57018418958,
    42.041071457994));
#1240 = CARTESIAN_POINT('',(-64.22394521055,-10.57431373468,
    40.686260024711));
#1241 = CARTESIAN_POINT('',(-62.09005006848,-9.749575084509,50.));
#1242 = CARTESIAN_POINT('',(-62.52008611942,-9.749575084509,
    48.702201067563));
#1243 = CARTESIAN_POINT('',(-62.90940354685,-9.749575084509,
    47.391045729574));
#1244 = CARTESIAN_POINT('',(-63.25689162915,-9.749575084509,
    46.067835730525));
#1245 = CARTESIAN_POINT('',(-63.56244345475,-9.749575084509,
    44.734204008623));
#1246 = CARTESIAN_POINT('',(-63.82570480625,-9.749575084509,
    43.391696604648));
#1247 = CARTESIAN_POINT('',(-64.04606099625,-9.749575084509,
    42.041830118966));
#1248 = CARTESIAN_POINT('',(-64.22394521055,-9.749575084509,
    40.686260024711));
#1249 = ADVANCED_FACE('',(#1250),#1276,.F.);
#1250 = FACE_BOUND('',#1251,.F.);
#1251 = EDGE_LOOP('',(#1252,#1260,#1269,#1275));
#1252 = ORIENTED_EDGE('',*,*,#1253,.F.);
#1253 = EDGE_CURVE('',#1254,#520,#1256,.T.);
#1254 = VERTEX_POINT('',#1255);
#1255 = CARTESIAN_POINT('',(64.223945210558,-6.455777250724,
    24.68626002471));
#1256 = LINE('',#1257,#1258);
#1257 = CARTESIAN_POINT('',(89.,-6.455777250724,24.68626002471));
#1258 = VECTOR('',#1259,1.);
#1259 = DIRECTION('',(-1.,-0.,-0.));
#1260 = ORIENTED_EDGE('',*,*,#1261,.F.);
#1261 = EDGE_CURVE('',#1262,#1254,#1264,.T.);
#1262 = VERTEX_POINT('',#1263);
#1263 = CARTESIAN_POINT('',(64.223945210556,-9.749575084509,
    40.686260024709));
#1264 = CIRCLE('',#1265,29.785110222327);
#1265 = AXIS2_PLACEMENT_3D('',#1266,#1267,#1268);
#1266 = CARTESIAN_POINT('',(64.223945210558,19.952342080589,
    38.461746380527));
#1267 = DIRECTION('',(1.,0.,2.2E-16));
#1268 = DIRECTION('',(4.84E-32,1.,-2.2E-16));
#1269 = ORIENTED_EDGE('',*,*,#1270,.T.);
#1270 = EDGE_CURVE('',#1262,#37,#1271,.T.);
#1271 = LINE('',#1272,#1273);
#1272 = CARTESIAN_POINT('',(89.,-9.749575084509,40.686360431054));
#1273 = VECTOR('',#1274,1.);
#1274 = DIRECTION('',(-1.,-0.,-0.));
#1275 = ORIENTED_EDGE('',*,*,#527,.T.);
#1276 = CYLINDRICAL_SURFACE('',#1277,29.785110222327);
#1277 = AXIS2_PLACEMENT_3D('',#1278,#1279,#1280);
#1278 = CARTESIAN_POINT('',(89.,19.952342080589,38.461746380527));
#1279 = DIRECTION('',(1.,0.,2.2E-16));
#1280 = DIRECTION('',(4.84E-32,1.,-2.2E-16));
#1281 = ADVANCED_FACE('',(#1282),#1302,.F.);
#1282 = FACE_BOUND('',#1283,.T.);
#1283 = EDGE_LOOP('',(#1284,#1285,#1292,#1299,#1300,#1301));
#1284 = ORIENTED_EDGE('',*,*,#884,.F.);
#1285 = ORIENTED_EDGE('',*,*,#1286,.T.);
#1286 = EDGE_CURVE('',#738,#1287,#1289,.T.);
#1287 = VERTEX_POINT('',#1288);
#1288 = CARTESIAN_POINT('',(14.999999999997,-38.99999999999,
    59.630680142129));
#1289 = B_SPLINE_CURVE_WITH_KNOTS('',1,(#1290,#1291),.UNSPECIFIED.,.F.,
  .F.,(2,2),(0.,1.),.PIECEWISE_BEZIER_KNOTS.);
#1290 = CARTESIAN_POINT('',(15.,-54.,59.630680142129));
#1291 = CARTESIAN_POINT('',(14.999999999997,-38.99999999999,
    59.630680142129));
#1292 = ORIENTED_EDGE('',*,*,#1293,.F.);
#1293 = EDGE_CURVE('',#1287,#1287,#1294,.T.);
#1294 = CIRCLE('',#1295,15.);
#1295 = AXIS2_PLACEMENT_3D('',#1296,#1297,#1298);
#1296 = CARTESIAN_POINT('',(-2.94759E-12,-39.,59.630680142129));
#1297 = DIRECTION('',(1.965E-13,-1.,1.224E-14));
#1298 = DIRECTION('',(1.,1.965E-13,0.));
#1299 = ORIENTED_EDGE('',*,*,#1286,.F.);
#1300 = ORIENTED_EDGE('',*,*,#737,.F.);
#1301 = ORIENTED_EDGE('',*,*,#544,.T.);
#1302 = CYLINDRICAL_SURFACE('',#1303,15.);
#1303 = AXIS2_PLACEMENT_3D('',#1304,#1305,#1306);
#1304 = CARTESIAN_POINT('',(0.,-54.,59.630680142129));
#1305 = DIRECTION('',(0.,1.,2.2E-16));
#1306 = DIRECTION('',(1.,0.,0.));
#1307 = ADVANCED_FACE('',(#1308),#1451,.F.);
#1308 = FACE_BOUND('',#1309,.F.);
#1309 = EDGE_LOOP('',(#1310,#1323,#1396,#1439,#1450));
#1310 = ORIENTED_EDGE('',*,*,#1311,.F.);
#1311 = EDGE_CURVE('',#1312,#545,#1314,.T.);
#1312 = VERTEX_POINT('',#1313);
#1313 = CARTESIAN_POINT('',(64.223945210558,-14.92702228615,
    33.837091747089));
#1314 = B_SPLINE_CURVE_WITH_KNOTS('',3,(#1315,#1316,#1317,#1318,#1319,
    #1320,#1321,#1322),.UNSPECIFIED.,.F.,.F.,(4,1,1,1,1,4),(0.,
    11.939100908576,22.123834938753,43.025784369384,62.546742674482,
    83.486100584084),.UNSPECIFIED.);
#1315 = CARTESIAN_POINT('',(68.223945210558,-9.749575084509,
    40.686260024709));
#1316 = CARTESIAN_POINT('',(66.970930935786,-11.69913375009,
    37.330590003255));
#1317 = CARTESIAN_POINT('',(63.545436337366,-15.92997791054,
    32.221999617231));
#1318 = CARTESIAN_POINT('',(54.109437537003,-25.40597655668,
    26.115053606107));
#1319 = CARTESIAN_POINT('',(41.386186330924,-37.45177534184,
    28.227411387876));
#1320 = CARTESIAN_POINT('',(24.980713806676,-48.33027927933,
    34.754995147537));
#1321 = CARTESIAN_POINT('',(15.532873042291,-52.37234994458,
    43.994056038432));
#1322 = CARTESIAN_POINT('',(11.5,-53.21862317911,50.));
#1323 = ORIENTED_EDGE('',*,*,#1324,.F.);
#1324 = EDGE_CURVE('',#1325,#1312,#1327,.T.);
#1325 = VERTEX_POINT('',#1326);
#1326 = CARTESIAN_POINT('',(64.223945210558,-13.82351457756,
    24.68626002471));
#1327 = B_SPLINE_CURVE_WITH_KNOTS('',7,(#1328,#1329,#1330,#1331,#1332,
    #1333,#1334,#1335,#1336,#1337,#1338,#1339,#1340,#1341,#1342,#1343,
    #1344,#1345,#1346,#1347,#1348,#1349,#1350,#1351,#1352,#1353,#1354,
    #1355,#1356,#1357,#1358,#1359,#1360,#1361,#1362,#1363,#1364,#1365,
    #1366,#1367,#1368,#1369,#1370,#1371,#1372,#1373,#1374,#1375,#1376,
    #1377,#1378,#1379,#1380,#1381,#1382,#1383,#1384,#1385,#1386,#1387,
    #1388,#1389,#1390,#1391,#1392,#1393,#1394,#1395),.UNSPECIFIED.,.F.,
  .F.,(8,6,6,6,6,6,6,6,6,6,6,8),(0.,1.205123035957E-02,0.221377032346,
    0.456644276614,0.47676006705,0.498067866418,0.582855955662,
    0.657913783984,0.686643395691,0.762564823874,0.877874110331,1.),
  .UNSPECIFIED.);
#1328 = CARTESIAN_POINT('',(64.223945210558,-13.82351457756,
    24.68626002471));
#1329 = CARTESIAN_POINT('',(64.223945210558,-13.82686099769,
    24.700931899607));
#1330 = CARTESIAN_POINT('',(64.223945210558,-13.83020342547,
    24.715624301985));
#1331 = CARTESIAN_POINT('',(64.223945210558,-13.83354206237,
    24.730338581733));
#1332 = CARTESIAN_POINT('',(64.223945210558,-13.83687695907,
    24.745075429435));
#1333 = CARTESIAN_POINT('',(64.223945210558,-13.84020801552,
    24.759834876366));
#1334 = CARTESIAN_POINT('',(64.223945210558,-13.84353498089,
    24.774616294498));
#1335 = CARTESIAN_POINT('',(64.223945210558,-13.90456768284,
    25.04652590988));
#1336 = CARTESIAN_POINT('',(64.223945210558,-13.9609822271,
    25.310136075314));
#1337 = CARTESIAN_POINT('',(64.223945210558,-14.01541662835,
    25.579756548498));
#1338 = CARTESIAN_POINT('',(64.223945210558,-14.06709928511,
    25.854841528657));
#1339 = CARTESIAN_POINT('',(64.223945210558,-14.11513694708,
    26.13478999562));
#1340 = CARTESIAN_POINT('',(64.223945210558,-14.15856495567,
    26.418900543461));
#1341 = CARTESIAN_POINT('',(64.223945210558,-14.23929462086,
    27.029590841474));
#1342 = CARTESIAN_POINT('',(64.223945210558,-14.2751691423,
    27.357075132452));
#1343 = CARTESIAN_POINT('',(64.223945210558,-14.30305935396,
    27.687852997833));
#1344 = CARTESIAN_POINT('',(64.223945210558,-14.32201156341,
    28.020819214013));
#1345 = CARTESIAN_POINT('',(64.223945210558,-14.33175475147,
    28.354916846022));
#1346 = CARTESIAN_POINT('',(64.223945210558,-14.33266488172,
    28.689347429916));
#1347 = CARTESIAN_POINT('',(64.223945210558,-14.32474625702,
    29.05207455693));
#1348 = CARTESIAN_POINT('',(64.223945210558,-14.324123227,29.08066357493
    ));
#1349 = CARTESIAN_POINT('',(64.223945210558,-14.32366459207,
    29.109341915649));
#1350 = CARTESIAN_POINT('',(64.223945210558,-14.32338266652,
    29.138114646189));
#1351 = CARTESIAN_POINT('',(64.223945210558,-14.3232236408,
    29.16695745603));
#1352 = CARTESIAN_POINT('',(64.223945210558,-14.32315284114,
    29.195853494274));
#1353 = CARTESIAN_POINT('',(64.223945210558,-14.32333230126,
    29.255524003406));
#1354 = CARTESIAN_POINT('',(64.223945210558,-14.32357575196,
    29.285760651248));
#1355 = CARTESIAN_POINT('',(64.223945210558,-14.32396441435,
    29.315555758984));
#1356 = CARTESIAN_POINT('',(64.223945210558,-14.32449259972,
    29.3449243162));
#1357 = CARTESIAN_POINT('',(64.223945210558,-14.32515485753,
    29.373880693495));
#1358 = CARTESIAN_POINT('',(64.223945210558,-14.32594597543,
    29.402438642477));
#1359 = CARTESIAN_POINT('',(64.223945210558,-14.33050196633,
    29.542716042021));
#1360 = CARTESIAN_POINT('',(64.223945210558,-14.33633747509,
    29.655878177164));
#1361 = CARTESIAN_POINT('',(64.223945210558,-14.34451683756,
    29.770014077901));
#1362 = CARTESIAN_POINT('',(64.223945210558,-14.35516354331,
    29.884997806746));
#1363 = CARTESIAN_POINT('',(64.223945210558,-14.36831636151,
    30.000658098903));
#1364 = CARTESIAN_POINT('',(64.223945210558,-14.3838838947,
    30.116766441326));
#1365 = CARTESIAN_POINT('',(64.223945210558,-14.41730669536,
    30.33592524687));
#1366 = CARTESIAN_POINT('',(64.223945210558,-14.43469807217,
    30.438968293099));
#1367 = CARTESIAN_POINT('',(64.223945210558,-14.45361664032,
    30.541934686098));
#1368 = CARTESIAN_POINT('',(64.223945210558,-14.47380917333,
    30.644664211393));
#1369 = CARTESIAN_POINT('',(64.223945210558,-14.49496931788,
    30.74703813985));
#1370 = CARTESIAN_POINT('',(64.223945210558,-14.5167755863,30.8489701251
    ));
#1371 = CARTESIAN_POINT('',(64.223945210558,-14.54742005245,
    30.989219788852));
#1372 = CARTESIAN_POINT('',(64.223945210558,-14.5559554702,
    31.027971097062));
#1373 = CARTESIAN_POINT('',(64.223945210558,-14.56452725746,
    31.066648831679));
#1374 = CARTESIAN_POINT('',(64.223945210558,-14.57311993303,
    31.105251349003));
#1375 = CARTESIAN_POINT('',(64.223945210558,-14.58171882587,
    31.143777449657));
#1376 = CARTESIAN_POINT('',(64.223945210558,-14.59031007514,
    31.182226378582));
#1377 = CARTESIAN_POINT('',(64.223945210558,-14.62152934487,
    31.321998952419));
#1378 = CARTESIAN_POINT('',(64.223945210558,-14.64403214348,
    31.422849901507));
#1379 = CARTESIAN_POINT('',(64.223945210558,-14.66615324155,
    31.523157056449));
#1380 = CARTESIAN_POINT('',(64.223945210558,-14.68770063985,
    31.622916891921));
#1381 = CARTESIAN_POINT('',(64.223945210558,-14.70852765293,
    31.722112337464));
#1382 = CARTESIAN_POINT('',(64.223945210558,-14.72852632595,
    31.820714285204));
#1383 = CARTESIAN_POINT('',(64.223945210558,-14.77660113911,
    32.067490854349));
#1384 = CARTESIAN_POINT('',(64.223945210558,-14.80348074279,
    32.214820823365));
#1385 = CARTESIAN_POINT('',(64.223945210558,-14.82795836958,
    32.360545004391));
#1386 = CARTESIAN_POINT('',(64.223945210558,-14.84985915573,
    32.504390200009));
#1387 = CARTESIAN_POINT('',(64.223945210558,-14.86905845912,
    32.64600083067));
#1388 = CARTESIAN_POINT('',(64.223945210558,-14.8854469342,
    32.784977709723));
#1389 = CARTESIAN_POINT('',(64.223945210558,-14.91320761024,
    33.064853168844));
#1390 = CARTESIAN_POINT('',(64.223945210558,-14.92422619706,
    33.205383595885));
#1391 = CARTESIAN_POINT('',(64.223945210558,-14.93186416702,
    33.341922769047));
#1392 = CARTESIAN_POINT('',(64.223945210558,-14.93602334346,
    33.473891184506));
#1393 = CARTESIAN_POINT('',(64.223945210558,-14.93662572852,
    33.600732804945));
#1394 = CARTESIAN_POINT('',(64.223945210558,-14.93362368084,
    33.721943550913));
#1395 = CARTESIAN_POINT('',(64.223945210558,-14.92702228615,
    33.837091747089));
#1396 = ORIENTED_EDGE('',*,*,#1397,.F.);
#1397 = EDGE_CURVE('',#1398,#1325,#1400,.T.);
#1398 = VERTEX_POINT('',#1399);
#1399 = CARTESIAN_POINT('',(68.223945210558,-6.455777250724,
    24.68626002471));
#1400 = B_SPLINE_CURVE_WITH_KNOTS('',7,(#1401,#1402,#1403,#1404,#1405,
    #1406,#1407,#1408,#1409,#1410,#1411,#1412,#1413,#1414,#1415,#1416,
    #1417,#1418,#1419,#1420,#1421,#1422,#1423,#1424,#1425,#1426,#1427,
    #1428,#1429,#1430,#1431,#1432,#1433,#1434,#1435,#1436,#1437,#1438),
  .UNSPECIFIED.,.F.,.F.,(8,6,6,6,6,6,8),(0.,0.154099985911,
    0.566359980001,0.921151723984,0.961062735836,0.979745332765,1.),
  .UNSPECIFIED.);
#1401 = CARTESIAN_POINT('',(68.223945210558,-6.455777250722,
    24.68626002471));
#1402 = CARTESIAN_POINT('',(68.16511968435,-6.582269180756,
    24.68626002471));
#1403 = CARTESIAN_POINT('',(68.104998017729,-6.711281220372,
    24.68626002471));
#1404 = CARTESIAN_POINT('',(68.043529664274,-6.842827254061,
    24.68626002471));
#1405 = CARTESIAN_POINT('',(67.980666744996,-6.97690724233,
    24.68626002471));
#1406 = CARTESIAN_POINT('',(67.91636532226,-7.113506133727,
    24.68626002471));
#1407 = CARTESIAN_POINT('',(67.850586673693,-7.252592776857,
    24.68626002471));
#1408 = CARTESIAN_POINT('',(67.603284306709,-7.772740092336,
    24.68626002471));
#1409 = CARTESIAN_POINT('',(67.412448841577,-8.168858142937,
    24.68626002471));
#1410 = CARTESIAN_POINT('',(67.210202498065,-8.581492727576,
    24.68626002471));
#1411 = CARTESIAN_POINT('',(66.996202995643,-9.008978488022,
    24.68626002471));
#1412 = CARTESIAN_POINT('',(66.770480553855,-9.449007214496,
    24.68626002471));
#1413 = CARTESIAN_POINT('',(66.533360956207,-9.89911673296,
    24.68626002471));
#1414 = CARTESIAN_POINT('',(66.071851956428,-10.75092463055,
    24.68626002471));
#1415 = CARTESIAN_POINT('',(65.850282526184,-11.15065011137,
    24.68626002471));
#1416 = CARTESIAN_POINT('',(65.620871981494,-11.55465965112,
    24.68626002471));
#1417 = CARTESIAN_POINT('',(65.38396492219,-11.96155782351,
    24.68626002471));
#1418 = CARTESIAN_POINT('',(65.139921644452,-12.37008978624,
    24.68626002471));
#1419 = CARTESIAN_POINT('',(64.889065424184,-12.77916436377,
    24.68626002471));
#1420 = CARTESIAN_POINT('',(64.602686113061,-13.23378000803,
    24.68626002471));
#1421 = CARTESIAN_POINT('',(64.573645420578,-13.27974364529,
    24.68626002471));
#1422 = CARTESIAN_POINT('',(64.544522121414,-13.32570030938,
    24.68626002471));
#1423 = CARTESIAN_POINT('',(64.515316582272,-13.37164860681,
    24.68626002471));
#1424 = CARTESIAN_POINT('',(64.486029161114,-13.4175871599,
    24.68626002471));
#1425 = CARTESIAN_POINT('',(64.456660207157,-13.46351460683,
    24.68626002471));
#1426 = CARTESIAN_POINT('',(64.413424261249,-13.53092270083,
    24.68626002471));
#1427 = CARTESIAN_POINT('',(64.399613315596,-13.5524245382,
    24.68626002471));
#1428 = CARTESIAN_POINT('',(64.385777008336,-13.5739353077,
    24.68626002471));
#1429 = CARTESIAN_POINT('',(64.371915119752,-13.59545520636,
    24.68626002471));
#1430 = CARTESIAN_POINT('',(64.358027425984,-13.61698443427,
    24.68626002471));
#1431 = CARTESIAN_POINT('',(64.34411369904,-13.63852319458,
    24.68626002471));
#1432 = CARTESIAN_POINT('',(64.315060716583,-13.68343341746,
    24.68626002471));
#1433 = CARTESIAN_POINT('',(64.299927264545,-13.70679050349,
    24.68626002471));
#1434 = CARTESIAN_POINT('',(64.284772796198,-13.73014368967,
    24.68626002471));
#1435 = CARTESIAN_POINT('',(64.269597086792,-13.75349321066,
    24.68626002471));
#1436 = CARTESIAN_POINT('',(64.254400241299,-13.7768387977,
    24.68626002471));
#1437 = CARTESIAN_POINT('',(64.239182694415,-13.80017967856,
    24.68626002471));
#1438 = CARTESIAN_POINT('',(64.223945210558,-13.82351457756,
    24.68626002471));
#1439 = ORIENTED_EDGE('',*,*,#1440,.T.);
#1440 = EDGE_CURVE('',#1398,#595,#1441,.T.);
#1441 = B_SPLINE_CURVE_WITH_KNOTS('',3,(#1442,#1443,#1444,#1445,#1446,
    #1447,#1448,#1449),.UNSPECIFIED.,.F.,.F.,(4,1,1,1,1,4),(0.,
    11.939100908576,22.123834938753,43.025784369384,62.546742674482,
    83.486100584084),.UNSPECIFIED.);
#1442 = CARTESIAN_POINT('',(68.223945210558,-6.455777250722,
    24.686260024711));
#1443 = CARTESIAN_POINT('',(67.335354669326,-7.829044587082,
    23.627279054852));
#1444 = CARTESIAN_POINT('',(65.688745715026,-10.37378728664,
    21.664926917967));
#1445 = CARTESIAN_POINT('',(62.486468984769,-15.32272814476,
    17.848602120203));
#1446 = CARTESIAN_POINT('',(58.71989793963,-21.14375453021,
    13.359777545396));
#1447 = CARTESIAN_POINT('',(54.152893333627,-28.20180653438,
    7.917033398797));
#1448 = CARTESIAN_POINT('',(51.14155650358,-32.85566037999,
    4.328261913078));
#1449 = CARTESIAN_POINT('',(49.583104529648,-35.26416136191,
    2.470971174259));
#1450 = ORIENTED_EDGE('',*,*,#601,.F.);
#1451 = B_SPLINE_SURFACE_WITH_KNOTS('',8,3,(
    (#1452,#1453,#1454,#1455,#1456,#1457,#1458,#1459)
    ,(#1460,#1461,#1462,#1463,#1464,#1465,#1466,#1467)
    ,(#1468,#1469,#1470,#1471,#1472,#1473,#1474,#1475)
    ,(#1476,#1477,#1478,#1479,#1480,#1481,#1482,#1483)
    ,(#1484,#1485,#1486,#1487,#1488,#1489,#1490,#1491)
    ,(#1492,#1493,#1494,#1495,#1496,#1497,#1498,#1499)
    ,(#1500,#1501,#1502,#1503,#1504,#1505,#1506,#1507)
    ,(#1508,#1509,#1510,#1511,#1512,#1513,#1514,#1515)
    ,(#1516,#1517,#1518,#1519,#1520,#1521,#1522,#1523)
    ,(#1524,#1525,#1526,#1527,#1528,#1529,#1530,#1531)
    ,(#1532,#1533,#1534,#1535,#1536,#1537,#1538,#1539)
    ,(#1540,#1541,#1542,#1543,#1544,#1545,#1546,#1547)
    ,(#1548,#1549,#1550,#1551,#1552,#1553,#1554,#1555)
    ,(#1556,#1557,#1558,#1559,#1560,#1561,#1562,#1563)
    ,(#1564,#1565,#1566,#1567,#1568,#1569,#1570,#1571)
    ,(#1572,#1573,#1574,#1575,#1576,#1577,#1578,#1579
  )),.UNSPECIFIED.,.F.,.F.,.F.,(9,7,9),(4,1,1,1,1,4),(0.,0.424797626756,
    1.),(0.,11.939100908576,22.123834938753,43.025784369384,
    62.546742674482,83.486100584084),.UNSPECIFIED.);
#1452 = CARTESIAN_POINT('',(68.223945210558,-9.749575084509,
    40.686260024709));
#1453 = CARTESIAN_POINT('',(66.970930935786,-11.69913375009,
    37.330590003255));
#1454 = CARTESIAN_POINT('',(63.545436337366,-15.92997791054,
    32.221999617231));
#1455 = CARTESIAN_POINT('',(54.109437537003,-25.40597655668,
    26.115053606107));
#1456 = CARTESIAN_POINT('',(41.386186330924,-37.45177534184,
    28.227411387876));
#1457 = CARTESIAN_POINT('',(24.980713806676,-48.33027927933,
    34.754995147537));
#1458 = CARTESIAN_POINT('',(15.532873042291,-52.37234994458,
    43.994056038432));
#1459 = CARTESIAN_POINT('',(11.5,-53.21862317911,50.));
#1460 = CARTESIAN_POINT('',(68.223945210558,-9.805404099548,
    39.809598717137));
#1461 = CARTESIAN_POINT('',(66.782852426551,-11.93023411811,
    36.559608508066));
#1462 = CARTESIAN_POINT('',(63.263576779601,-16.26236228943,
    31.613334547596));
#1463 = CARTESIAN_POINT('',(54.030786025774,-25.65024785796,
    25.611663826306));
#1464 = CARTESIAN_POINT('',(41.69227340562,-37.49475259141,
    27.236509993248));
#1465 = CARTESIAN_POINT('',(25.863658651117,-48.33225050826,
    32.918639101435));
#1466 = CARTESIAN_POINT('',(16.632544724216,-52.6287974938,
    41.255078376166));
#1467 = CARTESIAN_POINT('',(12.552259661678,-53.79291001975,
    46.689373899985));
#1468 = CARTESIAN_POINT('',(68.223945210558,-9.832854935985,
    38.931370420748));
#1469 = CARTESIAN_POINT('',(66.618812516485,-12.09939280599,
    35.788444934369));
#1470 = CARTESIAN_POINT('',(63.029794420175,-16.49924148664,
    31.005872309759));
#1471 = CARTESIAN_POINT('',(54.024250312053,-25.76545047603,
    25.110861788611));
#1472 = CARTESIAN_POINT('',(42.094514876993,-37.37509765622,
    26.249581251032));
#1473 = CARTESIAN_POINT('',(26.866796491405,-48.13802605091,
    31.087640618054));
#1474 = CARTESIAN_POINT('',(17.876448001158,-52.6554858552,
    38.522843186929));
#1475 = CARTESIAN_POINT('',(13.772789517542,-54.10387417103,
    43.386875183307));
#1476 = CARTESIAN_POINT('',(68.223945210558,-9.831869211494,
    38.052614114268));
#1477 = CARTESIAN_POINT('',(66.478223511675,-12.20772577989,
    35.023183815589));
#1478 = CARTESIAN_POINT('',(62.842913871259,-16.64290581681,
    30.410742991849));
#1479 = CARTESIAN_POINT('',(54.088067314098,-25.755049074,
    24.628823135853));
#1480 = CARTESIAN_POINT('',(42.590559969387,-37.09744954788,
    25.287846358763));
#1481 = CARTESIAN_POINT('',(27.987188857969,-47.75341926735,
    29.288266449628));
#1482 = CARTESIAN_POINT('',(19.261056709632,-52.45940273733,
    35.828662777656));
#1483 = CARTESIAN_POINT('',(15.157475710193,-54.15967768999,
    40.128861711603));
#1484 = CARTESIAN_POINT('',(68.223945210558,-9.802440990033,
    37.174369788905));
#1485 = CARTESIAN_POINT('',(66.359722903215,-12.25760456272,
    34.268786295905));
#1486 = CARTESIAN_POINT('',(62.700210115046,-16.69810426183,
    29.836828891014));
#1487 = CARTESIAN_POINT('',(54.218149505197,-25.62617009273,
    24.178351318149));
#1488 = CARTESIAN_POINT('',(43.174958647187,-36.6713121662,
    24.368029919527));
#1489 = CARTESIAN_POINT('',(29.21802320629,-47.19031151637,
    27.541162352214));
#1490 = CARTESIAN_POINT('',(20.778195796214,-52.05480695794,
    33.197104057374));
#1491 = CARTESIAN_POINT('',(16.696780677304,-53.97695685334,
    36.943821546868));
#1492 = CARTESIAN_POINT('',(68.223945210558,-9.74461252553,
    36.297676264382));
#1493 = CARTESIAN_POINT('',(66.261461858268,-12.25189314369,
    33.529265793006));
#1494 = CARTESIAN_POINT('',(62.597985485857,-16.67052254615,
    29.291118022908));
#1495 = CARTESIAN_POINT('',(54.408950386831,-25.38732099194,
    23.769408949117));
#1496 = CARTESIAN_POINT('',(43.840315579034,-36.10801470618,
    23.503069144908));
#1497 = CARTESIAN_POINT('',(30.550055372169,-46.46285372821,
    25.862240135362));
#1498 = CARTESIAN_POINT('',(22.416772263865,-51.45867118256,
    30.647053433599));
#1499 = CARTESIAN_POINT('',(18.377762588996,-53.57550606187,
    33.853615694584));
#1500 = CARTESIAN_POINT('',(68.223945210558,-9.658471132395,
    35.423569241903));
#1501 = CARTESIAN_POINT('',(66.181345596803,-12.19370123257,
    32.807818972491));
#1502 = CARTESIAN_POINT('',(62.532050423631,-16.56629277494,
    28.778968017527));
#1503 = CARTESIAN_POINT('',(54.654185618911,-25.04765627215,
    23.409514623151));
#1504 = CARTESIAN_POINT('',(44.578251644809,-35.4197340637,
    22.702643593694));
#1505 = CARTESIAN_POINT('',(31.972811455459,-45.58624519414,
    24.263340322255));
#1506 = CARTESIAN_POINT('',(24.16421743241,-50.68921709781,
    28.192512393908));
#1507 = CARTESIAN_POINT('',(20.185757985063,-52.97656939758,
    30.874406606726));
#1508 = CARTESIAN_POINT('',(68.223945210558,-9.544147143529,
    34.553079402974));
#1509 = CARTESIAN_POINT('',(66.117221132997,-12.08615003779,
    32.106927914036));
#1510 = CARTESIAN_POINT('',(62.498098956725,-16.39152703213,
    28.304312352715));
#1511 = CARTESIAN_POINT('',(54.947396243971,-24.61627889285,
    23.104053216263));
#1512 = CARTESIAN_POINT('',(45.380154901223,-34.61856407379,
    21.973589540068));
#1513 = CARTESIAN_POINT('',(33.475526527048,-44.57557062471,
    22.752750585246));
#1514 = CARTESIAN_POINT('',(26.007613386913,-49.76452028977,
    25.843220008825));
#1515 = CARTESIAN_POINT('',(22.105695964748,-52.20121332207,
    28.017384751984));
#1516 = CARTESIAN_POINT('',(68.223945210558,-9.2090835319,
    32.514816979952));
#1517 = CARTESIAN_POINT('',(66.457344588656,-11.58674289829,
    29.895854312278));
#1518 = CARTESIAN_POINT('',(63.272643328749,-15.65378902265,
    25.977064185391));
#1519 = CARTESIAN_POINT('',(56.453350627425,-23.45081292491,
    20.603589347655));
#1520 = CARTESIAN_POINT('',(47.799049835497,-32.91218917328,
    18.707123065513));
#1521 = CARTESIAN_POINT('',(36.999481195962,-42.48857482272,
    18.362338468098));
#1522 = CARTESIAN_POINT('',(30.276496858206,-47.59238592722,
    20.271695284395));
#1523 = CARTESIAN_POINT('',(26.855369380689,-50.00730337009,
    21.595720598686));
#1524 = CARTESIAN_POINT('',(68.223945210558,-8.964997817814,
    31.350912428499));
#1525 = CARTESIAN_POINT('',(66.534753250543,-11.25746757737,
    28.857847581942));
#1526 = CARTESIAN_POINT('',(63.521758113228,-15.16533675278,
    25.121591889341));
#1527 = CARTESIAN_POINT('',(57.171160629561,-22.61378661762,
    19.873610350173));
#1528 = CARTESIAN_POINT('',(49.167085594679,-31.61340785446,
    17.509850461936));
#1529 = CARTESIAN_POINT('',(39.20986189601,-40.88832652346,
    16.339829221781));
#1530 = CARTESIAN_POINT('',(32.969091566861,-45.98615298843,
    17.366782430647));
#1531 = CARTESIAN_POINT('',(29.766039240218,-48.4584487629,
    18.139377315923));
#1532 = CARTESIAN_POINT('',(68.223945210558,-8.669983678005,
    30.198057988866));
#1533 = CARTESIAN_POINT('',(66.633665550913,-10.85011877906,
    27.86424885285));
#1534 = CARTESIAN_POINT('',(63.813880174674,-14.57166595388,
    24.34388548396));
#1535 = CARTESIAN_POINT('',(57.953481547149,-21.64439672964,
    19.254755132783));
#1536 = CARTESIAN_POINT('',(50.621135907798,-30.15511790328,
    16.457059527877));
#1537 = CARTESIAN_POINT('',(41.52776078848,-39.10142454018,
    14.495159534405));
#1538 = CARTESIAN_POINT('',(35.790708106422,-44.16612131396,
    14.673067025265));
#1539 = CARTESIAN_POINT('',(32.827234569138,-46.66865036838,
    14.92758937095));
#1540 = CARTESIAN_POINT('',(68.223945210558,-8.324610289043,
    29.058771187345));
#1541 = CARTESIAN_POINT('',(66.750282250663,-10.37077399276,
    26.91746618843));
#1542 = CARTESIAN_POINT('',(64.141411034878,-13.88436242812,
    23.64624356981));
#1543 = CARTESIAN_POINT('',(58.788915662874,-20.55973737595,
    18.749212833186));
#1544 = CARTESIAN_POINT('',(52.146003818432,-28.55992174755,
    15.550829938168));
#1545 = CARTESIAN_POINT('',(43.934181677844,-37.1559796135,
    12.830299617941));
#1546 = CARTESIAN_POINT('',(38.718551042255,-42.16590995725,
    12.192409817355));
#1547 = CARTESIAN_POINT('',(36.012360693708,-44.67703555277,
    11.962108050008));
#1548 = CARTESIAN_POINT('',(68.223945210558,-7.929583576473,
    27.935536481105));
#1549 = CARTESIAN_POINT('',(66.881238007515,-9.824807253747,
    26.019251978003));
#1550 = CARTESIAN_POINT('',(64.497620009288,-13.11346832055,
    23.029686468365));
#1551 = CARTESIAN_POINT('',(59.667366949907,-19.37451881134,
    18.357271705004));
#1552 = CARTESIAN_POINT('',(53.728227957477,-26.8471977518,
    14.790717878588));
#1553 = CARTESIAN_POINT('',(46.412297852722,-35.0760382177,
    11.344073590317));
#1554 = CARTESIAN_POINT('',(41.732428320705,-40.01423350231,
    9.922902856995));
#1555 = CARTESIAN_POINT('',(39.297860217998,-42.51698700982,
    9.240293335329));
#1556 = CARTESIAN_POINT('',(68.223945210558,-7.485748151362,
    26.830795047779));
#1557 = CARTESIAN_POINT('',(67.023711688478,-9.216815152288,
    25.170876939392));
#1558 = CARTESIAN_POINT('',(64.876864831919,-12.26733220063,
    22.494314437639));
#1559 = CARTESIAN_POINT('',(60.580372009271,-18.10084158449,
    18.077861546444));
#1560 = CARTESIAN_POINT('',(55.356523792963,-25.0327984439,
    14.174482687532));
#1561 = CARTESIAN_POINT('',(48.948003648151,-32.88120485985,
    10.033070330118));
#1562 = CARTESIAN_POINT('',(44.815413143817,-37.73444843541,
    7.859964562965));
#1563 = CARTESIAN_POINT('',(42.66398521106,-40.21561320502,
    6.756393185882));
#1564 = CARTESIAN_POINT('',(68.223945210558,-6.994095378898,
    25.746932084955));
#1565 = CARTESIAN_POINT('',(67.175567090785,-8.55062998535,
    24.373280302695));
#1566 = CARTESIAN_POINT('',(65.274873097239,-11.35262729711,
    22.039620740238));
#1567 = CARTESIAN_POINT('',(61.52152223267,-16.74821985591,
    17.909029652621));
#1568 = CARTESIAN_POINT('',(57.022346513829,-23.12907891615,
    13.698725692624));
#1569 = CARTESIAN_POINT('',(51.530618050305,-30.58667556402,
    8.89244519748));
#1570 = CARTESIAN_POINT('',(47.954688294998,-35.34459171241,
    5.997304327906));
#1571 = CARTESIAN_POINT('',(46.095782253537,-37.79379202599,
    4.502671026817));
#1572 = CARTESIAN_POINT('',(68.223945210558,-6.455777250722,
    24.686260024711));
#1573 = CARTESIAN_POINT('',(67.335354669326,-7.829044587082,
    23.627279054852));
#1574 = CARTESIAN_POINT('',(65.688745715026,-10.37378728664,
    21.664926917967));
#1575 = CARTESIAN_POINT('',(62.486468984769,-15.32272814476,
    17.848602120203));
#1576 = CARTESIAN_POINT('',(58.71989793963,-21.14375453021,
    13.359777545396));
#1577 = CARTESIAN_POINT('',(54.152893333627,-28.20180653438,
    7.917033398797));
#1578 = CARTESIAN_POINT('',(51.14155650358,-32.85566037999,
    4.328261913078));
#1579 = CARTESIAN_POINT('',(49.583104529648,-35.26416136191,
    2.470971174259));
#1580 = ADVANCED_FACE('',(#1581),#1599,.F.);
#1581 = FACE_BOUND('',#1582,.T.);
#1582 = EDGE_LOOP('',(#1583,#1584,#1592,#1598));
#1583 = ORIENTED_EDGE('',*,*,#656,.T.);
#1584 = ORIENTED_EDGE('',*,*,#1585,.T.);
#1585 = EDGE_CURVE('',#657,#1586,#1588,.T.);
#1586 = VERTEX_POINT('',#1587);
#1587 = CARTESIAN_POINT('',(-45.58310452964,-35.26416136191,
    -3.529028825741));
#1588 = LINE('',#1589,#1590);
#1589 = CARTESIAN_POINT('',(-49.58310452964,-35.26416136191,
    -3.529028825741));
#1590 = VECTOR('',#1591,1.);
#1591 = DIRECTION('',(1.,0.,0.));
#1592 = ORIENTED_EDGE('',*,*,#1593,.F.);
#1593 = EDGE_CURVE('',#581,#1586,#1594,.T.);
#1594 = LINE('',#1595,#1596);
#1595 = CARTESIAN_POINT('',(-45.58310452964,-35.26416136191,
    2.470971174259));
#1596 = VECTOR('',#1597,1.);
#1597 = DIRECTION('',(-0.,-0.,-1.));
#1598 = ORIENTED_EDGE('',*,*,#580,.F.);
#1599 = PLANE('',#1600);
#1600 = AXIS2_PLACEMENT_3D('',#1601,#1602,#1603);
#1601 = CARTESIAN_POINT('',(-49.58310452964,-35.26416136191,
    2.470971174259));
#1602 = DIRECTION('',(0.,1.,0.));
#1603 = DIRECTION('',(-1.,0.,0.));
#1604 = ADVANCED_FACE('',(#1605),#1621,.T.);
#1605 = FACE_BOUND('',#1606,.T.);
#1606 = EDGE_LOOP('',(#1607,#1608,#1614,#1615));
#1607 = ORIENTED_EDGE('',*,*,#1253,.F.);
#1608 = ORIENTED_EDGE('',*,*,#1609,.F.);
#1609 = EDGE_CURVE('',#588,#1254,#1610,.T.);
#1610 = LINE('',#1611,#1612);
#1611 = CARTESIAN_POINT('',(45.583104529648,-35.26416136191,
    2.470971174259));
#1612 = VECTOR('',#1613,1.);
#1613 = DIRECTION('',(0.456023555932,0.704759081842,0.543467711089));
#1614 = ORIENTED_EDGE('',*,*,#587,.F.);
#1615 = ORIENTED_EDGE('',*,*,#1616,.T.);
#1616 = EDGE_CURVE('',#581,#520,#1617,.T.);
#1617 = LINE('',#1618,#1619);
#1618 = CARTESIAN_POINT('',(-45.58310452964,-35.26416136191,
    2.470971174259));
#1619 = VECTOR('',#1620,1.);
#1620 = DIRECTION('',(-0.456023555932,0.704759081842,0.543467711089));
#1621 = PLANE('',#1622);
#1622 = AXIS2_PLACEMENT_3D('',#1623,#1624,#1625);
#1623 = CARTESIAN_POINT('',(89.,-35.26416136191,2.470971174259));
#1624 = DIRECTION('',(0.,0.610660036164,-0.791892871689));
#1625 = DIRECTION('',(-1.4E-16,0.791892871689,0.610660036164));
#1626 = ADVANCED_FACE('',(#1627),#1652,.F.);
#1627 = FACE_BOUND('',#1628,.F.);
#1628 = EDGE_LOOP('',(#1629,#1637,#1645,#1651));
#1629 = ORIENTED_EDGE('',*,*,#1630,.T.);
#1630 = EDGE_CURVE('',#595,#1631,#1633,.T.);
#1631 = VERTEX_POINT('',#1632);
#1632 = CARTESIAN_POINT('',(49.583104529648,-35.26416136191,
    -3.529028825741));
#1633 = LINE('',#1634,#1635);
#1634 = CARTESIAN_POINT('',(49.583104529648,-35.26416136191,
    2.470971174259));
#1635 = VECTOR('',#1636,1.);
#1636 = DIRECTION('',(0.,0.,-1.));
#1637 = ORIENTED_EDGE('',*,*,#1638,.T.);
#1638 = EDGE_CURVE('',#1631,#1639,#1641,.T.);
#1639 = VERTEX_POINT('',#1640);
#1640 = CARTESIAN_POINT('',(45.583104529648,-35.26416136191,
    -3.529028825741));
#1641 = LINE('',#1642,#1643);
#1642 = CARTESIAN_POINT('',(49.583104529648,-35.26416136191,
    -3.529028825741));
#1643 = VECTOR('',#1644,1.);
#1644 = DIRECTION('',(-1.,0.,-0.));
#1645 = ORIENTED_EDGE('',*,*,#1646,.F.);
#1646 = EDGE_CURVE('',#588,#1639,#1647,.T.);
#1647 = LINE('',#1648,#1649);
#1648 = CARTESIAN_POINT('',(45.583104529648,-35.26416136191,
    2.470971174259));
#1649 = VECTOR('',#1650,1.);
#1650 = DIRECTION('',(0.,0.,-1.));
#1651 = ORIENTED_EDGE('',*,*,#594,.T.);
#1652 = PLANE('',#1653);
#1653 = AXIS2_PLACEMENT_3D('',#1654,#1655,#1656);
#1654 = CARTESIAN_POINT('',(49.583104529648,-35.26416136191,
    2.470971174259));
#1655 = DIRECTION('',(0.,1.,0.));
#1656 = DIRECTION('',(-1.,0.,0.));
#1657 = ADVANCED_FACE('',(#1658),#1676,.F.);
#1658 = FACE_BOUND('',#1659,.T.);
#1659 = EDGE_LOOP('',(#1660,#1668,#1674,#1675));
#1660 = ORIENTED_EDGE('',*,*,#1661,.T.);
#1661 = EDGE_CURVE('',#520,#1662,#1664,.T.);
#1662 = VERTEX_POINT('',#1663);
#1663 = CARTESIAN_POINT('',(-64.22394521055,-6.455777250724,
    18.68626002471));
#1664 = LINE('',#1665,#1666);
#1665 = CARTESIAN_POINT('',(-64.22394521055,-6.455777250724,
    24.68626002471));
#1666 = VECTOR('',#1667,1.);
#1667 = DIRECTION('',(-0.,-0.,-1.));
#1668 = ORIENTED_EDGE('',*,*,#1669,.T.);
#1669 = EDGE_CURVE('',#1662,#665,#1670,.T.);
#1670 = LINE('',#1671,#1672);
#1671 = CARTESIAN_POINT('',(-64.22394521055,-6.455777250724,
    18.68626002471));
#1672 = VECTOR('',#1673,1.);
#1673 = DIRECTION('',(-1.,0.,0.));
#1674 = ORIENTED_EDGE('',*,*,#672,.F.);
#1675 = ORIENTED_EDGE('',*,*,#687,.F.);
#1676 = PLANE('',#1677);
#1677 = AXIS2_PLACEMENT_3D('',#1678,#1679,#1680);
#1678 = CARTESIAN_POINT('',(-64.22394521055,-6.455777250724,
    24.68626002471));
#1679 = DIRECTION('',(-0.,-1.,-0.));
#1680 = DIRECTION('',(1.,0.,0.));
#1681 = ADVANCED_FACE('',(#1682),#1693,.F.);
#1682 = FACE_BOUND('',#1683,.F.);
#1683 = EDGE_LOOP('',(#1684,#1685,#1691,#1692));
#1684 = ORIENTED_EDGE('',*,*,#1585,.T.);
#1685 = ORIENTED_EDGE('',*,*,#1686,.T.);
#1686 = EDGE_CURVE('',#1586,#1662,#1687,.T.);
#1687 = LINE('',#1688,#1689);
#1688 = CARTESIAN_POINT('',(-45.58310452964,-35.26416136191,
    -3.529028825741));
#1689 = VECTOR('',#1690,1.);
#1690 = DIRECTION('',(-0.456023555932,0.704759081842,0.543467711089));
#1691 = ORIENTED_EDGE('',*,*,#1669,.T.);
#1692 = ORIENTED_EDGE('',*,*,#664,.F.);
#1693 = PLANE('',#1694);
#1694 = AXIS2_PLACEMENT_3D('',#1695,#1696,#1697);
#1695 = CARTESIAN_POINT('',(-56.9035248701,-20.85996930632,
    7.578615599485));
#1696 = DIRECTION('',(4.688476520054E-15,-0.610660036164,0.791892871689)
  );
#1697 = DIRECTION('',(3.944304526105E-31,-0.791892871689,-0.610660036164
    ));
#1698 = ADVANCED_FACE('',(#1699),#1791,.T.);
#1699 = FACE_BOUND('',#1700,.T.);
#1700 = EDGE_LOOP('',(#1701,#1740,#1753,#1790));
#1701 = ORIENTED_EDGE('',*,*,#1702,.T.);
#1702 = EDGE_CURVE('',#704,#1703,#1705,.T.);
#1703 = VERTEX_POINT('',#1704);
#1704 = CARTESIAN_POINT('',(62.090050068487,-9.749575084509,50.));
#1705 = B_SPLINE_CURVE_WITH_KNOTS('',6,(#1706,#1707,#1708,#1709,#1710,
    #1711,#1712,#1713,#1714,#1715,#1716,#1717,#1718,#1719,#1720,#1721,
    #1722,#1723,#1724,#1725,#1726,#1727,#1728,#1729,#1730,#1731,#1732,
    #1733,#1734,#1735,#1736,#1737,#1738,#1739),.UNSPECIFIED.,.F.,.F.,(7,
    4,5,4,4,5,5,7),(0.,18.450920713946,35.487506852765,37.55815208032,
    64.104801283118,70.325002006548,70.742514604158,79.472404836456),
  .UNSPECIFIED.);
#1706 = CARTESIAN_POINT('',(62.090050068483,-53.21862317911,
    49.999999999999));
#1707 = CARTESIAN_POINT('',(62.090050068483,-51.53660545745,
    49.999999999999));
#1708 = CARTESIAN_POINT('',(62.090050068483,-49.8545877358,
    49.999999999999));
#1709 = CARTESIAN_POINT('',(62.090050068483,-48.17257001415,
    49.999999999999));
#1710 = CARTESIAN_POINT('',(62.090050068483,-46.49055229249,
    49.999999999999));
#1711 = CARTESIAN_POINT('',(62.090050068484,-43.25545002583,
    49.999999999999));
#1712 = CARTESIAN_POINT('',(62.090050068484,-40.02034775917,
    49.999999999999));
#1713 = CARTESIAN_POINT('',(62.090050068484,-38.46726321416,
    49.999999999999));
#1714 = CARTESIAN_POINT('',(62.090050068484,-36.91417866916,
    49.999999999999));
#1715 = CARTESIAN_POINT('',(62.090050068484,-35.36109412415,
    49.999999999999));
#1716 = CARTESIAN_POINT('',(62.090050068484,-33.61924599265,
    49.999999999999));
#1717 = CARTESIAN_POINT('',(62.090050068484,-33.43048240616,
    49.999999999999));
#1718 = CARTESIAN_POINT('',(62.090050068484,-33.24171881967,
    49.999999999999));
#1719 = CARTESIAN_POINT('',(62.090050068484,-33.05295523318,
    49.999999999999));
#1720 = CARTESIAN_POINT('',(62.090050068485,-30.44415336774,50.));
#1721 = CARTESIAN_POINT('',(62.090050068485,-27.8353515023,50.));
#1722 = CARTESIAN_POINT('',(62.090050068485,-25.41531322335,50.));
#1723 = CARTESIAN_POINT('',(62.090050068485,-22.9952749444,50.));
#1724 = CARTESIAN_POINT('',(62.090050068486,-20.00819245062,50.));
#1725 = CARTESIAN_POINT('',(62.090050068486,-17.02110995685,50.));
#1726 = CARTESIAN_POINT('',(62.090050068486,-16.45406574202,50.));
#1727 = CARTESIAN_POINT('',(62.090050068486,-15.8870215272,50.));
#1728 = CARTESIAN_POINT('',(62.090050068486,-15.31997731237,50.));
#1729 = CARTESIAN_POINT('',(62.090050068486,-14.71487192981,50.));
#1730 = CARTESIAN_POINT('',(62.090050068486,-14.67681076207,50.));
#1731 = CARTESIAN_POINT('',(62.090050068486,-14.63874959433,50.));
#1732 = CARTESIAN_POINT('',(62.090050068486,-14.6006884266,50.));
#1733 = CARTESIAN_POINT('',(62.090050068486,-14.56262725886,50.));
#1734 = CARTESIAN_POINT('',(62.090050068486,-13.72873425669,50.));
#1735 = CARTESIAN_POINT('',(62.090050068486,-12.93290242225,50.));
#1736 = CARTESIAN_POINT('',(62.090050068486,-12.13707058781,50.));
#1737 = CARTESIAN_POINT('',(62.090050068486,-11.34123875338,50.));
#1738 = CARTESIAN_POINT('',(62.090050068486,-10.54540691894,50.));
#1739 = CARTESIAN_POINT('',(62.090050068486,-9.749575084509,50.));
#1740 = ORIENTED_EDGE('',*,*,#1741,.T.);
#1741 = EDGE_CURVE('',#1703,#1742,#1744,.T.);
#1742 = VERTEX_POINT('',#1743);
#1743 = CARTESIAN_POINT('',(40.,-9.749575084509,77.5));
#1744 = B_SPLINE_CURVE_WITH_KNOTS('',7,(#1745,#1746,#1747,#1748,#1749,
    #1750,#1751,#1752),.UNSPECIFIED.,.F.,.F.,(8,8),(0.,1.),
  .PIECEWISE_BEZIER_KNOTS.);
#1745 = CARTESIAN_POINT('',(62.090050068487,-9.749575084509,50.));
#1746 = CARTESIAN_POINT('',(60.468748752512,-9.749575084509,
    54.89289935674));
#1747 = CARTESIAN_POINT('',(58.267292066165,-9.749575084509,
    59.586258115555));
#1748 = CARTESIAN_POINT('',(55.514575809992,-9.749575084509,
    64.000214855764));
#1749 = CARTESIAN_POINT('',(52.253081920154,-9.749575084509,
    68.060462872064));
#1750 = CARTESIAN_POINT('',(48.536496526442,-9.749575084509,
    71.700168066539));
#1751 = CARTESIAN_POINT('',(44.428218445683,-9.749575084509,
    74.861825731746));
#1752 = CARTESIAN_POINT('',(40.,-9.749575084509,77.5));
#1753 = ORIENTED_EDGE('',*,*,#1754,.T.);
#1754 = EDGE_CURVE('',#1742,#706,#1755,.T.);
#1755 = B_SPLINE_CURVE_WITH_KNOTS('',6,(#1756,#1757,#1758,#1759,#1760,
    #1761,#1762,#1763,#1764,#1765,#1766,#1767,#1768,#1769,#1770,#1771,
    #1772,#1773,#1774,#1775,#1776,#1777,#1778,#1779,#1780,#1781,#1782,
    #1783,#1784,#1785,#1786,#1787,#1788,#1789),.UNSPECIFIED.,.F.,.F.,(7,
    5,5,4,4,5,4,7),(0.,8.729890232298,9.147402829908,15.367603553337,
    41.914252756135,43.984897983691,61.02148412251,79.472404836456),
  .UNSPECIFIED.);
#1756 = CARTESIAN_POINT('',(40.,-9.749575084509,77.5));
#1757 = CARTESIAN_POINT('',(40.,-10.54540691894,77.5));
#1758 = CARTESIAN_POINT('',(40.,-11.34123875338,77.5));
#1759 = CARTESIAN_POINT('',(40.,-12.13707058781,77.5));
#1760 = CARTESIAN_POINT('',(40.,-12.93290242225,77.5));
#1761 = CARTESIAN_POINT('',(40.,-13.72873425669,77.5));
#1762 = CARTESIAN_POINT('',(40.,-14.56262725886,77.5));
#1763 = CARTESIAN_POINT('',(40.,-14.6006884266,77.5));
#1764 = CARTESIAN_POINT('',(40.,-14.63874959433,77.5));
#1765 = CARTESIAN_POINT('',(40.,-14.67681076207,77.5));
#1766 = CARTESIAN_POINT('',(40.,-14.71487192981,77.5));
#1767 = CARTESIAN_POINT('',(40.,-15.31997731237,77.5));
#1768 = CARTESIAN_POINT('',(40.,-15.8870215272,77.5));
#1769 = CARTESIAN_POINT('',(40.,-16.45406574202,77.5));
#1770 = CARTESIAN_POINT('',(40.,-17.02110995685,77.5));
#1771 = CARTESIAN_POINT('',(40.,-20.00819245062,77.5));
#1772 = CARTESIAN_POINT('',(40.,-22.9952749444,77.5));
#1773 = CARTESIAN_POINT('',(40.,-25.41531322335,77.5));
#1774 = CARTESIAN_POINT('',(40.,-27.8353515023,77.5));
#1775 = CARTESIAN_POINT('',(40.,-30.44415336774,77.5));
#1776 = CARTESIAN_POINT('',(40.,-33.05295523318,77.5));
#1777 = CARTESIAN_POINT('',(40.,-33.24171881967,77.5));
#1778 = CARTESIAN_POINT('',(40.,-33.43048240616,77.5));
#1779 = CARTESIAN_POINT('',(40.,-33.61924599265,77.5));
#1780 = CARTESIAN_POINT('',(40.,-35.36109412415,77.5));
#1781 = CARTESIAN_POINT('',(40.,-36.91417866916,77.499999999999));
#1782 = CARTESIAN_POINT('',(40.,-38.46726321416,77.499999999999));
#1783 = CARTESIAN_POINT('',(40.,-40.02034775917,77.499999999999));
#1784 = CARTESIAN_POINT('',(40.,-43.25545002583,77.499999999999));
#1785 = CARTESIAN_POINT('',(40.,-46.49055229249,77.499999999999));
#1786 = CARTESIAN_POINT('',(40.,-48.17257001415,77.499999999999));
#1787 = CARTESIAN_POINT('',(40.,-49.8545877358,77.499999999999));
#1788 = CARTESIAN_POINT('',(40.,-51.53660545745,77.499999999999));
#1789 = CARTESIAN_POINT('',(40.,-53.21862317911,77.499999999999));
#1790 = ORIENTED_EDGE('',*,*,#703,.F.);
#1791 = B_SPLINE_SURFACE_WITH_KNOTS('',7,6,(
    (#1792,#1793,#1794,#1795,#1796,#1797,#1798,#1799,#1800,#1801,#1802
      ,#1803,#1804,#1805,#1806,#1807,#1808,#1809,#1810,#1811,#1812,#1813
      ,#1814,#1815,#1816,#1817,#1818,#1819,#1820,#1821,#1822,#1823,#1824
      ,#1825)
    ,(#1826,#1827,#1828,#1829,#1830,#1831,#1832,#1833,#1834,#1835,#1836
      ,#1837,#1838,#1839,#1840,#1841,#1842,#1843,#1844,#1845,#1846,#1847
      ,#1848,#1849,#1850,#1851,#1852,#1853,#1854,#1855,#1856,#1857,#1858
      ,#1859)
    ,(#1860,#1861,#1862,#1863,#1864,#1865,#1866,#1867,#1868,#1869,#1870
      ,#1871,#1872,#1873,#1874,#1875,#1876,#1877,#1878,#1879,#1880,#1881
      ,#1882,#1883,#1884,#1885,#1886,#1887,#1888,#1889,#1890,#1891,#1892
      ,#1893)
    ,(#1894,#1895,#1896,#1897,#1898,#1899,#1900,#1901,#1902,#1903,#1904
      ,#1905,#1906,#1907,#1908,#1909,#1910,#1911,#1912,#1913,#1914,#1915
      ,#1916,#1917,#1918,#1919,#1920,#1921,#1922,#1923,#1924,#1925,#1926
      ,#1927)
    ,(#1928,#1929,#1930,#1931,#1932,#1933,#1934,#1935,#1936,#1937,#1938
      ,#1939,#1940,#1941,#1942,#1943,#1944,#1945,#1946,#1947,#1948,#1949
      ,#1950,#1951,#1952,#1953,#1954,#1955,#1956,#1957,#1958,#1959,#1960
      ,#1961)
    ,(#1962,#1963,#1964,#1965,#1966,#1967,#1968,#1969,#1970,#1971,#1972
      ,#1973,#1974,#1975,#1976,#1977,#1978,#1979,#1980,#1981,#1982,#1983
      ,#1984,#1985,#1986,#1987,#1988,#1989,#1990,#1991,#1992,#1993,#1994
      ,#1995)
    ,(#1996,#1997,#1998,#1999,#2000,#2001,#2002,#2003,#2004,#2005,#2006
      ,#2007,#2008,#2009,#2010,#2011,#2012,#2013,#2014,#2015,#2016,#2017
      ,#2018,#2019,#2020,#2021,#2022,#2023,#2024,#2025,#2026,#2027,#2028
      ,#2029)
    ,(#2030,#2031,#2032,#2033,#2034,#2035,#2036,#2037,#2038,#2039,#2040
      ,#2041,#2042,#2043,#2044,#2045,#2046,#2047,#2048,#2049,#2050,#2051
      ,#2052,#2053,#2054,#2055,#2056,#2057,#2058,#2059,#2060,#2061,#2062
      ,#2063
  )),.UNSPECIFIED.,.F.,.F.,.F.,(8,8),(7,5,5,4,4,5,4,7),(0.,1.),(0.,
    8.729890232298,9.147402829908,15.367603553337,41.914252756135,
    43.984897983691,61.02148412251,79.472404836456),.UNSPECIFIED.);
#1792 = CARTESIAN_POINT('',(62.090050068487,-9.749575084509,50.));
#1793 = CARTESIAN_POINT('',(62.090050068486,-10.54540691894,50.));
#1794 = CARTESIAN_POINT('',(62.090050068486,-11.34123875338,50.));
#1795 = CARTESIAN_POINT('',(62.090050068486,-12.13707058781,50.));
#1796 = CARTESIAN_POINT('',(62.090050068486,-12.93290242225,50.));
#1797 = CARTESIAN_POINT('',(62.090050068486,-13.72873425669,50.));
#1798 = CARTESIAN_POINT('',(62.090050068486,-14.56262725886,50.));
#1799 = CARTESIAN_POINT('',(62.090050068486,-14.6006884266,50.));
#1800 = CARTESIAN_POINT('',(62.090050068486,-14.63874959433,50.));
#1801 = CARTESIAN_POINT('',(62.090050068486,-14.67681076207,50.));
#1802 = CARTESIAN_POINT('',(62.090050068486,-14.71487192981,50.));
#1803 = CARTESIAN_POINT('',(62.090050068486,-15.31997731237,50.));
#1804 = CARTESIAN_POINT('',(62.090050068486,-15.8870215272,50.));
#1805 = CARTESIAN_POINT('',(62.090050068486,-16.45406574202,50.));
#1806 = CARTESIAN_POINT('',(62.090050068486,-17.02110995685,50.));
#1807 = CARTESIAN_POINT('',(62.090050068486,-20.00819245062,50.));
#1808 = CARTESIAN_POINT('',(62.090050068485,-22.9952749444,50.));
#1809 = CARTESIAN_POINT('',(62.090050068485,-25.41531322335,50.));
#1810 = CARTESIAN_POINT('',(62.090050068485,-27.8353515023,50.));
#1811 = CARTESIAN_POINT('',(62.090050068485,-30.44415336774,50.));
#1812 = CARTESIAN_POINT('',(62.090050068484,-33.05295523318,
    49.999999999999));
#1813 = CARTESIAN_POINT('',(62.090050068484,-33.24171881967,
    49.999999999999));
#1814 = CARTESIAN_POINT('',(62.090050068484,-33.43048240616,
    49.999999999999));
#1815 = CARTESIAN_POINT('',(62.090050068484,-33.61924599265,
    49.999999999999));
#1816 = CARTESIAN_POINT('',(62.090050068484,-35.36109412415,
    49.999999999999));
#1817 = CARTESIAN_POINT('',(62.090050068484,-36.91417866916,
    49.999999999999));
#1818 = CARTESIAN_POINT('',(62.090050068484,-38.46726321416,
    49.999999999999));
#1819 = CARTESIAN_POINT('',(62.090050068484,-40.02034775917,
    49.999999999999));
#1820 = CARTESIAN_POINT('',(62.090050068484,-43.25545002583,
    49.999999999999));
#1821 = CARTESIAN_POINT('',(62.090050068483,-46.49055229249,
    49.999999999999));
#1822 = CARTESIAN_POINT('',(62.090050068483,-48.17257001415,
    49.999999999999));
#1823 = CARTESIAN_POINT('',(62.090050068483,-49.8545877358,
    49.999999999999));
#1824 = CARTESIAN_POINT('',(62.090050068483,-51.53660545745,
    49.999999999999));
#1825 = CARTESIAN_POINT('',(62.090050068483,-53.21862317911,
    49.999999999999));
#1826 = CARTESIAN_POINT('',(60.468748752512,-9.749575084509,
    54.89289935674));
#1827 = CARTESIAN_POINT('',(60.468748751883,-10.54540691894,
    54.892899356436));
#1828 = CARTESIAN_POINT('',(60.468748751253,-11.34123875338,
    54.892899356131));
#1829 = CARTESIAN_POINT('',(60.468748750624,-12.13707058781,
    54.892899355827));
#1830 = CARTESIAN_POINT('',(60.468748749995,-12.93290242225,
    54.892899355522));
#1831 = CARTESIAN_POINT('',(60.468748749365,-13.72873425669,
    54.892899355218));
#1832 = CARTESIAN_POINT('',(60.468748748736,-14.56262725886,
    54.892899354914));
#1833 = CARTESIAN_POINT('',(60.468748748107,-14.6006884266,
    54.892899354609));
#1834 = CARTESIAN_POINT('',(60.468748747477,-14.63874959433,
    54.892899354305));
#1835 = CARTESIAN_POINT('',(60.468748746848,-14.67681076207,
    54.892899354001));
#1836 = CARTESIAN_POINT('',(60.468748746219,-14.71487192981,
    54.892899353696));
#1837 = CARTESIAN_POINT('',(60.468748745589,-15.31997731237,
    54.892899353392));
#1838 = CARTESIAN_POINT('',(60.46874874496,-15.8870215272,
    54.892899353087));
#1839 = CARTESIAN_POINT('',(60.468748744331,-16.45406574202,
    54.892899352783));
#1840 = CARTESIAN_POINT('',(60.468748743701,-17.02110995685,
    54.892899352479));
#1841 = CARTESIAN_POINT('',(60.468748743072,-20.00819245062,
    54.892899352174));
#1842 = CARTESIAN_POINT('',(60.468748742442,-22.9952749444,
    54.89289935187));
#1843 = CARTESIAN_POINT('',(60.468748741813,-25.41531322335,
    54.892899351565));
#1844 = CARTESIAN_POINT('',(60.468748741183,-27.8353515023,
    54.892899351261));
#1845 = CARTESIAN_POINT('',(60.468748740554,-30.44415336774,
    54.892899350957));
#1846 = CARTESIAN_POINT('',(60.468748739924,-33.05295523318,
    54.892899350652));
#1847 = CARTESIAN_POINT('',(60.468748739295,-33.24171881967,
    54.892899350348));
#1848 = CARTESIAN_POINT('',(60.468748738666,-33.43048240616,
    54.892899350043));
#1849 = CARTESIAN_POINT('',(60.468748738036,-33.61924599265,
    54.892899349739));
#1850 = CARTESIAN_POINT('',(60.468748737407,-35.36109412415,
    54.892899349435));
#1851 = CARTESIAN_POINT('',(60.468748736778,-36.91417866916,
    54.89289934913));
#1852 = CARTESIAN_POINT('',(60.468748736148,-38.46726321416,
    54.892899348826));
#1853 = CARTESIAN_POINT('',(60.468748735519,-40.02034775917,
    54.892899348521));
#1854 = CARTESIAN_POINT('',(60.468748734889,-43.25545002583,
    54.892899348217));
#1855 = CARTESIAN_POINT('',(60.46874873426,-46.49055229249,
    54.892899347912));
#1856 = CARTESIAN_POINT('',(60.46874873363,-48.17257001415,
    54.892899347608));
#1857 = CARTESIAN_POINT('',(60.468748733001,-49.8545877358,
    54.892899347304));
#1858 = CARTESIAN_POINT('',(60.468748732371,-51.53660545745,
    54.892899346999));
#1859 = CARTESIAN_POINT('',(60.468748731742,-53.21862317911,
    54.892899346695));
#1860 = CARTESIAN_POINT('',(58.267292066165,-9.749575084509,
    59.586258115555));
#1861 = CARTESIAN_POINT('',(58.267292065157,-10.54540691894,
    59.586258114957));
#1862 = CARTESIAN_POINT('',(58.26729206415,-11.34123875338,
    59.58625811436));
#1863 = CARTESIAN_POINT('',(58.267292063143,-12.13707058781,
    59.586258113763));
#1864 = CARTESIAN_POINT('',(58.267292062136,-12.93290242225,
    59.586258113166));
#1865 = CARTESIAN_POINT('',(58.267292061128,-13.72873425669,
    59.586258112569));
#1866 = CARTESIAN_POINT('',(58.267292060121,-14.56262725886,
    59.586258111971));
#1867 = CARTESIAN_POINT('',(58.267292059114,-14.6006884266,
    59.586258111374));
#1868 = CARTESIAN_POINT('',(58.267292058107,-14.63874959433,
    59.586258110777));
#1869 = CARTESIAN_POINT('',(58.2672920571,-14.67681076207,59.58625811018
    ));
#1870 = CARTESIAN_POINT('',(58.267292056092,-14.71487192981,
    59.586258109583));
#1871 = CARTESIAN_POINT('',(58.267292055085,-15.31997731237,
    59.586258108986));
#1872 = CARTESIAN_POINT('',(58.267292054078,-15.8870215272,
    59.586258108388));
#1873 = CARTESIAN_POINT('',(58.267292053071,-16.45406574202,
    59.586258107791));
#1874 = CARTESIAN_POINT('',(58.267292052063,-17.02110995685,
    59.586258107194));
#1875 = CARTESIAN_POINT('',(58.267292051056,-20.00819245062,
    59.586258106597));
#1876 = CARTESIAN_POINT('',(58.267292050049,-22.9952749444,59.586258106)
  );
#1877 = CARTESIAN_POINT('',(58.267292049041,-25.41531322335,
    59.586258105402));
#1878 = CARTESIAN_POINT('',(58.267292048034,-27.8353515023,
    59.586258104805));
#1879 = CARTESIAN_POINT('',(58.267292047027,-30.44415336774,
    59.586258104208));
#1880 = CARTESIAN_POINT('',(58.267292046019,-33.05295523318,
    59.586258103611));
#1881 = CARTESIAN_POINT('',(58.267292045012,-33.24171881967,
    59.586258103013));
#1882 = CARTESIAN_POINT('',(58.267292044005,-33.43048240616,
    59.586258102416));
#1883 = CARTESIAN_POINT('',(58.267292042998,-33.61924599265,
    59.586258101819));
#1884 = CARTESIAN_POINT('',(58.26729204199,-35.36109412415,
    59.586258101222));
#1885 = CARTESIAN_POINT('',(58.267292040983,-36.91417866916,
    59.586258100625));
#1886 = CARTESIAN_POINT('',(58.267292039976,-38.46726321416,
    59.586258100027));
#1887 = CARTESIAN_POINT('',(58.267292038968,-40.02034775917,
    59.58625809943));
#1888 = CARTESIAN_POINT('',(58.267292037961,-43.25545002583,
    59.586258098833));
#1889 = CARTESIAN_POINT('',(58.267292036954,-46.49055229249,
    59.586258098236));
#1890 = CARTESIAN_POINT('',(58.267292035946,-48.17257001415,
    59.586258097639));
#1891 = CARTESIAN_POINT('',(58.267292034939,-49.8545877358,
    59.586258097041));
#1892 = CARTESIAN_POINT('',(58.267292033932,-51.53660545745,
    59.586258096444));
#1893 = CARTESIAN_POINT('',(58.267292032924,-53.21862317911,
    59.586258095847));
#1894 = CARTESIAN_POINT('',(55.514575809992,-9.749575084509,
    64.000214855764));
#1895 = CARTESIAN_POINT('',(55.514575808853,-10.54540691894,
    64.000214854934));
#1896 = CARTESIAN_POINT('',(55.514575807715,-11.34123875338,
    64.000214854104));
#1897 = CARTESIAN_POINT('',(55.514575806576,-12.13707058781,
    64.000214853274));
#1898 = CARTESIAN_POINT('',(55.514575805437,-12.93290242225,
    64.000214852445));
#1899 = CARTESIAN_POINT('',(55.514575804298,-13.72873425669,
    64.000214851615));
#1900 = CARTESIAN_POINT('',(55.51457580316,-14.56262725886,
    64.000214850785));
#1901 = CARTESIAN_POINT('',(55.514575802021,-14.6006884266,
    64.000214849955));
#1902 = CARTESIAN_POINT('',(55.514575800882,-14.63874959433,
    64.000214849126));
#1903 = CARTESIAN_POINT('',(55.514575799744,-14.67681076207,
    64.000214848296));
#1904 = CARTESIAN_POINT('',(55.514575798605,-14.71487192981,
    64.000214847466));
#1905 = CARTESIAN_POINT('',(55.514575797466,-15.31997731237,
    64.000214846637));
#1906 = CARTESIAN_POINT('',(55.514575796328,-15.8870215272,
    64.000214845807));
#1907 = CARTESIAN_POINT('',(55.514575795189,-16.45406574202,
    64.000214844977));
#1908 = CARTESIAN_POINT('',(55.51457579405,-17.02110995685,
    64.000214844147));
#1909 = CARTESIAN_POINT('',(55.514575792911,-20.00819245062,
    64.000214843317));
#1910 = CARTESIAN_POINT('',(55.514575791773,-22.9952749444,
    64.000214842488));
#1911 = CARTESIAN_POINT('',(55.514575790634,-25.41531322335,
    64.000214841658));
#1912 = CARTESIAN_POINT('',(55.514575789495,-27.8353515023,
    64.000214840828));
#1913 = CARTESIAN_POINT('',(55.514575788356,-30.44415336774,
    64.000214839998));
#1914 = CARTESIAN_POINT('',(55.514575787217,-33.05295523318,
    64.000214839169));
#1915 = CARTESIAN_POINT('',(55.514575786079,-33.24171881967,
    64.000214838339));
#1916 = CARTESIAN_POINT('',(55.51457578494,-33.43048240616,
    64.000214837509));
#1917 = CARTESIAN_POINT('',(55.514575783801,-33.61924599265,
    64.000214836679));
#1918 = CARTESIAN_POINT('',(55.514575782663,-35.36109412415,
    64.00021483585));
#1919 = CARTESIAN_POINT('',(55.514575781524,-36.91417866916,
    64.00021483502));
#1920 = CARTESIAN_POINT('',(55.514575780385,-38.46726321416,
    64.00021483419));
#1921 = CARTESIAN_POINT('',(55.514575779246,-40.02034775917,
    64.00021483336));
#1922 = CARTESIAN_POINT('',(55.514575778107,-43.25545002583,
    64.000214832531));
#1923 = CARTESIAN_POINT('',(55.514575776969,-46.49055229249,
    64.000214831701));
#1924 = CARTESIAN_POINT('',(55.51457577583,-48.17257001415,
    64.000214830871));
#1925 = CARTESIAN_POINT('',(55.514575774691,-49.8545877358,
    64.000214830041));
#1926 = CARTESIAN_POINT('',(55.514575773552,-51.53660545745,
    64.000214829212));
#1927 = CARTESIAN_POINT('',(55.514575772414,-53.21862317911,
    64.000214828382));
#1928 = CARTESIAN_POINT('',(52.253081920154,-9.749575084509,
    68.060462872064));
#1929 = CARTESIAN_POINT('',(52.253081919098,-10.54540691894,
    68.060462871131));
#1930 = CARTESIAN_POINT('',(52.253081918042,-11.34123875338,
    68.060462870198));
#1931 = CARTESIAN_POINT('',(52.253081916986,-12.13707058781,
    68.060462869265));
#1932 = CARTESIAN_POINT('',(52.253081915931,-12.93290242225,
    68.060462868332));
#1933 = CARTESIAN_POINT('',(52.253081914875,-13.72873425669,
    68.060462867399));
#1934 = CARTESIAN_POINT('',(52.253081913819,-14.56262725886,
    68.060462866466));
#1935 = CARTESIAN_POINT('',(52.253081912763,-14.6006884266,
    68.060462865533));
#1936 = CARTESIAN_POINT('',(52.253081911708,-14.63874959433,
    68.0604628646));
#1937 = CARTESIAN_POINT('',(52.253081910652,-14.67681076207,
    68.060462863667));
#1938 = CARTESIAN_POINT('',(52.253081909596,-14.71487192981,
    68.060462862734));
#1939 = CARTESIAN_POINT('',(52.25308190854,-15.31997731237,
    68.060462861801));
#1940 = CARTESIAN_POINT('',(52.253081907485,-15.8870215272,
    68.060462860868));
#1941 = CARTESIAN_POINT('',(52.253081906429,-16.45406574202,
    68.060462859935));
#1942 = CARTESIAN_POINT('',(52.253081905373,-17.02110995685,
    68.060462859002));
#1943 = CARTESIAN_POINT('',(52.253081904317,-20.00819245062,
    68.060462858069));
#1944 = CARTESIAN_POINT('',(52.253081903262,-22.9952749444,
    68.060462857136));
#1945 = CARTESIAN_POINT('',(52.253081902206,-25.41531322335,
    68.060462856203));
#1946 = CARTESIAN_POINT('',(52.25308190115,-27.8353515023,68.06046285527
    ));
#1947 = CARTESIAN_POINT('',(52.253081900094,-30.44415336774,
    68.060462854337));
#1948 = CARTESIAN_POINT('',(52.253081899038,-33.05295523318,
    68.060462853404));
#1949 = CARTESIAN_POINT('',(52.253081897983,-33.24171881967,
    68.060462852471));
#1950 = CARTESIAN_POINT('',(52.253081896927,-33.43048240616,
    68.060462851538));
#1951 = CARTESIAN_POINT('',(52.253081895871,-33.61924599265,
    68.060462850605));
#1952 = CARTESIAN_POINT('',(52.253081894815,-35.36109412415,
    68.060462849672));
#1953 = CARTESIAN_POINT('',(52.253081893759,-36.91417866916,
    68.060462848739));
#1954 = CARTESIAN_POINT('',(52.253081892704,-38.46726321416,
    68.060462847806));
#1955 = CARTESIAN_POINT('',(52.253081891648,-40.02034775917,
    68.060462846873));
#1956 = CARTESIAN_POINT('',(52.253081890592,-43.25545002583,
    68.06046284594));
#1957 = CARTESIAN_POINT('',(52.253081889536,-46.49055229249,
    68.060462845007));
#1958 = CARTESIAN_POINT('',(52.25308188848,-48.17257001415,
    68.060462844074));
#1959 = CARTESIAN_POINT('',(52.253081887425,-49.8545877358,
    68.060462843141));
#1960 = CARTESIAN_POINT('',(52.253081886369,-51.53660545745,
    68.060462842208));
#1961 = CARTESIAN_POINT('',(52.253081885313,-53.21862317911,
    68.060462841275));
#1962 = CARTESIAN_POINT('',(48.536496526442,-9.749575084509,
    71.700168066539));
#1963 = CARTESIAN_POINT('',(48.536496525642,-10.54540691894,
    71.700168065684));
#1964 = CARTESIAN_POINT('',(48.536496524841,-11.34123875338,
    71.700168064829));
#1965 = CARTESIAN_POINT('',(48.536496524041,-12.13707058781,
    71.700168063974));
#1966 = CARTESIAN_POINT('',(48.536496523241,-12.93290242225,
    71.70016806312));
#1967 = CARTESIAN_POINT('',(48.53649652244,-13.72873425669,
    71.700168062265));
#1968 = CARTESIAN_POINT('',(48.53649652164,-14.56262725886,
    71.70016806141));
#1969 = CARTESIAN_POINT('',(48.53649652084,-14.6006884266,
    71.700168060555));
#1970 = CARTESIAN_POINT('',(48.536496520039,-14.63874959433,
    71.7001680597));
#1971 = CARTESIAN_POINT('',(48.536496519239,-14.67681076207,
    71.700168058846));
#1972 = CARTESIAN_POINT('',(48.536496518439,-14.71487192981,
    71.700168057991));
#1973 = CARTESIAN_POINT('',(48.536496517639,-15.31997731237,
    71.700168057136));
#1974 = CARTESIAN_POINT('',(48.536496516838,-15.8870215272,
    71.700168056281));
#1975 = CARTESIAN_POINT('',(48.536496516038,-16.45406574202,
    71.700168055427));
#1976 = CARTESIAN_POINT('',(48.536496515238,-17.02110995685,
    71.700168054572));
#1977 = CARTESIAN_POINT('',(48.536496514437,-20.00819245062,
    71.700168053717));
#1978 = CARTESIAN_POINT('',(48.536496513637,-22.9952749444,
    71.700168052862));
#1979 = CARTESIAN_POINT('',(48.536496512836,-25.41531322335,
    71.700168052007));
#1980 = CARTESIAN_POINT('',(48.536496512036,-27.8353515023,
    71.700168051153));
#1981 = CARTESIAN_POINT('',(48.536496511236,-30.44415336774,
    71.700168050298));
#1982 = CARTESIAN_POINT('',(48.536496510435,-33.05295523318,
    71.700168049443));
#1983 = CARTESIAN_POINT('',(48.536496509635,-33.24171881967,
    71.700168048588));
#1984 = CARTESIAN_POINT('',(48.536496508835,-33.43048240616,
    71.700168047733));
#1985 = CARTESIAN_POINT('',(48.536496508034,-33.61924599265,
    71.700168046879));
#1986 = CARTESIAN_POINT('',(48.536496507234,-35.36109412415,
    71.700168046024));
#1987 = CARTESIAN_POINT('',(48.536496506434,-36.91417866916,
    71.700168045169));
#1988 = CARTESIAN_POINT('',(48.536496505633,-38.46726321416,
    71.700168044314));
#1989 = CARTESIAN_POINT('',(48.536496504833,-40.02034775917,
    71.70016804346));
#1990 = CARTESIAN_POINT('',(48.536496504033,-43.25545002583,
    71.700168042605));
#1991 = CARTESIAN_POINT('',(48.536496503232,-46.49055229249,
    71.70016804175));
#1992 = CARTESIAN_POINT('',(48.536496502432,-48.17257001415,
    71.700168040895));
#1993 = CARTESIAN_POINT('',(48.536496501632,-49.8545877358,
    71.70016804004));
#1994 = CARTESIAN_POINT('',(48.536496500831,-51.53660545745,
    71.700168039186));
#1995 = CARTESIAN_POINT('',(48.536496500031,-53.21862317911,
    71.700168038331));
#1996 = CARTESIAN_POINT('',(44.428218445683,-9.749575084509,
    74.861825731746));
#1997 = CARTESIAN_POINT('',(44.42821844525,-10.54540691894,
    74.861825731197));
#1998 = CARTESIAN_POINT('',(44.428218444817,-11.34123875338,
    74.861825730648));
#1999 = CARTESIAN_POINT('',(44.428218444384,-12.13707058781,
    74.861825730099));
#2000 = CARTESIAN_POINT('',(44.428218443951,-12.93290242225,
    74.86182572955));
#2001 = CARTESIAN_POINT('',(44.428218443518,-13.72873425669,
    74.861825729001));
#2002 = CARTESIAN_POINT('',(44.428218443086,-14.56262725886,
    74.861825728452));
#2003 = CARTESIAN_POINT('',(44.428218442653,-14.6006884266,
    74.861825727904));
#2004 = CARTESIAN_POINT('',(44.42821844222,-14.63874959433,
    74.861825727355));
#2005 = CARTESIAN_POINT('',(44.428218441787,-14.67681076207,
    74.861825726806));
#2006 = CARTESIAN_POINT('',(44.428218441354,-14.71487192981,
    74.861825726257));
#2007 = CARTESIAN_POINT('',(44.428218440921,-15.31997731237,
    74.861825725708));
#2008 = CARTESIAN_POINT('',(44.428218440488,-15.8870215272,
    74.861825725159));
#2009 = CARTESIAN_POINT('',(44.428218440055,-16.45406574202,
    74.86182572461));
#2010 = CARTESIAN_POINT('',(44.428218439622,-17.02110995685,
    74.861825724061));
#2011 = CARTESIAN_POINT('',(44.428218439189,-20.00819245062,
    74.861825723512));
#2012 = CARTESIAN_POINT('',(44.428218438756,-22.9952749444,
    74.861825722963));
#2013 = CARTESIAN_POINT('',(44.428218438323,-25.41531322335,
    74.861825722414));
#2014 = CARTESIAN_POINT('',(44.428218437891,-27.8353515023,
    74.861825721865));
#2015 = CARTESIAN_POINT('',(44.428218437458,-30.44415336774,
    74.861825721316));
#2016 = CARTESIAN_POINT('',(44.428218437025,-33.05295523318,
    74.861825720768));
#2017 = CARTESIAN_POINT('',(44.428218436592,-33.24171881967,
    74.861825720219));
#2018 = CARTESIAN_POINT('',(44.428218436159,-33.43048240616,
    74.86182571967));
#2019 = CARTESIAN_POINT('',(44.428218435726,-33.61924599265,
    74.861825719121));
#2020 = CARTESIAN_POINT('',(44.428218435293,-35.36109412415,
    74.861825718572));
#2021 = CARTESIAN_POINT('',(44.42821843486,-36.91417866916,
    74.861825718023));
#2022 = CARTESIAN_POINT('',(44.428218434427,-38.46726321416,
    74.861825717474));
#2023 = CARTESIAN_POINT('',(44.428218433994,-40.02034775917,
    74.861825716925));
#2024 = CARTESIAN_POINT('',(44.428218433561,-43.25545002583,
    74.861825716376));
#2025 = CARTESIAN_POINT('',(44.428218433128,-46.49055229249,
    74.861825715827));
#2026 = CARTESIAN_POINT('',(44.428218432695,-48.17257001415,
    74.861825715278));
#2027 = CARTESIAN_POINT('',(44.428218432262,-49.8545877358,
    74.861825714729));
#2028 = CARTESIAN_POINT('',(44.42821843183,-51.53660545745,
    74.86182571418));
#2029 = CARTESIAN_POINT('',(44.428218431397,-53.21862317911,
    74.861825713632));
#2030 = CARTESIAN_POINT('',(40.,-9.749575084509,77.5));
#2031 = CARTESIAN_POINT('',(40.,-10.54540691894,77.5));
#2032 = CARTESIAN_POINT('',(40.,-11.34123875338,77.5));
#2033 = CARTESIAN_POINT('',(40.,-12.13707058781,77.5));
#2034 = CARTESIAN_POINT('',(40.,-12.93290242225,77.5));
#2035 = CARTESIAN_POINT('',(40.,-13.72873425669,77.5));
#2036 = CARTESIAN_POINT('',(40.,-14.56262725886,77.5));
#2037 = CARTESIAN_POINT('',(40.,-14.6006884266,77.5));
#2038 = CARTESIAN_POINT('',(40.,-14.63874959433,77.5));
#2039 = CARTESIAN_POINT('',(40.,-14.67681076207,77.5));
#2040 = CARTESIAN_POINT('',(40.,-14.71487192981,77.5));
#2041 = CARTESIAN_POINT('',(40.,-15.31997731237,77.5));
#2042 = CARTESIAN_POINT('',(40.,-15.8870215272,77.5));
#2043 = CARTESIAN_POINT('',(40.,-16.45406574202,77.5));
#2044 = CARTESIAN_POINT('',(40.,-17.02110995685,77.5));
#2045 = CARTESIAN_POINT('',(40.,-20.00819245062,77.5));
#2046 = CARTESIAN_POINT('',(40.,-22.9952749444,77.5));
#2047 = CARTESIAN_POINT('',(40.,-25.41531322335,77.5));
#2048 = CARTESIAN_POINT('',(40.,-27.8353515023,77.5));
#2049 = CARTESIAN_POINT('',(40.,-30.44415336774,77.5));
#2050 = CARTESIAN_POINT('',(40.,-33.05295523318,77.5));
#2051 = CARTESIAN_POINT('',(40.,-33.24171881967,77.5));
#2052 = CARTESIAN_POINT('',(40.,-33.43048240616,77.5));
#2053 = CARTESIAN_POINT('',(40.,-33.61924599265,77.5));
#2054 = CARTESIAN_POINT('',(40.,-35.36109412415,77.5));
#2055 = CARTESIAN_POINT('',(40.,-36.91417866916,77.499999999999));
#2056 = CARTESIAN_POINT('',(40.,-38.46726321416,77.499999999999));
#2057 = CARTESIAN_POINT('',(40.,-40.02034775917,77.499999999999));
#2058 = CARTESIAN_POINT('',(40.,-43.25545002583,77.499999999999));
#2059 = CARTESIAN_POINT('',(40.,-46.49055229249,77.499999999999));
#2060 = CARTESIAN_POINT('',(40.,-48.17257001415,77.499999999999));
#2061 = CARTESIAN_POINT('',(40.,-49.8545877358,77.499999999999));
#2062 = CARTESIAN_POINT('',(40.,-51.53660545745,77.499999999999));
#2063 = CARTESIAN_POINT('',(40.,-53.21862317911,77.499999999999));
#2064 = ADVANCED_FACE('',(#2065),#2142,.F.);
#2065 = FACE_BOUND('',#2066,.F.);
#2066 = EDGE_LOOP('',(#2067,#2104,#2105));
#2067 = ORIENTED_EDGE('',*,*,#2068,.T.);
#2068 = EDGE_CURVE('',#1262,#545,#2069,.T.);
#2069 = B_SPLINE_CURVE_WITH_KNOTS('',6,(#2070,#2071,#2072,#2073,#2074,
    #2075,#2076,#2077,#2078,#2079,#2080,#2081,#2082,#2083,#2084,#2085,
    #2086,#2087,#2088,#2089,#2090,#2091,#2092,#2093,#2094,#2095,#2096,
    #2097,#2098,#2099,#2100,#2101,#2102,#2103),.UNSPECIFIED.,.F.,.F.,(7,
    5,5,4,4,5,4,7),(0.,8.729890232298,9.147402829908,15.367603553337,
    41.914252756135,43.984897983691,61.02148412251,79.472404836456),
  .UNSPECIFIED.);
#2070 = CARTESIAN_POINT('',(64.223945210558,-9.749575084509,
    40.686260024709));
#2071 = CARTESIAN_POINT('',(63.799281480569,-10.51745540956,
    39.31893724145));
#2072 = CARTESIAN_POINT('',(63.313375042295,-11.31764010417,
    38.053575917688));
#2073 = CARTESIAN_POINT('',(62.769204061486,-12.14763719514,
    36.887527525096));
#2074 = CARTESIAN_POINT('',(62.169746703895,-13.0049547093,
    35.818143535345));
#2075 = CARTESIAN_POINT('',(61.517981135271,-13.88710067345,
    34.842775420106));
#2076 = CARTESIAN_POINT('',(60.783355174118,-14.83484056706,
    33.916496747486));
#2077 = CARTESIAN_POINT('',(60.749711994653,-14.87814910976,
    33.874427827716));
#2078 = CARTESIAN_POINT('',(60.715956308758,-14.92150846991,
    33.832567602017));
#2079 = CARTESIAN_POINT('',(60.682088442218,-14.96491837489,
    33.790915780661));
#2080 = CARTESIAN_POINT('',(60.648108720818,-15.00837855213,
    33.749472073924));
#2081 = CARTESIAN_POINT('',(60.106118015131,-15.70011356155,
    33.093894340966));
#2082 = CARTESIAN_POINT('',(59.573463856287,-16.3594361851,
    32.525680762933));
#2083 = CARTESIAN_POINT('',(59.017132291465,-17.02895517338,
    32.002637400706));
#2084 = CARTESIAN_POINT('',(58.438200618319,-17.7077691001,
    31.523806197015));
#2085 = CARTESIAN_POINT('',(55.275119098358,-21.32784890449,
    29.229267775965));
#2086 = CARTESIAN_POINT('',(51.544677730451,-25.15583294229,
    28.10843808354));
#2087 = CARTESIAN_POINT('',(48.256515912171,-28.30944626416,
    27.858177909249));
#2088 = CARTESIAN_POINT('',(44.808997086087,-31.43120432165,
    28.153128278142));
#2089 = CARTESIAN_POINT('',(41.035613761753,-34.67139699576,
    28.937450447845));
#2090 = CARTESIAN_POINT('',(37.324617056274,-37.67897167156,
    30.093676339482));
#2091 = CARTESIAN_POINT('',(37.0564379807,-37.89535707392,
    30.179300281893));
#2092 = CARTESIAN_POINT('',(36.788603069744,-38.11049641562,
    30.266904271886));
#2093 = CARTESIAN_POINT('',(36.521121094615,-38.3243755966,
    30.356504791061));
#2094 = CARTESIAN_POINT('',(34.056223343354,-40.286223694,
    31.201884236031));
#2095 = CARTESIAN_POINT('',(31.882931458147,-41.94920635185,
    32.091920025758));
#2096 = CARTESIAN_POINT('',(29.739010458559,-43.51807520359,
    33.127405422725));
#2097 = CARTESIAN_POINT('',(27.629345632252,-44.98497696245,
    34.317520159454));
#2098 = CARTESIAN_POINT('',(23.316409254115,-47.81180120718,
    37.137767130239));
#2099 = CARTESIAN_POINT('',(19.194503258645,-50.12804390228,
    40.708605926052));
#2100 = CARTESIAN_POINT('',(17.12112528023,-51.1769836597,
    42.759888264134));
#2101 = CARTESIAN_POINT('',(15.135533422887,-52.05327029647,
    44.997679497107));
#2102 = CARTESIAN_POINT('',(13.255800668762,-52.73958855535,
    47.41378246304));
#2103 = CARTESIAN_POINT('',(11.5,-53.21862317911,50.));
#2104 = ORIENTED_EDGE('',*,*,#901,.T.);
#2105 = ORIENTED_EDGE('',*,*,#2106,.T.);
#2106 = EDGE_CURVE('',#704,#1262,#2107,.T.);
#2107 = B_SPLINE_CURVE_WITH_KNOTS('',6,(#2108,#2109,#2110,#2111,#2112,
    #2113,#2114,#2115,#2116,#2117,#2118,#2119,#2120,#2121,#2122,#2123,
    #2124,#2125,#2126,#2127,#2128,#2129,#2130,#2131,#2132,#2133,#2134,
    #2135,#2136,#2137,#2138,#2139,#2140,#2141),.UNSPECIFIED.,.F.,.F.,(7,
    4,5,4,4,5,5,7),(0.,18.450920713946,35.487506852765,37.55815208032,
    64.104801283118,70.325002006548,70.742514604158,79.472404836456),
  .UNSPECIFIED.);
#2108 = CARTESIAN_POINT('',(62.090050068487,-53.21862317911,50.));
#2109 = CARTESIAN_POINT('',(62.35127141228,-51.68600213511,
    49.21166427707));
#2110 = CARTESIAN_POINT('',(62.583388381596,-50.1301829753,
    48.459057083233));
#2111 = CARTESIAN_POINT('',(62.789302870379,-48.55297667514,
    47.743553827795));
#2112 = CARTESIAN_POINT('',(62.971722335133,-46.95615264578,
    47.06627909582));
#2113 = CARTESIAN_POINT('',(63.282175319019,-43.85046191584,
    45.838937983105));
#2114 = CARTESIAN_POINT('',(63.523252209077,-40.68455582887,
    44.75918922534));
#2115 = CARTESIAN_POINT('',(63.624770736738,-39.15209695288,
    44.275438120545));
#2116 = CARTESIAN_POINT('',(63.713674933355,-37.60827273571,
    43.826763779015));
#2117 = CARTESIAN_POINT('',(63.79138332988,-36.05424427186,
    43.413541099678));
#2118 = CARTESIAN_POINT('',(63.867357825348,-34.30110961874,
    42.990195491459));
#2119 = CARTESIAN_POINT('',(63.875443875163,-34.11098929588,
    42.944846095487));
#2120 = CARTESIAN_POINT('',(63.883384845862,-33.92073736546,
    42.900025695131));
#2121 = CARTESIAN_POINT('',(63.891182901215,-33.73035583749,
    42.85573482589));
#2122 = CARTESIAN_POINT('',(63.997009875003,-31.09742991391,
    42.250939700867));
#2123 = CARTESIAN_POINT('',(64.076341802934,-28.44051703774,
    41.747485169794));
#2124 = CARTESIAN_POINT('',(64.131516788095,-25.95943605359,
    41.368739519574));
#2125 = CARTESIAN_POINT('',(64.171523305642,-23.46612501953,
    41.079008031884));
#2126 = CARTESIAN_POINT('',(64.204741202121,-20.37860226176,
    40.831811198432));
#2127 = CARTESIAN_POINT('',(64.219354004336,-17.28494101824,
    40.721198305897));
#2128 = CARTESIAN_POINT('',(64.221468879813,-16.69749590295,
    40.705124832027));
#2129 = CARTESIAN_POINT('',(64.222932413934,-16.10993416151,
    40.693977425193));
#2130 = CARTESIAN_POINT('',(64.223748765735,-15.52230782072,
    40.687756992248));
#2131 = CARTESIAN_POINT('',(64.223929874186,-14.89522518977,
    40.686376895313));
#2132 = CARTESIAN_POINT('',(64.223938922093,-14.85578157358,
    40.686307946223));
#2133 = CARTESIAN_POINT('',(64.223944234973,-14.81633792868,
    40.686267459195));
#2134 = CARTESIAN_POINT('',(64.223945845566,-14.77689428247,
    40.6862551855));
#2135 = CARTESIAN_POINT('',(64.223945210552,-14.73745064031,
    40.686260024711));
#2136 = CARTESIAN_POINT('',(64.223945210552,-13.8732683354,
    40.686260024711));
#2137 = CARTESIAN_POINT('',(64.22394521055,-13.04852968522,
    40.686260024711));
#2138 = CARTESIAN_POINT('',(64.223945210549,-12.22379103504,
    40.686260024711));
#2139 = CARTESIAN_POINT('',(64.223945210553,-11.39905238486,
    40.686260024711));
#2140 = CARTESIAN_POINT('',(64.223945210558,-10.57431373468,
    40.686260024711));
#2141 = CARTESIAN_POINT('',(64.223945210558,-9.749575084509,
    40.686260024711));
#2142 = B_SPLINE_SURFACE_WITH_KNOTS('',6,1,(
    (#2143,#2144)
    ,(#2145,#2146)
    ,(#2147,#2148)
    ,(#2149,#2150)
    ,(#2151,#2152)
    ,(#2153,#2154)
    ,(#2155,#2156)
    ,(#2157,#2158)
    ,(#2159,#2160)
    ,(#2161,#2162)
    ,(#2163,#2164)
    ,(#2165,#2166)
    ,(#2167,#2168)
    ,(#2169,#2170)
    ,(#2171,#2172)
    ,(#2173,#2174)
    ,(#2175,#2176)
    ,(#2177,#2178)
    ,(#2179,#2180)
    ,(#2181,#2182)
    ,(#2183,#2184)
    ,(#2185,#2186)
    ,(#2187,#2188)
    ,(#2189,#2190)
    ,(#2191,#2192)
    ,(#2193,#2194)
    ,(#2195,#2196)
    ,(#2197,#2198)
    ,(#2199,#2200)
    ,(#2201,#2202)
    ,(#2203,#2204)
    ,(#2205,#2206)
    ,(#2207,#2208)
    ,(#2209,#2210
    )),.UNSPECIFIED.,.F.,.F.,.F.,(7,5,5,4,4,5,4,7),(2,2),(0.,
    8.729890232298,9.147402829908,15.367603553337,41.914252756135,
    43.984897983691,61.02148412251,79.472404836456),(0.,50.590050068483)
  ,.UNSPECIFIED.);
#2143 = CARTESIAN_POINT('',(64.223945210558,-9.749575084509,
    40.686260024709));
#2144 = CARTESIAN_POINT('',(64.223945210558,-9.749575084509,
    40.686260024711));
#2145 = CARTESIAN_POINT('',(63.799281480569,-10.51745540956,
    39.31893724145));
#2146 = CARTESIAN_POINT('',(64.223945210558,-10.57431373468,
    40.686260024711));
#2147 = CARTESIAN_POINT('',(63.313375042295,-11.31764010417,
    38.053575917688));
#2148 = CARTESIAN_POINT('',(64.223945210553,-11.39905238486,
    40.686260024711));
#2149 = CARTESIAN_POINT('',(62.769204061486,-12.14763719514,
    36.887527525096));
#2150 = CARTESIAN_POINT('',(64.223945210549,-12.22379103504,
    40.686260024711));
#2151 = CARTESIAN_POINT('',(62.169746703895,-13.0049547093,
    35.818143535345));
#2152 = CARTESIAN_POINT('',(64.22394521055,-13.04852968522,
    40.686260024711));
#2153 = CARTESIAN_POINT('',(61.517981135271,-13.88710067345,
    34.842775420106));
#2154 = CARTESIAN_POINT('',(64.223945210552,-13.8732683354,
    40.686260024711));
#2155 = CARTESIAN_POINT('',(60.783355174118,-14.83484056706,
    33.916496747486));
#2156 = CARTESIAN_POINT('',(64.223945210552,-14.73745064031,
    40.686260024711));
#2157 = CARTESIAN_POINT('',(60.749711994653,-14.87814910976,
    33.874427827716));
#2158 = CARTESIAN_POINT('',(64.223945845566,-14.77689428247,
    40.6862551855));
#2159 = CARTESIAN_POINT('',(60.715956308758,-14.92150846991,
    33.832567602017));
#2160 = CARTESIAN_POINT('',(64.223944234973,-14.81633792868,
    40.686267459195));
#2161 = CARTESIAN_POINT('',(60.682088442218,-14.96491837489,
    33.790915780661));
#2162 = CARTESIAN_POINT('',(64.223938922093,-14.85578157358,
    40.686307946223));
#2163 = CARTESIAN_POINT('',(60.648108720818,-15.00837855213,
    33.749472073924));
#2164 = CARTESIAN_POINT('',(64.223929874186,-14.89522518977,
    40.686376895313));
#2165 = CARTESIAN_POINT('',(60.106118015131,-15.70011356155,
    33.093894340966));
#2166 = CARTESIAN_POINT('',(64.223748765735,-15.52230782072,
    40.687756992248));
#2167 = CARTESIAN_POINT('',(59.573463856287,-16.3594361851,
    32.525680762933));
#2168 = CARTESIAN_POINT('',(64.222932413934,-16.10993416151,
    40.693977425193));
#2169 = CARTESIAN_POINT('',(59.017132291465,-17.02895517338,
    32.002637400706));
#2170 = CARTESIAN_POINT('',(64.221468879813,-16.69749590295,
    40.705124832027));
#2171 = CARTESIAN_POINT('',(58.438200618319,-17.7077691001,
    31.523806197015));
#2172 = CARTESIAN_POINT('',(64.219354004336,-17.28494101824,
    40.721198305897));
#2173 = CARTESIAN_POINT('',(55.275119098358,-21.32784890449,
    29.229267775965));
#2174 = CARTESIAN_POINT('',(64.204741202121,-20.37860226176,
    40.831811198432));
#2175 = CARTESIAN_POINT('',(51.544677730451,-25.15583294229,
    28.10843808354));
#2176 = CARTESIAN_POINT('',(64.171523305642,-23.46612501953,
    41.079008031884));
#2177 = CARTESIAN_POINT('',(48.256515912171,-28.30944626416,
    27.858177909249));
#2178 = CARTESIAN_POINT('',(64.131516788095,-25.95943605359,
    41.368739519574));
#2179 = CARTESIAN_POINT('',(44.808997086087,-31.43120432165,
    28.153128278142));
#2180 = CARTESIAN_POINT('',(64.076341802934,-28.44051703774,
    41.747485169794));
#2181 = CARTESIAN_POINT('',(41.035613761753,-34.67139699576,
    28.937450447845));
#2182 = CARTESIAN_POINT('',(63.997009875003,-31.09742991391,
    42.250939700867));
#2183 = CARTESIAN_POINT('',(37.324617056274,-37.67897167156,
    30.093676339482));
#2184 = CARTESIAN_POINT('',(63.891182901215,-33.73035583749,
    42.85573482589));
#2185 = CARTESIAN_POINT('',(37.0564379807,-37.89535707392,
    30.179300281893));
#2186 = CARTESIAN_POINT('',(63.883384845862,-33.92073736546,
    42.900025695131));
#2187 = CARTESIAN_POINT('',(36.788603069744,-38.11049641562,
    30.266904271886));
#2188 = CARTESIAN_POINT('',(63.875443875163,-34.11098929588,
    42.944846095487));
#2189 = CARTESIAN_POINT('',(36.521121094615,-38.3243755966,
    30.356504791061));
#2190 = CARTESIAN_POINT('',(63.867357825348,-34.30110961874,
    42.990195491459));
#2191 = CARTESIAN_POINT('',(34.056223343354,-40.286223694,
    31.201884236031));
#2192 = CARTESIAN_POINT('',(63.79138332988,-36.05424427186,
    43.413541099678));
#2193 = CARTESIAN_POINT('',(31.882931458147,-41.94920635185,
    32.091920025758));
#2194 = CARTESIAN_POINT('',(63.713674933355,-37.60827273571,
    43.826763779015));
#2195 = CARTESIAN_POINT('',(29.739010458559,-43.51807520359,
    33.127405422725));
#2196 = CARTESIAN_POINT('',(63.624770736738,-39.15209695288,
    44.275438120545));
#2197 = CARTESIAN_POINT('',(27.629345632252,-44.98497696245,
    34.317520159454));
#2198 = CARTESIAN_POINT('',(63.523252209077,-40.68455582887,
    44.75918922534));
#2199 = CARTESIAN_POINT('',(23.316409254115,-47.81180120718,
    37.137767130239));
#2200 = CARTESIAN_POINT('',(63.282175319019,-43.85046191584,
    45.838937983105));
#2201 = CARTESIAN_POINT('',(19.194503258645,-50.12804390228,
    40.708605926052));
#2202 = CARTESIAN_POINT('',(62.971722335133,-46.95615264578,
    47.06627909582));
#2203 = CARTESIAN_POINT('',(17.12112528023,-51.1769836597,
    42.759888264134));
#2204 = CARTESIAN_POINT('',(62.789302870379,-48.55297667514,
    47.743553827795));
#2205 = CARTESIAN_POINT('',(15.135533422887,-52.05327029647,
    44.997679497107));
#2206 = CARTESIAN_POINT('',(62.583388381596,-50.1301829753,
    48.459057083233));
#2207 = CARTESIAN_POINT('',(13.255800668762,-52.73958855535,
    47.41378246304));
#2208 = CARTESIAN_POINT('',(62.35127141228,-51.68600213511,
    49.21166427707));
#2209 = CARTESIAN_POINT('',(11.5,-53.21862317911,50.));
#2210 = CARTESIAN_POINT('',(62.090050068487,-53.21862317911,50.));
#2211 = ADVANCED_FACE('',(#2212),#2266,.F.);
#2212 = FACE_BOUND('',#2213,.F.);
#2213 = EDGE_LOOP('',(#2214,#2253,#2254,#2255));
#2214 = ORIENTED_EDGE('',*,*,#2215,.T.);
#2215 = EDGE_CURVE('',#2216,#719,#2218,.T.);
#2216 = VERTEX_POINT('',#2217);
#2217 = CARTESIAN_POINT('',(-40.,-9.749575084509,77.5));
#2218 = B_SPLINE_CURVE_WITH_KNOTS('',6,(#2219,#2220,#2221,#2222,#2223,
    #2224,#2225,#2226,#2227,#2228,#2229,#2230,#2231,#2232,#2233,#2234,
    #2235,#2236,#2237,#2238,#2239,#2240,#2241,#2242,#2243,#2244,#2245,
    #2246,#2247,#2248,#2249,#2250,#2251,#2252),.UNSPECIFIED.,.F.,.F.,(7,
    5,5,4,4,5,4,7),(0.,8.729890232298,9.147402829908,15.367603553337,
    41.914252756135,43.984897983691,61.02148412251,79.472404836456),
  .UNSPECIFIED.);
#2219 = CARTESIAN_POINT('',(-40.,-9.749575084509,77.5));
#2220 = CARTESIAN_POINT('',(-40.,-10.54540691894,77.5));
#2221 = CARTESIAN_POINT('',(-40.,-11.34123875338,77.5));
#2222 = CARTESIAN_POINT('',(-40.,-12.13707058781,77.5));
#2223 = CARTESIAN_POINT('',(-40.,-12.93290242225,77.5));
#2224 = CARTESIAN_POINT('',(-40.,-13.72873425669,77.5));
#2225 = CARTESIAN_POINT('',(-40.,-14.56262725886,77.5));
#2226 = CARTESIAN_POINT('',(-40.,-14.6006884266,77.5));
#2227 = CARTESIAN_POINT('',(-40.,-14.63874959433,77.5));
#2228 = CARTESIAN_POINT('',(-40.,-14.67681076207,77.5));
#2229 = CARTESIAN_POINT('',(-40.,-14.71487192981,77.5));
#2230 = CARTESIAN_POINT('',(-40.,-15.31997731237,77.5));
#2231 = CARTESIAN_POINT('',(-40.,-15.8870215272,77.5));
#2232 = CARTESIAN_POINT('',(-40.,-16.45406574202,77.5));
#2233 = CARTESIAN_POINT('',(-40.,-17.02110995685,77.5));
#2234 = CARTESIAN_POINT('',(-40.,-20.00819245062,77.5));
#2235 = CARTESIAN_POINT('',(-40.,-22.9952749444,77.5));
#2236 = CARTESIAN_POINT('',(-40.,-25.41531322335,77.5));
#2237 = CARTESIAN_POINT('',(-40.,-27.8353515023,77.5));
#2238 = CARTESIAN_POINT('',(-40.,-30.44415336774,77.5));
#2239 = CARTESIAN_POINT('',(-40.,-33.05295523318,77.5));
#2240 = CARTESIAN_POINT('',(-40.,-33.24171881967,77.5));
#2241 = CARTESIAN_POINT('',(-40.,-33.43048240616,77.5));
#2242 = CARTESIAN_POINT('',(-40.,-33.61924599265,77.5));
#2243 = CARTESIAN_POINT('',(-40.,-35.36109412415,77.5));
#2244 = CARTESIAN_POINT('',(-40.,-36.91417866916,77.5));
#2245 = CARTESIAN_POINT('',(-40.,-38.46726321416,77.5));
#2246 = CARTESIAN_POINT('',(-40.,-40.02034775917,77.5));
#2247 = CARTESIAN_POINT('',(-40.,-43.25545002583,77.5));
#2248 = CARTESIAN_POINT('',(-40.,-46.49055229249,77.5));
#2249 = CARTESIAN_POINT('',(-40.,-48.17257001415,77.5));
#2250 = CARTESIAN_POINT('',(-40.,-49.8545877358,77.499999999999));
#2251 = CARTESIAN_POINT('',(-40.,-51.53660545745,77.499999999999));
#2252 = CARTESIAN_POINT('',(-40.,-53.21862317911,77.499999999999));
#2253 = ORIENTED_EDGE('',*,*,#725,.T.);
#2254 = ORIENTED_EDGE('',*,*,#926,.T.);
#2255 = ORIENTED_EDGE('',*,*,#2256,.F.);
#2256 = EDGE_CURVE('',#2216,#927,#2257,.T.);
#2257 = B_SPLINE_CURVE_WITH_KNOTS('',7,(#2258,#2259,#2260,#2261,#2262,
    #2263,#2264,#2265),.UNSPECIFIED.,.F.,.F.,(8,8),(0.,1.),
  .PIECEWISE_BEZIER_KNOTS.);
#2258 = CARTESIAN_POINT('',(-40.,-9.749575084509,77.5));
#2259 = CARTESIAN_POINT('',(-44.42821844568,-9.749575084509,
    74.861825731746));
#2260 = CARTESIAN_POINT('',(-48.53649652644,-9.749575084509,
    71.700168066539));
#2261 = CARTESIAN_POINT('',(-52.25308192015,-9.749575084509,
    68.060462872064));
#2262 = CARTESIAN_POINT('',(-55.51457580999,-9.749575084509,
    64.000214855764));
#2263 = CARTESIAN_POINT('',(-58.26729206616,-9.749575084509,
    59.586258115555));
#2264 = CARTESIAN_POINT('',(-60.46874875251,-9.749575084509,
    54.89289935674));
#2265 = CARTESIAN_POINT('',(-62.09005006848,-9.749575084509,50.));
#2266 = B_SPLINE_SURFACE_WITH_KNOTS('',7,6,(
    (#2267,#2268,#2269,#2270,#2271,#2272,#2273,#2274,#2275,#2276,#2277
      ,#2278,#2279,#2280,#2281,#2282,#2283,#2284,#2285,#2286,#2287,#2288
      ,#2289,#2290,#2291,#2292,#2293,#2294,#2295,#2296,#2297,#2298,#2299
      ,#2300)
    ,(#2301,#2302,#2303,#2304,#2305,#2306,#2307,#2308,#2309,#2310,#2311
      ,#2312,#2313,#2314,#2315,#2316,#2317,#2318,#2319,#2320,#2321,#2322
      ,#2323,#2324,#2325,#2326,#2327,#2328,#2329,#2330,#2331,#2332,#2333
      ,#2334)
    ,(#2335,#2336,#2337,#2338,#2339,#2340,#2341,#2342,#2343,#2344,#2345
      ,#2346,#2347,#2348,#2349,#2350,#2351,#2352,#2353,#2354,#2355,#2356
      ,#2357,#2358,#2359,#2360,#2361,#2362,#2363,#2364,#2365,#2366,#2367
      ,#2368)
    ,(#2369,#2370,#2371,#2372,#2373,#2374,#2375,#2376,#2377,#2378,#2379
      ,#2380,#2381,#2382,#2383,#2384,#2385,#2386,#2387,#2388,#2389,#2390
      ,#2391,#2392,#2393,#2394,#2395,#2396,#2397,#2398,#2399,#2400,#2401
      ,#2402)
    ,(#2403,#2404,#2405,#2406,#2407,#2408,#2409,#2410,#2411,#2412,#2413
      ,#2414,#2415,#2416,#2417,#2418,#2419,#2420,#2421,#2422,#2423,#2424
      ,#2425,#2426,#2427,#2428,#2429,#2430,#2431,#2432,#2433,#2434,#2435
      ,#2436)
    ,(#2437,#2438,#2439,#2440,#2441,#2442,#2443,#2444,#2445,#2446,#2447
      ,#2448,#2449,#2450,#2451,#2452,#2453,#2454,#2455,#2456,#2457,#2458
      ,#2459,#2460,#2461,#2462,#2463,#2464,#2465,#2466,#2467,#2468,#2469
      ,#2470)
    ,(#2471,#2472,#2473,#2474,#2475,#2476,#2477,#2478,#2479,#2480,#2481
      ,#2482,#2483,#2484,#2485,#2486,#2487,#2488,#2489,#2490,#2491,#2492
      ,#2493,#2494,#2495,#2496,#2497,#2498,#2499,#2500,#2501,#2502,#2503
      ,#2504)
    ,(#2505,#2506,#2507,#2508,#2509,#2510,#2511,#2512,#2513,#2514,#2515
      ,#2516,#2517,#2518,#2519,#2520,#2521,#2522,#2523,#2524,#2525,#2526
      ,#2527,#2528,#2529,#2530,#2531,#2532,#2533,#2534,#2535,#2536,#2537
      ,#2538
  )),.UNSPECIFIED.,.F.,.F.,.F.,(8,8),(7,4,5,4,4,5,5,7),(0.,1.),(0.,
    18.450920713946,35.487506852765,37.55815208032,64.104801283118,
    70.325002006548,70.742514604158,79.472404836456),.UNSPECIFIED.);
#2267 = CARTESIAN_POINT('',(-40.,-53.21862317911,77.499999999999));
#2268 = CARTESIAN_POINT('',(-40.,-51.53660545745,77.499999999999));
#2269 = CARTESIAN_POINT('',(-40.,-49.8545877358,77.499999999999));
#2270 = CARTESIAN_POINT('',(-40.,-48.17257001415,77.5));
#2271 = CARTESIAN_POINT('',(-40.,-46.49055229249,77.5));
#2272 = CARTESIAN_POINT('',(-40.,-43.25545002583,77.5));
#2273 = CARTESIAN_POINT('',(-40.,-40.02034775917,77.5));
#2274 = CARTESIAN_POINT('',(-40.,-38.46726321416,77.5));
#2275 = CARTESIAN_POINT('',(-40.,-36.91417866916,77.5));
#2276 = CARTESIAN_POINT('',(-40.,-35.36109412415,77.5));
#2277 = CARTESIAN_POINT('',(-40.,-33.61924599265,77.5));
#2278 = CARTESIAN_POINT('',(-40.,-33.43048240616,77.5));
#2279 = CARTESIAN_POINT('',(-40.,-33.24171881967,77.5));
#2280 = CARTESIAN_POINT('',(-40.,-33.05295523318,77.5));
#2281 = CARTESIAN_POINT('',(-40.,-30.44415336774,77.5));
#2282 = CARTESIAN_POINT('',(-40.,-27.8353515023,77.5));
#2283 = CARTESIAN_POINT('',(-40.,-25.41531322335,77.5));
#2284 = CARTESIAN_POINT('',(-40.,-22.9952749444,77.5));
#2285 = CARTESIAN_POINT('',(-40.,-20.00819245062,77.5));
#2286 = CARTESIAN_POINT('',(-40.,-17.02110995685,77.5));
#2287 = CARTESIAN_POINT('',(-40.,-16.45406574202,77.5));
#2288 = CARTESIAN_POINT('',(-40.,-15.8870215272,77.5));
#2289 = CARTESIAN_POINT('',(-40.,-15.31997731237,77.5));
#2290 = CARTESIAN_POINT('',(-40.,-14.71487192981,77.5));
#2291 = CARTESIAN_POINT('',(-40.,-14.67681076207,77.5));
#2292 = CARTESIAN_POINT('',(-40.,-14.63874959433,77.5));
#2293 = CARTESIAN_POINT('',(-40.,-14.6006884266,77.5));
#2294 = CARTESIAN_POINT('',(-40.,-14.56262725886,77.5));
#2295 = CARTESIAN_POINT('',(-40.,-13.72873425669,77.5));
#2296 = CARTESIAN_POINT('',(-40.,-12.93290242225,77.5));
#2297 = CARTESIAN_POINT('',(-40.,-12.13707058781,77.5));
#2298 = CARTESIAN_POINT('',(-40.,-11.34123875338,77.5));
#2299 = CARTESIAN_POINT('',(-40.,-10.54540691894,77.5));
#2300 = CARTESIAN_POINT('',(-40.,-9.749575084509,77.5));
#2301 = CARTESIAN_POINT('',(-44.42821843139,-53.21862317911,
    74.861825713632));
#2302 = CARTESIAN_POINT('',(-44.42821843182,-51.53660545745,
    74.861825714181));
#2303 = CARTESIAN_POINT('',(-44.42821843226,-49.8545877358,
    74.861825714729));
#2304 = CARTESIAN_POINT('',(-44.42821843269,-48.17257001415,
    74.861825715278));
#2305 = CARTESIAN_POINT('',(-44.42821843312,-46.49055229249,
    74.861825715827));
#2306 = CARTESIAN_POINT('',(-44.42821843356,-43.25545002583,
    74.861825716376));
#2307 = CARTESIAN_POINT('',(-44.42821843399,-40.02034775917,
    74.861825716925));
#2308 = CARTESIAN_POINT('',(-44.42821843442,-38.46726321416,
    74.861825717474));
#2309 = CARTESIAN_POINT('',(-44.42821843486,-36.91417866916,
    74.861825718023));
#2310 = CARTESIAN_POINT('',(-44.42821843529,-35.36109412415,
    74.861825718572));
#2311 = CARTESIAN_POINT('',(-44.42821843572,-33.61924599265,
    74.861825719121));
#2312 = CARTESIAN_POINT('',(-44.42821843615,-33.43048240616,
    74.86182571967));
#2313 = CARTESIAN_POINT('',(-44.42821843659,-33.24171881967,
    74.861825720219));
#2314 = CARTESIAN_POINT('',(-44.42821843702,-33.05295523318,
    74.861825720768));
#2315 = CARTESIAN_POINT('',(-44.42821843745,-30.44415336774,
    74.861825721317));
#2316 = CARTESIAN_POINT('',(-44.42821843789,-27.8353515023,
    74.861825721865));
#2317 = CARTESIAN_POINT('',(-44.42821843832,-25.41531322335,
    74.861825722414));
#2318 = CARTESIAN_POINT('',(-44.42821843875,-22.9952749444,
    74.861825722963));
#2319 = CARTESIAN_POINT('',(-44.42821843918,-20.00819245062,
    74.861825723512));
#2320 = CARTESIAN_POINT('',(-44.42821843962,-17.02110995685,
    74.861825724061));
#2321 = CARTESIAN_POINT('',(-44.42821844005,-16.45406574202,
    74.86182572461));
#2322 = CARTESIAN_POINT('',(-44.42821844048,-15.8870215272,
    74.861825725159));
#2323 = CARTESIAN_POINT('',(-44.42821844092,-15.31997731237,
    74.861825725708));
#2324 = CARTESIAN_POINT('',(-44.42821844135,-14.71487192981,
    74.861825726257));
#2325 = CARTESIAN_POINT('',(-44.42821844178,-14.67681076207,
    74.861825726806));
#2326 = CARTESIAN_POINT('',(-44.42821844222,-14.63874959433,
    74.861825727355));
#2327 = CARTESIAN_POINT('',(-44.42821844265,-14.6006884266,
    74.861825727903));
#2328 = CARTESIAN_POINT('',(-44.42821844308,-14.56262725886,
    74.861825728452));
#2329 = CARTESIAN_POINT('',(-44.42821844351,-13.72873425669,
    74.861825729001));
#2330 = CARTESIAN_POINT('',(-44.42821844395,-12.93290242225,
    74.86182572955));
#2331 = CARTESIAN_POINT('',(-44.42821844438,-12.13707058781,
    74.861825730099));
#2332 = CARTESIAN_POINT('',(-44.42821844481,-11.34123875338,
    74.861825730648));
#2333 = CARTESIAN_POINT('',(-44.42821844525,-10.54540691894,
    74.861825731197));
#2334 = CARTESIAN_POINT('',(-44.42821844568,-9.749575084509,
    74.861825731746));
#2335 = CARTESIAN_POINT('',(-48.53649650003,-53.21862317911,
    71.700168038331));
#2336 = CARTESIAN_POINT('',(-48.53649650083,-51.53660545745,
    71.700168039185));
#2337 = CARTESIAN_POINT('',(-48.53649650163,-49.8545877358,
    71.70016804004));
#2338 = CARTESIAN_POINT('',(-48.53649650243,-48.17257001415,
    71.700168040895));
#2339 = CARTESIAN_POINT('',(-48.53649650323,-46.49055229249,
    71.70016804175));
#2340 = CARTESIAN_POINT('',(-48.53649650403,-43.25545002583,
    71.700168042605));
#2341 = CARTESIAN_POINT('',(-48.53649650483,-40.02034775917,
    71.700168043459));
#2342 = CARTESIAN_POINT('',(-48.53649650563,-38.46726321416,
    71.700168044314));
#2343 = CARTESIAN_POINT('',(-48.53649650643,-36.91417866916,
    71.700168045169));
#2344 = CARTESIAN_POINT('',(-48.53649650723,-35.36109412415,
    71.700168046024));
#2345 = CARTESIAN_POINT('',(-48.53649650803,-33.61924599265,
    71.700168046879));
#2346 = CARTESIAN_POINT('',(-48.53649650883,-33.43048240616,
    71.700168047733));
#2347 = CARTESIAN_POINT('',(-48.53649650963,-33.24171881967,
    71.700168048588));
#2348 = CARTESIAN_POINT('',(-48.53649651043,-33.05295523318,
    71.700168049443));
#2349 = CARTESIAN_POINT('',(-48.53649651123,-30.44415336774,
    71.700168050298));
#2350 = CARTESIAN_POINT('',(-48.53649651203,-27.8353515023,
    71.700168051153));
#2351 = CARTESIAN_POINT('',(-48.53649651283,-25.41531322335,
    71.700168052007));
#2352 = CARTESIAN_POINT('',(-48.53649651363,-22.9952749444,
    71.700168052862));
#2353 = CARTESIAN_POINT('',(-48.53649651443,-20.00819245062,
    71.700168053717));
#2354 = CARTESIAN_POINT('',(-48.53649651523,-17.02110995685,
    71.700168054572));
#2355 = CARTESIAN_POINT('',(-48.53649651603,-16.45406574202,
    71.700168055427));
#2356 = CARTESIAN_POINT('',(-48.53649651683,-15.8870215272,
    71.700168056281));
#2357 = CARTESIAN_POINT('',(-48.53649651763,-15.31997731237,
    71.700168057136));
#2358 = CARTESIAN_POINT('',(-48.53649651843,-14.71487192981,
    71.700168057991));
#2359 = CARTESIAN_POINT('',(-48.53649651923,-14.67681076207,
    71.700168058846));
#2360 = CARTESIAN_POINT('',(-48.53649652003,-14.63874959433,
    71.7001680597));
#2361 = CARTESIAN_POINT('',(-48.53649652084,-14.6006884266,
    71.700168060555));
#2362 = CARTESIAN_POINT('',(-48.53649652164,-14.56262725886,
    71.70016806141));
#2363 = CARTESIAN_POINT('',(-48.53649652244,-13.72873425669,
    71.700168062265));
#2364 = CARTESIAN_POINT('',(-48.53649652324,-12.93290242225,
    71.700168063119));
#2365 = CARTESIAN_POINT('',(-48.53649652404,-12.13707058781,
    71.700168063974));
#2366 = CARTESIAN_POINT('',(-48.53649652484,-11.34123875338,
    71.700168064829));
#2367 = CARTESIAN_POINT('',(-48.53649652564,-10.54540691894,
    71.700168065684));
#2368 = CARTESIAN_POINT('',(-48.53649652644,-9.749575084509,
    71.700168066539));
#2369 = CARTESIAN_POINT('',(-52.25308188531,-53.21862317911,
    68.060462841274));
#2370 = CARTESIAN_POINT('',(-52.25308188636,-51.53660545745,
    68.060462842207));
#2371 = CARTESIAN_POINT('',(-52.25308188742,-49.8545877358,
    68.06046284314));
#2372 = CARTESIAN_POINT('',(-52.25308188848,-48.17257001415,
    68.060462844073));
#2373 = CARTESIAN_POINT('',(-52.25308188953,-46.49055229249,
    68.060462845007));
#2374 = CARTESIAN_POINT('',(-52.25308189059,-43.25545002583,
    68.06046284594));
#2375 = CARTESIAN_POINT('',(-52.25308189164,-40.02034775917,
    68.060462846873));
#2376 = CARTESIAN_POINT('',(-52.2530818927,-38.46726321416,
    68.060462847806));
#2377 = CARTESIAN_POINT('',(-52.25308189375,-36.91417866916,
    68.060462848739));
#2378 = CARTESIAN_POINT('',(-52.25308189481,-35.36109412415,
    68.060462849672));
#2379 = CARTESIAN_POINT('',(-52.25308189587,-33.61924599265,
    68.060462850605));
#2380 = CARTESIAN_POINT('',(-52.25308189692,-33.43048240616,
    68.060462851538));
#2381 = CARTESIAN_POINT('',(-52.25308189798,-33.24171881967,
    68.060462852471));
#2382 = CARTESIAN_POINT('',(-52.25308189903,-33.05295523318,
    68.060462853404));
#2383 = CARTESIAN_POINT('',(-52.25308190009,-30.44415336774,
    68.060462854337));
#2384 = CARTESIAN_POINT('',(-52.25308190115,-27.8353515023,
    68.06046285527));
#2385 = CARTESIAN_POINT('',(-52.2530819022,-25.41531322335,
    68.060462856203));
#2386 = CARTESIAN_POINT('',(-52.25308190326,-22.9952749444,
    68.060462857136));
#2387 = CARTESIAN_POINT('',(-52.25308190431,-20.00819245062,
    68.060462858069));
#2388 = CARTESIAN_POINT('',(-52.25308190537,-17.02110995685,
    68.060462859002));
#2389 = CARTESIAN_POINT('',(-52.25308190642,-16.45406574202,
    68.060462859935));
#2390 = CARTESIAN_POINT('',(-52.25308190748,-15.8870215272,
    68.060462860868));
#2391 = CARTESIAN_POINT('',(-52.25308190854,-15.31997731237,
    68.060462861801));
#2392 = CARTESIAN_POINT('',(-52.25308190959,-14.71487192981,
    68.060462862734));
#2393 = CARTESIAN_POINT('',(-52.25308191065,-14.67681076207,
    68.060462863667));
#2394 = CARTESIAN_POINT('',(-52.2530819117,-14.63874959433,68.0604628646
    ));
#2395 = CARTESIAN_POINT('',(-52.25308191276,-14.6006884266,
    68.060462865533));
#2396 = CARTESIAN_POINT('',(-52.25308191381,-14.56262725886,
    68.060462866466));
#2397 = CARTESIAN_POINT('',(-52.25308191487,-13.72873425669,
    68.060462867399));
#2398 = CARTESIAN_POINT('',(-52.25308191593,-12.93290242225,
    68.060462868332));
#2399 = CARTESIAN_POINT('',(-52.25308191698,-12.13707058781,
    68.060462869265));
#2400 = CARTESIAN_POINT('',(-52.25308191804,-11.34123875338,
    68.060462870198));
#2401 = CARTESIAN_POINT('',(-52.25308191909,-10.54540691894,
    68.060462871131));
#2402 = CARTESIAN_POINT('',(-52.25308192015,-9.749575084509,
    68.060462872064));
#2403 = CARTESIAN_POINT('',(-55.51457577241,-53.21862317911,
    64.000214828381));
#2404 = CARTESIAN_POINT('',(-55.51457577355,-51.53660545745,
    64.000214829211));
#2405 = CARTESIAN_POINT('',(-55.51457577469,-49.8545877358,
    64.000214830041));
#2406 = CARTESIAN_POINT('',(-55.51457577582,-48.17257001415,
    64.000214830871));
#2407 = CARTESIAN_POINT('',(-55.51457577696,-46.49055229249,
    64.000214831701));
#2408 = CARTESIAN_POINT('',(-55.5145757781,-43.25545002583,
    64.00021483253));
#2409 = CARTESIAN_POINT('',(-55.51457577924,-40.02034775917,
    64.00021483336));
#2410 = CARTESIAN_POINT('',(-55.51457578038,-38.46726321416,
    64.00021483419));
#2411 = CARTESIAN_POINT('',(-55.51457578152,-36.91417866916,
    64.00021483502));
#2412 = CARTESIAN_POINT('',(-55.51457578266,-35.36109412415,
    64.000214835849));
#2413 = CARTESIAN_POINT('',(-55.5145757838,-33.61924599265,
    64.000214836679));
#2414 = CARTESIAN_POINT('',(-55.51457578494,-33.43048240616,
    64.000214837509));
#2415 = CARTESIAN_POINT('',(-55.51457578607,-33.24171881967,
    64.000214838339));
#2416 = CARTESIAN_POINT('',(-55.51457578721,-33.05295523318,
    64.000214839168));
#2417 = CARTESIAN_POINT('',(-55.51457578835,-30.44415336774,
    64.000214839998));
#2418 = CARTESIAN_POINT('',(-55.51457578949,-27.8353515023,
    64.000214840828));
#2419 = CARTESIAN_POINT('',(-55.51457579063,-25.41531322335,
    64.000214841658));
#2420 = CARTESIAN_POINT('',(-55.51457579177,-22.9952749444,
    64.000214842488));
#2421 = CARTESIAN_POINT('',(-55.51457579291,-20.00819245062,
    64.000214843317));
#2422 = CARTESIAN_POINT('',(-55.51457579405,-17.02110995685,
    64.000214844147));
#2423 = CARTESIAN_POINT('',(-55.51457579518,-16.45406574202,
    64.000214844977));
#2424 = CARTESIAN_POINT('',(-55.51457579632,-15.8870215272,
    64.000214845807));
#2425 = CARTESIAN_POINT('',(-55.51457579746,-15.31997731237,
    64.000214846636));
#2426 = CARTESIAN_POINT('',(-55.5145757986,-14.71487192981,
    64.000214847466));
#2427 = CARTESIAN_POINT('',(-55.51457579974,-14.67681076207,
    64.000214848296));
#2428 = CARTESIAN_POINT('',(-55.51457580088,-14.63874959433,
    64.000214849126));
#2429 = CARTESIAN_POINT('',(-55.51457580202,-14.6006884266,
    64.000214849955));
#2430 = CARTESIAN_POINT('',(-55.51457580316,-14.56262725886,
    64.000214850785));
#2431 = CARTESIAN_POINT('',(-55.51457580429,-13.72873425669,
    64.000214851615));
#2432 = CARTESIAN_POINT('',(-55.51457580543,-12.93290242225,
    64.000214852445));
#2433 = CARTESIAN_POINT('',(-55.51457580657,-12.13707058781,
    64.000214853274));
#2434 = CARTESIAN_POINT('',(-55.51457580771,-11.34123875338,
    64.000214854104));
#2435 = CARTESIAN_POINT('',(-55.51457580885,-10.54540691894,
    64.000214854934));
#2436 = CARTESIAN_POINT('',(-55.51457580999,-9.749575084509,
    64.000214855764));
#2437 = CARTESIAN_POINT('',(-58.26729203292,-53.21862317911,
    59.586258095847));
#2438 = CARTESIAN_POINT('',(-58.26729203393,-51.53660545745,
    59.586258096444));
#2439 = CARTESIAN_POINT('',(-58.26729203493,-49.8545877358,
    59.586258097041));
#2440 = CARTESIAN_POINT('',(-58.26729203594,-48.17257001415,
    59.586258097638));
#2441 = CARTESIAN_POINT('',(-58.26729203695,-46.49055229249,
    59.586258098236));
#2442 = CARTESIAN_POINT('',(-58.26729203796,-43.25545002583,
    59.586258098833));
#2443 = CARTESIAN_POINT('',(-58.26729203896,-40.02034775917,
    59.58625809943));
#2444 = CARTESIAN_POINT('',(-58.26729203997,-38.46726321416,
    59.586258100027));
#2445 = CARTESIAN_POINT('',(-58.26729204098,-36.91417866916,
    59.586258100624));
#2446 = CARTESIAN_POINT('',(-58.26729204199,-35.36109412415,
    59.586258101222));
#2447 = CARTESIAN_POINT('',(-58.26729204299,-33.61924599265,
    59.586258101819));
#2448 = CARTESIAN_POINT('',(-58.267292044,-33.43048240616,
    59.586258102416));
#2449 = CARTESIAN_POINT('',(-58.26729204501,-33.24171881967,
    59.586258103013));
#2450 = CARTESIAN_POINT('',(-58.26729204601,-33.05295523318,
    59.58625810361));
#2451 = CARTESIAN_POINT('',(-58.26729204702,-30.44415336774,
    59.586258104208));
#2452 = CARTESIAN_POINT('',(-58.26729204803,-27.8353515023,
    59.586258104805));
#2453 = CARTESIAN_POINT('',(-58.26729204904,-25.41531322335,
    59.586258105402));
#2454 = CARTESIAN_POINT('',(-58.26729205004,-22.9952749444,
    59.586258105999));
#2455 = CARTESIAN_POINT('',(-58.26729205105,-20.00819245062,
    59.586258106597));
#2456 = CARTESIAN_POINT('',(-58.26729205206,-17.02110995685,
    59.586258107194));
#2457 = CARTESIAN_POINT('',(-58.26729205307,-16.45406574202,
    59.586258107791));
#2458 = CARTESIAN_POINT('',(-58.26729205407,-15.8870215272,
    59.586258108388));
#2459 = CARTESIAN_POINT('',(-58.26729205508,-15.31997731237,
    59.586258108985));
#2460 = CARTESIAN_POINT('',(-58.26729205609,-14.71487192981,
    59.586258109583));
#2461 = CARTESIAN_POINT('',(-58.26729205709,-14.67681076207,
    59.58625811018));
#2462 = CARTESIAN_POINT('',(-58.2672920581,-14.63874959433,
    59.586258110777));
#2463 = CARTESIAN_POINT('',(-58.26729205911,-14.6006884266,
    59.586258111374));
#2464 = CARTESIAN_POINT('',(-58.26729206012,-14.56262725886,
    59.586258111971));
#2465 = CARTESIAN_POINT('',(-58.26729206112,-13.72873425669,
    59.586258112569));
#2466 = CARTESIAN_POINT('',(-58.26729206213,-12.93290242225,
    59.586258113166));
#2467 = CARTESIAN_POINT('',(-58.26729206314,-12.13707058781,
    59.586258113763));
#2468 = CARTESIAN_POINT('',(-58.26729206415,-11.34123875338,
    59.58625811436));
#2469 = CARTESIAN_POINT('',(-58.26729206515,-10.54540691894,
    59.586258114957));
#2470 = CARTESIAN_POINT('',(-58.26729206616,-9.749575084509,
    59.586258115555));
#2471 = CARTESIAN_POINT('',(-60.46874873174,-53.21862317911,
    54.892899346695));
#2472 = CARTESIAN_POINT('',(-60.46874873237,-51.53660545745,
    54.892899346999));
#2473 = CARTESIAN_POINT('',(-60.468748733,-49.8545877358,54.892899347303
    ));
#2474 = CARTESIAN_POINT('',(-60.46874873363,-48.17257001415,
    54.892899347608));
#2475 = CARTESIAN_POINT('',(-60.46874873425,-46.49055229249,
    54.892899347912));
#2476 = CARTESIAN_POINT('',(-60.46874873488,-43.25545002583,
    54.892899348217));
#2477 = CARTESIAN_POINT('',(-60.46874873551,-40.02034775917,
    54.892899348521));
#2478 = CARTESIAN_POINT('',(-60.46874873614,-38.46726321416,
    54.892899348826));
#2479 = CARTESIAN_POINT('',(-60.46874873677,-36.91417866916,
    54.89289934913));
#2480 = CARTESIAN_POINT('',(-60.4687487374,-35.36109412415,
    54.892899349434));
#2481 = CARTESIAN_POINT('',(-60.46874873803,-33.61924599265,
    54.892899349739));
#2482 = CARTESIAN_POINT('',(-60.46874873866,-33.43048240616,
    54.892899350043));
#2483 = CARTESIAN_POINT('',(-60.46874873929,-33.24171881967,
    54.892899350348));
#2484 = CARTESIAN_POINT('',(-60.46874873992,-33.05295523318,
    54.892899350652));
#2485 = CARTESIAN_POINT('',(-60.46874874055,-30.44415336774,
    54.892899350956));
#2486 = CARTESIAN_POINT('',(-60.46874874118,-27.8353515023,
    54.892899351261));
#2487 = CARTESIAN_POINT('',(-60.46874874181,-25.41531322335,
    54.892899351565));
#2488 = CARTESIAN_POINT('',(-60.46874874244,-22.9952749444,
    54.89289935187));
#2489 = CARTESIAN_POINT('',(-60.46874874307,-20.00819245062,
    54.892899352174));
#2490 = CARTESIAN_POINT('',(-60.4687487437,-17.02110995685,
    54.892899352479));
#2491 = CARTESIAN_POINT('',(-60.46874874433,-16.45406574202,
    54.892899352783));
#2492 = CARTESIAN_POINT('',(-60.46874874496,-15.8870215272,
    54.892899353087));
#2493 = CARTESIAN_POINT('',(-60.46874874558,-15.31997731237,
    54.892899353392));
#2494 = CARTESIAN_POINT('',(-60.46874874621,-14.71487192981,
    54.892899353696));
#2495 = CARTESIAN_POINT('',(-60.46874874684,-14.67681076207,54.892899354
    ));
#2496 = CARTESIAN_POINT('',(-60.46874874747,-14.63874959433,
    54.892899354305));
#2497 = CARTESIAN_POINT('',(-60.4687487481,-14.6006884266,
    54.892899354609));
#2498 = CARTESIAN_POINT('',(-60.46874874873,-14.56262725886,
    54.892899354914));
#2499 = CARTESIAN_POINT('',(-60.46874874936,-13.72873425669,
    54.892899355218));
#2500 = CARTESIAN_POINT('',(-60.46874874999,-12.93290242225,
    54.892899355522));
#2501 = CARTESIAN_POINT('',(-60.46874875062,-12.13707058781,
    54.892899355827));
#2502 = CARTESIAN_POINT('',(-60.46874875125,-11.34123875338,
    54.892899356131));
#2503 = CARTESIAN_POINT('',(-60.46874875188,-10.54540691894,
    54.892899356435));
#2504 = CARTESIAN_POINT('',(-60.46874875251,-9.749575084509,
    54.89289935674));
#2505 = CARTESIAN_POINT('',(-62.09005006848,-53.21862317911,
    49.999999999999));
#2506 = CARTESIAN_POINT('',(-62.09005006848,-51.53660545745,
    49.999999999999));
#2507 = CARTESIAN_POINT('',(-62.09005006848,-49.8545877358,
    49.999999999999));
#2508 = CARTESIAN_POINT('',(-62.09005006848,-48.17257001415,
    49.999999999999));
#2509 = CARTESIAN_POINT('',(-62.09005006848,-46.49055229249,
    49.999999999999));
#2510 = CARTESIAN_POINT('',(-62.09005006848,-43.25545002583,
    49.999999999999));
#2511 = CARTESIAN_POINT('',(-62.09005006848,-40.02034775917,
    49.999999999999));
#2512 = CARTESIAN_POINT('',(-62.09005006848,-38.46726321416,
    49.999999999999));
#2513 = CARTESIAN_POINT('',(-62.09005006848,-36.91417866916,
    49.999999999999));
#2514 = CARTESIAN_POINT('',(-62.09005006848,-35.36109412415,
    49.999999999999));
#2515 = CARTESIAN_POINT('',(-62.09005006848,-33.61924599265,
    49.999999999999));
#2516 = CARTESIAN_POINT('',(-62.09005006848,-33.43048240616,
    49.999999999999));
#2517 = CARTESIAN_POINT('',(-62.09005006848,-33.24171881967,
    49.999999999999));
#2518 = CARTESIAN_POINT('',(-62.09005006848,-33.05295523318,
    49.999999999999));
#2519 = CARTESIAN_POINT('',(-62.09005006848,-30.44415336774,50.));
#2520 = CARTESIAN_POINT('',(-62.09005006848,-27.8353515023,50.));
#2521 = CARTESIAN_POINT('',(-62.09005006848,-25.41531322335,50.));
#2522 = CARTESIAN_POINT('',(-62.09005006848,-22.9952749444,50.));
#2523 = CARTESIAN_POINT('',(-62.09005006848,-20.00819245062,50.));
#2524 = CARTESIAN_POINT('',(-62.09005006848,-17.02110995685,50.));
#2525 = CARTESIAN_POINT('',(-62.09005006848,-16.45406574202,50.));
#2526 = CARTESIAN_POINT('',(-62.09005006848,-15.8870215272,50.));
#2527 = CARTESIAN_POINT('',(-62.09005006848,-15.31997731237,50.));
#2528 = CARTESIAN_POINT('',(-62.09005006848,-14.71487192981,50.));
#2529 = CARTESIAN_POINT('',(-62.09005006848,-14.67681076207,50.));
#2530 = CARTESIAN_POINT('',(-62.09005006848,-14.63874959433,50.));
#2531 = CARTESIAN_POINT('',(-62.09005006848,-14.6006884266,50.));
#2532 = CARTESIAN_POINT('',(-62.09005006848,-14.56262725886,50.));
#2533 = CARTESIAN_POINT('',(-62.09005006848,-13.72873425669,50.));
#2534 = CARTESIAN_POINT('',(-62.09005006848,-12.93290242225,50.));
#2535 = CARTESIAN_POINT('',(-62.09005006848,-12.13707058781,50.));
#2536 = CARTESIAN_POINT('',(-62.09005006848,-11.34123875338,50.));
#2537 = CARTESIAN_POINT('',(-62.09005006848,-10.54540691894,50.));
#2538 = CARTESIAN_POINT('',(-62.09005006848,-9.749575084509,50.));
#2539 = ADVANCED_FACE('',(#2540),#2550,.F.);
#2540 = FACE_BOUND('',#2541,.F.);
#2541 = EDGE_LOOP('',(#2542,#2547,#2548,#2549));
#2542 = ORIENTED_EDGE('',*,*,#2543,.F.);
#2543 = EDGE_CURVE('',#1742,#2216,#2544,.T.);
#2544 = B_SPLINE_CURVE_WITH_KNOTS('',1,(#2545,#2546),.UNSPECIFIED.,.F.,
  .F.,(2,2),(0.,1.),.PIECEWISE_BEZIER_KNOTS.);
#2545 = CARTESIAN_POINT('',(40.,-9.749575084509,77.5));
#2546 = CARTESIAN_POINT('',(-40.,-9.749575084509,77.5));
#2547 = ORIENTED_EDGE('',*,*,#1754,.T.);
#2548 = ORIENTED_EDGE('',*,*,#718,.T.);
#2549 = ORIENTED_EDGE('',*,*,#2215,.F.);
#2550 = B_SPLINE_SURFACE_WITH_KNOTS('',6,1,(
    (#2551,#2552)
    ,(#2553,#2554)
    ,(#2555,#2556)
    ,(#2557,#2558)
    ,(#2559,#2560)
    ,(#2561,#2562)
    ,(#2563,#2564)
    ,(#2565,#2566)
    ,(#2567,#2568)
    ,(#2569,#2570)
    ,(#2571,#2572)
    ,(#2573,#2574)
    ,(#2575,#2576)
    ,(#2577,#2578)
    ,(#2579,#2580)
    ,(#2581,#2582)
    ,(#2583,#2584)
    ,(#2585,#2586)
    ,(#2587,#2588)
    ,(#2589,#2590)
    ,(#2591,#2592)
    ,(#2593,#2594)
    ,(#2595,#2596)
    ,(#2597,#2598)
    ,(#2599,#2600)
    ,(#2601,#2602)
    ,(#2603,#2604)
    ,(#2605,#2606)
    ,(#2607,#2608)
    ,(#2609,#2610)
    ,(#2611,#2612)
    ,(#2613,#2614)
    ,(#2615,#2616)
    ,(#2617,#2618
    )),.UNSPECIFIED.,.F.,.F.,.F.,(7,5,5,4,4,5,4,7),(2,2),(0.,
    8.729890232298,9.147402829908,15.367603553337,41.914252756135,
    43.984897983691,61.02148412251,79.472404836456),(0.,124.18010013696)
  ,.UNSPECIFIED.);
#2551 = CARTESIAN_POINT('',(40.,-9.749575084509,77.5));
#2552 = CARTESIAN_POINT('',(-40.,-9.749575084509,77.5));
#2553 = CARTESIAN_POINT('',(40.,-10.54540691894,77.5));
#2554 = CARTESIAN_POINT('',(-40.,-10.54540691894,77.5));
#2555 = CARTESIAN_POINT('',(40.,-11.34123875338,77.5));
#2556 = CARTESIAN_POINT('',(-40.,-11.34123875338,77.5));
#2557 = CARTESIAN_POINT('',(40.,-12.13707058781,77.5));
#2558 = CARTESIAN_POINT('',(-40.,-12.13707058781,77.5));
#2559 = CARTESIAN_POINT('',(40.,-12.93290242225,77.5));
#2560 = CARTESIAN_POINT('',(-40.,-12.93290242225,77.5));
#2561 = CARTESIAN_POINT('',(40.,-13.72873425669,77.5));
#2562 = CARTESIAN_POINT('',(-40.,-13.72873425669,77.5));
#2563 = CARTESIAN_POINT('',(40.,-14.56262725886,77.5));
#2564 = CARTESIAN_POINT('',(-40.,-14.56262725886,77.5));
#2565 = CARTESIAN_POINT('',(40.,-14.6006884266,77.5));
#2566 = CARTESIAN_POINT('',(-40.,-14.6006884266,77.5));
#2567 = CARTESIAN_POINT('',(40.,-14.63874959433,77.5));
#2568 = CARTESIAN_POINT('',(-40.,-14.63874959433,77.5));
#2569 = CARTESIAN_POINT('',(40.,-14.67681076207,77.5));
#2570 = CARTESIAN_POINT('',(-40.,-14.67681076207,77.5));
#2571 = CARTESIAN_POINT('',(40.,-14.71487192981,77.5));
#2572 = CARTESIAN_POINT('',(-40.,-14.71487192981,77.5));
#2573 = CARTESIAN_POINT('',(40.,-15.31997731237,77.5));
#2574 = CARTESIAN_POINT('',(-40.,-15.31997731237,77.5));
#2575 = CARTESIAN_POINT('',(40.,-15.8870215272,77.5));
#2576 = CARTESIAN_POINT('',(-40.,-15.8870215272,77.5));
#2577 = CARTESIAN_POINT('',(40.,-16.45406574202,77.5));
#2578 = CARTESIAN_POINT('',(-40.,-16.45406574202,77.5));
#2579 = CARTESIAN_POINT('',(40.,-17.02110995685,77.5));
#2580 = CARTESIAN_POINT('',(-40.,-17.02110995685,77.5));
#2581 = CARTESIAN_POINT('',(40.,-20.00819245062,77.5));
#2582 = CARTESIAN_POINT('',(-40.,-20.00819245062,77.5));
#2583 = CARTESIAN_POINT('',(40.,-22.9952749444,77.5));
#2584 = CARTESIAN_POINT('',(-40.,-22.9952749444,77.5));
#2585 = CARTESIAN_POINT('',(40.,-25.41531322335,77.5));
#2586 = CARTESIAN_POINT('',(-40.,-25.41531322335,77.5));
#2587 = CARTESIAN_POINT('',(40.,-27.8353515023,77.5));
#2588 = CARTESIAN_POINT('',(-40.,-27.8353515023,77.5));
#2589 = CARTESIAN_POINT('',(40.,-30.44415336774,77.5));
#2590 = CARTESIAN_POINT('',(-40.,-30.44415336774,77.5));
#2591 = CARTESIAN_POINT('',(40.,-33.05295523318,77.5));
#2592 = CARTESIAN_POINT('',(-40.,-33.05295523318,77.5));
#2593 = CARTESIAN_POINT('',(40.,-33.24171881967,77.5));
#2594 = CARTESIAN_POINT('',(-40.,-33.24171881967,77.5));
#2595 = CARTESIAN_POINT('',(40.,-33.43048240616,77.5));
#2596 = CARTESIAN_POINT('',(-40.,-33.43048240616,77.5));
#2597 = CARTESIAN_POINT('',(40.,-33.61924599265,77.5));
#2598 = CARTESIAN_POINT('',(-40.,-33.61924599265,77.5));
#2599 = CARTESIAN_POINT('',(40.,-35.36109412415,77.5));
#2600 = CARTESIAN_POINT('',(-40.,-35.36109412415,77.5));
#2601 = CARTESIAN_POINT('',(40.,-36.91417866916,77.499999999999));
#2602 = CARTESIAN_POINT('',(-40.,-36.91417866916,77.5));
#2603 = CARTESIAN_POINT('',(40.,-38.46726321416,77.499999999999));
#2604 = CARTESIAN_POINT('',(-40.,-38.46726321416,77.5));
#2605 = CARTESIAN_POINT('',(40.,-40.02034775917,77.499999999999));
#2606 = CARTESIAN_POINT('',(-40.,-40.02034775917,77.5));
#2607 = CARTESIAN_POINT('',(40.,-43.25545002583,77.499999999999));
#2608 = CARTESIAN_POINT('',(-40.,-43.25545002583,77.5));
#2609 = CARTESIAN_POINT('',(40.,-46.49055229249,77.499999999999));
#2610 = CARTESIAN_POINT('',(-40.,-46.49055229249,77.5));
#2611 = CARTESIAN_POINT('',(40.,-48.17257001415,77.499999999999));
#2612 = CARTESIAN_POINT('',(-40.,-48.17257001415,77.5));
#2613 = CARTESIAN_POINT('',(40.,-49.8545877358,77.499999999999));
#2614 = CARTESIAN_POINT('',(-40.,-49.8545877358,77.499999999999));
#2615 = CARTESIAN_POINT('',(40.,-51.53660545745,77.499999999999));
#2616 = CARTESIAN_POINT('',(-40.,-51.53660545745,77.499999999999));
#2617 = CARTESIAN_POINT('',(40.,-53.21862317911,77.499999999999));
#2618 = CARTESIAN_POINT('',(-40.,-53.21862317911,77.499999999999));
#2619 = ADVANCED_FACE('',(#2620),#2638,.F.);
#2620 = FACE_BOUND('',#2621,.F.);
#2621 = EDGE_LOOP('',(#2622,#2623,#2624,#2625,#2626,#2627));
#2622 = ORIENTED_EDGE('',*,*,#1741,.T.);
#2623 = ORIENTED_EDGE('',*,*,#2543,.T.);
#2624 = ORIENTED_EDGE('',*,*,#2256,.T.);
#2625 = ORIENTED_EDGE('',*,*,#965,.T.);
#2626 = ORIENTED_EDGE('',*,*,#1270,.F.);
#2627 = ORIENTED_EDGE('',*,*,#2628,.F.);
#2628 = EDGE_CURVE('',#1703,#1262,#2629,.T.);
#2629 = B_SPLINE_CURVE_WITH_KNOTS('',7,(#2630,#2631,#2632,#2633,#2634,
    #2635,#2636,#2637),.UNSPECIFIED.,.F.,.F.,(8,8),(0.,1.),
  .PIECEWISE_BEZIER_KNOTS.);
#2630 = CARTESIAN_POINT('',(62.090050068486,-9.749575084509,50.));
#2631 = CARTESIAN_POINT('',(62.520086119427,-9.749575084509,
    48.702201067563));
#2632 = CARTESIAN_POINT('',(62.909403546856,-9.749575084509,
    47.391045729574));
#2633 = CARTESIAN_POINT('',(63.25689162915,-9.749575084509,
    46.067835730525));
#2634 = CARTESIAN_POINT('',(63.562443454757,-9.749575084509,
    44.734204008623));
#2635 = CARTESIAN_POINT('',(63.825704806259,-9.749575084509,
    43.391696604648));
#2636 = CARTESIAN_POINT('',(64.046060996252,-9.749575084509,
    42.041830118966));
#2637 = CARTESIAN_POINT('',(64.223945210558,-9.749575084509,
    40.686260024711));
#2638 = PLANE('',#2639);
#2639 = AXIS2_PLACEMENT_3D('',#2640,#2641,#2642);
#2640 = CARTESIAN_POINT('',(89.,-9.749575084509,77.5));
#2641 = DIRECTION('',(0.,-1.,2.2E-16));
#2642 = DIRECTION('',(2.2E-16,-2.2E-16,-1.));
#2643 = ADVANCED_FACE('',(#2644),#2674,.T.);
#2644 = FACE_BOUND('',#2645,.T.);
#2645 = EDGE_LOOP('',(#2646,#2652,#2653,#2673));
#2646 = ORIENTED_EDGE('',*,*,#2647,.F.);
#2647 = EDGE_CURVE('',#1254,#1325,#2648,.T.);
#2648 = LINE('',#2649,#2650);
#2649 = CARTESIAN_POINT('',(64.223945210558,-5.481450854263E-15,
    24.68626002471));
#2650 = VECTOR('',#2651,1.);
#2651 = DIRECTION('',(0.,-1.,2.22044604925E-16));
#2652 = ORIENTED_EDGE('',*,*,#1261,.F.);
#2653 = ORIENTED_EDGE('',*,*,#2654,.F.);
#2654 = EDGE_CURVE('',#1312,#1262,#2655,.T.);
#2655 = B_SPLINE_CURVE_WITH_KNOTS('',6,(#2656,#2657,#2658,#2659,#2660,
    #2661,#2662,#2663,#2664,#2665,#2666,#2667,#2668,#2669,#2670,#2671,
    #2672),.UNSPECIFIED.,.F.,.F.,(7,5,5,7),(0.,0.351212179439,
    0.839150298937,1.),.UNSPECIFIED.);
#2656 = CARTESIAN_POINT('',(64.223945210558,-14.92702228615,
    33.837091747089));
#2657 = CARTESIAN_POINT('',(64.223945210558,-14.58814540864,
    34.180860881186));
#2658 = CARTESIAN_POINT('',(64.223945210558,-14.25335856128,
    34.5296537767));
#2659 = CARTESIAN_POINT('',(64.223945210558,-13.92299506578,
    34.884690039444));
#2660 = CARTESIAN_POINT('',(64.223945210558,-13.59735045109,
    35.24700805577));
#2661 = CARTESIAN_POINT('',(64.223945210558,-13.27667818304,
    35.61742760079));
#2662 = CARTESIAN_POINT('',(64.223945210558,-12.52289526155,
    36.52326356753));
#2663 = CARTESIAN_POINT('',(64.223945210558,-12.09459460338,
    37.066794542702));
#2664 = CARTESIAN_POINT('',(64.223945210558,-11.67690304114,
    37.628727042701));
#2665 = CARTESIAN_POINT('',(64.223945210558,-11.27021454669,
    38.209902338602));
#2666 = CARTESIAN_POINT('',(64.223945210558,-10.87476358785,
    38.810471354853));
#2667 = CARTESIAN_POINT('',(64.223945210558,-10.3640742048,
    39.634299062521));
#2668 = CARTESIAN_POINT('',(64.223945210558,-10.23869644105,
    39.840614517809));
#2669 = CARTESIAN_POINT('',(64.223945210558,-10.11455637058,
    40.048987125952));
#2670 = CARTESIAN_POINT('',(64.223945210558,-9.991656042488,
    40.259400326639));
#2671 = CARTESIAN_POINT('',(64.223945210558,-9.869995960793,
    40.47183311162));
#2672 = CARTESIAN_POINT('',(64.223945210558,-9.749575084509,
    40.686260024709));
#2673 = ORIENTED_EDGE('',*,*,#1324,.F.);
#2674 = PLANE('',#2675);
#2675 = AXIS2_PLACEMENT_3D('',#2676,#2677,#2678);
#2676 = CARTESIAN_POINT('',(64.223945210558,-9.922342952764E-15,
    44.68626002471));
#2677 = DIRECTION('',(1.,0.,0.));
#2678 = DIRECTION('',(0.,2.22044604925E-16,-1.));
#2679 = ADVANCED_FACE('',(#2680),#2683,.T.);
#2680 = FACE_BOUND('',#2681,.T.);
#2681 = EDGE_LOOP('',(#2682));
#2682 = ORIENTED_EDGE('',*,*,#1293,.T.);
#2683 = PLANE('',#2684);
#2684 = AXIS2_PLACEMENT_3D('',#2685,#2686,#2687);
#2685 = CARTESIAN_POINT('',(0.444793598715,-39.,59.465271229753));
#2686 = DIRECTION('',(1.965E-13,-1.,1.224E-14));
#2687 = DIRECTION('',(0.998290122299,1.968794819718E-13,
    5.845367157287E-02));
#2688 = ADVANCED_FACE('',(#2689),#2694,.T.);
#2689 = FACE_BOUND('',#2690,.T.);
#2690 = EDGE_LOOP('',(#2691,#2692,#2693));
#2691 = ORIENTED_EDGE('',*,*,#1311,.F.);
#2692 = ORIENTED_EDGE('',*,*,#2654,.T.);
#2693 = ORIENTED_EDGE('',*,*,#2068,.T.);
#2694 = B_SPLINE_SURFACE_WITH_KNOTS('',3,1,(
    (#2695,#2696)
    ,(#2697,#2698)
    ,(#2699,#2700)
    ,(#2701,#2702)
    ,(#2703,#2704)
    ,(#2705,#2706)
    ,(#2707,#2708)
    ,(#2709,#2710)
    ,(#2711,#2712)
    ,(#2713,#2714)
    ,(#2715,#2716
  )),.UNSPECIFIED.,.F.,.F.,.F.,(4,1,1,1,1,1,1,1,4),(2,2),(0.,
    19.382770985267,20.939357909601,39.454999112995,40.460316214699,
    61.36226564533,67.342367440101,71.546999675507,83.486100584084),(0.,
    1.),.UNSPECIFIED.);
#2695 = CARTESIAN_POINT('',(11.5,-53.21862317911,50.));
#2696 = CARTESIAN_POINT('',(11.5,-53.21862317911,50.));
#2697 = CARTESIAN_POINT('',(15.233077916183,-52.43526008046,
    44.440525021828));
#2698 = CARTESIAN_POINT('',(15.011601337523,-52.2605539316,
    44.82756492608));
#2699 = CARTESIAN_POINT('',(20.058921056093,-50.43597036724,
    39.568025346608));
#2700 = CARTESIAN_POINT('',(19.474635480966,-50.10589369074,
    40.158623632604));
#2701 = CARTESIAN_POINT('',(29.911732601419,-45.03173833769,
    32.863919564311));
#2702 = CARTESIAN_POINT('',(28.45190510175,-44.5283856474,33.59213213064
    ));
#2703 = CARTESIAN_POINT('',(35.529181942349,-41.33556748552,
    30.557858540228));
#2704 = CARTESIAN_POINT('',(33.527258340999,-40.78967923139,
    31.205571692481));
#2705 = CARTESIAN_POINT('',(46.041197828241,-33.04462099654,
    27.454570421262));
#2706 = CARTESIAN_POINT('',(43.533221305737,-32.60399690614,
    28.252171974145));
#2707 = CARTESIAN_POINT('',(53.052352276882,-26.40677707032,
    26.290554524783));
#2708 = CARTESIAN_POINT('',(50.586770994036,-26.21819849693,
    27.535442308146));
#2709 = CARTESIAN_POINT('',(60.004948957236,-19.48547365938,
    29.930608346316));
#2710 = CARTESIAN_POINT('',(56.939632985586,-19.44513439302,
    30.356690587745));
#2711 = CARTESIAN_POINT('',(64.471352050112,-14.78637514785,
    33.602858343613));
#2712 = CARTESIAN_POINT('',(60.921372975817,-14.82255331244,
    33.480551203782));
#2713 = CARTESIAN_POINT('',(66.970930935786,-11.69913375009,
    37.330590003255));
#2714 = CARTESIAN_POINT('',(63.11823789314,-11.74892382647,
    37.126128325299));
#2715 = CARTESIAN_POINT('',(68.223945210558,-9.749575084509,
    40.686260024709));
#2716 = CARTESIAN_POINT('',(64.223945210558,-9.749575084509,
    40.686260024709));
#2717 = ADVANCED_FACE('',(#2718),#2736,.T.);
#2718 = FACE_BOUND('',#2719,.T.);
#2719 = EDGE_LOOP('',(#2720,#2721,#2729,#2735));
#2720 = ORIENTED_EDGE('',*,*,#1630,.T.);
#2721 = ORIENTED_EDGE('',*,*,#2722,.T.);
#2722 = EDGE_CURVE('',#1631,#2723,#2725,.T.);
#2723 = VERTEX_POINT('',#2724);
#2724 = CARTESIAN_POINT('',(68.223945210558,-6.455777250724,
    18.68626002471));
#2725 = LINE('',#2726,#2727);
#2726 = CARTESIAN_POINT('',(49.583104529648,-35.26416136191,
    -3.529028825741));
#2727 = VECTOR('',#2728,1.);
#2728 = DIRECTION('',(0.456023555932,0.704759081842,0.543467711089));
#2729 = ORIENTED_EDGE('',*,*,#2730,.F.);
#2730 = EDGE_CURVE('',#1398,#2723,#2731,.T.);
#2731 = LINE('',#2732,#2733);
#2732 = CARTESIAN_POINT('',(68.223945210558,-6.455777250724,
    24.68626002471));
#2733 = VECTOR('',#2734,1.);
#2734 = DIRECTION('',(0.,0.,-1.));
#2735 = ORIENTED_EDGE('',*,*,#1440,.T.);
#2736 = PLANE('',#2737);
#2737 = AXIS2_PLACEMENT_3D('',#2738,#2739,#2740);
#2738 = CARTESIAN_POINT('',(49.583104529648,-35.26416136191,
    2.470971174259));
#2739 = DIRECTION('',(0.839568541487,-0.543253775087,0.));
#2740 = DIRECTION('',(0.456023555932,0.704759081842,0.543467711089));
#2741 = ADVANCED_FACE('',(#2742),#2752,.T.);
#2742 = FACE_BOUND('',#2743,.T.);
#2743 = EDGE_LOOP('',(#2744,#2750,#2751));
#2744 = ORIENTED_EDGE('',*,*,#2745,.T.);
#2745 = EDGE_CURVE('',#1398,#1254,#2746,.T.);
#2746 = LINE('',#2747,#2748);
#2747 = CARTESIAN_POINT('',(89.,-6.455777250724,24.68626002471));
#2748 = VECTOR('',#2749,1.);
#2749 = DIRECTION('',(-1.,-0.,-0.));
#2750 = ORIENTED_EDGE('',*,*,#2647,.T.);
#2751 = ORIENTED_EDGE('',*,*,#1397,.F.);
#2752 = PLANE('',#2753);
#2753 = AXIS2_PLACEMENT_3D('',#2754,#2755,#2756);
#2754 = CARTESIAN_POINT('',(64.223945210558,-5.481450854263E-15,
    24.68626002471));
#2755 = DIRECTION('',(0.,2.22044604925E-16,1.));
#2756 = DIRECTION('',(1.,0.,0.));
#2757 = ADVANCED_FACE('',(#2758),#2764,.F.);
#2758 = FACE_BOUND('',#2759,.T.);
#2759 = EDGE_LOOP('',(#2760,#2761,#2762,#2763));
#2760 = ORIENTED_EDGE('',*,*,#1593,.T.);
#2761 = ORIENTED_EDGE('',*,*,#1686,.T.);
#2762 = ORIENTED_EDGE('',*,*,#1661,.F.);
#2763 = ORIENTED_EDGE('',*,*,#1616,.F.);
#2764 = PLANE('',#2765);
#2765 = AXIS2_PLACEMENT_3D('',#2766,#2767,#2768);
#2766 = CARTESIAN_POINT('',(-45.58310452964,-35.26416136191,
    2.470971174259));
#2767 = DIRECTION('',(-0.839568541487,-0.543253775087,-0.));
#2768 = DIRECTION('',(0.456023555932,-0.704759081842,-0.543467711089));
#2769 = ADVANCED_FACE('',(#2770),#2788,.F.);
#2770 = FACE_BOUND('',#2771,.F.);
#2771 = EDGE_LOOP('',(#2772,#2773,#2781,#2787));
#2772 = ORIENTED_EDGE('',*,*,#1646,.T.);
#2773 = ORIENTED_EDGE('',*,*,#2774,.T.);
#2774 = EDGE_CURVE('',#1639,#2775,#2777,.T.);
#2775 = VERTEX_POINT('',#2776);
#2776 = CARTESIAN_POINT('',(64.223945210558,-6.455777250724,
    18.68626002471));
#2777 = LINE('',#2778,#2779);
#2778 = CARTESIAN_POINT('',(45.583104529648,-35.26416136191,
    -3.529028825741));
#2779 = VECTOR('',#2780,1.);
#2780 = DIRECTION('',(0.456023555932,0.704759081842,0.543467711089));
#2781 = ORIENTED_EDGE('',*,*,#2782,.F.);
#2782 = EDGE_CURVE('',#1254,#2775,#2783,.T.);
#2783 = LINE('',#2784,#2785);
#2784 = CARTESIAN_POINT('',(64.223945210558,-6.455777250724,
    24.68626002471));
#2785 = VECTOR('',#2786,1.);
#2786 = DIRECTION('',(0.,0.,-1.));
#2787 = ORIENTED_EDGE('',*,*,#1609,.F.);
#2788 = PLANE('',#2789);
#2789 = AXIS2_PLACEMENT_3D('',#2790,#2791,#2792);
#2790 = CARTESIAN_POINT('',(45.583104529648,-35.26416136191,
    2.470971174259));
#2791 = DIRECTION('',(0.839568541487,-0.543253775087,0.));
#2792 = DIRECTION('',(0.456023555932,0.704759081842,0.543467711089));
#2793 = ADVANCED_FACE('',(#2794),#2805,.F.);
#2794 = FACE_BOUND('',#2795,.T.);
#2795 = EDGE_LOOP('',(#2796,#2797,#2798,#2804));
#2796 = ORIENTED_EDGE('',*,*,#1638,.T.);
#2797 = ORIENTED_EDGE('',*,*,#2774,.T.);
#2798 = ORIENTED_EDGE('',*,*,#2799,.T.);
#2799 = EDGE_CURVE('',#2775,#2723,#2800,.T.);
#2800 = LINE('',#2801,#2802);
#2801 = CARTESIAN_POINT('',(64.223945210558,-6.455777250724,
    18.68626002471));
#2802 = VECTOR('',#2803,1.);
#2803 = DIRECTION('',(1.,0.,0.));
#2804 = ORIENTED_EDGE('',*,*,#2722,.F.);
#2805 = PLANE('',#2806);
#2806 = AXIS2_PLACEMENT_3D('',#2807,#2808,#2809);
#2807 = CARTESIAN_POINT('',(56.903524870103,-20.85996930632,
    7.578615599485));
#2808 = DIRECTION('',(-4.688476520054E-15,-0.610660036164,0.791892871689
    ));
#2809 = DIRECTION('',(3.944304526105E-31,0.791892871689,0.610660036164)
  );
#2810 = ADVANCED_FACE('',(#2811),#2816,.F.);
#2811 = FACE_BOUND('',#2812,.F.);
#2812 = EDGE_LOOP('',(#2813,#2814,#2815));
#2813 = ORIENTED_EDGE('',*,*,#1702,.T.);
#2814 = ORIENTED_EDGE('',*,*,#2628,.T.);
#2815 = ORIENTED_EDGE('',*,*,#2106,.F.);
#2816 = B_SPLINE_SURFACE_WITH_KNOTS('',6,7,(
    (#2817,#2818,#2819,#2820,#2821,#2822,#2823,#2824)
    ,(#2825,#2826,#2827,#2828,#2829,#2830,#2831,#2832)
    ,(#2833,#2834,#2835,#2836,#2837,#2838,#2839,#2840)
    ,(#2841,#2842,#2843,#2844,#2845,#2846,#2847,#2848)
    ,(#2849,#2850,#2851,#2852,#2853,#2854,#2855,#2856)
    ,(#2857,#2858,#2859,#2860,#2861,#2862,#2863,#2864)
    ,(#2865,#2866,#2867,#2868,#2869,#2870,#2871,#2872)
    ,(#2873,#2874,#2875,#2876,#2877,#2878,#2879,#2880)
    ,(#2881,#2882,#2883,#2884,#2885,#2886,#2887,#2888)
    ,(#2889,#2890,#2891,#2892,#2893,#2894,#2895,#2896)
    ,(#2897,#2898,#2899,#2900,#2901,#2902,#2903,#2904)
    ,(#2905,#2906,#2907,#2908,#2909,#2910,#2911,#2912)
    ,(#2913,#2914,#2915,#2916,#2917,#2918,#2919,#2920)
    ,(#2921,#2922,#2923,#2924,#2925,#2926,#2927,#2928)
    ,(#2929,#2930,#2931,#2932,#2933,#2934,#2935,#2936)
    ,(#2937,#2938,#2939,#2940,#2941,#2942,#2943,#2944)
    ,(#2945,#2946,#2947,#2948,#2949,#2950,#2951,#2952)
    ,(#2953,#2954,#2955,#2956,#2957,#2958,#2959,#2960)
    ,(#2961,#2962,#2963,#2964,#2965,#2966,#2967,#2968)
    ,(#2969,#2970,#2971,#2972,#2973,#2974,#2975,#2976)
    ,(#2977,#2978,#2979,#2980,#2981,#2982,#2983,#2984)
    ,(#2985,#2986,#2987,#2988,#2989,#2990,#2991,#2992)
    ,(#2993,#2994,#2995,#2996,#2997,#2998,#2999,#3000)
    ,(#3001,#3002,#3003,#3004,#3005,#3006,#3007,#3008)
    ,(#3009,#3010,#3011,#3012,#3013,#3014,#3015,#3016)
    ,(#3017,#3018,#3019,#3020,#3021,#3022,#3023,#3024)
    ,(#3025,#3026,#3027,#3028,#3029,#3030,#3031,#3032)
    ,(#3033,#3034,#3035,#3036,#3037,#3038,#3039,#3040)
    ,(#3041,#3042,#3043,#3044,#3045,#3046,#3047,#3048)
    ,(#3049,#3050,#3051,#3052,#3053,#3054,#3055,#3056)
    ,(#3057,#3058,#3059,#3060,#3061,#3062,#3063,#3064)
    ,(#3065,#3066,#3067,#3068,#3069,#3070,#3071,#3072)
    ,(#3073,#3074,#3075,#3076,#3077,#3078,#3079,#3080)
    ,(#3081,#3082,#3083,#3084,#3085,#3086,#3087,#3088
  )),.UNSPECIFIED.,.F.,.F.,.F.,(7,4,5,4,4,5,5,7),(8,8),(0.,
    18.450920713946,35.487506852765,37.55815208032,64.104801283118,
    70.325002006548,70.742514604158,79.472404836456),(0.,1.),
  .UNSPECIFIED.);
#2817 = CARTESIAN_POINT('',(62.090050068483,-53.21862317911,
    49.999999999999));
#2818 = CARTESIAN_POINT('',(62.090050068486,-53.21862317911,50.));
#2819 = CARTESIAN_POINT('',(62.090050068486,-53.21862317911,
    49.999999999999));
#2820 = CARTESIAN_POINT('',(62.090050068485,-53.21862317911,
    49.999999999999));
#2821 = CARTESIAN_POINT('',(62.090050068484,-53.21862317911,
    49.999999999999));
#2822 = CARTESIAN_POINT('',(62.090050068484,-53.21862317911,
    49.999999999999));
#2823 = CARTESIAN_POINT('',(62.090050068483,-53.21862317911,
    49.999999999999));
#2824 = CARTESIAN_POINT('',(62.090050068487,-53.21862317911,50.));
#2825 = CARTESIAN_POINT('',(62.090050068483,-51.53660545745,
    49.999999999999));
#2826 = CARTESIAN_POINT('',(62.13116115749,-51.55794783998,
    49.888372591305));
#2827 = CARTESIAN_POINT('',(62.17103834881,-51.5792902225,
    49.776340443048));
#2828 = CARTESIAN_POINT('',(62.209647984218,-51.60063260502,
    49.663943002032));
#2829 = CARTESIAN_POINT('',(62.246986823968,-51.62197498754,
    49.551229751232));
#2830 = CARTESIAN_POINT('',(62.2830441342,-51.64331737007,49.43824754037
    ));
#2831 = CARTESIAN_POINT('',(62.317801288023,-51.66465975259,
    49.325042327031));
#2832 = CARTESIAN_POINT('',(62.35127141228,-51.68600213511,
    49.21166427707));
#2833 = CARTESIAN_POINT('',(62.090050068483,-49.8545877358,
    49.999999999999));
#2834 = CARTESIAN_POINT('',(62.16811447871,-49.8939584843,
    49.781849258195));
#2835 = CARTESIAN_POINT('',(62.243711093569,-49.9333292328,
    49.562889037266));
#2836 = CARTESIAN_POINT('',(62.316772596602,-49.9726999813,
    49.343198230819));
#2837 = CARTESIAN_POINT('',(62.387292508321,-50.0120707298,
    49.122875804804));
#2838 = CARTESIAN_POINT('',(62.455249361003,-50.0514414783,
    48.902015458664));
#2839 = CARTESIAN_POINT('',(62.520605900866,-50.0908122268,
    48.680709107572));
#2840 = CARTESIAN_POINT('',(62.583388381596,-50.1301829753,
    48.459057083233));
#2841 = CARTESIAN_POINT('',(62.090050068483,-48.17257001415,
    49.999999999999));
#2842 = CARTESIAN_POINT('',(62.201324588426,-48.22691382286,
    49.680626487714));
#2843 = CARTESIAN_POINT('',(62.308897415319,-48.28125763157,
    49.360038756741));
#2844 = CARTESIAN_POINT('',(62.412667574472,-48.33560144029,
    49.03835514749));
#2845 = CARTESIAN_POINT('',(62.512625346654,-48.389945249,
    48.715724108889));
#2846 = CARTESIAN_POINT('',(62.608738530281,-48.44428905771,
    48.3922861901));
#2847 = CARTESIAN_POINT('',(62.70095124468,-48.49863286643,
    48.068179263882));
#2848 = CARTESIAN_POINT('',(62.789302870379,-48.55297667514,
    47.743553827795));
#2849 = CARTESIAN_POINT('',(62.090050068483,-46.49055229249,
    49.999999999999));
#2850 = CARTESIAN_POINT('',(62.231178266138,-46.55706662867,
    49.58486493487));
#2851 = CARTESIAN_POINT('',(62.36737087306,-46.62358096486,
    49.168110911491));
#2852 = CARTESIAN_POINT('',(62.49849325633,-46.69009530104,
    48.749895717075));
#2853 = CARTESIAN_POINT('',(62.624532456971,-46.75660963723,
    48.330417283525));
#2854 = CARTESIAN_POINT('',(62.745445539538,-46.82312397341,
    47.909863009724));
#2855 = CARTESIAN_POINT('',(62.861157996468,-46.88963830959,
    47.488416726019));
#2856 = CARTESIAN_POINT('',(62.971722335133,-46.95615264578,
    47.06627909582));
#2857 = CARTESIAN_POINT('',(62.090050068484,-43.25545002583,
    49.999999999999));
#2858 = CARTESIAN_POINT('',(62.279322446583,-43.3404517244,
    49.410522470492));
#2859 = CARTESIAN_POINT('',(62.462425336268,-43.42545342298,
    48.819021243173));
#2860 = CARTESIAN_POINT('',(62.639190446387,-43.51045512155,
    48.225693552056));
#2861 = CARTESIAN_POINT('',(62.80960157822,-43.59545682012,
    47.630786812023));
#2862 = CARTESIAN_POINT('',(62.973605062461,-43.68045851869,
    47.034535271676));
#2863 = CARTESIAN_POINT('',(63.131107764656,-43.76546021727,
    46.437168718949));
#2864 = CARTESIAN_POINT('',(63.282175319019,-43.85046191584,
    45.838937983105));
#2865 = CARTESIAN_POINT('',(62.090050068484,-40.02034775917,
    49.999999999999));
#2866 = CARTESIAN_POINT('',(62.317555756481,-40.11523462627,
    49.257264628249));
#2867 = CARTESIAN_POINT('',(62.537658058382,-40.21012149337,
    48.512100819126));
#2868 = CARTESIAN_POINT('',(62.750155024803,-40.30500836047,
    47.764745253446));
#2869 = CARTESIAN_POINT('',(62.955027217282,-40.39989522757,
    47.015494829065));
#2870 = CARTESIAN_POINT('',(63.15221023265,-40.49478209467,
    46.264630644308));
#2871 = CARTESIAN_POINT('',(63.341592309562,-40.58966896177,
    45.512428444694));
#2872 = CARTESIAN_POINT('',(63.523252209077,-40.68455582887,
    44.75918922534));
#2873 = CARTESIAN_POINT('',(62.090050068484,-38.46726321416,
    49.999999999999));
#2874 = CARTESIAN_POINT('',(62.335852157465,-38.56509660541,
    49.18914930786));
#2875 = CARTESIAN_POINT('',(62.573016962667,-38.66292999665,
    48.375465438784));
#2876 = CARTESIAN_POINT('',(62.801308876478,-38.7607633879,
    47.559224520393));
#2877 = CARTESIAN_POINT('',(63.020705220688,-38.85859677914,
    46.740772933517));
#2878 = CARTESIAN_POINT('',(63.231130858269,-38.95643017039,
    45.920438626203));
#2879 = CARTESIAN_POINT('',(63.432455400986,-39.05426356164,
    45.098543301556));
#2880 = CARTESIAN_POINT('',(63.624770736738,-39.15209695288,
    44.275438120545));
#2881 = CARTESIAN_POINT('',(62.090050068484,-36.91417866916,
    49.999999999999));
#2882 = CARTESIAN_POINT('',(62.352346511157,-37.01333496438,
    49.126044953651));
#2883 = CARTESIAN_POINT('',(62.604771772369,-37.1124912596,
    48.248851990804));
#2884 = CARTESIAN_POINT('',(62.847056586277,-37.21164755482,
    47.368736685882));
#2885 = CARTESIAN_POINT('',(63.079175034926,-37.31080385005,
    46.486094902693));
#2886 = CARTESIAN_POINT('',(63.301041247429,-37.40996014527,
    45.601301439001));
#2887 = CARTESIAN_POINT('',(63.512506208657,-37.50911644049,
    44.714723955502));
#2888 = CARTESIAN_POINT('',(63.713674933355,-37.60827273571,
    43.826763779015));
#2889 = CARTESIAN_POINT('',(62.090050068484,-35.36109412415,
    49.999999999999));
#2890 = CARTESIAN_POINT('',(62.367241464836,-35.46011557382,
    49.068005122612));
#2891 = CARTESIAN_POINT('',(62.633327782045,-35.55913702349,
    48.132367589165));
#2892 = CARTESIAN_POINT('',(62.888006096036,-35.65815847317,
    47.193442420883));
#2893 = CARTESIAN_POINT('',(63.131247249112,-35.75717992284,
    46.25167496455));
#2894 = CARTESIAN_POINT('',(63.362954636523,-35.85620137251,
    45.307486867652));
#2895 = CARTESIAN_POINT('',(63.58296061625,-35.95522282219,
    44.36129174847));
#2896 = CARTESIAN_POINT('',(63.79138332988,-36.05424427186,
    43.413541099678));
#2897 = CARTESIAN_POINT('',(62.090050068484,-33.61924599265,
    49.999999999999));
#2898 = CARTESIAN_POINT('',(62.381888718364,-33.71665508209,
    49.008519158876));
#2899 = CARTESIAN_POINT('',(62.661388391419,-33.81406417153,
    48.012990922131));
#2900 = CARTESIAN_POINT('',(62.928212505342,-33.91147326097,
    47.013809757791));
#2901 = CARTESIAN_POINT('',(63.182328662693,-34.00888235041,
    46.011470495618));
#2902 = CARTESIAN_POINT('',(63.423629524861,-34.10629143986,
    45.006441632816));
#2903 = CARTESIAN_POINT('',(63.651928822936,-34.2037005293,
    43.999182745255));
#2904 = CARTESIAN_POINT('',(63.867357825348,-34.30110961874,
    42.990195491459));
#2905 = CARTESIAN_POINT('',(62.090050068484,-33.43048240616,
    49.999999999999));
#2906 = CARTESIAN_POINT('',(62.386837622513,-33.52769767612,
    49.003032654033));
#2907 = CARTESIAN_POINT('',(62.670052302035,-33.62491294608,
    48.001613172882));
#2908 = CARTESIAN_POINT('',(62.939323866512,-33.72212821604,
    46.996175471377));
#2909 = CARTESIAN_POINT('',(63.194616678759,-33.819343486,
    45.987263862255));
#2910 = CARTESIAN_POINT('',(63.435812666305,-33.91655875596,
    44.975393692443));
#2911 = CARTESIAN_POINT('',(63.662706933348,-34.01377402592,
    43.961070495394));
#2912 = CARTESIAN_POINT('',(63.875443875163,-34.11098929588,
    42.944846095487));
#2913 = CARTESIAN_POINT('',(62.090050068484,-33.24171881967,
    49.999999999999));
#2914 = CARTESIAN_POINT('',(62.391765801074,-33.33872146907,
    48.997621719992));
#2915 = CARTESIAN_POINT('',(62.678674761474,-33.43572411847,
    47.990386565237));
#2916 = CARTESIAN_POINT('',(62.950373050917,-33.53272676787,
    46.97876789737));
#2917 = CARTESIAN_POINT('',(63.206821792473,-33.62972941727,
    45.963359512101));
#2918 = CARTESIAN_POINT('',(63.447892179809,-33.72673206667,
    44.94472360608));
#2919 = CARTESIAN_POINT('',(63.673360690233,-33.82373471606,
    43.923411670346));
#2920 = CARTESIAN_POINT('',(63.883384845862,-33.92073736546,
    42.900025695131));
#2921 = CARTESIAN_POINT('',(62.090050068484,-33.05295523318,
    49.999999999999));
#2922 = CARTESIAN_POINT('',(62.396673563156,-33.14972674808,
    48.992286433253));
#2923 = CARTESIAN_POINT('',(62.687256387958,-33.24649826298,
    47.979311252197));
#2924 = CARTESIAN_POINT('',(62.961360985888,-33.34326977788,
    46.961587265269));
#2925 = CARTESIAN_POINT('',(63.218945240275,-33.44004129279,
    45.939757751157));
#2926 = CARTESIAN_POINT('',(63.459869610923,-33.53681280769,
    44.914431756228));
#2927 = CARTESIAN_POINT('',(63.68389194825,-33.63358432259,
    43.886206729111));
#2928 = CARTESIAN_POINT('',(63.891182901215,-33.73035583749,
    42.85573482589));
#2929 = CARTESIAN_POINT('',(62.090050068485,-30.44415336774,50.));
#2930 = CARTESIAN_POINT('',(62.415585456444,-30.53747858862,
    48.906879109973));
#2931 = CARTESIAN_POINT('',(62.723846276852,-30.63080380951,
    47.808091866076));
#2932 = CARTESIAN_POINT('',(63.014361314475,-30.72412903039,
    46.704190523547));
#2933 = CARTESIAN_POINT('',(63.287085212896,-30.81745425127,
    45.59586784405));
#2934 = CARTESIAN_POINT('',(63.541867698062,-30.91077947215,
    44.483779723675));
#2935 = CARTESIAN_POINT('',(63.778447993496,-31.00410469303,
    43.368569568635));
#2936 = CARTESIAN_POINT('',(63.997009875003,-31.09742991391,
    42.250939700867));
#2937 = CARTESIAN_POINT('',(62.090050068485,-27.8353515023,50.));
#2938 = CARTESIAN_POINT('',(62.430712343181,-27.92180372165,
    48.835949014401));
#2939 = CARTESIAN_POINT('',(62.752866152644,-28.008255941,
    47.665826935369));
#2940 = CARTESIAN_POINT('',(63.056006623408,-28.09470816035,
    46.490225464947));
#2941 = CARTESIAN_POINT('',(63.340085159314,-28.1811603797,
    45.309886847773));
#2942 = CARTESIAN_POINT('',(63.604940752445,-28.26761259904,
    44.125513829657));
#2943 = CARTESIAN_POINT('',(63.850293999436,-28.35406481839,
    42.937795774401));
#2944 = CARTESIAN_POINT('',(64.076341802934,-28.44051703774,
    41.747485169794));
#2945 = CARTESIAN_POINT('',(62.090050068485,-25.41531322335,50.));
#2946 = CARTESIAN_POINT('',(62.442388238094,-25.49304505624,
    48.782834473237));
#2947 = CARTESIAN_POINT('',(62.774984044787,-25.57077688913,
    47.559193113478));
#2948 = CARTESIAN_POINT('',(63.087298956868,-25.64850872202,
    46.329707069569));
#2949 = CARTESIAN_POINT('',(63.379281138435,-25.72624055491,
    45.095168069126));
#2950 = CARTESIAN_POINT('',(63.650758847708,-25.8039723878,
    43.856325707677));
#2951 = CARTESIAN_POINT('',(63.901434054431,-25.88170422069,
    42.613915306613));
#2952 = CARTESIAN_POINT('',(64.131516788095,-25.95943605359,
    41.368739519574));
#2953 = CARTESIAN_POINT('',(62.090050068485,-22.9952749444,50.));
#2954 = CARTESIAN_POINT('',(62.451897209062,-23.06253924085,
    48.742436241005));
#2955 = CARTESIAN_POINT('',(62.79276808904,-23.12980353729,
    47.477991909452));
#2956 = CARTESIAN_POINT('',(63.112090518494,-23.19706783374,
    46.20733760099));
#2957 = CARTESIAN_POINT('',(63.409809421776,-23.26433213019,
    44.93131452621));
#2958 = CARTESIAN_POINT('',(63.685742323246,-23.33159642663,
    43.650719130362));
#2959 = CARTESIAN_POINT('',(63.939572565757,-23.39886072308,
    42.366332692422));
#2960 = CARTESIAN_POINT('',(64.171523305642,-23.46612501953,
    41.079008031884));
#2961 = CARTESIAN_POINT('',(62.090050068486,-20.00819245062,50.));
#2962 = CARTESIAN_POINT('',(62.46043637702,-20.06110813793,
    48.70811438795));
#2963 = CARTESIAN_POINT('',(62.808612527274,-20.11402382523,
    47.408943463781));
#2964 = CARTESIAN_POINT('',(63.133972671091,-20.16693951254,
    46.103197269942));
#2965 = CARTESIAN_POINT('',(63.436458493078,-20.21985519984,
    44.791766500002));
#2966 = CARTESIAN_POINT('',(63.715876783736,-20.27277088715,
    43.475494448931));
#2967 = CARTESIAN_POINT('',(63.971892259024,-20.32568657445,
    42.155208353292));
#2968 = CARTESIAN_POINT('',(64.204741202121,-20.37860226176,
    40.831811198432));
#2969 = CARTESIAN_POINT('',(62.090050068486,-17.02110995685,50.));
#2970 = CARTESIAN_POINT('',(62.466317674369,-17.05880010847,
    48.693304526455));
#2971 = CARTESIAN_POINT('',(62.81914122429,-17.0964902601,
    47.378919001228));
#2972 = CARTESIAN_POINT('',(63.147881211861,-17.13418041173,
    46.057592913572));
#2973 = CARTESIAN_POINT('',(63.452476081944,-17.17187056336,
    44.730266440031));
#2974 = CARTESIAN_POINT('',(63.73272189118,-17.20956071499,
    43.397829725297));
#2975 = CARTESIAN_POINT('',(63.988264728637,-17.24725086662,
    42.061155963519));
#2976 = CARTESIAN_POINT('',(64.219354004336,-17.28494101824,
    40.721198305897));
#2977 = CARTESIAN_POINT('',(62.090050068486,-16.45406574202,50.));
#2978 = CARTESIAN_POINT('',(62.470413553613,-16.4888414793,
    48.692000296197));
#2979 = CARTESIAN_POINT('',(62.826099085095,-16.52361721657,
    47.37590580115));
#2980 = CARTESIAN_POINT('',(63.156433498314,-16.55839295385,
    46.052505450916));
#2981 = CARTESIAN_POINT('',(63.461351998388,-16.59316869112,
    44.722788905012));
#2982 = CARTESIAN_POINT('',(63.740639908096,-16.6279444284,
    43.387693157853));
#2983 = CARTESIAN_POINT('',(63.993924689617,-16.66272016568,
    42.048137361174));
#2984 = CARTESIAN_POINT('',(64.221468879813,-16.69749590295,
    40.705124832027));
#2985 = CARTESIAN_POINT('',(62.090050068486,-15.8870215272,50.));
#2986 = CARTESIAN_POINT('',(62.474416384091,-15.91886618924,
    48.691399789802));
#2987 = CARTESIAN_POINT('',(62.83287084837,-15.95071085129,
    47.374300048798));
#2988 = CARTESIAN_POINT('',(63.164706638471,-15.98255551333,
    46.049529159846));
#2989 = CARTESIAN_POINT('',(63.469855719771,-16.01440017538,
    44.718126265443));
#2990 = CARTESIAN_POINT('',(63.748092681187,-16.04624483742,
    43.381075209721));
#2991 = CARTESIAN_POINT('',(63.999026358006,-16.07808949947,
    42.039341102002));
#2992 = CARTESIAN_POINT('',(64.222932413934,-16.10993416151,
    40.693977425193));
#2993 = CARTESIAN_POINT('',(62.090050068486,-15.31997731237,50.));
#2994 = CARTESIAN_POINT('',(62.478326759952,-15.3488816707,
    48.69150313682));
#2995 = CARTESIAN_POINT('',(62.83945770241,-15.37778602904,
    47.374102003271));
#2996 = CARTESIAN_POINT('',(63.172702414778,-15.40669038738,
    46.048664429015));
#2997 = CARTESIAN_POINT('',(63.477989622686,-15.43559474571,
    44.716279039524));
#2998 = CARTESIAN_POINT('',(63.755083181193,-15.46449910405,
    43.377976528652));
#2999 = CARTESIAN_POINT('',(64.003573298693,-15.49340346238,
    42.034767963307));
#3000 = CARTESIAN_POINT('',(64.223748765735,-15.52230782072,
    40.687756992248));
#3001 = CARTESIAN_POINT('',(62.090050068486,-14.71487192981,50.));
#3002 = CARTESIAN_POINT('',(62.482146386764,-14.74063668123,
    48.69229796041));
#3003 = CARTESIAN_POINT('',(62.84586305835,-14.76640143265,
    47.375286910889));
#3004 = CARTESIAN_POINT('',(63.180425943934,-14.79216618408,
    46.049874127902));
#3005 = CARTESIAN_POINT('',(63.485760529401,-14.8179309355,
    44.717197719897));
#3006 = CARTESIAN_POINT('',(63.761619935948,-14.84369568692,
    43.378335230447));
#3007 = CARTESIAN_POINT('',(64.007575745079,-14.86946043835,
    42.034343684049));
#3008 = CARTESIAN_POINT('',(64.223929874186,-14.89522518977,
    40.686376895313));
#3009 = CARTESIAN_POINT('',(62.090050068486,-14.67681076207,50.));
#3010 = CARTESIAN_POINT('',(62.485941433497,-14.70237802086,
    48.693280090835));
#3011 = CARTESIAN_POINT('',(62.852219254135,-14.72794527964,
    47.376846432178));
#3012 = CARTESIAN_POINT('',(63.188075732857,-14.75351253843,
    46.051645747295));
#3013 = CARTESIAN_POINT('',(63.493433115805,-14.77907979722,
    44.71886562761));
#3014 = CARTESIAN_POINT('',(63.768033790314,-14.804647056,
    43.379630466417));
#3015 = CARTESIAN_POINT('',(64.011430710998,-14.83021431479,
    42.035043245801));
#3016 = CARTESIAN_POINT('',(64.223938922093,-14.85578157358,
    40.686307946223));
#3017 = CARTESIAN_POINT('',(62.090050068486,-14.63874959433,50.));
#3018 = CARTESIAN_POINT('',(62.489735946655,-14.66411935638,
    48.69426628727));
#3019 = CARTESIAN_POINT('',(62.858574382769,-14.68948911843,
    47.378414085484));
#3020 = CARTESIAN_POINT('',(63.195723921054,-14.71485888048,
    46.053429564714));
#3021 = CARTESIAN_POINT('',(63.501103567908,-14.74022864253,
    44.720549799358));
#3022 = CARTESIAN_POINT('',(63.774444976804,-14.76559840458,
    43.380946032432));
#3023 = CARTESIAN_POINT('',(64.015282475467,-14.79096816663,
    42.035767203606));
#3024 = CARTESIAN_POINT('',(64.223944234973,-14.81633792868,
    40.686267459195));
#3025 = CARTESIAN_POINT('',(62.090050068486,-14.6006884266,50.));
#3026 = CARTESIAN_POINT('',(62.493529930915,-14.62586069172,
    48.69525651418));
#3027 = CARTESIAN_POINT('',(62.864928453607,-14.65103295684,
    47.379989799743));
#3028 = CARTESIAN_POINT('',(63.203370522556,-14.67620522197,
    46.055225473561));
#3029 = CARTESIAN_POINT('',(63.508771904418,-14.70137748709,
    44.72225009301));
#3030 = CARTESIAN_POINT('',(63.780853518804,-14.72654975222,
    43.382281750827));
#3031 = CARTESIAN_POINT('',(64.019131066546,-14.75172201734,
    42.036515344267));
#3032 = CARTESIAN_POINT('',(64.223945845566,-14.77689428247,
    40.6862551855));
#3033 = CARTESIAN_POINT('',(62.090050068486,-14.56262725886,50.));
#3034 = CARTESIAN_POINT('',(62.497323594374,-14.58760202764,
    48.696249185791));
#3035 = CARTESIAN_POINT('',(62.871281882843,-14.61257679642,
    47.381570403403));
#3036 = CARTESIAN_POINT('',(63.211016161656,-14.6375515652,
    46.057028716511));
#3037 = CARTESIAN_POINT('',(63.516438957725,-14.66252633397,
    44.723960165467));
#3038 = CARTESIAN_POINT('',(63.787260456799,-14.68750110275,
    43.383629692727));
#3039 = CARTESIAN_POINT('',(64.02297773282,-14.71247587153,
    42.037278153135));
#3040 = CARTESIAN_POINT('',(64.223945210552,-14.73745064031,
    40.686260024711));
#3041 = CARTESIAN_POINT('',(62.090050068486,-13.72873425669,50.));
#3042 = CARTESIAN_POINT('',(62.501117348549,-13.74938198222,
    48.697241166086));
#3043 = CARTESIAN_POINT('',(62.877635493512,-13.77002970775,
    47.383149624432));
#3044 = CARTESIAN_POINT('',(63.218662072905,-13.79067743328,
    46.058829885513));
#3045 = CARTESIAN_POINT('',(63.524106373896,-13.81132515881,
    44.725667472659));
#3046 = CARTESIAN_POINT('',(63.793667848375,-13.83197288434,
    43.384974178047));
#3047 = CARTESIAN_POINT('',(64.026824943391,-13.85262060987,
    42.038036814107));
#3048 = CARTESIAN_POINT('',(64.223945210552,-13.8732683354,
    40.686260024711));
#3049 = CARTESIAN_POINT('',(62.090050068486,-12.93290242225,50.));
#3050 = CARTESIAN_POINT('',(62.504911102724,-12.94942060267,
    48.698233146382));
#3051 = CARTESIAN_POINT('',(62.88398910418,-12.9659387831,47.38472884546
    ));
#3052 = CARTESIAN_POINT('',(63.226307984152,-12.98245696352,
    46.060631054516));
#3053 = CARTESIAN_POINT('',(63.531773790066,-12.99897514395,
    44.727374779852));
#3054 = CARTESIAN_POINT('',(63.800075239949,-13.01549332437,
    43.386318663367));
#3055 = CARTESIAN_POINT('',(64.03067215396,-13.0320115048,
    42.038795475079));
#3056 = CARTESIAN_POINT('',(64.22394521055,-13.04852968522,
    40.686260024711));
#3057 = CARTESIAN_POINT('',(62.090050068486,-12.13707058781,50.));
#3058 = CARTESIAN_POINT('',(62.5087048569,-12.14945922313,
    48.699225126677));
#3059 = CARTESIAN_POINT('',(62.890342714848,-12.16184785845,
    47.386308066489));
#3060 = CARTESIAN_POINT('',(63.233953895401,-12.17423649377,
    46.062432223518));
#3061 = CARTESIAN_POINT('',(63.539441206237,-12.18662512909,
    44.729082087045));
#3062 = CARTESIAN_POINT('',(63.806482631525,-12.1990137644,
    43.387663148688));
#3063 = CARTESIAN_POINT('',(64.034519364531,-12.21140239972,
    42.03955413605));
#3064 = CARTESIAN_POINT('',(64.223945210549,-12.22379103504,
    40.686260024711));
#3065 = CARTESIAN_POINT('',(62.090050068486,-11.34123875338,50.));
#3066 = CARTESIAN_POINT('',(62.512498611076,-11.34949784359,
    48.700217106973));
#3067 = CARTESIAN_POINT('',(62.896696325518,-11.3577569338,
    47.387887287517));
#3068 = CARTESIAN_POINT('',(63.241599806651,-11.36601602401,
    46.06423339252));
#3069 = CARTESIAN_POINT('',(63.547108622411,-11.37427511423,
    44.730789394238));
#3070 = CARTESIAN_POINT('',(63.812890023103,-11.38253420444,
    43.389007634008));
#3071 = CARTESIAN_POINT('',(64.038366575105,-11.39079329465,
    42.040312797022));
#3072 = CARTESIAN_POINT('',(64.223945210553,-11.39905238486,
    40.686260024711));
#3073 = CARTESIAN_POINT('',(62.090050068486,-10.54540691894,50.));
#3074 = CARTESIAN_POINT('',(62.516292365252,-10.54953646405,
    48.701209087268));
#3075 = CARTESIAN_POINT('',(62.903049936188,-10.55366600915,
    47.389466508546));
#3076 = CARTESIAN_POINT('',(63.249245717902,-10.55779555426,
    46.066034561523));
#3077 = CARTESIAN_POINT('',(63.554776038585,-10.56192509937,
    44.73249670143));
#3078 = CARTESIAN_POINT('',(63.819297414683,-10.56605464447,
    43.390352119328));
#3079 = CARTESIAN_POINT('',(64.04221378568,-10.57018418958,
    42.041071457994));
#3080 = CARTESIAN_POINT('',(64.223945210558,-10.57431373468,
    40.686260024711));
#3081 = CARTESIAN_POINT('',(62.090050068486,-9.749575084509,50.));
#3082 = CARTESIAN_POINT('',(62.520086119427,-9.749575084509,
    48.702201067563));
#3083 = CARTESIAN_POINT('',(62.909403546856,-9.749575084509,
    47.391045729574));
#3084 = CARTESIAN_POINT('',(63.25689162915,-9.749575084509,
    46.067835730525));
#3085 = CARTESIAN_POINT('',(63.562443454757,-9.749575084509,
    44.734204008623));
#3086 = CARTESIAN_POINT('',(63.825704806259,-9.749575084509,
    43.391696604648));
#3087 = CARTESIAN_POINT('',(64.046060996252,-9.749575084509,
    42.041830118966));
#3088 = CARTESIAN_POINT('',(64.223945210558,-9.749575084509,
    40.686260024711));
#3089 = ADVANCED_FACE('',(#3090),#3096,.F.);
#3090 = FACE_BOUND('',#3091,.F.);
#3091 = EDGE_LOOP('',(#3092,#3093,#3094,#3095));
#3092 = ORIENTED_EDGE('',*,*,#2782,.T.);
#3093 = ORIENTED_EDGE('',*,*,#2799,.T.);
#3094 = ORIENTED_EDGE('',*,*,#2730,.F.);
#3095 = ORIENTED_EDGE('',*,*,#2745,.T.);
#3096 = PLANE('',#3097);
#3097 = AXIS2_PLACEMENT_3D('',#3098,#3099,#3100);
#3098 = CARTESIAN_POINT('',(64.223945210558,-6.455777250724,
    24.68626002471));
#3099 = DIRECTION('',(0.,-1.,0.));
#3100 = DIRECTION('',(1.,0.,0.));
#3101 = ( GEOMETRIC_REPRESENTATION_CONTEXT(3) 
GLOBAL_UNCERTAINTY_ASSIGNED_CONTEXT((#3105)) 
GLOBAL_UNIT_ASSIGNED_CONTEXT((#3102,#3103,#3104)) REPRESENTATION_CONTEXT
('Context #1','3D Context with UNIT and UNCERTAINTY') );
#3102 = ( LENGTH_UNIT() NAMED_UNIT(*) SI_UNIT(.MILLI.,.METRE.) );
#3103 = ( NAMED_UNIT(*) PLANE_ANGLE_UNIT() SI_UNIT($,.RADIAN.) );
#3104 = ( NAMED_UNIT(*) SI_UNIT($,.STERADIAN.) SOLID_ANGLE_UNIT() );
#3105 = UNCERTAINTY_MEASURE_WITH_UNIT(LENGTH_MEASURE(2.E-04),#3102,
  'distance_accuracy_value','confusion accuracy');
#3106 = PRODUCT_RELATED_PRODUCT_CATEGORY('part',$,(#7));
#3107 = MECHANICAL_DESIGN_GEOMETRIC_PRESENTATION_REPRESENTATION('',(
    #3108),#3101);
#3108 = STYLED_ITEM('color',(#3109),#15);
#3109 = PRESENTATION_STYLE_ASSIGNMENT((#3110,#3116));
#3110 = SURFACE_STYLE_USAGE(.BOTH.,#3111);
#3111 = SURFACE_SIDE_STYLE('',(#3112));
#3112 = SURFACE_STYLE_FILL_AREA(#3113);
#3113 = FILL_AREA_STYLE('',(#3114));
#3114 = FILL_AREA_STYLE_COLOUR('',#3115);
#3115 = COLOUR_RGB('',0.447058818107,0.474509808674,0.501960817233);
#3116 = CURVE_STYLE('',#3117,POSITIVE_LENGTH_MEASURE(0.1),#3118);
#3117 = DRAUGHTING_PRE_DEFINED_CURVE_FONT('continuous');
#3118 = COLOUR_RGB('',0.678431390124,0.709803936702,0.741176476869);
ENDSEC;
END-ISO-10303-21;
