ISO-10303-21;
HEADER;
FILE_DESCRIPTION(('FreeCAD Model'),'2;1');
FILE_NAME('Open CASCADE Shape Model','2026-08-12T20:56:48',(''),(''),
  'Open CASCADE STEP processor 7.8','FreeCAD','Unknown');
FILE_SCHEMA(('AUTOMOTIVE_DESIGN { 1 0 10303 214 1 1 1 1 }'));
ENDSEC;
DATA;
#1 = APPLICATION_PROTOCOL_DEFINITION('international standard',
  'automotive_design',2000,#2);
#2 = APPLICATION_CONTEXT(
  'core data for automotive mechanical design processes');
#3 = SHAPE_DEFINITION_REPRESENTATION(#4,#10);
#4 = PRODUCT_DEFINITION_SHAPE('','',#5);
#5 = PRODUCT_DEFINITION('design','',#6,#9);
#6 = PRODUCT_DEFINITION_FORMATION('','',#7);
#7 = PRODUCT('RostrumFinalSolid','RostrumFinalSolid','',(#8));
#8 = PRODUCT_CONTEXT('',#2,'mechanical');
#9 = PRODUCT_DEFINITION_CONTEXT('part definition',#2,'design');
#10 = ADVANCED_BREP_SHAPE_REPRESENTATION('',(#11,#15),#2661);
#11 = AXIS2_PLACEMENT_3D('',#12,#13,#14);
#12 = CARTESIAN_POINT('',(0.,0.,0.));
#13 = DIRECTION('',(0.,0.,1.));
#14 = DIRECTION('',(1.,0.,-0.));
#15 = MANIFOLD_SOLID_BREP('',#16);
#16 = CLOSED_SHELL('',(#17,#53,#81,#109,#130,#152,#174,#196,#218,#246,
    #268,#290,#312,#327,#349,#371,#483,#499,#515,#537,#848,#879,#903,
    #927,#951,#975,#999,#1023,#1047,#1071,#1096,#1108,#1132,#1156,#1180,
    #1204,#1228,#1252,#1276,#1300,#1317,#1343,#1369,#1398,#1421,#1444,
    #1467,#1490,#1513,#1536,#1559,#1582,#1641,#1664,#1687,#1710,#1733,
    #1756,#1779,#1802,#1825,#1842,#1901,#1960,#1989,#2019,#2033,#2056,
    #2087,#2111,#2135,#2159,#2183,#2200,#2231,#2249,#2281,#2299,#2317,
    #2348,#2372,#2396,#2420,#2444,#2461,#2492,#2516,#2540,#2564,#2588,
    #2605,#2619,#2633,#2647));
#17 = ADVANCED_FACE('',(#18),#48,.T.);
#18 = FACE_BOUND('',#19,.T.);
#19 = EDGE_LOOP('',(#20,#29,#36,#43));
#20 = ORIENTED_EDGE('',*,*,#21,.F.);
#21 = EDGE_CURVE('',#22,#24,#26,.T.);
#22 = VERTEX_POINT('',#23);
#23 = CARTESIAN_POINT('',(-19.2,-85.24023107475,-0.5));
#24 = VERTEX_POINT('',#25);
#25 = CARTESIAN_POINT('',(-8.9,-114.,-40.9));
#26 = B_SPLINE_CURVE_WITH_KNOTS('',1,(#27,#28),.UNSPECIFIED.,.F.,.F.,(2,
    2),(0.,60.930769247067),.PIECEWISE_BEZIER_KNOTS.);
#27 = CARTESIAN_POINT('',(-19.2,-85.24023107475,-0.5));
#28 = CARTESIAN_POINT('',(-8.9,-114.,-40.9));
#29 = ORIENTED_EDGE('',*,*,#30,.T.);
#30 = EDGE_CURVE('',#22,#31,#33,.T.);
#31 = VERTEX_POINT('',#32);
#32 = CARTESIAN_POINT('',(-27.16674750782,-66.5,-26.55805694678));
#33 = B_SPLINE_CURVE_WITH_KNOTS('',1,(#34,#35),.UNSPECIFIED.,.F.,.F.,(2,
    2),(0.,33.070948858933),.PIECEWISE_BEZIER_KNOTS.);
#34 = CARTESIAN_POINT('',(-19.2,-85.24023107475,-0.5));
#35 = CARTESIAN_POINT('',(-27.16674750782,-66.5,-26.55805694678));
#36 = ORIENTED_EDGE('',*,*,#37,.T.);
#37 = EDGE_CURVE('',#31,#38,#40,.T.);
#38 = VERTEX_POINT('',#39);
#39 = CARTESIAN_POINT('',(-13.,-114.,-61.99267146547));
#40 = B_SPLINE_CURVE_WITH_KNOTS('',1,(#41,#42),.UNSPECIFIED.,.F.,.F.,(2,
    2),(0.,60.930769247067),.PIECEWISE_BEZIER_KNOTS.);
#41 = CARTESIAN_POINT('',(-27.16674750782,-66.5,-26.55805694678));
#42 = CARTESIAN_POINT('',(-13.,-114.,-61.99267146547));
#43 = ORIENTED_EDGE('',*,*,#44,.F.);
#44 = EDGE_CURVE('',#24,#38,#45,.T.);
#45 = B_SPLINE_CURVE_WITH_KNOTS('',1,(#46,#47),.UNSPECIFIED.,.F.,.F.,(2,
    2),(0.,33.070948858933),.PIECEWISE_BEZIER_KNOTS.);
#46 = CARTESIAN_POINT('',(-8.9,-114.,-40.9));
#47 = CARTESIAN_POINT('',(-13.,-114.,-61.99267146547));
#48 = B_SPLINE_SURFACE_WITH_KNOTS('',1,1,(
    (#49,#50)
    ,(#51,#52
    )),.UNSPECIFIED.,.F.,.F.,.F.,(2,2),(2,2),(0.,33.070948858933),(0.,
    60.930769247067),.PIECEWISE_BEZIER_KNOTS.);
#49 = CARTESIAN_POINT('',(-19.2,-85.24023107475,-0.5));
#50 = CARTESIAN_POINT('',(-8.9,-114.,-40.9));
#51 = CARTESIAN_POINT('',(-27.16674750782,-66.5,-26.55805694678));
#52 = CARTESIAN_POINT('',(-13.,-114.,-61.99267146547));
#53 = ADVANCED_FACE('',(#54),#76,.T.);
#54 = FACE_BOUND('',#55,.T.);
#55 = EDGE_LOOP('',(#56,#63,#64,#71));
#56 = ORIENTED_EDGE('',*,*,#57,.F.);
#57 = EDGE_CURVE('',#22,#58,#60,.T.);
#58 = VERTEX_POINT('',#59);
#59 = CARTESIAN_POINT('',(19.2,-85.24023107475,-0.5));
#60 = B_SPLINE_CURVE_WITH_KNOTS('',1,(#61,#62),.UNSPECIFIED.,.F.,.F.,(2,
    2),(0.,38.4),.PIECEWISE_BEZIER_KNOTS.);
#61 = CARTESIAN_POINT('',(-19.2,-85.24023107475,-0.5));
#62 = CARTESIAN_POINT('',(19.2,-85.24023107475,-0.5));
#63 = ORIENTED_EDGE('',*,*,#21,.T.);
#64 = ORIENTED_EDGE('',*,*,#65,.T.);
#65 = EDGE_CURVE('',#24,#66,#68,.T.);
#66 = VERTEX_POINT('',#67);
#67 = CARTESIAN_POINT('',(8.9,-114.,-40.9));
#68 = B_SPLINE_CURVE_WITH_KNOTS('',1,(#69,#70),.UNSPECIFIED.,.F.,.F.,(2,
    2),(0.,38.4),.PIECEWISE_BEZIER_KNOTS.);
#69 = CARTESIAN_POINT('',(-8.9,-114.,-40.9));
#70 = CARTESIAN_POINT('',(8.9,-114.,-40.9));
#71 = ORIENTED_EDGE('',*,*,#72,.F.);
#72 = EDGE_CURVE('',#58,#66,#73,.T.);
#73 = B_SPLINE_CURVE_WITH_KNOTS('',1,(#74,#75),.UNSPECIFIED.,.F.,.F.,(2,
    2),(0.,60.930769247067),.PIECEWISE_BEZIER_KNOTS.);
#74 = CARTESIAN_POINT('',(19.2,-85.24023107475,-0.5));
#75 = CARTESIAN_POINT('',(8.9,-114.,-40.9));
#76 = B_SPLINE_SURFACE_WITH_KNOTS('',1,1,(
    (#77,#78)
    ,(#79,#80
    )),.UNSPECIFIED.,.F.,.F.,.F.,(2,2),(2,2),(0.,60.930769247067),(0.,
    38.4),.PIECEWISE_BEZIER_KNOTS.);
#77 = CARTESIAN_POINT('',(-19.2,-85.24023107475,-0.5));
#78 = CARTESIAN_POINT('',(19.2,-85.24023107475,-0.5));
#79 = CARTESIAN_POINT('',(-8.9,-114.,-40.9));
#80 = CARTESIAN_POINT('',(8.9,-114.,-40.9));
#81 = ADVANCED_FACE('',(#82),#104,.F.);
#82 = FACE_BOUND('',#83,.F.);
#83 = EDGE_LOOP('',(#84,#91,#92,#99));
#84 = ORIENTED_EDGE('',*,*,#85,.F.);
#85 = EDGE_CURVE('',#22,#86,#88,.T.);
#86 = VERTEX_POINT('',#87);
#87 = CARTESIAN_POINT('',(-19.22150390901,-83.70698803874,0.793511399758
    ));
#88 = B_SPLINE_CURVE_WITH_KNOTS('',1,(#89,#90),.UNSPECIFIED.,.F.,.F.,(2,
    2),(0.,2.016082350216),.PIECEWISE_BEZIER_KNOTS.);
#89 = CARTESIAN_POINT('',(-19.2,-85.24023107475,-0.5));
#90 = CARTESIAN_POINT('',(-19.22150390901,-83.70698803874,0.793511399758
    ));
#91 = ORIENTED_EDGE('',*,*,#30,.T.);
#92 = ORIENTED_EDGE('',*,*,#93,.T.);
#93 = EDGE_CURVE('',#31,#94,#96,.T.);
#94 = VERTEX_POINT('',#95);
#95 = CARTESIAN_POINT('',(-27.19999999999,-65.02340234806,
    -25.18578084886));
#96 = B_SPLINE_CURVE_WITH_KNOTS('',1,(#97,#98),.UNSPECIFIED.,.F.,.F.,(2,
    2),(0.,2.016082350216),.PIECEWISE_BEZIER_KNOTS.);
#97 = CARTESIAN_POINT('',(-27.16674750782,-66.5,-26.55805694678));
#98 = CARTESIAN_POINT('',(-27.19999999999,-65.02340234806,
    -25.18578084886));
#99 = ORIENTED_EDGE('',*,*,#100,.F.);
#100 = EDGE_CURVE('',#86,#94,#101,.T.);
#101 = B_SPLINE_CURVE_WITH_KNOTS('',1,(#102,#103),.UNSPECIFIED.,.F.,.F.,
  (2,2),(0.,33.070948858933),.PIECEWISE_BEZIER_KNOTS.);
#102 = CARTESIAN_POINT('',(-19.22150390901,-83.70698803874,
    0.793511399758));
#103 = CARTESIAN_POINT('',(-27.19999999999,-65.02340234806,
    -25.18578084886));
#104 = B_SPLINE_SURFACE_WITH_KNOTS('',1,1,(
    (#105,#106)
    ,(#107,#108
    )),.UNSPECIFIED.,.F.,.F.,.F.,(2,2),(2,2),(0.,33.070948858933),(0.,
    2.016082350216),.PIECEWISE_BEZIER_KNOTS.);
#105 = CARTESIAN_POINT('',(-19.2,-85.24023107475,-0.5));
#106 = CARTESIAN_POINT('',(-19.22150390901,-83.70698803874,
    0.793511399758));
#107 = CARTESIAN_POINT('',(-27.16674750782,-66.5,-26.55805694678));
#108 = CARTESIAN_POINT('',(-27.19999999999,-65.02340234806,
    -25.18578084886));
#109 = ADVANCED_FACE('',(#110),#125,.T.);
#110 = FACE_BOUND('',#111,.T.);
#111 = EDGE_LOOP('',(#112,#119,#124));
#112 = ORIENTED_EDGE('',*,*,#113,.T.);
#113 = EDGE_CURVE('',#31,#114,#116,.T.);
#114 = VERTEX_POINT('',#115);
#115 = CARTESIAN_POINT('',(-23.84224555562,-62.57909940859,
    -40.95805694678));
#116 = B_SPLINE_CURVE_WITH_KNOTS('',1,(#117,#118),.UNSPECIFIED.,.F.,.F.,
  (2,2),(0.,60.930769247067),.PIECEWISE_BEZIER_KNOTS.);
#117 = CARTESIAN_POINT('',(-27.16674750782,-66.5,-26.55805694678));
#118 = CARTESIAN_POINT('',(-23.84224555562,-62.57909940859,
    -40.95805694678));
#119 = ORIENTED_EDGE('',*,*,#120,.T.);
#120 = EDGE_CURVE('',#114,#38,#121,.T.);
#121 = B_SPLINE_CURVE_WITH_KNOTS('',1,(#122,#123),.UNSPECIFIED.,.F.,.F.,
  (2,2),(0.,56.604931889985),.PIECEWISE_BEZIER_KNOTS.);
#122 = CARTESIAN_POINT('',(-23.84224555562,-62.57909940859,
    -40.95805694678));
#123 = CARTESIAN_POINT('',(-13.,-114.,-61.99267146547));
#124 = ORIENTED_EDGE('',*,*,#37,.F.);
#125 = B_SPLINE_SURFACE_WITH_KNOTS('',1,1,(
    (#126,#127)
    ,(#128,#129
    )),.UNSPECIFIED.,.F.,.F.,.F.,(2,2),(2,2),(0.,60.930769247067),(0.,
    56.604931889985),.PIECEWISE_BEZIER_KNOTS.);
#126 = CARTESIAN_POINT('',(-27.16674750782,-66.5,-26.55805694678));
#127 = CARTESIAN_POINT('',(-27.16674750782,-66.5,-26.55805694678));
#128 = CARTESIAN_POINT('',(-23.84224555562,-62.57909940859,
    -40.95805694678));
#129 = CARTESIAN_POINT('',(-13.,-114.,-61.99267146547));
#130 = ADVANCED_FACE('',(#131),#147,.T.);
#131 = FACE_BOUND('',#132,.T.);
#132 = EDGE_LOOP('',(#133,#134,#135,#142));
#133 = ORIENTED_EDGE('',*,*,#65,.F.);
#134 = ORIENTED_EDGE('',*,*,#44,.T.);
#135 = ORIENTED_EDGE('',*,*,#136,.T.);
#136 = EDGE_CURVE('',#38,#137,#139,.T.);
#137 = VERTEX_POINT('',#138);
#138 = CARTESIAN_POINT('',(13.,-114.,-61.99267146547));
#139 = B_SPLINE_CURVE_WITH_KNOTS('',1,(#140,#141),.UNSPECIFIED.,.F.,.F.,
  (2,2),(0.,47.684491111239),.PIECEWISE_BEZIER_KNOTS.);
#140 = CARTESIAN_POINT('',(-13.,-114.,-61.99267146547));
#141 = CARTESIAN_POINT('',(13.,-114.,-61.99267146547));
#142 = ORIENTED_EDGE('',*,*,#143,.F.);
#143 = EDGE_CURVE('',#66,#137,#144,.T.);
#144 = B_SPLINE_CURVE_WITH_KNOTS('',1,(#145,#146),.UNSPECIFIED.,.F.,.F.,
  (2,2),(0.,33.070948858933),.PIECEWISE_BEZIER_KNOTS.);
#145 = CARTESIAN_POINT('',(8.9,-114.,-40.9));
#146 = CARTESIAN_POINT('',(13.,-114.,-61.99267146547));
#147 = B_SPLINE_SURFACE_WITH_KNOTS('',1,1,(
    (#148,#149)
    ,(#150,#151
    )),.UNSPECIFIED.,.F.,.F.,.F.,(2,2),(2,2),(0.,33.070948858933),(0.,
    47.684491111239),.PIECEWISE_BEZIER_KNOTS.);
#148 = CARTESIAN_POINT('',(-8.9,-114.,-40.9));
#149 = CARTESIAN_POINT('',(8.9,-114.,-40.9));
#150 = CARTESIAN_POINT('',(-13.,-114.,-61.99267146547));
#151 = CARTESIAN_POINT('',(13.,-114.,-61.99267146547));
#152 = ADVANCED_FACE('',(#153),#169,.T.);
#153 = FACE_BOUND('',#154,.T.);
#154 = EDGE_LOOP('',(#155,#156,#157,#164));
#155 = ORIENTED_EDGE('',*,*,#85,.F.);
#156 = ORIENTED_EDGE('',*,*,#57,.T.);
#157 = ORIENTED_EDGE('',*,*,#158,.T.);
#158 = EDGE_CURVE('',#58,#159,#161,.T.);
#159 = VERTEX_POINT('',#160);
#160 = CARTESIAN_POINT('',(19.221503908936,-83.70698803874,
    0.793511399759));
#161 = B_SPLINE_CURVE_WITH_KNOTS('',1,(#162,#163),.UNSPECIFIED.,.F.,.F.,
  (2,2),(0.,2.016082350218),.PIECEWISE_BEZIER_KNOTS.);
#162 = CARTESIAN_POINT('',(19.2,-85.24023107475,-0.5));
#163 = CARTESIAN_POINT('',(19.221503908936,-83.70698803874,
    0.793511399759));
#164 = ORIENTED_EDGE('',*,*,#165,.F.);
#165 = EDGE_CURVE('',#86,#159,#166,.T.);
#166 = B_SPLINE_CURVE_WITH_KNOTS('',1,(#167,#168),.UNSPECIFIED.,.F.,.F.,
  (2,2),(0.,38.443007817952),.PIECEWISE_BEZIER_KNOTS.);
#167 = CARTESIAN_POINT('',(-19.22150390901,-83.70698803874,
    0.793511399758));
#168 = CARTESIAN_POINT('',(19.221503908936,-83.70698803874,
    0.793511399759));
#169 = B_SPLINE_SURFACE_WITH_KNOTS('',1,1,(
    (#170,#171)
    ,(#172,#173
    )),.UNSPECIFIED.,.F.,.F.,.F.,(2,2),(2,2),(0.,38.443007817952),(0.,
    2.006107765521),.PIECEWISE_BEZIER_KNOTS.);
#170 = CARTESIAN_POINT('',(-19.2,-85.24023107475,-0.5));
#171 = CARTESIAN_POINT('',(-19.22150390901,-83.70698803874,
    0.793511399758));
#172 = CARTESIAN_POINT('',(19.2,-85.24023107475,-0.5));
#173 = CARTESIAN_POINT('',(19.221503908936,-83.70698803874,
    0.793511399759));
#174 = ADVANCED_FACE('',(#175),#191,.T.);
#175 = FACE_BOUND('',#176,.T.);
#176 = EDGE_LOOP('',(#177,#184,#185,#186));
#177 = ORIENTED_EDGE('',*,*,#178,.F.);
#178 = EDGE_CURVE('',#58,#179,#181,.T.);
#179 = VERTEX_POINT('',#180);
#180 = CARTESIAN_POINT('',(27.166747507828,-66.5,-26.55805694678));
#181 = B_SPLINE_CURVE_WITH_KNOTS('',1,(#182,#183),.UNSPECIFIED.,.F.,.F.,
  (2,2),(0.,33.070948858933),.PIECEWISE_BEZIER_KNOTS.);
#182 = CARTESIAN_POINT('',(19.2,-85.24023107475,-0.5));
#183 = CARTESIAN_POINT('',(27.166747507828,-66.5,-26.55805694678));
#184 = ORIENTED_EDGE('',*,*,#72,.T.);
#185 = ORIENTED_EDGE('',*,*,#143,.T.);
#186 = ORIENTED_EDGE('',*,*,#187,.T.);
#187 = EDGE_CURVE('',#137,#179,#188,.T.);
#188 = B_SPLINE_CURVE_WITH_KNOTS('',1,(#189,#190),.UNSPECIFIED.,.F.,.F.,
  (2,2),(0.,60.930769247067),.PIECEWISE_BEZIER_KNOTS.);
#189 = CARTESIAN_POINT('',(13.,-114.,-61.99267146547));
#190 = CARTESIAN_POINT('',(27.166747507828,-66.5,-26.55805694678));
#191 = B_SPLINE_SURFACE_WITH_KNOTS('',1,1,(
    (#192,#193)
    ,(#194,#195
    )),.UNSPECIFIED.,.F.,.F.,.F.,(2,2),(2,2),(0.,60.930769247067),(0.,
    33.070948858933),.PIECEWISE_BEZIER_KNOTS.);
#192 = CARTESIAN_POINT('',(19.2,-85.24023107475,-0.5));
#193 = CARTESIAN_POINT('',(27.166747507828,-66.5,-26.55805694678));
#194 = CARTESIAN_POINT('',(8.9,-114.,-40.9));
#195 = CARTESIAN_POINT('',(13.,-114.,-61.99267146547));
#196 = ADVANCED_FACE('',(#197),#213,.F.);
#197 = FACE_BOUND('',#198,.F.);
#198 = EDGE_LOOP('',(#199,#200,#201,#208));
#199 = ORIENTED_EDGE('',*,*,#93,.F.);
#200 = ORIENTED_EDGE('',*,*,#113,.T.);
#201 = ORIENTED_EDGE('',*,*,#202,.T.);
#202 = EDGE_CURVE('',#114,#203,#205,.T.);
#203 = VERTEX_POINT('',#204);
#204 = CARTESIAN_POINT('',(-23.74669944904,-60.95124269576,
    -40.1412987525));
#205 = B_SPLINE_CURVE_WITH_KNOTS('',1,(#206,#207),.UNSPECIFIED.,.F.,.F.,
  (2,2),(0.,2.016082350216),.PIECEWISE_BEZIER_KNOTS.);
#206 = CARTESIAN_POINT('',(-23.84224555562,-62.57909940859,
    -40.95805694678));
#207 = CARTESIAN_POINT('',(-23.74669944904,-60.95124269576,
    -40.1412987525));
#208 = ORIENTED_EDGE('',*,*,#209,.F.);
#209 = EDGE_CURVE('',#94,#203,#210,.T.);
#210 = B_SPLINE_CURVE_WITH_KNOTS('',1,(#211,#212),.UNSPECIFIED.,.F.,.F.,
  (2,2),(0.,60.930769247067),.PIECEWISE_BEZIER_KNOTS.);
#211 = CARTESIAN_POINT('',(-27.19999999999,-65.02340234806,
    -25.18578084886));
#212 = CARTESIAN_POINT('',(-23.74669944904,-60.95124269576,
    -40.1412987525));
#213 = B_SPLINE_SURFACE_WITH_KNOTS('',1,1,(
    (#214,#215)
    ,(#216,#217
    )),.UNSPECIFIED.,.F.,.F.,.F.,(2,2),(2,2),(0.,60.930769247067),(0.,
    2.016082350216),.PIECEWISE_BEZIER_KNOTS.);
#214 = CARTESIAN_POINT('',(-27.16674750782,-66.5,-26.55805694678));
#215 = CARTESIAN_POINT('',(-27.19999999999,-65.02340234806,
    -25.18578084886));
#216 = CARTESIAN_POINT('',(-23.84224555562,-62.57909940859,
    -40.95805694678));
#217 = CARTESIAN_POINT('',(-23.74669944904,-60.95124269576,
    -40.1412987525));
#218 = ADVANCED_FACE('',(#219),#241,.T.);
#219 = FACE_BOUND('',#220,.T.);
#220 = EDGE_LOOP('',(#221,#222,#229,#236));
#221 = ORIENTED_EDGE('',*,*,#100,.F.);
#222 = ORIENTED_EDGE('',*,*,#223,.T.);
#223 = EDGE_CURVE('',#86,#224,#226,.T.);
#224 = VERTEX_POINT('',#225);
#225 = CARTESIAN_POINT('',(-19.22150390901,-82.0832822732,1.961235505425
    ));
#226 = B_SPLINE_CURVE_WITH_KNOTS('',1,(#227,#228),.UNSPECIFIED.,.F.,.F.,
  (2,2),(0.,2.),.PIECEWISE_BEZIER_KNOTS.);
#227 = CARTESIAN_POINT('',(-19.22150390901,-83.70698803874,
    0.793511399758));
#228 = CARTESIAN_POINT('',(-19.22150390901,-82.0832822732,1.961235505425
    ));
#229 = ORIENTED_EDGE('',*,*,#230,.T.);
#230 = EDGE_CURVE('',#224,#231,#233,.T.);
#231 = VERTEX_POINT('',#232);
#232 = CARTESIAN_POINT('',(-27.19999999999,-63.39969658252,
    -24.01805674319));
#233 = B_SPLINE_CURVE_WITH_KNOTS('',1,(#234,#235),.UNSPECIFIED.,.F.,.F.,
  (2,2),(0.,32.979636139197),.PIECEWISE_BEZIER_KNOTS.);
#234 = CARTESIAN_POINT('',(-19.22150390901,-82.0832822732,1.961235505425
    ));
#235 = CARTESIAN_POINT('',(-27.19999999999,-63.39969658252,
    -24.01805674319));
#236 = ORIENTED_EDGE('',*,*,#237,.F.);
#237 = EDGE_CURVE('',#94,#231,#238,.T.);
#238 = B_SPLINE_CURVE_WITH_KNOTS('',1,(#239,#240),.UNSPECIFIED.,.F.,.F.,
  (2,2),(0.,2.),.PIECEWISE_BEZIER_KNOTS.);
#239 = CARTESIAN_POINT('',(-27.19999999999,-65.02340234806,
    -25.18578084886));
#240 = CARTESIAN_POINT('',(-27.19999999999,-63.39969658252,
    -24.01805674319));
#241 = B_SPLINE_SURFACE_WITH_KNOTS('',1,1,(
    (#242,#243)
    ,(#244,#245
    )),.UNSPECIFIED.,.F.,.F.,.F.,(2,2),(2,2),(0.,2.),(0.,32.979636139197
    ),.PIECEWISE_BEZIER_KNOTS.);
#242 = CARTESIAN_POINT('',(-19.22150390901,-83.70698803874,
    0.793511399758));
#243 = CARTESIAN_POINT('',(-27.19999999999,-65.02340234806,
    -25.18578084886));
#244 = CARTESIAN_POINT('',(-19.22150390901,-82.0832822732,1.961235505425
    ));
#245 = CARTESIAN_POINT('',(-27.19999999999,-63.39969658252,
    -24.01805674319));
#246 = ADVANCED_FACE('',(#247),#263,.T.);
#247 = FACE_BOUND('',#248,.T.);
#248 = EDGE_LOOP('',(#249,#250,#257,#262));
#249 = ORIENTED_EDGE('',*,*,#120,.F.);
#250 = ORIENTED_EDGE('',*,*,#251,.T.);
#251 = EDGE_CURVE('',#114,#252,#254,.T.);
#252 = VERTEX_POINT('',#253);
#253 = CARTESIAN_POINT('',(23.84224555562,-62.57909940859,
    -40.95805694678));
#254 = B_SPLINE_CURVE_WITH_KNOTS('',1,(#255,#256),.UNSPECIFIED.,.F.,.F.,
  (2,2),(0.,47.684491111239),.PIECEWISE_BEZIER_KNOTS.);
#255 = CARTESIAN_POINT('',(-23.84224555562,-62.57909940859,
    -40.95805694678));
#256 = CARTESIAN_POINT('',(23.84224555562,-62.57909940859,
    -40.95805694678));
#257 = ORIENTED_EDGE('',*,*,#258,.T.);
#258 = EDGE_CURVE('',#252,#137,#259,.T.);
#259 = B_SPLINE_CURVE_WITH_KNOTS('',1,(#260,#261),.UNSPECIFIED.,.F.,.F.,
  (2,2),(0.,56.604931889985),.PIECEWISE_BEZIER_KNOTS.);
#260 = CARTESIAN_POINT('',(23.84224555562,-62.57909940859,
    -40.95805694678));
#261 = CARTESIAN_POINT('',(13.,-114.,-61.99267146547));
#262 = ORIENTED_EDGE('',*,*,#136,.F.);
#263 = B_SPLINE_SURFACE_WITH_KNOTS('',1,1,(
    (#264,#265)
    ,(#266,#267
    )),.UNSPECIFIED.,.F.,.F.,.F.,(2,2),(2,2),(0.,47.684491111239),(0.,
    56.604931889985),.PIECEWISE_BEZIER_KNOTS.);
#264 = CARTESIAN_POINT('',(-23.84224555562,-62.57909940859,
    -40.95805694678));
#265 = CARTESIAN_POINT('',(-13.,-114.,-61.99267146547));
#266 = CARTESIAN_POINT('',(23.84224555562,-62.57909940859,
    -40.95805694678));
#267 = CARTESIAN_POINT('',(13.,-114.,-61.99267146547));
#268 = ADVANCED_FACE('',(#269),#285,.T.);
#269 = FACE_BOUND('',#270,.T.);
#270 = EDGE_LOOP('',(#271,#272,#273,#280));
#271 = ORIENTED_EDGE('',*,*,#158,.F.);
#272 = ORIENTED_EDGE('',*,*,#178,.T.);
#273 = ORIENTED_EDGE('',*,*,#274,.T.);
#274 = EDGE_CURVE('',#179,#275,#277,.T.);
#275 = VERTEX_POINT('',#276);
#276 = CARTESIAN_POINT('',(27.200000000002,-65.02340234806,
    -25.18578084886));
#277 = B_SPLINE_CURVE_WITH_KNOTS('',1,(#278,#279),.UNSPECIFIED.,.F.,.F.,
  (2,2),(0.,2.016082350218),.PIECEWISE_BEZIER_KNOTS.);
#278 = CARTESIAN_POINT('',(27.166747507828,-66.5,-26.55805694678));
#279 = CARTESIAN_POINT('',(27.200000000002,-65.02340234806,
    -25.18578084886));
#280 = ORIENTED_EDGE('',*,*,#281,.F.);
#281 = EDGE_CURVE('',#159,#275,#282,.T.);
#282 = B_SPLINE_CURVE_WITH_KNOTS('',1,(#283,#284),.UNSPECIFIED.,.F.,.F.,
  (2,2),(0.,33.070948858933),.PIECEWISE_BEZIER_KNOTS.);
#283 = CARTESIAN_POINT('',(19.221503908936,-83.70698803874,
    0.793511399759));
#284 = CARTESIAN_POINT('',(27.200000000002,-65.02340234806,
    -25.18578084886));
#285 = B_SPLINE_SURFACE_WITH_KNOTS('',1,1,(
    (#286,#287)
    ,(#288,#289
    )),.UNSPECIFIED.,.F.,.F.,.F.,(2,2),(2,2),(0.,33.070948858933),(0.,
    2.016082350218),.PIECEWISE_BEZIER_KNOTS.);
#286 = CARTESIAN_POINT('',(19.2,-85.24023107475,-0.5));
#287 = CARTESIAN_POINT('',(19.221503908936,-83.70698803874,
    0.793511399759));
#288 = CARTESIAN_POINT('',(27.166747507828,-66.5,-26.55805694678));
#289 = CARTESIAN_POINT('',(27.200000000002,-65.02340234806,
    -25.18578084886));
#290 = ADVANCED_FACE('',(#291),#307,.T.);
#291 = FACE_BOUND('',#292,.T.);
#292 = EDGE_LOOP('',(#293,#294,#295,#302));
#293 = ORIENTED_EDGE('',*,*,#223,.F.);
#294 = ORIENTED_EDGE('',*,*,#165,.T.);
#295 = ORIENTED_EDGE('',*,*,#296,.T.);
#296 = EDGE_CURVE('',#159,#297,#299,.T.);
#297 = VERTEX_POINT('',#298);
#298 = CARTESIAN_POINT('',(19.221503908936,-82.0832822732,1.961235505426
    ));
#299 = B_SPLINE_CURVE_WITH_KNOTS('',1,(#300,#301),.UNSPECIFIED.,.F.,.F.,
  (2,2),(0.,2.),.PIECEWISE_BEZIER_KNOTS.);
#300 = CARTESIAN_POINT('',(19.221503908936,-83.70698803874,
    0.793511399759));
#301 = CARTESIAN_POINT('',(19.221503908936,-82.0832822732,1.961235505426
    ));
#302 = ORIENTED_EDGE('',*,*,#303,.F.);
#303 = EDGE_CURVE('',#224,#297,#304,.T.);
#304 = B_SPLINE_CURVE_WITH_KNOTS('',1,(#305,#306),.UNSPECIFIED.,.F.,.F.,
  (2,2),(0.,38.443007817952),.PIECEWISE_BEZIER_KNOTS.);
#305 = CARTESIAN_POINT('',(-19.22150390901,-82.0832822732,1.961235505425
    ));
#306 = CARTESIAN_POINT('',(19.221503908936,-82.0832822732,1.961235505426
    ));
#307 = B_SPLINE_SURFACE_WITH_KNOTS('',1,1,(
    (#308,#309)
    ,(#310,#311
    )),.UNSPECIFIED.,.F.,.F.,.F.,(2,2),(2,2),(0.,38.443007817952),(0.,2.
    ),.PIECEWISE_BEZIER_KNOTS.);
#308 = CARTESIAN_POINT('',(-19.22150390901,-83.70698803874,
    0.793511399758));
#309 = CARTESIAN_POINT('',(-19.22150390901,-82.0832822732,1.961235505425
    ));
#310 = CARTESIAN_POINT('',(19.221503908936,-83.70698803874,
    0.793511399759));
#311 = CARTESIAN_POINT('',(19.221503908936,-82.0832822732,1.961235505426
    ));
#312 = ADVANCED_FACE('',(#313),#322,.F.);
#313 = FACE_BOUND('',#314,.F.);
#314 = EDGE_LOOP('',(#315,#316,#317));
#315 = ORIENTED_EDGE('',*,*,#258,.T.);
#316 = ORIENTED_EDGE('',*,*,#187,.T.);
#317 = ORIENTED_EDGE('',*,*,#318,.F.);
#318 = EDGE_CURVE('',#252,#179,#319,.T.);
#319 = B_SPLINE_CURVE_WITH_KNOTS('',1,(#320,#321),.UNSPECIFIED.,.F.,.F.,
  (2,2),(0.,56.604931889985),.PIECEWISE_BEZIER_KNOTS.);
#320 = CARTESIAN_POINT('',(23.84224555562,-62.57909940859,
    -40.95805694678));
#321 = CARTESIAN_POINT('',(27.166747507828,-66.5,-26.55805694678));
#322 = B_SPLINE_SURFACE_WITH_KNOTS('',1,1,(
    (#323,#324)
    ,(#325,#326
    )),.UNSPECIFIED.,.F.,.F.,.F.,(2,2),(2,2),(0.,56.604931889985),(0.,
    60.930769247067),.PIECEWISE_BEZIER_KNOTS.);
#323 = CARTESIAN_POINT('',(23.84224555562,-62.57909940859,
    -40.95805694678));
#324 = CARTESIAN_POINT('',(23.84224555562,-62.57909940859,
    -40.95805694678));
#325 = CARTESIAN_POINT('',(13.,-114.,-61.99267146547));
#326 = CARTESIAN_POINT('',(27.166747507828,-66.5,-26.55805694678));
#327 = ADVANCED_FACE('',(#328),#344,.F.);
#328 = FACE_BOUND('',#329,.F.);
#329 = EDGE_LOOP('',(#330,#331,#332,#339));
#330 = ORIENTED_EDGE('',*,*,#202,.F.);
#331 = ORIENTED_EDGE('',*,*,#251,.T.);
#332 = ORIENTED_EDGE('',*,*,#333,.T.);
#333 = EDGE_CURVE('',#252,#334,#336,.T.);
#334 = VERTEX_POINT('',#335);
#335 = CARTESIAN_POINT('',(23.746699449047,-60.95124269576,
    -40.1412987525));
#336 = B_SPLINE_CURVE_WITH_KNOTS('',1,(#337,#338),.UNSPECIFIED.,.F.,.F.,
  (2,2),(0.,2.016082350218),.PIECEWISE_BEZIER_KNOTS.);
#337 = CARTESIAN_POINT('',(23.84224555562,-62.57909940859,
    -40.95805694678));
#338 = CARTESIAN_POINT('',(23.746699449047,-60.95124269576,
    -40.1412987525));
#339 = ORIENTED_EDGE('',*,*,#340,.F.);
#340 = EDGE_CURVE('',#203,#334,#341,.T.);
#341 = B_SPLINE_CURVE_WITH_KNOTS('',1,(#342,#343),.UNSPECIFIED.,.F.,.F.,
  (2,2),(0.,47.493398898088),.PIECEWISE_BEZIER_KNOTS.);
#342 = CARTESIAN_POINT('',(-23.74669944904,-60.95124269576,
    -40.1412987525));
#343 = CARTESIAN_POINT('',(23.746699449047,-60.95124269576,
    -40.1412987525));
#344 = B_SPLINE_SURFACE_WITH_KNOTS('',1,1,(
    (#345,#346)
    ,(#347,#348
    )),.UNSPECIFIED.,.F.,.F.,.F.,(2,2),(2,2),(0.,47.684491111239),(0.,
    1.823770951605),.PIECEWISE_BEZIER_KNOTS.);
#345 = CARTESIAN_POINT('',(-23.84224555562,-62.57909940859,
    -40.95805694678));
#346 = CARTESIAN_POINT('',(-23.74669944904,-60.95124269576,
    -40.1412987525));
#347 = CARTESIAN_POINT('',(23.84224555562,-62.57909940859,
    -40.95805694678));
#348 = CARTESIAN_POINT('',(23.746699449047,-60.95124269576,
    -40.1412987525));
#349 = ADVANCED_FACE('',(#350),#366,.F.);
#350 = FACE_BOUND('',#351,.F.);
#351 = EDGE_LOOP('',(#352,#353,#354,#361));
#352 = ORIENTED_EDGE('',*,*,#237,.F.);
#353 = ORIENTED_EDGE('',*,*,#209,.T.);
#354 = ORIENTED_EDGE('',*,*,#355,.T.);
#355 = EDGE_CURVE('',#203,#356,#358,.T.);
#356 = VERTEX_POINT('',#357);
#357 = CARTESIAN_POINT('',(-23.74669944904,-54.92245173989,
    -35.80555968166));
#358 = B_SPLINE_CURVE_WITH_KNOTS('',1,(#359,#360),.UNSPECIFIED.,.F.,.F.,
  (2,2),(0.,7.42596483159),.PIECEWISE_BEZIER_KNOTS.);
#359 = CARTESIAN_POINT('',(-23.74669944904,-60.95124269576,
    -40.1412987525));
#360 = CARTESIAN_POINT('',(-23.74669944904,-54.92245173989,
    -35.80555968166));
#361 = ORIENTED_EDGE('',*,*,#362,.T.);
#362 = EDGE_CURVE('',#356,#231,#363,.T.);
#363 = B_SPLINE_CURVE_WITH_KNOTS('',1,(#364,#365),.UNSPECIFIED.,.F.,.F.,
  (2,2),(0.,14.924281903716),.PIECEWISE_BEZIER_KNOTS.);
#364 = CARTESIAN_POINT('',(-23.74669944904,-54.92245173989,
    -35.80555968166));
#365 = CARTESIAN_POINT('',(-27.19999999999,-63.39969658252,
    -24.01805674319));
#366 = B_SPLINE_SURFACE_WITH_KNOTS('',1,1,(
    (#367,#368)
    ,(#369,#370
    )),.UNSPECIFIED.,.F.,.F.,.F.,(2,2),(2,2),(0.,15.880027855619),(0.,
    7.425964831589),.PIECEWISE_BEZIER_KNOTS.);
#367 = CARTESIAN_POINT('',(-27.19999999999,-65.02340234806,
    -25.18578084886));
#368 = CARTESIAN_POINT('',(-27.19999999999,-63.39969658252,
    -24.01805674319));
#369 = CARTESIAN_POINT('',(-23.74669944904,-60.95124269576,
    -40.1412987525));
#370 = CARTESIAN_POINT('',(-23.74669944904,-54.92245173989,
    -35.80555968166));
#371 = ADVANCED_FACE('',(#372,#467),#478,.T.);
#372 = FACE_BOUND('',#373,.T.);
#373 = EDGE_LOOP('',(#374,#381,#388,#396,#404,#412,#420,#428,#436,#444,
    #452,#460,#465,#466));
#374 = ORIENTED_EDGE('',*,*,#375,.T.);
#375 = EDGE_CURVE('',#297,#376,#378,.T.);
#376 = VERTEX_POINT('',#377);
#377 = CARTESIAN_POINT('',(27.200000000002,-63.39969658252,
    -24.01805674319));
#378 = B_SPLINE_CURVE_WITH_KNOTS('',1,(#379,#380),.UNSPECIFIED.,.F.,.F.,
  (2,2),(0.,32.979636139217),.PIECEWISE_BEZIER_KNOTS.);
#379 = CARTESIAN_POINT('',(19.221503908936,-82.0832822732,1.961235505426
    ));
#380 = CARTESIAN_POINT('',(27.200000000002,-63.39969658252,
    -24.01805674319));
#381 = ORIENTED_EDGE('',*,*,#382,.T.);
#382 = EDGE_CURVE('',#376,#383,#385,.T.);
#383 = VERTEX_POINT('',#384);
#384 = CARTESIAN_POINT('',(23.077545482572,-63.39969658259,
    -24.0180567431));
#385 = B_SPLINE_CURVE_WITH_KNOTS('',1,(#386,#387),.UNSPECIFIED.,.F.,.F.,
  (2,2),(0.,54.4),.PIECEWISE_BEZIER_KNOTS.);
#386 = CARTESIAN_POINT('',(27.200000000002,-63.39969658252,
    -24.01805674319));
#387 = CARTESIAN_POINT('',(-27.19999999999,-63.39969658252,
    -24.01805674319));
#388 = ORIENTED_EDGE('',*,*,#389,.T.);
#389 = EDGE_CURVE('',#383,#390,#392,.T.);
#390 = VERTEX_POINT('',#391);
#391 = CARTESIAN_POINT('',(16.096361402896,-79.74783406191,
    -1.286176025582));
#392 = LINE('',#393,#394);
#393 = CARTESIAN_POINT('',(23.077545482572,-63.39969658259,
    -24.0180567431));
#394 = VECTOR('',#395,1.);
#395 = DIRECTION('',(-0.241921895602,-0.566518854599,0.787737382515));
#396 = ORIENTED_EDGE('',*,*,#397,.T.);
#397 = EDGE_CURVE('',#390,#398,#400,.T.);
#398 = VERTEX_POINT('',#399);
#399 = CARTESIAN_POINT('',(6.096361402896,-79.74783406207,-1.28617602536
    ));
#400 = LINE('',#401,#402);
#401 = CARTESIAN_POINT('',(16.096361402896,-79.74783406191,
    -1.286176025582));
#402 = VECTOR('',#403,1.);
#403 = DIRECTION('',(-1.,-1.597885351554E-11,2.21647963152E-11));
#404 = ORIENTED_EDGE('',*,*,#405,.T.);
#405 = EDGE_CURVE('',#398,#406,#408,.T.);
#406 = VERTEX_POINT('',#407);
#407 = CARTESIAN_POINT('',(6.096361402814,-77.99624790357,
    -3.721734673669));
#408 = LINE('',#409,#410);
#409 = CARTESIAN_POINT('',(6.096361402896,-79.74783406207,-1.28617602536
    ));
#410 = VECTOR('',#411,1.);
#411 = DIRECTION('',(-2.7324E-11,0.583862052834,-0.811852882769));
#412 = ORIENTED_EDGE('',*,*,#413,.T.);
#413 = EDGE_CURVE('',#406,#414,#416,.T.);
#414 = VERTEX_POINT('',#415);
#415 = CARTESIAN_POINT('',(3.000000000893,-74.86496344628,
    -8.075746552134));
#416 = LINE('',#417,#418);
#417 = CARTESIAN_POINT('',(6.096361402814,-77.99624790357,
    -3.721734673669));
#418 = VECTOR('',#419,1.);
#419 = DIRECTION('',(-0.500000000024,0.505639370052,-0.703085220603));
#420 = ORIENTED_EDGE('',*,*,#421,.T.);
#421 = EDGE_CURVE('',#414,#422,#424,.T.);
#422 = VERTEX_POINT('',#423);
#423 = CARTESIAN_POINT('',(-2.999999999107,-74.86496344638,
    -8.075746552001));
#424 = LINE('',#425,#426);
#425 = CARTESIAN_POINT('',(3.000000000893,-74.86496344628,
    -8.075746552134));
#426 = VECTOR('',#427,1.);
#427 = DIRECTION('',(-1.,-1.597885351554E-11,2.21647963152E-11));
#428 = ORIENTED_EDGE('',*,*,#429,.T.);
#429 = EDGE_CURVE('',#422,#430,#432,.T.);
#430 = VERTEX_POINT('',#431);
#431 = CARTESIAN_POINT('',(-6.096361400735,-77.99624790377,
    -3.721734673398));
#432 = LINE('',#433,#434);
#433 = CARTESIAN_POINT('',(-2.999999999107,-74.86496344638,
    -8.075746552001));
#434 = VECTOR('',#435,1.);
#435 = DIRECTION('',(-0.499999999976,-0.505639370068,0.703085220625));
#436 = ORIENTED_EDGE('',*,*,#437,.T.);
#437 = EDGE_CURVE('',#430,#438,#440,.T.);
#438 = VERTEX_POINT('',#439);
#439 = CARTESIAN_POINT('',(-6.096361400653,-79.74783406717,
    -1.286176018265));
#440 = LINE('',#441,#442);
#441 = CARTESIAN_POINT('',(-6.096361400735,-77.99624790377,
    -3.721734673398));
#442 = VECTOR('',#443,1.);
#443 = DIRECTION('',(2.7324E-11,-0.583862052834,0.811852882769));
#444 = ORIENTED_EDGE('',*,*,#445,.T.);
#445 = EDGE_CURVE('',#438,#446,#448,.T.);
#446 = VERTEX_POINT('',#447);
#447 = CARTESIAN_POINT('',(-16.09636140065,-79.74783406733,
    -1.286176018044));
#448 = LINE('',#449,#450);
#449 = CARTESIAN_POINT('',(-6.096361400653,-79.74783406717,
    -1.286176018265));
#450 = VECTOR('',#451,1.);
#451 = DIRECTION('',(-1.,-1.597885351554E-11,2.21647963152E-11));
#452 = ORIENTED_EDGE('',*,*,#453,.T.);
#453 = EDGE_CURVE('',#446,#454,#456,.T.);
#454 = VERTEX_POINT('',#455);
#455 = CARTESIAN_POINT('',(-23.07754548262,-63.39969658246,
    -24.01805674328));
#456 = LINE('',#457,#458);
#457 = CARTESIAN_POINT('',(-16.09636140065,-79.74783406733,
    -1.286176018044));
#458 = VECTOR('',#459,1.);
#459 = DIRECTION('',(-0.2419218956,0.566518854599,-0.787737382516));
#460 = ORIENTED_EDGE('',*,*,#461,.T.);
#461 = EDGE_CURVE('',#454,#231,#462,.T.);
#462 = B_SPLINE_CURVE_WITH_KNOTS('',1,(#463,#464),.UNSPECIFIED.,.F.,.F.,
  (2,2),(0.,54.4),.PIECEWISE_BEZIER_KNOTS.);
#463 = CARTESIAN_POINT('',(27.200000000002,-63.39969658252,
    -24.01805674319));
#464 = CARTESIAN_POINT('',(-27.19999999999,-63.39969658252,
    -24.01805674319));
#465 = ORIENTED_EDGE('',*,*,#230,.F.);
#466 = ORIENTED_EDGE('',*,*,#303,.T.);
#467 = FACE_BOUND('',#468,.T.);
#468 = EDGE_LOOP('',(#469));
#469 = ORIENTED_EDGE('',*,*,#470,.F.);
#470 = EDGE_CURVE('',#471,#471,#473,.T.);
#471 = VERTEX_POINT('',#472);
#472 = CARTESIAN_POINT('',(-5.222E-12,-78.86232335714,-2.517467586495));
#473 = CIRCLE('',#474,1.5);
#474 = AXIS2_PLACEMENT_3D('',#475,#476,#477);
#475 = CARTESIAN_POINT('',(-6.8872E-12,-77.98653027789,-3.735246910649)
  );
#476 = DIRECTION('',(-3.186664116439E-14,0.811852882769,0.583862052834)
  );
#477 = DIRECTION('',(1.112E-12,-0.583862052834,0.811852882769));
#478 = B_SPLINE_SURFACE_WITH_KNOTS('',1,1,(
    (#479,#480)
    ,(#481,#482
    )),.UNSPECIFIED.,.F.,.F.,.F.,(2,2),(2,2),(0.,32.979636139217),(0.,
    54.4),.PIECEWISE_BEZIER_KNOTS.);
#479 = CARTESIAN_POINT('',(-27.19999999999,-63.39969658252,
    -24.01805674319));
#480 = CARTESIAN_POINT('',(27.200000000002,-63.39969658252,
    -24.01805674319));
#481 = CARTESIAN_POINT('',(-19.22150390901,-82.0832822732,1.961235505425
    ));
#482 = CARTESIAN_POINT('',(19.221503908936,-82.0832822732,1.961235505426
    ));
#483 = ADVANCED_FACE('',(#484),#494,.F.);
#484 = FACE_BOUND('',#485,.F.);
#485 = EDGE_LOOP('',(#486,#487,#488,#489));
#486 = ORIENTED_EDGE('',*,*,#333,.F.);
#487 = ORIENTED_EDGE('',*,*,#318,.T.);
#488 = ORIENTED_EDGE('',*,*,#274,.T.);
#489 = ORIENTED_EDGE('',*,*,#490,.F.);
#490 = EDGE_CURVE('',#334,#275,#491,.T.);
#491 = B_SPLINE_CURVE_WITH_KNOTS('',1,(#492,#493),.UNSPECIFIED.,.F.,.F.,
  (2,2),(0.,56.604931889985),.PIECEWISE_BEZIER_KNOTS.);
#492 = CARTESIAN_POINT('',(23.746699449047,-60.95124269576,
    -40.1412987525));
#493 = CARTESIAN_POINT('',(27.200000000002,-65.02340234806,
    -25.18578084886));
#494 = B_SPLINE_SURFACE_WITH_KNOTS('',1,1,(
    (#495,#496)
    ,(#497,#498
    )),.UNSPECIFIED.,.F.,.F.,.F.,(2,2),(2,2),(0.,56.604931889985),(0.,
    2.016082350218),.PIECEWISE_BEZIER_KNOTS.);
#495 = CARTESIAN_POINT('',(23.84224555562,-62.57909940859,
    -40.95805694678));
#496 = CARTESIAN_POINT('',(23.746699449047,-60.95124269576,
    -40.1412987525));
#497 = CARTESIAN_POINT('',(27.166747507828,-66.5,-26.55805694678));
#498 = CARTESIAN_POINT('',(27.200000000002,-65.02340234806,
    -25.18578084886));
#499 = ADVANCED_FACE('',(#500),#510,.T.);
#500 = FACE_BOUND('',#501,.T.);
#501 = EDGE_LOOP('',(#502,#503,#504,#509));
#502 = ORIENTED_EDGE('',*,*,#296,.F.);
#503 = ORIENTED_EDGE('',*,*,#281,.T.);
#504 = ORIENTED_EDGE('',*,*,#505,.T.);
#505 = EDGE_CURVE('',#275,#376,#506,.T.);
#506 = B_SPLINE_CURVE_WITH_KNOTS('',1,(#507,#508),.UNSPECIFIED.,.F.,.F.,
  (2,2),(0.,7.42596483159),.PIECEWISE_BEZIER_KNOTS.);
#507 = CARTESIAN_POINT('',(27.200000000002,-65.02340234806,
    -25.18578084886));
#508 = CARTESIAN_POINT('',(27.200000000002,-63.39969658252,
    -24.01805674319));
#509 = ORIENTED_EDGE('',*,*,#375,.F.);
#510 = B_SPLINE_SURFACE_WITH_KNOTS('',1,1,(
    (#511,#512)
    ,(#513,#514
    )),.UNSPECIFIED.,.F.,.F.,.F.,(2,2),(2,2),(0.,32.979636139217),(0.,2.
    ),.PIECEWISE_BEZIER_KNOTS.);
#511 = CARTESIAN_POINT('',(19.221503908936,-83.70698803874,
    0.793511399759));
#512 = CARTESIAN_POINT('',(19.221503908936,-82.0832822732,1.961235505426
    ));
#513 = CARTESIAN_POINT('',(27.200000000002,-65.02340234806,
    -25.18578084886));
#514 = CARTESIAN_POINT('',(27.200000000002,-63.39969658252,
    -24.01805674319));
#515 = ADVANCED_FACE('',(#516),#532,.F.);
#516 = FACE_BOUND('',#517,.F.);
#517 = EDGE_LOOP('',(#518,#519,#520,#527));
#518 = ORIENTED_EDGE('',*,*,#355,.F.);
#519 = ORIENTED_EDGE('',*,*,#340,.T.);
#520 = ORIENTED_EDGE('',*,*,#521,.T.);
#521 = EDGE_CURVE('',#334,#522,#524,.T.);
#522 = VERTEX_POINT('',#523);
#523 = CARTESIAN_POINT('',(23.746699449047,-54.92245173988,
    -35.80555968166));
#524 = B_SPLINE_CURVE_WITH_KNOTS('',1,(#525,#526),.UNSPECIFIED.,.F.,.F.,
  (2,2),(0.,7.42596483159),.PIECEWISE_BEZIER_KNOTS.);
#525 = CARTESIAN_POINT('',(23.746699449047,-60.95124269576,
    -40.1412987525));
#526 = CARTESIAN_POINT('',(23.746699449047,-54.92245173988,
    -35.80555968166));
#527 = ORIENTED_EDGE('',*,*,#528,.F.);
#528 = EDGE_CURVE('',#356,#522,#529,.T.);
#529 = B_SPLINE_CURVE_WITH_KNOTS('',1,(#530,#531),.UNSPECIFIED.,.F.,.F.,
  (2,2),(0.,47.493398898088),.PIECEWISE_BEZIER_KNOTS.);
#530 = CARTESIAN_POINT('',(-23.74669944904,-54.92245173989,
    -35.80555968166));
#531 = CARTESIAN_POINT('',(23.746699449047,-54.92245173988,
    -35.80555968166));
#532 = B_SPLINE_SURFACE_WITH_KNOTS('',1,1,(
    (#533,#534)
    ,(#535,#536
    )),.UNSPECIFIED.,.F.,.F.,.F.,(2,2),(2,2),(0.,47.493398898088),(0.,
    7.42596483159),.PIECEWISE_BEZIER_KNOTS.);
#533 = CARTESIAN_POINT('',(-23.74669944904,-60.95124269576,
    -40.1412987525));
#534 = CARTESIAN_POINT('',(-23.74669944904,-54.92245173989,
    -35.80555968166));
#535 = CARTESIAN_POINT('',(23.746699449047,-60.95124269576,
    -40.1412987525));
#536 = CARTESIAN_POINT('',(23.746699449047,-54.92245173988,
    -35.80555968166));
#537 = ADVANCED_FACE('',(#538,#619,#727),#843,.F.);
#538 = FACE_BOUND('',#539,.F.);
#539 = EDGE_LOOP('',(#540,#541,#542,#547,#548,#556,#564,#572,#580,#588,
    #596,#604,#612,#618));
#540 = ORIENTED_EDGE('',*,*,#362,.F.);
#541 = ORIENTED_EDGE('',*,*,#528,.T.);
#542 = ORIENTED_EDGE('',*,*,#543,.T.);
#543 = EDGE_CURVE('',#522,#376,#544,.T.);
#544 = B_SPLINE_CURVE_WITH_KNOTS('',1,(#545,#546),.UNSPECIFIED.,.F.,.F.,
  (2,2),(0.,15.880027855619),.PIECEWISE_BEZIER_KNOTS.);
#545 = CARTESIAN_POINT('',(23.746699449047,-54.92245173988,
    -35.80555968166));
#546 = CARTESIAN_POINT('',(27.200000000002,-63.39969658252,
    -24.01805674319));
#547 = ORIENTED_EDGE('',*,*,#382,.T.);
#548 = ORIENTED_EDGE('',*,*,#549,.F.);
#549 = EDGE_CURVE('',#550,#383,#552,.T.);
#550 = VERTEX_POINT('',#551);
#551 = CARTESIAN_POINT('',(22.459154356212,-61.88165524523,
    -26.12887423828));
#552 = LINE('',#553,#554);
#553 = CARTESIAN_POINT('',(22.459154356212,-61.88165524523,
    -26.12887423828));
#554 = VECTOR('',#555,1.);
#555 = DIRECTION('',(0.231388054262,-0.568016933567,0.789820442586));
#556 = ORIENTED_EDGE('',*,*,#557,.F.);
#557 = EDGE_CURVE('',#558,#550,#560,.T.);
#558 = VERTEX_POINT('',#559);
#559 = CARTESIAN_POINT('',(15.459154356212,-61.88165524534,
    -26.12887423813));
#560 = LINE('',#561,#562);
#561 = CARTESIAN_POINT('',(15.459154356212,-61.88165524534,
    -26.12887423813));
#562 = VECTOR('',#563,1.);
#563 = DIRECTION('',(1.,1.597885351554E-11,-2.21647963152E-11));
#564 = ORIENTED_EDGE('',*,*,#565,.F.);
#565 = EDGE_CURVE('',#566,#558,#568,.T.);
#566 = VERTEX_POINT('',#567);
#567 = CARTESIAN_POINT('',(12.459154356069,-58.84781902503,
    -30.34738556175));
#568 = LINE('',#569,#570);
#569 = CARTESIAN_POINT('',(12.459154356069,-58.84781902503,
    -30.34738556175));
#570 = VECTOR('',#571,1.);
#571 = DIRECTION('',(0.500000000024,-0.505639370052,0.703085220603));
#572 = ORIENTED_EDGE('',*,*,#573,.F.);
#573 = EDGE_CURVE('',#574,#566,#576,.T.);
#574 = VERTEX_POINT('',#575);
#575 = CARTESIAN_POINT('',(12.459154355995,-57.2578999514,
    -32.55814815033));
#576 = LINE('',#577,#578);
#577 = CARTESIAN_POINT('',(12.459154355995,-57.2578999514,
    -32.55814815033));
#578 = VECTOR('',#579,1.);
#579 = DIRECTION('',(2.7324E-11,-0.583862052834,0.811852882769));
#580 = ORIENTED_EDGE('',*,*,#581,.F.);
#581 = EDGE_CURVE('',#582,#574,#584,.T.);
#582 = VERTEX_POINT('',#583);
#583 = CARTESIAN_POINT('',(-12.45915435585,-57.2578999518,
    -32.55814814978));
#584 = LINE('',#585,#586);
#585 = CARTESIAN_POINT('',(-12.45915435585,-57.2578999518,
    -32.55814814978));
#586 = VECTOR('',#587,1.);
#587 = DIRECTION('',(1.,1.597885351554E-11,-2.21647963152E-11));
#588 = ORIENTED_EDGE('',*,*,#589,.F.);
#589 = EDGE_CURVE('',#590,#582,#592,.T.);
#590 = VERTEX_POINT('',#591);
#591 = CARTESIAN_POINT('',(-12.45915435578,-58.84781902476,
    -30.34738556212));
#592 = LINE('',#593,#594);
#593 = CARTESIAN_POINT('',(-12.45915435578,-58.84781902476,
    -30.34738556212));
#594 = VECTOR('',#595,1.);
#595 = DIRECTION('',(-2.7324E-11,0.583862052834,-0.811852882769));
#596 = ORIENTED_EDGE('',*,*,#597,.F.);
#597 = EDGE_CURVE('',#598,#590,#600,.T.);
#598 = VERTEX_POINT('',#599);
#599 = CARTESIAN_POINT('',(-15.45915435626,-61.88165524498,
    -26.12887423863));
#600 = LINE('',#601,#602);
#601 = CARTESIAN_POINT('',(-15.45915435626,-61.88165524498,
    -26.12887423863));
#602 = VECTOR('',#603,1.);
#603 = DIRECTION('',(0.500000000078,0.505639370034,-0.703085220578));
#604 = ORIENTED_EDGE('',*,*,#605,.F.);
#605 = EDGE_CURVE('',#606,#598,#608,.T.);
#606 = VERTEX_POINT('',#607);
#607 = CARTESIAN_POINT('',(-22.45915435626,-61.88165524509,
    -26.12887423848));
#608 = LINE('',#609,#610);
#609 = CARTESIAN_POINT('',(-22.45915435626,-61.88165524509,
    -26.12887423848));
#610 = VECTOR('',#611,1.);
#611 = DIRECTION('',(1.,1.597885351554E-11,-2.21647963152E-11));
#612 = ORIENTED_EDGE('',*,*,#613,.F.);
#613 = EDGE_CURVE('',#454,#606,#614,.T.);
#614 = LINE('',#615,#616);
#615 = CARTESIAN_POINT('',(-23.07754548262,-63.39969658246,
    -24.01805674328));
#616 = VECTOR('',#617,1.);
#617 = DIRECTION('',(0.231388054262,0.568016933567,-0.789820442586));
#618 = ORIENTED_EDGE('',*,*,#461,.T.);
#619 = FACE_BOUND('',#620,.F.);
#620 = EDGE_LOOP('',(#621,#672));
#621 = ORIENTED_EDGE('',*,*,#622,.T.);
#622 = EDGE_CURVE('',#623,#625,#627,.T.);
#623 = VERTEX_POINT('',#624);
#624 = CARTESIAN_POINT('',(18.699999999995,-59.7116480242,
    -29.14624214133));
#625 = VERTEX_POINT('',#626);
#626 = CARTESIAN_POINT('',(19.622779946966,-58.14539587283,
    -31.32409617048));
#627 = B_SPLINE_CURVE_WITH_KNOTS('',7,(#628,#629,#630,#631,#632,#633,
    #634,#635,#636,#637,#638,#639,#640,#641,#642,#643,#644,#645,#646,
    #647,#648,#649,#650,#651,#652,#653,#654,#655,#656,#657,#658,#659,
    #660,#661,#662,#663,#664,#665,#666,#667,#668,#669,#670,#671),
  .UNSPECIFIED.,.F.,.F.,(8,6,6,6,6,6,6,8),(0.,0.174879839291,
    0.325336288402,0.482137207115,0.549387263641,0.652146828408,
    0.744755798418,1.),.UNSPECIFIED.);
#628 = CARTESIAN_POINT('',(18.699999999995,-59.7116480242,
    -29.14624214133));
#629 = CARTESIAN_POINT('',(18.793215486803,-59.7116480242,
    -29.14624214133));
#630 = CARTESIAN_POINT('',(18.885919998212,-59.70770197918,
    -29.15172906757));
#631 = CARTESIAN_POINT('',(18.977536120062,-59.69988854141,
    -29.16259355508));
#632 = CARTESIAN_POINT('',(19.06753497759,-59.68831834781,
    -29.17868176459));
#633 = CARTESIAN_POINT('',(19.155433606279,-59.67312578632,
    -29.19980683135));
#634 = CARTESIAN_POINT('',(19.240792322709,-59.65446076222,
    -29.22576031393));
#635 = CARTESIAN_POINT('',(19.394121277306,-59.61356989386,
    -29.28261855501));
#636 = CARTESIAN_POINT('',(19.462853967843,-59.59220579616,
    -29.31232506569));
#637 = CARTESIAN_POINT('',(19.529158818683,-59.56848793452,
    -29.34530445568));
#638 = CARTESIAN_POINT('',(19.592800172129,-59.54252150783,
    -29.38141044726));
#639 = CARTESIAN_POINT('',(19.653556507312,-59.51441612121,
    -29.42049063588));
#640 = CARTESIAN_POINT('',(19.711218886393,-59.48428475652,
    -29.46238792166));
#641 = CARTESIAN_POINT('',(19.822252618945,-59.41884957697,
    -29.5533747205));
#642 = CARTESIAN_POINT('',(19.875337490522,-59.38338301349,
    -29.60269053348));
#643 = CARTESIAN_POINT('',(19.924621377451,-59.34597328747,
    -29.65470828967));
#644 = CARTESIAN_POINT('',(19.969886693488,-59.30675775068,
    -29.70923700315));
#645 = CARTESIAN_POINT('',(20.010922381528,-59.26588179168,
    -29.76607451295));
#646 = CARTESIAN_POINT('',(20.047525390947,-59.22349975578,
    -29.82500620385));
#647 = CARTESIAN_POINT('',(20.093216610215,-59.16102320622,
    -29.91187906469));
#648 = CARTESIAN_POINT('',(20.106079884278,-59.14202407031,
    -29.93829712557));
#649 = CARTESIAN_POINT('',(20.118076487106,-59.12279160232,
    -29.96503963179));
#650 = CARTESIAN_POINT('',(20.12919133016,-59.10333948453,
    -29.99208755831));
#651 = CARTESIAN_POINT('',(20.13940972638,-59.08368193645,
    -30.01942113308));
#652 = CARTESIAN_POINT('',(20.148717390192,-59.06383371483,
    -30.04701983703));
#653 = CARTESIAN_POINT('',(20.16990991809,-59.01321361087,
    -30.11740645853));
#654 = CARTESIAN_POINT('',(20.180560629035,-58.98220770531,
    -30.16051978246));
#655 = CARTESIAN_POINT('',(20.189003500979,-58.9508471667,-30.2041262192
    ));
#656 = CARTESIAN_POINT('',(20.195192168638,-58.91919039617,
    -30.24814456274));
#657 = CARTESIAN_POINT('',(20.199084430953,-58.88729957043,
    -30.2924883571));
#658 = CARTESIAN_POINT('',(20.200643711233,-58.85524078602,
    -30.33706569591));
#659 = CARTESIAN_POINT('',(20.199116662903,-58.79410404972,
    -30.42207556316));
#660 = CARTESIAN_POINT('',(20.196474007805,-58.76504436317,
    -30.46248269389));
#661 = CARTESIAN_POINT('',(20.191891105446,-58.73595694079,
    -30.50292839095));
#662 = CARTESIAN_POINT('',(20.185351337373,-58.70689608505,
    -30.54333714742));
#663 = CARTESIAN_POINT('',(20.176844138382,-58.67791850284,
    -30.5836301131));
#664 = CARTESIAN_POINT('',(20.16636622167,-58.64908320437,
    -30.62372523501));
#665 = CARTESIAN_POINT('',(20.119626879789,-58.54153786384,
    -30.77326568607));
#666 = CARTESIAN_POINT('',(20.07034882251,-58.46405170296,
    -30.88100922374));
#667 = CARTESIAN_POINT('',(20.00620140089,-58.38946803642,
    -30.98471687934));
#668 = CARTESIAN_POINT('',(19.927905757336,-58.31914914837,
    -31.08249441378));
#669 = CARTESIAN_POINT('',(19.836662349755,-58.25433718615,
    -31.17261463671));
#670 = CARTESIAN_POINT('',(19.734161585682,-58.19614099599,
    -31.25353571133));
#671 = CARTESIAN_POINT('',(19.622779946966,-58.14539587283,
    -31.32409617048));
#672 = ORIENTED_EDGE('',*,*,#673,.T.);
#673 = EDGE_CURVE('',#625,#623,#674,.T.);
#674 = B_SPLINE_CURVE_WITH_KNOTS('',6,(#675,#676,#677,#678,#679,#680,
    #681,#682,#683,#684,#685,#686,#687,#688,#689,#690,#691,#692,#693,
    #694,#695,#696,#697,#698,#699,#700,#701,#702,#703,#704,#705,#706,
    #707,#708,#709,#710,#711,#712,#713,#714,#715,#716,#717,#718,#719,
    #720,#721,#722,#723,#724,#725,#726),.UNSPECIFIED.,.F.,.F.,(7,5,5,5,5
    ,5,5,5,5,5,7),(0.,0.132723706517,0.271039180639,0.450129967021,
    0.499953511105,0.576918602042,0.650905084809,0.695044969693,
    0.784960040579,0.877114666078,1.),.UNSPECIFIED.);
#675 = CARTESIAN_POINT('',(19.622779946966,-58.14539587283,
    -31.32409617048));
#676 = CARTESIAN_POINT('',(19.519677098537,-58.09842254039,
    -31.38941200179));
#677 = CARTESIAN_POINT('',(19.40860740675,-58.05795275137,
    -31.44568473732));
#678 = CARTESIAN_POINT('',(19.291418700245,-58.02465972241,
    -31.49197827773));
#679 = CARTESIAN_POINT('',(19.170016757142,-57.99883130095,
    -31.52789237476));
#680 = CARTESIAN_POINT('',(19.046198578978,-57.98054071268,
    -31.55332520901));
#681 = CARTESIAN_POINT('',(18.791848678052,-57.95835328579,
    -31.58417654863));
#682 = CARTESIAN_POINT('',(18.661223074476,-57.95509304906,
    -31.58870986702));
#683 = CARTESIAN_POINT('',(18.531530476,-57.95976351396,-31.58221564399)
  );
#684 = CARTESIAN_POINT('',(18.404325698897,-57.9720791548,
    -31.56509089942));
#685 = CARTESIAN_POINT('',(18.280979284501,-57.99168075324,
    -31.53783512192));
#686 = CARTESIAN_POINT('',(18.009570851643,-58.05247603222,
    -31.4533000468));
#687 = CARTESIAN_POINT('',(17.864982446595,-58.09832257493,
    -31.38955100252));
#688 = CARTESIAN_POINT('',(17.73150656953,-58.1548633661,-31.31093173948
    ));
#689 = CARTESIAN_POINT('',(17.611582666478,-58.22112600932,
    -31.21879436276));
#690 = CARTESIAN_POINT('',(17.507493202191,-58.29595248636,
    -31.1147490822));
#691 = CARTESIAN_POINT('',(17.39736280108,-58.40079412053,
    -30.96896810103));
#692 = CARTESIAN_POINT('',(17.374782335182,-58.42416804922,
    -30.93646694549));
#693 = CARTESIAN_POINT('',(17.353637527069,-58.44806635578,
    -30.90323664909));
#694 = CARTESIAN_POINT('',(17.333972847588,-58.47245638124,
    -30.8693226237));
#695 = CARTESIAN_POINT('',(17.315831160158,-58.49730342105,
    -30.83477312558));
#696 = CARTESIAN_POINT('',(17.273645664299,-58.56160247982,
    -30.74536608848));
#697 = CARTESIAN_POINT('',(17.251769953291,-58.60163727846,
    -30.68969820163));
#698 = CARTESIAN_POINT('',(17.23377778218,-58.64253863055,
    -30.63282538307));
#699 = CARTESIAN_POINT('',(17.21980840385,-58.6841573034,-30.57495513894
    ));
#700 = CARTESIAN_POINT('',(17.209981993633,-58.72633040735,
    -30.51631396531));
#701 = CARTESIAN_POINT('',(17.199019350167,-58.80978383392,
    -30.40027301933));
#702 = CARTESIAN_POINT('',(17.197561434317,-58.8510363458,
    -30.34291191745));
#703 = CARTESIAN_POINT('',(17.200102017437,-58.8924790986,
    -30.28528628796));
#704 = CARTESIAN_POINT('',(17.20670099477,-58.93394308293,
    -30.22763113629));
#705 = CARTESIAN_POINT('',(17.217387358404,-58.97524979531,
    -30.17019466931));
#706 = CARTESIAN_POINT('',(17.2409599373,-59.04064953916,-30.07925714337
    ));
#707 = CARTESIAN_POINT('',(17.251219632826,-59.06496488346,
    -30.04544696119));
#708 = CARTESIAN_POINT('',(17.262928996025,-59.08911806277,
    -30.01186226742));
#709 = CARTESIAN_POINT('',(17.276081052315,-59.11306892824,
    -29.97855888852));
#710 = CARTESIAN_POINT('',(17.290663593644,-59.13677698785,
    -29.94559312811));
#711 = CARTESIAN_POINT('',(17.339242955006,-59.20791807502,
    -29.84667233608));
#712 = CARTESIAN_POINT('',(17.377693594326,-59.25446276332,
    -29.78195252908));
#713 = CARTESIAN_POINT('',(17.421855738665,-59.29948285354,
    -29.71935265665));
#714 = CARTESIAN_POINT('',(17.471485362105,-59.34264133259,
    -29.65934133126));
#715 = CARTESIAN_POINT('',(17.526243843192,-59.38362291788,
    -29.60235694942));
#716 = CARTESIAN_POINT('',(17.646620934497,-59.46161681469,
    -29.49390741129));
#717 = CARTESIAN_POINT('',(17.712487208833,-59.49851246645,
    -29.44260446893));
#718 = CARTESIAN_POINT('',(17.78281836341,-59.53251603326,
    -29.39532293452));
#719 = CARTESIAN_POINT('',(17.857071206507,-59.56337998265,
    -29.35240699888));
#720 = CARTESIAN_POINT('',(17.934653976153,-59.59091014307,
    -29.3141266551));
#721 = CARTESIAN_POINT('',(18.12196726485,-59.64705678869,
    -29.23605544653));
#722 = CARTESIAN_POINT('',(18.233818228308,-59.67298222588,
    -29.20000645034));
#723 = CARTESIAN_POINT('',(18.3489798712,-59.69242719395,-29.17296846541
    ));
#724 = CARTESIAN_POINT('',(18.465976187596,-59.70529942801,
    -29.15506978493));
#725 = CARTESIAN_POINT('',(18.583415170679,-59.7116480242,
    -29.14624214133));
#726 = CARTESIAN_POINT('',(18.699999999995,-59.7116480242,
    -29.14624214133));
#727 = FACE_BOUND('',#728,.F.);
#728 = EDGE_LOOP('',(#729,#798));
#729 = ORIENTED_EDGE('',*,*,#730,.T.);
#730 = EDGE_CURVE('',#731,#733,#735,.T.);
#731 = VERTEX_POINT('',#732);
#732 = CARTESIAN_POINT('',(-18.69999999999,-59.7116480242,
    -29.14624214133));
#733 = VERTEX_POINT('',#734);
#734 = CARTESIAN_POINT('',(-19.65234118362,-58.15921795253,
    -31.30487674151));
#735 = B_SPLINE_CURVE_WITH_KNOTS('',7,(#736,#737,#738,#739,#740,#741,
    #742,#743,#744,#745,#746,#747,#748,#749,#750,#751,#752,#753,#754,
    #755,#756,#757,#758,#759,#760,#761,#762,#763,#764,#765,#766,#767,
    #768,#769,#770,#771,#772,#773,#774,#775,#776,#777,#778,#779,#780,
    #781,#782,#783,#784,#785,#786,#787,#788,#789,#790,#791,#792,#793,
    #794,#795,#796,#797),.UNSPECIFIED.,.F.,.F.,(8,6,6,6,6,6,6,6,6,6,8),(
    0.,0.145763652898,0.214426328581,0.304166377975,0.348055013313,
    0.419984688996,0.496120600233,0.545200565363,0.65232635889,
    0.80763344911,1.),.UNSPECIFIED.);
#736 = CARTESIAN_POINT('',(-18.69999999999,-59.7116480242,
    -29.14624214133));
#737 = CARTESIAN_POINT('',(-18.58073074961,-59.7116480242,
    -29.14624214133));
#738 = CARTESIAN_POINT('',(-18.46056736463,-59.70518836778,
    -29.15522421279));
#739 = CARTESIAN_POINT('',(-18.34079665599,-59.69209373525,
    -29.17343213557));
#740 = CARTESIAN_POINT('',(-18.22277254014,-59.67230757003,
    -29.20094455086));
#741 = CARTESIAN_POINT('',(-18.10791166762,-59.64589423079,
    -29.23767196875));
#742 = CARTESIAN_POINT('',(-17.99766465017,-59.61307138187,
    -29.2833117297));
#743 = CARTESIAN_POINT('',(-17.84437814021,-59.55599627835,
    -29.36267394737));
#744 = CARTESIAN_POINT('',(-17.79662906619,-59.53639181865,
    -29.38993370342));
#745 = CARTESIAN_POINT('',(-17.75036265974,-59.51550321257,
    -29.41897904894));
#746 = CARTESIAN_POINT('',(-17.70571823615,-59.49338188042,
    -29.44973848465));
#747 = CARTESIAN_POINT('',(-17.66282675446,-59.47008673258,
    -29.4821300964));
#748 = CARTESIAN_POINT('',(-17.62181014126,-59.44568420873,
    -29.51606150063));
#749 = CARTESIAN_POINT('',(-17.53177019843,-59.38700437274,
    -29.59765507874));
#750 = CARTESIAN_POINT('',(-17.48414863339,-59.3519915209,
    -29.64634001135));
#751 = CARTESIAN_POINT('',(-17.44016900484,-59.31537674911,
    -29.69725239362));
#752 = CARTESIAN_POINT('',(-17.4000404091,-59.27733904016,
    -29.75014335223));
#753 = CARTESIAN_POINT('',(-17.3639297377,-59.23806757544,-29.8047498328
    ));
#754 = CARTESIAN_POINT('',(-17.33196346175,-59.19775993828,
    -29.86079709818));
#755 = CARTESIAN_POINT('',(-17.29066569062,-59.13650040618,
    -29.94597771147));
#756 = CARTESIAN_POINT('',(-17.27811366955,-59.11618062638,
    -29.97423211116));
#757 = CARTESIAN_POINT('',(-17.26658309132,-59.09568435382,
    -30.00273192183));
#758 = CARTESIAN_POINT('',(-17.25608145448,-59.07503480732,
    -30.03144485801));
#759 = CARTESIAN_POINT('',(-17.24661401787,-59.05425504859,
    -30.06033885265));
#760 = CARTESIAN_POINT('',(-17.23818380061,-59.03336798231,
    -30.08938205709));
#761 = CARTESIAN_POINT('',(-17.21867637565,-58.97802567533,
    -30.16633484286));
#762 = CARTESIAN_POINT('',(-17.20934934848,-58.94342733817,
    -30.21444339799));
#763 = CARTESIAN_POINT('',(-17.20281457523,-58.90870136404,
    -30.26272943074));
#764 = CARTESIAN_POINT('',(-17.19906115677,-58.87394428196,
    -30.3110587187));
#765 = CARTESIAN_POINT('',(-17.19806513635,-58.83924898145,
    -30.35930210017));
#766 = CARTESIAN_POINT('',(-17.19979141585,-58.80470456344,
    -30.40733568141));
#767 = CARTESIAN_POINT('',(-17.2088574759,-58.73408156638,
    -30.50553607561));
#768 = CARTESIAN_POINT('',(-17.21651968139,-58.69803077022,
    -30.55566425684));
#769 = CARTESIAN_POINT('',(-17.22712960353,-58.6623439693,
    -30.60528630722));
#770 = CARTESIAN_POINT('',(-17.24062347743,-58.62711519969,
    -30.65427147079));
#771 = CARTESIAN_POINT('',(-17.2569284585,-58.59243262015,
    -30.70249716391));
#772 = CARTESIAN_POINT('',(-17.27596462278,-58.5583787654,
    -30.74984862307));
#773 = CARTESIAN_POINT('',(-17.31162419168,-58.503533493,-30.82611028845
    ));
#774 = CARTESIAN_POINT('',(-17.32670115718,-58.48232946775,
    -30.85559422038));
#775 = CARTESIAN_POINT('',(-17.34285496057,-58.46143924147,
    -30.88464181878));
#776 = CARTESIAN_POINT('',(-17.36006202527,-58.44088248184,
    -30.91322573597));
#777 = CARTESIAN_POINT('',(-17.37829810142,-58.42067800637,
    -30.94131980642));
#778 = CARTESIAN_POINT('',(-17.39753826584,-58.40084378244,
    -30.96889904676));
#779 = CARTESIAN_POINT('',(-17.46188775182,-58.338950691,-31.05496061638
    ));
#780 = CARTESIAN_POINT('',(-17.51067916409,-58.29835135321,
    -31.11141348785));
#781 = CARTESIAN_POINT('',(-17.56386817651,-58.25977523538,
    -31.16505309727));
#782 = CARTESIAN_POINT('',(-17.62118037819,-58.22338368472,
    -31.21565509335));
#783 = CARTESIAN_POINT('',(-17.6823323676,-58.1893247401,-31.2630136299)
  );
#784 = CARTESIAN_POINT('',(-17.74703419058,-58.15773479805,
    -31.30693904928));
#785 = CARTESIAN_POINT('',(-17.91351422407,-58.08670507608,
    -31.40570498938));
#786 = CARTESIAN_POINT('',(-18.01886548803,-58.05013095693,
    -31.45656084466));
#787 = CARTESIAN_POINT('',(-18.13016186885,-58.01939428587,
    -31.49929980138));
#788 = CARTESIAN_POINT('',(-18.24645652701,-57.99485332654,
    -31.53342369844));
#789 = CARTESIAN_POINT('',(-18.3667248976,-57.9768373667,-31.55847466529
    ));
#790 = CARTESIAN_POINT('',(-18.48985157346,-57.96563503316,
    -31.57405136998));
#791 = CARTESIAN_POINT('',(-18.76915773239,-57.95633751205,
    -31.5869794568));
#792 = CARTESIAN_POINT('',(-18.92637807848,-57.96200248122,
    -31.57910238802));
#793 = CARTESIAN_POINT('',(-19.08367946141,-57.9789729039,
    -31.55550522752));
#794 = CARTESIAN_POINT('',(-19.23815312762,-58.00750459058,-31.515832274
    ));
#795 = CARTESIAN_POINT('',(-19.38666298104,-58.04751003597,
    -31.46020520249));
#796 = CARTESIAN_POINT('',(-19.52581804224,-58.09851255684,
    -31.38928683505));
#797 = CARTESIAN_POINT('',(-19.65234118362,-58.15921795253,
    -31.30487674151));
#798 = ORIENTED_EDGE('',*,*,#799,.T.);
#799 = EDGE_CURVE('',#733,#731,#800,.T.);
#800 = B_SPLINE_CURVE_WITH_KNOTS('',6,(#801,#802,#803,#804,#805,#806,
    #807,#808,#809,#810,#811,#812,#813,#814,#815,#816,#817,#818,#819,
    #820,#821,#822,#823,#824,#825,#826,#827,#828,#829,#830,#831,#832,
    #833,#834,#835,#836,#837,#838,#839,#840,#841,#842),.UNSPECIFIED.,.F.
  ,.F.,(7,5,5,5,5,5,5,5,7),(0.,0.19071668423,0.340489601762,
    0.443892701022,0.511367853763,0.673252888299,0.786658624578,
    0.875714091965,1.),.UNSPECIFIED.);
#801 = CARTESIAN_POINT('',(-19.65234118362,-58.15921795253,
    -31.30487674151));
#802 = CARTESIAN_POINT('',(-19.74665791741,-58.2044708176,
    -31.24195319856));
#803 = CARTESIAN_POINT('',(-19.8338083681,-58.25529521866,
    -31.17128250449));
#804 = CARTESIAN_POINT('',(-19.91223365264,-58.31108688433,
    -31.09370489109));
#805 = CARTESIAN_POINT('',(-19.98077507635,-58.37105975021,
    -31.01031337111));
#806 = CARTESIAN_POINT('',(-20.03858033796,-58.4343169641,
    -30.92235500627));
#807 = CARTESIAN_POINT('',(-20.12181696097,-58.55128984225,
    -30.75970568205));
#808 = CARTESIAN_POINT('',(-20.15155142843,-58.6041626654,
    -30.68618668268));
#809 = CARTESIAN_POINT('',(-20.17419977333,-58.65799155789,
    -30.61133828086));
#810 = CARTESIAN_POINT('',(-20.18972605908,-58.71233288278,
    -30.53577734817));
#811 = CARTESIAN_POINT('',(-20.19820165324,-58.76677370524,
    -30.46007806537));
#812 = CARTESIAN_POINT('',(-20.20087355198,-58.85832605522,
    -30.33277566767));
#813 = CARTESIAN_POINT('',(-20.19867834157,-58.8955869232,
    -30.28096489673));
#814 = CARTESIAN_POINT('',(-20.19324723726,-58.93259471632,
    -30.2295060232));
#815 = CARTESIAN_POINT('',(-20.18464725452,-58.96923700885,
    -30.17855537368));
#816 = CARTESIAN_POINT('',(-20.17295678596,-59.00541024853,
    -30.12825693628));
#817 = CARTESIAN_POINT('',(-20.14867059191,-59.06425574701,
    -30.04643300656));
#818 = CARTESIAN_POINT('',(-20.13780069233,-59.087251927,-30.01445710587
    ));
#819 = CARTESIAN_POINT('',(-20.12567461019,-59.10998146302,
    -29.98285197029));
#820 = CARTESIAN_POINT('',(-20.11231703421,-59.13241924122,
    -29.95165252031));
#821 = CARTESIAN_POINT('',(-20.09775357931,-59.15454137834,
    -29.92089196529));
#822 = CARTESIAN_POINT('',(-20.04424099367,-59.22858858238,
    -29.81793025411));
#823 = CARTESIAN_POINT('',(-19.99968461638,-59.27890172858,
    -29.74797045353));
#824 = CARTESIAN_POINT('',(-19.94870290227,-59.32695662802,
    -29.68115071681));
#825 = CARTESIAN_POINT('',(-19.89168143118,-59.37247050866,
    -29.61786423498));
#826 = CARTESIAN_POINT('',(-19.82902435111,-59.41518226357,
    -29.55847407392));
#827 = CARTESIAN_POINT('',(-19.71359945092,-59.48263659495,
    -29.46467966971));
#828 = CARTESIAN_POINT('',(-19.66349106644,-59.50892884756,
    -29.42812062127));
#829 = CARTESIAN_POINT('',(-19.6109683864,-59.53364141284,-29.3937581083
    ));
#830 = CARTESIAN_POINT('',(-19.55618404207,-59.55669215932,
    -29.36170633358));
#831 = CARTESIAN_POINT('',(-19.4992995097,-59.57800169055,-29.3320756969
    ));
#832 = CARTESIAN_POINT('',(-19.39430126403,-59.61280097625,
    -29.28368772533));
#833 = CARTESIAN_POINT('',(-19.34692740167,-59.62698729673,
    -29.26396182411));
#834 = CARTESIAN_POINT('',(-19.29844792897,-59.64001570811,
    -29.24584598102));
#835 = CARTESIAN_POINT('',(-19.24895150292,-59.65185051411,
    -29.22938983129));
#836 = CARTESIAN_POINT('',(-19.19853217143,-59.66245758628,
    -29.21464083008));
#837 = CARTESIAN_POINT('',(-19.07577486802,-59.68484873733,
    -29.18350621457));
#838 = CARTESIAN_POINT('',(-19.00265911853,-59.69543832961,
    -29.16878151893));
#839 = CARTESIAN_POINT('',(-18.92820919184,-59.7034859074,
    -29.15759146266));
#840 = CARTESIAN_POINT('',(-18.85272939869,-59.7089114274,
    -29.15004734495));
#841 = CARTESIAN_POINT('',(-18.77654734776,-59.71164802858,
    -29.14624213524));
#842 = CARTESIAN_POINT('',(-18.69999999999,-59.7116480242,
    -29.14624214133));
#843 = B_SPLINE_SURFACE_WITH_KNOTS('',1,1,(
    (#844,#845)
    ,(#846,#847
    )),.UNSPECIFIED.,.F.,.F.,.F.,(2,2),(2,2),(0.,14.924281903716),(0.,
    54.4),.PIECEWISE_BEZIER_KNOTS.);
#844 = CARTESIAN_POINT('',(23.746699449047,-54.92245173988,
    -35.80555968166));
#845 = CARTESIAN_POINT('',(-23.74669944904,-54.92245173989,
    -35.80555968166));
#846 = CARTESIAN_POINT('',(27.200000000002,-63.39969658252,
    -24.01805674319));
#847 = CARTESIAN_POINT('',(-27.19999999999,-63.39969658252,
    -24.01805674319));
#848 = ADVANCED_FACE('',(#849),#874,.T.);
#849 = FACE_BOUND('',#850,.T.);
#850 = EDGE_LOOP('',(#851,#859,#867,#873));
#851 = ORIENTED_EDGE('',*,*,#852,.T.);
#852 = EDGE_CURVE('',#446,#853,#855,.T.);
#853 = VERTEX_POINT('',#854);
#854 = CARTESIAN_POINT('',(-16.09636140065,-82.99524559841,
    -3.621624229378));
#855 = LINE('',#856,#857);
#856 = CARTESIAN_POINT('',(-16.09636140065,-79.74783406733,
    -1.286176018044));
#857 = VECTOR('',#858,1.);
#858 = DIRECTION('',(3.125E-14,-0.811852882769,-0.583862052834));
#859 = ORIENTED_EDGE('',*,*,#860,.T.);
#860 = EDGE_CURVE('',#853,#861,#863,.T.);
#861 = VERTEX_POINT('',#862);
#862 = CARTESIAN_POINT('',(-23.07754548262,-66.64710811353,
    -26.35350495462));
#863 = LINE('',#864,#865);
#864 = CARTESIAN_POINT('',(-16.09636140065,-82.99524559841,
    -3.621624229378));
#865 = VECTOR('',#866,1.);
#866 = DIRECTION('',(-0.2419218956,0.566518854599,-0.787737382516));
#867 = ORIENTED_EDGE('',*,*,#868,.F.);
#868 = EDGE_CURVE('',#454,#861,#869,.T.);
#869 = LINE('',#870,#871);
#870 = CARTESIAN_POINT('',(-23.07754548262,-63.39969658246,
    -24.01805674328));
#871 = VECTOR('',#872,1.);
#872 = DIRECTION('',(3.125E-14,-0.811852882769,-0.583862052834));
#873 = ORIENTED_EDGE('',*,*,#453,.F.);
#874 = PLANE('',#875);
#875 = AXIS2_PLACEMENT_3D('',#876,#877,#878);
#876 = CARTESIAN_POINT('',(-16.09636140065,-79.74783406733,
    -1.286176018044));
#877 = DIRECTION('',(0.970295726276,0.14124901459,-0.196404988348));
#878 = DIRECTION('',(-0.2419218956,0.566518854599,-0.787737382516));
#879 = ADVANCED_FACE('',(#880),#898,.T.);
#880 = FACE_BOUND('',#881,.T.);
#881 = EDGE_LOOP('',(#882,#890,#896,#897));
#882 = ORIENTED_EDGE('',*,*,#883,.T.);
#883 = EDGE_CURVE('',#438,#884,#886,.T.);
#884 = VERTEX_POINT('',#885);
#885 = CARTESIAN_POINT('',(-6.096361400653,-82.99524559825,-3.6216242296
    ));
#886 = LINE('',#887,#888);
#887 = CARTESIAN_POINT('',(-6.096361400653,-79.74783406717,
    -1.286176018265));
#888 = VECTOR('',#889,1.);
#889 = DIRECTION('',(3.125E-14,-0.811852882769,-0.583862052834));
#890 = ORIENTED_EDGE('',*,*,#891,.T.);
#891 = EDGE_CURVE('',#884,#853,#892,.T.);
#892 = LINE('',#893,#894);
#893 = CARTESIAN_POINT('',(-6.096361400653,-82.99524559825,-3.6216242296
    ));
#894 = VECTOR('',#895,1.);
#895 = DIRECTION('',(-1.,-1.597885351554E-11,2.21647963152E-11));
#896 = ORIENTED_EDGE('',*,*,#852,.F.);
#897 = ORIENTED_EDGE('',*,*,#445,.F.);
#898 = PLANE('',#899);
#899 = AXIS2_PLACEMENT_3D('',#900,#901,#902);
#900 = CARTESIAN_POINT('',(-6.096361400653,-79.74783406717,
    -1.286176018265));
#901 = DIRECTION('',(-2.73237E-11,0.583862052834,-0.811852882769));
#902 = DIRECTION('',(-1.,-1.597872133234E-11,2.216452185261E-11));
#903 = ADVANCED_FACE('',(#904),#922,.T.);
#904 = FACE_BOUND('',#905,.T.);
#905 = EDGE_LOOP('',(#906,#914,#920,#921));
#906 = ORIENTED_EDGE('',*,*,#907,.T.);
#907 = EDGE_CURVE('',#430,#908,#910,.T.);
#908 = VERTEX_POINT('',#909);
#909 = CARTESIAN_POINT('',(-6.096361400735,-81.24365943484,
    -6.057182884733));
#910 = LINE('',#911,#912);
#911 = CARTESIAN_POINT('',(-6.096361400735,-77.99624790377,
    -3.721734673398));
#912 = VECTOR('',#913,1.);
#913 = DIRECTION('',(3.125E-14,-0.811852882769,-0.583862052834));
#914 = ORIENTED_EDGE('',*,*,#915,.T.);
#915 = EDGE_CURVE('',#908,#884,#916,.T.);
#916 = LINE('',#917,#918);
#917 = CARTESIAN_POINT('',(-6.096361400735,-81.24365943484,
    -6.057182884733));
#918 = VECTOR('',#919,1.);
#919 = DIRECTION('',(2.7324E-11,-0.583862052834,0.811852882769));
#920 = ORIENTED_EDGE('',*,*,#883,.F.);
#921 = ORIENTED_EDGE('',*,*,#437,.F.);
#922 = PLANE('',#923);
#923 = AXIS2_PLACEMENT_3D('',#924,#925,#926);
#924 = CARTESIAN_POINT('',(-6.096361400735,-77.99624790377,
    -3.721734673398));
#925 = DIRECTION('',(-1.,-1.597864E-11,2.216458E-11));
#926 = DIRECTION('',(2.732369972026E-11,-0.583862052834,0.811852882769)
  );
#927 = ADVANCED_FACE('',(#928),#946,.T.);
#928 = FACE_BOUND('',#929,.T.);
#929 = EDGE_LOOP('',(#930,#938,#944,#945));
#930 = ORIENTED_EDGE('',*,*,#931,.T.);
#931 = EDGE_CURVE('',#422,#932,#934,.T.);
#932 = VERTEX_POINT('',#933);
#933 = CARTESIAN_POINT('',(-2.999999999107,-78.11237497745,
    -10.41119476333));
#934 = LINE('',#935,#936);
#935 = CARTESIAN_POINT('',(-2.999999999107,-74.86496344638,
    -8.075746552001));
#936 = VECTOR('',#937,1.);
#937 = DIRECTION('',(3.125E-14,-0.811852882769,-0.583862052834));
#938 = ORIENTED_EDGE('',*,*,#939,.T.);
#939 = EDGE_CURVE('',#932,#908,#940,.T.);
#940 = LINE('',#941,#942);
#941 = CARTESIAN_POINT('',(-2.999999999107,-78.11237497745,
    -10.41119476333));
#942 = VECTOR('',#943,1.);
#943 = DIRECTION('',(-0.499999999976,-0.505639370068,0.703085220625));
#944 = ORIENTED_EDGE('',*,*,#907,.F.);
#945 = ORIENTED_EDGE('',*,*,#429,.F.);
#946 = PLANE('',#947);
#947 = AXIS2_PLACEMENT_3D('',#948,#949,#950);
#948 = CARTESIAN_POINT('',(-2.999999999107,-74.86496344638,
    -8.075746552001));
#949 = DIRECTION('',(-0.866025403798,0.291931026403,-0.405926441365));
#950 = DIRECTION('',(-0.499999999976,-0.505639370068,0.703085220625));
#951 = ADVANCED_FACE('',(#952),#970,.T.);
#952 = FACE_BOUND('',#953,.T.);
#953 = EDGE_LOOP('',(#954,#962,#968,#969));
#954 = ORIENTED_EDGE('',*,*,#955,.T.);
#955 = EDGE_CURVE('',#414,#956,#958,.T.);
#956 = VERTEX_POINT('',#957);
#957 = CARTESIAN_POINT('',(3.000000000893,-78.11237497736,
    -10.41119476346));
#958 = LINE('',#959,#960);
#959 = CARTESIAN_POINT('',(3.000000000893,-74.86496344628,
    -8.075746552134));
#960 = VECTOR('',#961,1.);
#961 = DIRECTION('',(3.125E-14,-0.811852882769,-0.583862052834));
#962 = ORIENTED_EDGE('',*,*,#963,.T.);
#963 = EDGE_CURVE('',#956,#932,#964,.T.);
#964 = LINE('',#965,#966);
#965 = CARTESIAN_POINT('',(3.000000000893,-78.11237497736,
    -10.41119476346));
#966 = VECTOR('',#967,1.);
#967 = DIRECTION('',(-1.,-1.597885351554E-11,2.21647963152E-11));
#968 = ORIENTED_EDGE('',*,*,#931,.F.);
#969 = ORIENTED_EDGE('',*,*,#421,.F.);
#970 = PLANE('',#971);
#971 = AXIS2_PLACEMENT_3D('',#972,#973,#974);
#972 = CARTESIAN_POINT('',(3.000000000893,-74.86496344628,
    -8.075746552134));
#973 = DIRECTION('',(-2.73237E-11,0.583862052834,-0.811852882769));
#974 = DIRECTION('',(-1.,-1.597872133234E-11,2.216452185261E-11));
#975 = ADVANCED_FACE('',(#976),#994,.T.);
#976 = FACE_BOUND('',#977,.T.);
#977 = EDGE_LOOP('',(#978,#986,#992,#993));
#978 = ORIENTED_EDGE('',*,*,#979,.T.);
#979 = EDGE_CURVE('',#406,#980,#982,.T.);
#980 = VERTEX_POINT('',#981);
#981 = CARTESIAN_POINT('',(6.096361402814,-81.24365943465,
    -6.057182885003));
#982 = LINE('',#983,#984);
#983 = CARTESIAN_POINT('',(6.096361402814,-77.99624790357,
    -3.721734673669));
#984 = VECTOR('',#985,1.);
#985 = DIRECTION('',(3.125E-14,-0.811852882769,-0.583862052834));
#986 = ORIENTED_EDGE('',*,*,#987,.T.);
#987 = EDGE_CURVE('',#980,#956,#988,.T.);
#988 = LINE('',#989,#990);
#989 = CARTESIAN_POINT('',(6.096361402814,-81.24365943465,
    -6.057182885003));
#990 = VECTOR('',#991,1.);
#991 = DIRECTION('',(-0.500000000024,0.505639370052,-0.703085220603));
#992 = ORIENTED_EDGE('',*,*,#955,.F.);
#993 = ORIENTED_EDGE('',*,*,#413,.F.);
#994 = PLANE('',#995);
#995 = AXIS2_PLACEMENT_3D('',#996,#997,#998);
#996 = CARTESIAN_POINT('',(6.096361402814,-77.99624790357,
    -3.721734673669));
#997 = DIRECTION('',(0.866025403771,0.291931026431,-0.405926441404));
#998 = DIRECTION('',(-0.500000000024,0.505639370052,-0.703085220603));
#999 = ADVANCED_FACE('',(#1000),#1018,.T.);
#1000 = FACE_BOUND('',#1001,.T.);
#1001 = EDGE_LOOP('',(#1002,#1010,#1016,#1017));
#1002 = ORIENTED_EDGE('',*,*,#1003,.T.);
#1003 = EDGE_CURVE('',#398,#1004,#1006,.T.);
#1004 = VERTEX_POINT('',#1005);
#1005 = CARTESIAN_POINT('',(6.096361402896,-82.99524559315,
    -3.621624236695));
#1006 = LINE('',#1007,#1008);
#1007 = CARTESIAN_POINT('',(6.096361402896,-79.74783406207,
    -1.28617602536));
#1008 = VECTOR('',#1009,1.);
#1009 = DIRECTION('',(3.125E-14,-0.811852882769,-0.583862052834));
#1010 = ORIENTED_EDGE('',*,*,#1011,.T.);
#1011 = EDGE_CURVE('',#1004,#980,#1012,.T.);
#1012 = LINE('',#1013,#1014);
#1013 = CARTESIAN_POINT('',(6.096361402896,-82.99524559315,
    -3.621624236695));
#1014 = VECTOR('',#1015,1.);
#1015 = DIRECTION('',(-2.7324E-11,0.583862052834,-0.811852882769));
#1016 = ORIENTED_EDGE('',*,*,#979,.F.);
#1017 = ORIENTED_EDGE('',*,*,#405,.F.);
#1018 = PLANE('',#1019);
#1019 = AXIS2_PLACEMENT_3D('',#1020,#1021,#1022);
#1020 = CARTESIAN_POINT('',(6.096361402896,-79.74783406207,
    -1.28617602536));
#1021 = DIRECTION('',(1.,1.597864E-11,-2.216458E-11));
#1022 = DIRECTION('',(-2.732369972026E-11,0.583862052834,-0.811852882769
    ));
#1023 = ADVANCED_FACE('',(#1024),#1042,.T.);
#1024 = FACE_BOUND('',#1025,.T.);
#1025 = EDGE_LOOP('',(#1026,#1034,#1040,#1041));
#1026 = ORIENTED_EDGE('',*,*,#1027,.T.);
#1027 = EDGE_CURVE('',#390,#1028,#1030,.T.);
#1028 = VERTEX_POINT('',#1029);
#1029 = CARTESIAN_POINT('',(16.096361402896,-82.99524559299,
    -3.621624236917));
#1030 = LINE('',#1031,#1032);
#1031 = CARTESIAN_POINT('',(16.096361402896,-79.74783406191,
    -1.286176025582));
#1032 = VECTOR('',#1033,1.);
#1033 = DIRECTION('',(3.125E-14,-0.811852882769,-0.583862052834));
#1034 = ORIENTED_EDGE('',*,*,#1035,.T.);
#1035 = EDGE_CURVE('',#1028,#1004,#1036,.T.);
#1036 = LINE('',#1037,#1038);
#1037 = CARTESIAN_POINT('',(16.096361402896,-82.99524559299,
    -3.621624236917));
#1038 = VECTOR('',#1039,1.);
#1039 = DIRECTION('',(-1.,-1.597885351554E-11,2.21647963152E-11));
#1040 = ORIENTED_EDGE('',*,*,#1003,.F.);
#1041 = ORIENTED_EDGE('',*,*,#397,.F.);
#1042 = PLANE('',#1043);
#1043 = AXIS2_PLACEMENT_3D('',#1044,#1045,#1046);
#1044 = CARTESIAN_POINT('',(16.096361402896,-79.74783406191,
    -1.286176025582));
#1045 = DIRECTION('',(-2.73237E-11,0.583862052834,-0.811852882769));
#1046 = DIRECTION('',(-1.,-1.597872133234E-11,2.216452185261E-11));
#1047 = ADVANCED_FACE('',(#1048),#1066,.T.);
#1048 = FACE_BOUND('',#1049,.T.);
#1049 = EDGE_LOOP('',(#1050,#1058,#1064,#1065));
#1050 = ORIENTED_EDGE('',*,*,#1051,.T.);
#1051 = EDGE_CURVE('',#383,#1052,#1054,.T.);
#1052 = VERTEX_POINT('',#1053);
#1053 = CARTESIAN_POINT('',(23.077545482572,-66.64710811366,
    -26.35350495443));
#1054 = LINE('',#1055,#1056);
#1055 = CARTESIAN_POINT('',(23.077545482572,-63.39969658259,
    -24.0180567431));
#1056 = VECTOR('',#1057,1.);
#1057 = DIRECTION('',(3.125E-14,-0.811852882769,-0.583862052834));
#1058 = ORIENTED_EDGE('',*,*,#1059,.T.);
#1059 = EDGE_CURVE('',#1052,#1028,#1060,.T.);
#1060 = LINE('',#1061,#1062);
#1061 = CARTESIAN_POINT('',(23.077545482572,-66.64710811366,
    -26.35350495443));
#1062 = VECTOR('',#1063,1.);
#1063 = DIRECTION('',(-0.241921895602,-0.566518854599,0.787737382515));
#1064 = ORIENTED_EDGE('',*,*,#1027,.F.);
#1065 = ORIENTED_EDGE('',*,*,#389,.F.);
#1066 = PLANE('',#1067);
#1067 = AXIS2_PLACEMENT_3D('',#1068,#1069,#1070);
#1068 = CARTESIAN_POINT('',(23.077545482572,-63.39969658259,
    -24.0180567431));
#1069 = DIRECTION('',(-0.970295726275,0.141249014592,-0.19640498835));
#1070 = DIRECTION('',(-0.241921895602,-0.566518854599,0.787737382515));
#1071 = ADVANCED_FACE('',(#1072),#1091,.F.);
#1072 = FACE_BOUND('',#1073,.F.);
#1073 = EDGE_LOOP('',(#1074,#1075,#1083,#1090));
#1074 = ORIENTED_EDGE('',*,*,#470,.F.);
#1075 = ORIENTED_EDGE('',*,*,#1076,.T.);
#1076 = EDGE_CURVE('',#471,#1077,#1079,.T.);
#1077 = VERTEX_POINT('',#1078);
#1078 = CARTESIAN_POINT('',(-5.052E-12,-83.2463289241,-5.670322671797));
#1079 = LINE('',#1080,#1081);
#1080 = CARTESIAN_POINT('',(-5.22212E-12,-78.86232335714,-2.517467586495
    ));
#1081 = VECTOR('',#1082,1.);
#1082 = DIRECTION('',(3.147E-14,-0.811852882769,-0.583862052834));
#1083 = ORIENTED_EDGE('',*,*,#1084,.T.);
#1084 = EDGE_CURVE('',#1077,#1077,#1085,.T.);
#1085 = CIRCLE('',#1086,1.5);
#1086 = AXIS2_PLACEMENT_3D('',#1087,#1088,#1089);
#1087 = CARTESIAN_POINT('',(-6.72069E-12,-82.37053584485,-6.888101995951
    ));
#1088 = DIRECTION('',(-3.132E-14,0.811852882769,0.583862052834));
#1089 = DIRECTION('',(1.11178E-12,-0.583862052834,0.811852882769));
#1090 = ORIENTED_EDGE('',*,*,#1076,.F.);
#1091 = CYLINDRICAL_SURFACE('',#1092,1.5);
#1092 = AXIS2_PLACEMENT_3D('',#1093,#1094,#1095);
#1093 = CARTESIAN_POINT('',(-6.88979E-12,-77.98653027789,-3.735246910649
    ));
#1094 = DIRECTION('',(-3.132E-14,0.811852882769,0.583862052834));
#1095 = DIRECTION('',(1.11178E-12,-0.583862052834,0.811852882769));
#1096 = ADVANCED_FACE('',(#1097),#1103,.F.);
#1097 = FACE_BOUND('',#1098,.F.);
#1098 = EDGE_LOOP('',(#1099,#1100,#1101,#1102));
#1099 = ORIENTED_EDGE('',*,*,#521,.F.);
#1100 = ORIENTED_EDGE('',*,*,#490,.T.);
#1101 = ORIENTED_EDGE('',*,*,#505,.T.);
#1102 = ORIENTED_EDGE('',*,*,#543,.F.);
#1103 = B_SPLINE_SURFACE_WITH_KNOTS('',1,1,(
    (#1104,#1105)
    ,(#1106,#1107
    )),.UNSPECIFIED.,.F.,.F.,.F.,(2,2),(2,2),(0.,15.880027855619),(0.,
    7.42596483159),.PIECEWISE_BEZIER_KNOTS.);
#1104 = CARTESIAN_POINT('',(23.746699449047,-60.95124269576,
    -40.1412987525));
#1105 = CARTESIAN_POINT('',(23.746699449047,-54.92245173988,
    -35.80555968166));
#1106 = CARTESIAN_POINT('',(27.200000000002,-65.02340234806,
    -25.18578084886));
#1107 = CARTESIAN_POINT('',(27.200000000002,-63.39969658252,
    -24.01805674319));
#1108 = ADVANCED_FACE('',(#1109),#1127,.T.);
#1109 = FACE_BOUND('',#1110,.T.);
#1110 = EDGE_LOOP('',(#1111,#1112,#1120,#1126));
#1111 = ORIENTED_EDGE('',*,*,#868,.T.);
#1112 = ORIENTED_EDGE('',*,*,#1113,.T.);
#1113 = EDGE_CURVE('',#861,#1114,#1116,.T.);
#1114 = VERTEX_POINT('',#1115);
#1115 = CARTESIAN_POINT('',(-22.45915435626,-65.12906677617,
    -28.46432244981));
#1116 = LINE('',#1117,#1118);
#1117 = CARTESIAN_POINT('',(-23.07754548262,-66.64710811353,
    -26.35350495462));
#1118 = VECTOR('',#1119,1.);
#1119 = DIRECTION('',(0.231388054262,0.568016933567,-0.789820442586));
#1120 = ORIENTED_EDGE('',*,*,#1121,.F.);
#1121 = EDGE_CURVE('',#606,#1114,#1122,.T.);
#1122 = LINE('',#1123,#1124);
#1123 = CARTESIAN_POINT('',(-22.45915435626,-61.88165524509,
    -26.12887423848));
#1124 = VECTOR('',#1125,1.);
#1125 = DIRECTION('',(3.125E-14,-0.811852882769,-0.583862052834));
#1126 = ORIENTED_EDGE('',*,*,#613,.F.);
#1127 = PLANE('',#1128);
#1128 = AXIS2_PLACEMENT_3D('',#1129,#1130,#1131);
#1129 = CARTESIAN_POINT('',(-23.07754548262,-63.39969658246,
    -24.01805674328));
#1130 = DIRECTION('',(0.97286153606,-0.135098704363,0.187853058891));
#1131 = DIRECTION('',(0.231388054262,0.568016933567,-0.789820442586));
#1132 = ADVANCED_FACE('',(#1133),#1151,.T.);
#1133 = FACE_BOUND('',#1134,.T.);
#1134 = EDGE_LOOP('',(#1135,#1136,#1144,#1150));
#1135 = ORIENTED_EDGE('',*,*,#1121,.T.);
#1136 = ORIENTED_EDGE('',*,*,#1137,.T.);
#1137 = EDGE_CURVE('',#1114,#1138,#1140,.T.);
#1138 = VERTEX_POINT('',#1139);
#1139 = CARTESIAN_POINT('',(-15.45915435626,-65.12906677606,
    -28.46432244997));
#1140 = LINE('',#1141,#1142);
#1141 = CARTESIAN_POINT('',(-22.45915435626,-65.12906677617,
    -28.46432244981));
#1142 = VECTOR('',#1143,1.);
#1143 = DIRECTION('',(1.,1.597885351554E-11,-2.21647963152E-11));
#1144 = ORIENTED_EDGE('',*,*,#1145,.F.);
#1145 = EDGE_CURVE('',#598,#1138,#1146,.T.);
#1146 = LINE('',#1147,#1148);
#1147 = CARTESIAN_POINT('',(-15.45915435626,-61.88165524498,
    -26.12887423863));
#1148 = VECTOR('',#1149,1.);
#1149 = DIRECTION('',(3.125E-14,-0.811852882769,-0.583862052834));
#1150 = ORIENTED_EDGE('',*,*,#605,.F.);
#1151 = PLANE('',#1152);
#1152 = AXIS2_PLACEMENT_3D('',#1153,#1154,#1155);
#1153 = CARTESIAN_POINT('',(-22.45915435626,-61.88165524509,
    -26.12887423848));
#1154 = DIRECTION('',(2.73237E-11,-0.583862052834,0.811852882769));
#1155 = DIRECTION('',(1.,1.597872133234E-11,-2.216452185261E-11));
#1156 = ADVANCED_FACE('',(#1157),#1175,.T.);
#1157 = FACE_BOUND('',#1158,.T.);
#1158 = EDGE_LOOP('',(#1159,#1160,#1168,#1174));
#1159 = ORIENTED_EDGE('',*,*,#1145,.T.);
#1160 = ORIENTED_EDGE('',*,*,#1161,.T.);
#1161 = EDGE_CURVE('',#1138,#1162,#1164,.T.);
#1162 = VERTEX_POINT('',#1163);
#1163 = CARTESIAN_POINT('',(-12.45915435578,-62.09523055584,
    -32.68283377345));
#1164 = LINE('',#1165,#1166);
#1165 = CARTESIAN_POINT('',(-15.45915435626,-65.12906677606,
    -28.46432244997));
#1166 = VECTOR('',#1167,1.);
#1167 = DIRECTION('',(0.500000000078,0.505639370034,-0.703085220578));
#1168 = ORIENTED_EDGE('',*,*,#1169,.F.);
#1169 = EDGE_CURVE('',#590,#1162,#1170,.T.);
#1170 = LINE('',#1171,#1172);
#1171 = CARTESIAN_POINT('',(-12.45915435578,-58.84781902476,
    -30.34738556212));
#1172 = VECTOR('',#1173,1.);
#1173 = DIRECTION('',(3.125E-14,-0.811852882769,-0.583862052834));
#1174 = ORIENTED_EDGE('',*,*,#597,.F.);
#1175 = PLANE('',#1176);
#1176 = AXIS2_PLACEMENT_3D('',#1177,#1178,#1179);
#1177 = CARTESIAN_POINT('',(-15.45915435626,-61.88165524498,
    -26.12887423863));
#1178 = DIRECTION('',(0.86602540374,-0.291931026462,0.405926441448));
#1179 = DIRECTION('',(0.500000000078,0.505639370034,-0.703085220578));
#1180 = ADVANCED_FACE('',(#1181),#1199,.T.);
#1181 = FACE_BOUND('',#1182,.T.);
#1182 = EDGE_LOOP('',(#1183,#1184,#1192,#1198));
#1183 = ORIENTED_EDGE('',*,*,#1169,.T.);
#1184 = ORIENTED_EDGE('',*,*,#1185,.T.);
#1185 = EDGE_CURVE('',#1162,#1186,#1188,.T.);
#1186 = VERTEX_POINT('',#1187);
#1187 = CARTESIAN_POINT('',(-12.45915435585,-60.50531148288,
    -34.89359636111));
#1188 = LINE('',#1189,#1190);
#1189 = CARTESIAN_POINT('',(-12.45915435578,-62.09523055584,
    -32.68283377345));
#1190 = VECTOR('',#1191,1.);
#1191 = DIRECTION('',(-2.7324E-11,0.583862052834,-0.811852882769));
#1192 = ORIENTED_EDGE('',*,*,#1193,.F.);
#1193 = EDGE_CURVE('',#582,#1186,#1194,.T.);
#1194 = LINE('',#1195,#1196);
#1195 = CARTESIAN_POINT('',(-12.45915435585,-57.2578999518,
    -32.55814814978));
#1196 = VECTOR('',#1197,1.);
#1197 = DIRECTION('',(3.125E-14,-0.811852882769,-0.583862052834));
#1198 = ORIENTED_EDGE('',*,*,#589,.F.);
#1199 = PLANE('',#1200);
#1200 = AXIS2_PLACEMENT_3D('',#1201,#1202,#1203);
#1201 = CARTESIAN_POINT('',(-12.45915435578,-58.84781902476,
    -30.34738556212));
#1202 = DIRECTION('',(1.,1.597864E-11,-2.216458E-11));
#1203 = DIRECTION('',(-2.732369972026E-11,0.583862052834,-0.811852882769
    ));
#1204 = ADVANCED_FACE('',(#1205),#1223,.T.);
#1205 = FACE_BOUND('',#1206,.T.);
#1206 = EDGE_LOOP('',(#1207,#1208,#1216,#1222));
#1207 = ORIENTED_EDGE('',*,*,#1193,.T.);
#1208 = ORIENTED_EDGE('',*,*,#1209,.T.);
#1209 = EDGE_CURVE('',#1186,#1210,#1212,.T.);
#1210 = VERTEX_POINT('',#1211);
#1211 = CARTESIAN_POINT('',(12.459154355995,-60.50531148248,
    -34.89359636166));
#1212 = LINE('',#1213,#1214);
#1213 = CARTESIAN_POINT('',(-12.45915435585,-60.50531148288,
    -34.89359636111));
#1214 = VECTOR('',#1215,1.);
#1215 = DIRECTION('',(1.,1.597885351554E-11,-2.21647963152E-11));
#1216 = ORIENTED_EDGE('',*,*,#1217,.F.);
#1217 = EDGE_CURVE('',#574,#1210,#1218,.T.);
#1218 = LINE('',#1219,#1220);
#1219 = CARTESIAN_POINT('',(12.459154355995,-57.2578999514,
    -32.55814815033));
#1220 = VECTOR('',#1221,1.);
#1221 = DIRECTION('',(3.125E-14,-0.811852882769,-0.583862052834));
#1222 = ORIENTED_EDGE('',*,*,#581,.F.);
#1223 = PLANE('',#1224);
#1224 = AXIS2_PLACEMENT_3D('',#1225,#1226,#1227);
#1225 = CARTESIAN_POINT('',(-12.45915435585,-57.2578999518,
    -32.55814814978));
#1226 = DIRECTION('',(2.73237E-11,-0.583862052834,0.811852882769));
#1227 = DIRECTION('',(1.,1.597872133234E-11,-2.216452185261E-11));
#1228 = ADVANCED_FACE('',(#1229),#1247,.T.);
#1229 = FACE_BOUND('',#1230,.T.);
#1230 = EDGE_LOOP('',(#1231,#1232,#1240,#1246));
#1231 = ORIENTED_EDGE('',*,*,#1217,.T.);
#1232 = ORIENTED_EDGE('',*,*,#1233,.T.);
#1233 = EDGE_CURVE('',#1210,#1234,#1236,.T.);
#1234 = VERTEX_POINT('',#1235);
#1235 = CARTESIAN_POINT('',(12.45915435607,-62.09523055611,
    -32.68283377308));
#1236 = LINE('',#1237,#1238);
#1237 = CARTESIAN_POINT('',(12.459154355995,-60.50531148248,
    -34.89359636166));
#1238 = VECTOR('',#1239,1.);
#1239 = DIRECTION('',(2.7324E-11,-0.583862052834,0.811852882769));
#1240 = ORIENTED_EDGE('',*,*,#1241,.F.);
#1241 = EDGE_CURVE('',#566,#1234,#1242,.T.);
#1242 = LINE('',#1243,#1244);
#1243 = CARTESIAN_POINT('',(12.459154356069,-58.84781902503,
    -30.34738556175));
#1244 = VECTOR('',#1245,1.);
#1245 = DIRECTION('',(3.125E-14,-0.811852882769,-0.583862052834));
#1246 = ORIENTED_EDGE('',*,*,#573,.F.);
#1247 = PLANE('',#1248);
#1248 = AXIS2_PLACEMENT_3D('',#1249,#1250,#1251);
#1249 = CARTESIAN_POINT('',(12.459154355995,-57.2578999514,
    -32.55814815033));
#1250 = DIRECTION('',(-1.,-1.597864E-11,2.216458E-11));
#1251 = DIRECTION('',(2.732369972026E-11,-0.583862052834,0.811852882769)
  );
#1252 = ADVANCED_FACE('',(#1253),#1271,.T.);
#1253 = FACE_BOUND('',#1254,.T.);
#1254 = EDGE_LOOP('',(#1255,#1256,#1264,#1270));
#1255 = ORIENTED_EDGE('',*,*,#1241,.T.);
#1256 = ORIENTED_EDGE('',*,*,#1257,.T.);
#1257 = EDGE_CURVE('',#1234,#1258,#1260,.T.);
#1258 = VERTEX_POINT('',#1259);
#1259 = CARTESIAN_POINT('',(15.459154356212,-65.12906677642,
    -28.46432244946));
#1260 = LINE('',#1261,#1262);
#1261 = CARTESIAN_POINT('',(12.45915435607,-62.09523055611,
    -32.68283377308));
#1262 = VECTOR('',#1263,1.);
#1263 = DIRECTION('',(0.500000000024,-0.505639370052,0.703085220603));
#1264 = ORIENTED_EDGE('',*,*,#1265,.F.);
#1265 = EDGE_CURVE('',#558,#1258,#1266,.T.);
#1266 = LINE('',#1267,#1268);
#1267 = CARTESIAN_POINT('',(15.459154356212,-61.88165524534,
    -26.12887423813));
#1268 = VECTOR('',#1269,1.);
#1269 = DIRECTION('',(3.125E-14,-0.811852882769,-0.583862052834));
#1270 = ORIENTED_EDGE('',*,*,#565,.F.);
#1271 = PLANE('',#1272);
#1272 = AXIS2_PLACEMENT_3D('',#1273,#1274,#1275);
#1273 = CARTESIAN_POINT('',(12.459154356069,-58.84781902503,
    -30.34738556175));
#1274 = DIRECTION('',(-0.866025403771,-0.291931026431,0.405926441404));
#1275 = DIRECTION('',(0.500000000024,-0.505639370052,0.703085220603));
#1276 = ADVANCED_FACE('',(#1277),#1295,.T.);
#1277 = FACE_BOUND('',#1278,.T.);
#1278 = EDGE_LOOP('',(#1279,#1280,#1288,#1294));
#1279 = ORIENTED_EDGE('',*,*,#1265,.T.);
#1280 = ORIENTED_EDGE('',*,*,#1281,.T.);
#1281 = EDGE_CURVE('',#1258,#1282,#1284,.T.);
#1282 = VERTEX_POINT('',#1283);
#1283 = CARTESIAN_POINT('',(22.459154356212,-65.12906677631,
    -28.46432244962));
#1284 = LINE('',#1285,#1286);
#1285 = CARTESIAN_POINT('',(15.459154356212,-65.12906677642,
    -28.46432244946));
#1286 = VECTOR('',#1287,1.);
#1287 = DIRECTION('',(1.,1.597885351554E-11,-2.21647963152E-11));
#1288 = ORIENTED_EDGE('',*,*,#1289,.F.);
#1289 = EDGE_CURVE('',#550,#1282,#1290,.T.);
#1290 = LINE('',#1291,#1292);
#1291 = CARTESIAN_POINT('',(22.459154356212,-61.88165524523,
    -26.12887423828));
#1292 = VECTOR('',#1293,1.);
#1293 = DIRECTION('',(3.125E-14,-0.811852882769,-0.583862052834));
#1294 = ORIENTED_EDGE('',*,*,#557,.F.);
#1295 = PLANE('',#1296);
#1296 = AXIS2_PLACEMENT_3D('',#1297,#1298,#1299);
#1297 = CARTESIAN_POINT('',(15.459154356212,-61.88165524534,
    -26.12887423813));
#1298 = DIRECTION('',(2.73237E-11,-0.583862052834,0.811852882769));
#1299 = DIRECTION('',(1.,1.597872133234E-11,-2.216452185261E-11));
#1300 = ADVANCED_FACE('',(#1301),#1312,.T.);
#1301 = FACE_BOUND('',#1302,.T.);
#1302 = EDGE_LOOP('',(#1303,#1304,#1310,#1311));
#1303 = ORIENTED_EDGE('',*,*,#1289,.T.);
#1304 = ORIENTED_EDGE('',*,*,#1305,.T.);
#1305 = EDGE_CURVE('',#1282,#1052,#1306,.T.);
#1306 = LINE('',#1307,#1308);
#1307 = CARTESIAN_POINT('',(22.459154356212,-65.12906677631,
    -28.46432244962));
#1308 = VECTOR('',#1309,1.);
#1309 = DIRECTION('',(0.231388054262,-0.568016933567,0.789820442586));
#1310 = ORIENTED_EDGE('',*,*,#1051,.F.);
#1311 = ORIENTED_EDGE('',*,*,#549,.F.);
#1312 = PLANE('',#1313);
#1313 = AXIS2_PLACEMENT_3D('',#1314,#1315,#1316);
#1314 = CARTESIAN_POINT('',(22.459154356212,-61.88165524523,
    -26.12887423828));
#1315 = DIRECTION('',(-0.97286153606,-0.135098704362,0.187853058891));
#1316 = DIRECTION('',(0.231388054262,-0.568016933567,0.789820442586));
#1317 = ADVANCED_FACE('',(#1318),#1338,.F.);
#1318 = FACE_BOUND('',#1319,.F.);
#1319 = EDGE_LOOP('',(#1320,#1328,#1329,#1330,#1331));
#1320 = ORIENTED_EDGE('',*,*,#1321,.F.);
#1321 = EDGE_CURVE('',#623,#1322,#1324,.T.);
#1322 = VERTEX_POINT('',#1323);
#1323 = CARTESIAN_POINT('',(18.699999999995,-64.09565359115,
    -32.29909722663));
#1324 = LINE('',#1325,#1326);
#1325 = CARTESIAN_POINT('',(18.699999999995,-59.63046273592,
    -29.08785593604));
#1326 = VECTOR('',#1327,1.);
#1327 = DIRECTION('',(3.147E-14,-0.811852882769,-0.583862052834));
#1328 = ORIENTED_EDGE('',*,*,#673,.F.);
#1329 = ORIENTED_EDGE('',*,*,#622,.F.);
#1330 = ORIENTED_EDGE('',*,*,#1321,.T.);
#1331 = ORIENTED_EDGE('',*,*,#1332,.T.);
#1332 = EDGE_CURVE('',#1322,#1322,#1333,.T.);
#1333 = CIRCLE('',#1334,1.5);
#1334 = AXIS2_PLACEMENT_3D('',#1335,#1336,#1337);
#1335 = CARTESIAN_POINT('',(18.699999999993,-63.2198605119,
    -33.51687655078));
#1336 = DIRECTION('',(-3.132E-14,0.811852882769,0.583862052834));
#1337 = DIRECTION('',(1.11178E-12,-0.583862052834,0.811852882769));
#1338 = CYLINDRICAL_SURFACE('',#1339,1.5);
#1339 = AXIS2_PLACEMENT_3D('',#1340,#1341,#1342);
#1340 = CARTESIAN_POINT('',(18.699999999993,-58.75466965667,
    -30.3056352602));
#1341 = DIRECTION('',(-3.132E-14,0.811852882769,0.583862052834));
#1342 = DIRECTION('',(1.11178E-12,-0.583862052834,0.811852882769));
#1343 = ADVANCED_FACE('',(#1344),#1364,.F.);
#1344 = FACE_BOUND('',#1345,.T.);
#1345 = EDGE_LOOP('',(#1346,#1347,#1348,#1356,#1363));
#1346 = ORIENTED_EDGE('',*,*,#730,.T.);
#1347 = ORIENTED_EDGE('',*,*,#799,.T.);
#1348 = ORIENTED_EDGE('',*,*,#1349,.T.);
#1349 = EDGE_CURVE('',#731,#1350,#1352,.T.);
#1350 = VERTEX_POINT('',#1351);
#1351 = CARTESIAN_POINT('',(-18.69999999999,-64.09565359115,
    -32.29909722663));
#1352 = LINE('',#1353,#1354);
#1353 = CARTESIAN_POINT('',(-18.69999999999,-59.63046273592,
    -29.08785593604));
#1354 = VECTOR('',#1355,1.);
#1355 = DIRECTION('',(-3.147E-14,-0.811852882769,-0.583862052834));
#1356 = ORIENTED_EDGE('',*,*,#1357,.F.);
#1357 = EDGE_CURVE('',#1350,#1350,#1358,.T.);
#1358 = CIRCLE('',#1359,1.5);
#1359 = AXIS2_PLACEMENT_3D('',#1360,#1361,#1362);
#1360 = CARTESIAN_POINT('',(-18.69999999999,-63.2198605119,
    -33.51687655078));
#1361 = DIRECTION('',(3.132E-14,0.811852882769,0.583862052834));
#1362 = DIRECTION('',(-1.11178E-12,-0.583862052834,0.811852882769));
#1363 = ORIENTED_EDGE('',*,*,#1349,.F.);
#1364 = CYLINDRICAL_SURFACE('',#1365,1.5);
#1365 = AXIS2_PLACEMENT_3D('',#1366,#1367,#1368);
#1366 = CARTESIAN_POINT('',(-18.69999999999,-58.75466965667,
    -30.3056352602));
#1367 = DIRECTION('',(3.132E-14,0.811852882769,0.583862052834));
#1368 = DIRECTION('',(-1.11178E-12,-0.583862052834,0.811852882769));
#1369 = ADVANCED_FACE('',(#1370),#1393,.T.);
#1370 = FACE_BOUND('',#1371,.T.);
#1371 = EDGE_LOOP('',(#1372,#1373,#1380,#1388));
#1372 = ORIENTED_EDGE('',*,*,#860,.F.);
#1373 = ORIENTED_EDGE('',*,*,#1374,.T.);
#1374 = EDGE_CURVE('',#853,#1375,#1377,.T.);
#1375 = VERTEX_POINT('',#1376);
#1376 = CARTESIAN_POINT('',(-11.82229043143,-95.15947977182,
    -20.96207540359));
#1377 = B_SPLINE_CURVE_WITH_KNOTS('',1,(#1378,#1379),.UNSPECIFIED.,.F.,
  .F.,(2,2),(0.,1.),.PIECEWISE_BEZIER_KNOTS.);
#1378 = CARTESIAN_POINT('',(-16.09636140065,-82.99524559841,
    -3.621624229378));
#1379 = CARTESIAN_POINT('',(-11.82229043143,-95.15947977182,
    -20.96207540359));
#1380 = ORIENTED_EDGE('',*,*,#1381,.T.);
#1381 = EDGE_CURVE('',#1375,#1382,#1384,.T.);
#1382 = VERTEX_POINT('',#1383);
#1383 = CARTESIAN_POINT('',(-18.21382886703,-82.53323065456,
    -38.51871689907));
#1384 = LINE('',#1385,#1386);
#1385 = CARTESIAN_POINT('',(-11.82229043143,-95.15947977182,
    -20.96207540359));
#1386 = VECTOR('',#1387,1.);
#1387 = DIRECTION('',(-0.283436535336,0.559918451582,-0.778559604664));
#1388 = ORIENTED_EDGE('',*,*,#1389,.F.);
#1389 = EDGE_CURVE('',#861,#1382,#1390,.T.);
#1390 = B_SPLINE_CURVE_WITH_KNOTS('',1,(#1391,#1392),.UNSPECIFIED.,.F.,
  .F.,(2,2),(0.,1.),.PIECEWISE_BEZIER_KNOTS.);
#1391 = CARTESIAN_POINT('',(-23.07754548262,-66.64710811353,
    -26.35350495462));
#1392 = CARTESIAN_POINT('',(-18.21382886703,-82.53323065456,
    -38.51871689907));
#1393 = B_SPLINE_SURFACE_WITH_KNOTS('',1,1,(
    (#1394,#1395)
    ,(#1396,#1397
    )),.UNSPECIFIED.,.F.,.F.,.F.,(2,2),(2,2),(-28.85718163157,0.),(0.,1.
    ),.PIECEWISE_BEZIER_KNOTS.);
#1394 = CARTESIAN_POINT('',(-23.07754548262,-66.64710811353,
    -26.35350495462));
#1395 = CARTESIAN_POINT('',(-18.21382886703,-82.53323065456,
    -38.51871689907));
#1396 = CARTESIAN_POINT('',(-16.09636140065,-82.99524559841,
    -3.621624229378));
#1397 = CARTESIAN_POINT('',(-11.82229043143,-95.15947977182,
    -20.96207540359));
#1398 = ADVANCED_FACE('',(#1399),#1416,.T.);
#1399 = FACE_BOUND('',#1400,.T.);
#1400 = EDGE_LOOP('',(#1401,#1402,#1409,#1415));
#1401 = ORIENTED_EDGE('',*,*,#891,.F.);
#1402 = ORIENTED_EDGE('',*,*,#1403,.T.);
#1403 = EDGE_CURVE('',#884,#1404,#1406,.T.);
#1404 = VERTEX_POINT('',#1405);
#1405 = CARTESIAN_POINT('',(-0.822290431436,-95.15947977182,
    -20.96207540359));
#1406 = B_SPLINE_CURVE_WITH_KNOTS('',1,(#1407,#1408),.UNSPECIFIED.,.F.,
  .F.,(2,2),(0.,1.),.PIECEWISE_BEZIER_KNOTS.);
#1407 = CARTESIAN_POINT('',(-6.096361400653,-82.99524559825,
    -3.6216242296));
#1408 = CARTESIAN_POINT('',(-0.822290431436,-95.15947977182,
    -20.96207540359));
#1409 = ORIENTED_EDGE('',*,*,#1410,.T.);
#1410 = EDGE_CURVE('',#1404,#1375,#1411,.T.);
#1411 = LINE('',#1412,#1413);
#1412 = CARTESIAN_POINT('',(-0.822290431436,-95.15947977182,
    -20.96207540359));
#1413 = VECTOR('',#1414,1.);
#1414 = DIRECTION('',(-1.,-2.5E-14,-1.8E-14));
#1415 = ORIENTED_EDGE('',*,*,#1374,.F.);
#1416 = B_SPLINE_SURFACE_WITH_KNOTS('',1,1,(
    (#1417,#1418)
    ,(#1419,#1420
    )),.UNSPECIFIED.,.F.,.F.,.F.,(2,2),(2,2),(-11.,0.),(0.,1.),
  .PIECEWISE_BEZIER_KNOTS.);
#1417 = CARTESIAN_POINT('',(-16.09636140065,-82.99524559841,
    -3.621624229378));
#1418 = CARTESIAN_POINT('',(-11.82229043143,-95.15947977182,
    -20.96207540359));
#1419 = CARTESIAN_POINT('',(-6.096361400653,-82.99524559825,
    -3.6216242296));
#1420 = CARTESIAN_POINT('',(-0.822290431436,-95.15947977182,
    -20.96207540359));
#1421 = ADVANCED_FACE('',(#1422),#1439,.T.);
#1422 = FACE_BOUND('',#1423,.T.);
#1423 = EDGE_LOOP('',(#1424,#1425,#1432,#1438));
#1424 = ORIENTED_EDGE('',*,*,#915,.F.);
#1425 = ORIENTED_EDGE('',*,*,#1426,.T.);
#1426 = EDGE_CURVE('',#908,#1427,#1429,.T.);
#1427 = VERTEX_POINT('',#1428);
#1428 = CARTESIAN_POINT('',(-0.822290431436,-94.80916254012,
    -21.44918713325));
#1429 = B_SPLINE_CURVE_WITH_KNOTS('',1,(#1430,#1431),.UNSPECIFIED.,.F.,
  .F.,(2,2),(0.,1.),.PIECEWISE_BEZIER_KNOTS.);
#1430 = CARTESIAN_POINT('',(-6.096361400735,-81.24365943484,
    -6.057182884733));
#1431 = CARTESIAN_POINT('',(-0.822290431436,-94.80916254012,
    -21.44918713325));
#1432 = ORIENTED_EDGE('',*,*,#1433,.T.);
#1433 = EDGE_CURVE('',#1427,#1404,#1434,.T.);
#1434 = LINE('',#1435,#1436);
#1435 = CARTESIAN_POINT('',(-0.822290431436,-94.80916254012,
    -21.44918713325));
#1436 = VECTOR('',#1437,1.);
#1437 = DIRECTION('',(-1.680056900791E-17,-0.583862052834,0.811852882769
    ));
#1438 = ORIENTED_EDGE('',*,*,#1403,.F.);
#1439 = B_SPLINE_SURFACE_WITH_KNOTS('',1,1,(
    (#1440,#1441)
    ,(#1442,#1443
    )),.UNSPECIFIED.,.F.,.F.,.F.,(2,2),(2,2),(-3.000000008407,0.),(0.,1.
    ),.PIECEWISE_BEZIER_KNOTS.);
#1440 = CARTESIAN_POINT('',(-6.096361400653,-82.99524559825,
    -3.6216242296));
#1441 = CARTESIAN_POINT('',(-0.822290431436,-95.15947977182,
    -20.96207540359));
#1442 = CARTESIAN_POINT('',(-6.096361400735,-81.24365943484,
    -6.057182884733));
#1443 = CARTESIAN_POINT('',(-0.822290431436,-94.80916254012,
    -21.44918713325));
#1444 = ADVANCED_FACE('',(#1445),#1462,.T.);
#1445 = FACE_BOUND('',#1446,.T.);
#1446 = EDGE_LOOP('',(#1447,#1448,#1455,#1461));
#1447 = ORIENTED_EDGE('',*,*,#939,.F.);
#1448 = ORIENTED_EDGE('',*,*,#1449,.T.);
#1449 = EDGE_CURVE('',#932,#1450,#1452,.T.);
#1450 = VERTEX_POINT('',#1451);
#1451 = CARTESIAN_POINT('',(-0.475880269922,-94.45884530842,
    -21.93629886292));
#1452 = B_SPLINE_CURVE_WITH_KNOTS('',1,(#1453,#1454),.UNSPECIFIED.,.F.,
  .F.,(2,2),(0.,1.),.PIECEWISE_BEZIER_KNOTS.);
#1453 = CARTESIAN_POINT('',(-2.999999999107,-78.11237497745,
    -10.41119476333));
#1454 = CARTESIAN_POINT('',(-0.475880269922,-94.45884530842,
    -21.93629886292));
#1455 = ORIENTED_EDGE('',*,*,#1456,.T.);
#1456 = EDGE_CURVE('',#1450,#1427,#1457,.T.);
#1457 = LINE('',#1458,#1459);
#1458 = CARTESIAN_POINT('',(-0.475880269922,-94.45884530842,
    -21.93629886292));
#1459 = VECTOR('',#1460,1.);
#1460 = DIRECTION('',(-0.5,-0.50563937006,0.703085220614));
#1461 = ORIENTED_EDGE('',*,*,#1426,.F.);
#1462 = B_SPLINE_SURFACE_WITH_KNOTS('',1,1,(
    (#1463,#1464)
    ,(#1465,#1466
    )),.UNSPECIFIED.,.F.,.F.,.F.,(2,2),(2,2),(-6.192722803549,0.),(0.,1.
    ),.PIECEWISE_BEZIER_KNOTS.);
#1463 = CARTESIAN_POINT('',(-6.096361400735,-81.24365943484,
    -6.057182884733));
#1464 = CARTESIAN_POINT('',(-0.822290431436,-94.80916254012,
    -21.44918713325));
#1465 = CARTESIAN_POINT('',(-2.999999999107,-78.11237497745,
    -10.41119476333));
#1466 = CARTESIAN_POINT('',(-0.475880269922,-94.45884530842,
    -21.93629886292));
#1467 = ADVANCED_FACE('',(#1468),#1485,.T.);
#1468 = FACE_BOUND('',#1469,.T.);
#1469 = EDGE_LOOP('',(#1470,#1471,#1478,#1484));
#1470 = ORIENTED_EDGE('',*,*,#963,.F.);
#1471 = ORIENTED_EDGE('',*,*,#1472,.T.);
#1472 = EDGE_CURVE('',#956,#1473,#1475,.T.);
#1473 = VERTEX_POINT('',#1474);
#1474 = CARTESIAN_POINT('',(0.475880269928,-94.45884530842,
    -21.93629886292));
#1475 = B_SPLINE_CURVE_WITH_KNOTS('',1,(#1476,#1477),.UNSPECIFIED.,.F.,
  .F.,(2,2),(0.,1.),.PIECEWISE_BEZIER_KNOTS.);
#1476 = CARTESIAN_POINT('',(3.000000000893,-78.11237497736,
    -10.41119476346));
#1477 = CARTESIAN_POINT('',(0.475880269928,-94.45884530842,
    -21.93629886292));
#1478 = ORIENTED_EDGE('',*,*,#1479,.T.);
#1479 = EDGE_CURVE('',#1473,#1450,#1480,.T.);
#1480 = LINE('',#1481,#1482);
#1481 = CARTESIAN_POINT('',(0.475880269928,-94.45884530842,
    -21.93629886292));
#1482 = VECTOR('',#1483,1.);
#1483 = DIRECTION('',(-1.,-2.5E-14,-1.8E-14));
#1484 = ORIENTED_EDGE('',*,*,#1449,.F.);
#1485 = B_SPLINE_SURFACE_WITH_KNOTS('',1,1,(
    (#1486,#1487)
    ,(#1488,#1489
    )),.UNSPECIFIED.,.F.,.F.,.F.,(2,2),(2,2),(-6.,0.),(0.,1.),
  .PIECEWISE_BEZIER_KNOTS.);
#1486 = CARTESIAN_POINT('',(-2.999999999107,-78.11237497745,
    -10.41119476333));
#1487 = CARTESIAN_POINT('',(-0.475880269922,-94.45884530842,
    -21.93629886292));
#1488 = CARTESIAN_POINT('',(3.000000000893,-78.11237497736,
    -10.41119476346));
#1489 = CARTESIAN_POINT('',(0.475880269928,-94.45884530842,
    -21.93629886292));
#1490 = ADVANCED_FACE('',(#1491),#1508,.T.);
#1491 = FACE_BOUND('',#1492,.T.);
#1492 = EDGE_LOOP('',(#1493,#1494,#1501,#1507));
#1493 = ORIENTED_EDGE('',*,*,#987,.F.);
#1494 = ORIENTED_EDGE('',*,*,#1495,.T.);
#1495 = EDGE_CURVE('',#980,#1496,#1498,.T.);
#1496 = VERTEX_POINT('',#1497);
#1497 = CARTESIAN_POINT('',(0.822290431442,-94.80916254012,
    -21.44918713325));
#1498 = B_SPLINE_CURVE_WITH_KNOTS('',1,(#1499,#1500),.UNSPECIFIED.,.F.,
  .F.,(2,2),(0.,1.),.PIECEWISE_BEZIER_KNOTS.);
#1499 = CARTESIAN_POINT('',(6.096361402814,-81.24365943465,
    -6.057182885003));
#1500 = CARTESIAN_POINT('',(0.822290431442,-94.80916254012,
    -21.44918713325));
#1501 = ORIENTED_EDGE('',*,*,#1502,.T.);
#1502 = EDGE_CURVE('',#1496,#1473,#1503,.T.);
#1503 = LINE('',#1504,#1505);
#1504 = CARTESIAN_POINT('',(0.822290431442,-94.80916254012,
    -21.44918713325));
#1505 = VECTOR('',#1506,1.);
#1506 = DIRECTION('',(-0.5,0.50563937006,-0.703085220614));
#1507 = ORIENTED_EDGE('',*,*,#1472,.F.);
#1508 = B_SPLINE_SURFACE_WITH_KNOTS('',1,1,(
    (#1509,#1510)
    ,(#1511,#1512
    )),.UNSPECIFIED.,.F.,.F.,.F.,(2,2),(2,2),(-6.192722803549,0.),(0.,1.
    ),.PIECEWISE_BEZIER_KNOTS.);
#1509 = CARTESIAN_POINT('',(3.000000000893,-78.11237497736,
    -10.41119476346));
#1510 = CARTESIAN_POINT('',(0.475880269928,-94.45884530842,
    -21.93629886292));
#1511 = CARTESIAN_POINT('',(6.096361402814,-81.24365943465,
    -6.057182885003));
#1512 = CARTESIAN_POINT('',(0.822290431442,-94.80916254012,
    -21.44918713325));
#1513 = ADVANCED_FACE('',(#1514),#1531,.T.);
#1514 = FACE_BOUND('',#1515,.T.);
#1515 = EDGE_LOOP('',(#1516,#1517,#1524,#1530));
#1516 = ORIENTED_EDGE('',*,*,#1011,.F.);
#1517 = ORIENTED_EDGE('',*,*,#1518,.T.);
#1518 = EDGE_CURVE('',#1004,#1519,#1521,.T.);
#1519 = VERTEX_POINT('',#1520);
#1520 = CARTESIAN_POINT('',(0.822290431442,-95.15947977182,
    -20.96207540359));
#1521 = B_SPLINE_CURVE_WITH_KNOTS('',1,(#1522,#1523),.UNSPECIFIED.,.F.,
  .F.,(2,2),(0.,1.),.PIECEWISE_BEZIER_KNOTS.);
#1522 = CARTESIAN_POINT('',(6.096361402896,-82.99524559315,
    -3.621624236695));
#1523 = CARTESIAN_POINT('',(0.822290431442,-95.15947977182,
    -20.96207540359));
#1524 = ORIENTED_EDGE('',*,*,#1525,.T.);
#1525 = EDGE_CURVE('',#1519,#1496,#1526,.T.);
#1526 = LINE('',#1527,#1528);
#1527 = CARTESIAN_POINT('',(0.822290431442,-95.15947977182,
    -20.96207540359));
#1528 = VECTOR('',#1529,1.);
#1529 = DIRECTION('',(1.680056900791E-17,0.583862052834,-0.811852882769)
  );
#1530 = ORIENTED_EDGE('',*,*,#1495,.F.);
#1531 = B_SPLINE_SURFACE_WITH_KNOTS('',1,1,(
    (#1532,#1533)
    ,(#1534,#1535
    )),.UNSPECIFIED.,.F.,.F.,.F.,(2,2),(2,2),(-3.,0.),(0.,1.),
  .PIECEWISE_BEZIER_KNOTS.);
#1532 = CARTESIAN_POINT('',(6.096361402814,-81.24365943465,
    -6.057182885003));
#1533 = CARTESIAN_POINT('',(0.822290431442,-94.80916254012,
    -21.44918713325));
#1534 = CARTESIAN_POINT('',(6.096361402896,-82.99524559315,
    -3.621624236695));
#1535 = CARTESIAN_POINT('',(0.822290431442,-95.15947977182,
    -20.96207540359));
#1536 = ADVANCED_FACE('',(#1537),#1554,.T.);
#1537 = FACE_BOUND('',#1538,.T.);
#1538 = EDGE_LOOP('',(#1539,#1540,#1547,#1553));
#1539 = ORIENTED_EDGE('',*,*,#1035,.F.);
#1540 = ORIENTED_EDGE('',*,*,#1541,.T.);
#1541 = EDGE_CURVE('',#1028,#1542,#1544,.T.);
#1542 = VERTEX_POINT('',#1543);
#1543 = CARTESIAN_POINT('',(11.822290431442,-95.15947977182,
    -20.96207540359));
#1544 = B_SPLINE_CURVE_WITH_KNOTS('',1,(#1545,#1546),.UNSPECIFIED.,.F.,
  .F.,(2,2),(0.,1.),.PIECEWISE_BEZIER_KNOTS.);
#1545 = CARTESIAN_POINT('',(16.096361402896,-82.99524559299,
    -3.621624236917));
#1546 = CARTESIAN_POINT('',(11.822290431442,-95.15947977182,
    -20.96207540359));
#1547 = ORIENTED_EDGE('',*,*,#1548,.T.);
#1548 = EDGE_CURVE('',#1542,#1519,#1549,.T.);
#1549 = LINE('',#1550,#1551);
#1550 = CARTESIAN_POINT('',(11.822290431442,-95.15947977182,
    -20.96207540359));
#1551 = VECTOR('',#1552,1.);
#1552 = DIRECTION('',(-1.,-2.5E-14,-1.8E-14));
#1553 = ORIENTED_EDGE('',*,*,#1518,.F.);
#1554 = B_SPLINE_SURFACE_WITH_KNOTS('',1,1,(
    (#1555,#1556)
    ,(#1557,#1558
    )),.UNSPECIFIED.,.F.,.F.,.F.,(2,2),(2,2),(-11.,0.),(0.,1.),
  .PIECEWISE_BEZIER_KNOTS.);
#1555 = CARTESIAN_POINT('',(6.096361402896,-82.99524559315,
    -3.621624236695));
#1556 = CARTESIAN_POINT('',(0.822290431442,-95.15947977182,
    -20.96207540359));
#1557 = CARTESIAN_POINT('',(16.096361402896,-82.99524559299,
    -3.621624236917));
#1558 = CARTESIAN_POINT('',(11.822290431442,-95.15947977182,
    -20.96207540359));
#1559 = ADVANCED_FACE('',(#1560),#1577,.T.);
#1560 = FACE_BOUND('',#1561,.T.);
#1561 = EDGE_LOOP('',(#1562,#1563,#1570,#1576));
#1562 = ORIENTED_EDGE('',*,*,#1059,.F.);
#1563 = ORIENTED_EDGE('',*,*,#1564,.T.);
#1564 = EDGE_CURVE('',#1052,#1565,#1567,.T.);
#1565 = VERTEX_POINT('',#1566);
#1566 = CARTESIAN_POINT('',(18.213828867038,-82.53323065456,
    -38.51871689906));
#1567 = B_SPLINE_CURVE_WITH_KNOTS('',1,(#1568,#1569),.UNSPECIFIED.,.F.,
  .F.,(2,2),(0.,1.),.PIECEWISE_BEZIER_KNOTS.);
#1568 = CARTESIAN_POINT('',(23.077545482572,-66.64710811366,
    -26.35350495443));
#1569 = CARTESIAN_POINT('',(18.213828867038,-82.53323065456,
    -38.51871689906));
#1570 = ORIENTED_EDGE('',*,*,#1571,.T.);
#1571 = EDGE_CURVE('',#1565,#1542,#1572,.T.);
#1572 = LINE('',#1573,#1574);
#1573 = CARTESIAN_POINT('',(18.213828867038,-82.53323065456,
    -38.51871689906));
#1574 = VECTOR('',#1575,1.);
#1575 = DIRECTION('',(-0.283436535336,-0.559918451582,0.778559604664));
#1576 = ORIENTED_EDGE('',*,*,#1541,.F.);
#1577 = B_SPLINE_SURFACE_WITH_KNOTS('',1,1,(
    (#1578,#1579)
    ,(#1580,#1581
    )),.UNSPECIFIED.,.F.,.F.,.F.,(2,2),(2,2),(-28.85718162178,0.),(0.,1.
    ),.PIECEWISE_BEZIER_KNOTS.);
#1578 = CARTESIAN_POINT('',(16.096361402896,-82.99524559299,
    -3.621624236917));
#1579 = CARTESIAN_POINT('',(11.822290431442,-95.15947977182,
    -20.96207540359));
#1580 = CARTESIAN_POINT('',(23.077545482572,-66.64710811366,
    -26.35350495443));
#1581 = CARTESIAN_POINT('',(18.213828867038,-82.53323065456,
    -38.51871689906));
#1582 = ADVANCED_FACE('',(#1583,#1633),#1636,.F.);
#1583 = FACE_BOUND('',#1584,.F.);
#1584 = EDGE_LOOP('',(#1585,#1595,#1603,#1611,#1619,#1627));
#1585 = ORIENTED_EDGE('',*,*,#1586,.T.);
#1586 = EDGE_CURVE('',#1587,#1589,#1591,.T.);
#1587 = VERTEX_POINT('',#1588);
#1588 = CARTESIAN_POINT('',(1.700000000002,-84.08918148938,
    -4.498346720364));
#1589 = VERTEX_POINT('',#1590);
#1590 = CARTESIAN_POINT('',(3.400000000002,-82.37000763118,
    -6.888836470452));
#1591 = LINE('',#1592,#1593);
#1592 = CARTESIAN_POINT('',(1.700000000002,-84.08918148938,
    -4.498346720364));
#1593 = VECTOR('',#1594,1.);
#1594 = DIRECTION('',(0.5,0.50563937006,-0.703085220614));
#1595 = ORIENTED_EDGE('',*,*,#1596,.T.);
#1596 = EDGE_CURVE('',#1589,#1597,#1599,.T.);
#1597 = VERTEX_POINT('',#1598);
#1598 = CARTESIAN_POINT('',(1.700000000001,-80.65083377297,
    -9.279326220539));
#1599 = LINE('',#1600,#1601);
#1600 = CARTESIAN_POINT('',(3.400000000002,-82.37000763118,
    -6.888836470452));
#1601 = VECTOR('',#1602,1.);
#1602 = DIRECTION('',(-0.5,0.50563937006,-0.703085220614));
#1603 = ORIENTED_EDGE('',*,*,#1604,.T.);
#1604 = EDGE_CURVE('',#1597,#1605,#1607,.T.);
#1605 = VERTEX_POINT('',#1606);
#1606 = CARTESIAN_POINT('',(-1.699999999999,-80.65083377297,
    -9.279326220538));
#1607 = LINE('',#1608,#1609);
#1608 = CARTESIAN_POINT('',(1.700000000001,-80.65083377297,
    -9.279326220539));
#1609 = VECTOR('',#1610,1.);
#1610 = DIRECTION('',(-1.,-1.508965785629E-13,1.584481055411E-13));
#1611 = ORIENTED_EDGE('',*,*,#1612,.T.);
#1612 = EDGE_CURVE('',#1605,#1613,#1615,.T.);
#1613 = VERTEX_POINT('',#1614);
#1614 = CARTESIAN_POINT('',(-3.399999999998,-82.37000763118,
    -6.888836470451));
#1615 = LINE('',#1616,#1617);
#1616 = CARTESIAN_POINT('',(-1.699999999999,-80.65083377297,
    -9.279326220538));
#1617 = VECTOR('',#1618,1.);
#1618 = DIRECTION('',(-0.5,-0.50563937006,0.703085220614));
#1619 = ORIENTED_EDGE('',*,*,#1620,.T.);
#1620 = EDGE_CURVE('',#1613,#1621,#1623,.T.);
#1621 = VERTEX_POINT('',#1622);
#1622 = CARTESIAN_POINT('',(-1.699999999998,-84.08918148938,
    -4.498346720365));
#1623 = LINE('',#1624,#1625);
#1624 = CARTESIAN_POINT('',(-3.399999999998,-82.37000763118,
    -6.888836470451));
#1625 = VECTOR('',#1626,1.);
#1626 = DIRECTION('',(0.5,-0.50563937006,0.703085220614));
#1627 = ORIENTED_EDGE('',*,*,#1628,.T.);
#1628 = EDGE_CURVE('',#1621,#1587,#1629,.T.);
#1629 = LINE('',#1630,#1631);
#1630 = CARTESIAN_POINT('',(-1.699999999998,-84.08918148938,
    -4.498346720365));
#1631 = VECTOR('',#1632,1.);
#1632 = DIRECTION('',(1.,2.4E-14,1.8E-14));
#1633 = FACE_BOUND('',#1634,.F.);
#1634 = EDGE_LOOP('',(#1635));
#1635 = ORIENTED_EDGE('',*,*,#1084,.F.);
#1636 = PLANE('',#1637);
#1637 = AXIS2_PLACEMENT_3D('',#1638,#1639,#1640);
#1638 = CARTESIAN_POINT('',(2.07514E-12,-82.37000763118,-6.888836470451)
  );
#1639 = DIRECTION('',(-2.913E-14,0.811852882769,0.583862052834));
#1640 = DIRECTION('',(0.,-0.583862052834,0.811852882769));
#1641 = ADVANCED_FACE('',(#1642),#1659,.F.);
#1642 = FACE_BOUND('',#1643,.F.);
#1643 = EDGE_LOOP('',(#1644,#1645,#1652,#1658));
#1644 = ORIENTED_EDGE('',*,*,#1113,.T.);
#1645 = ORIENTED_EDGE('',*,*,#1646,.T.);
#1646 = EDGE_CURVE('',#1114,#1647,#1649,.T.);
#1647 = VERTEX_POINT('',#1648);
#1648 = CARTESIAN_POINT('',(-17.54350825131,-81.75677351925,
    -41.41649437794));
#1649 = B_SPLINE_CURVE_WITH_KNOTS('',1,(#1650,#1651),.UNSPECIFIED.,.F.,
  .F.,(2,2),(0.,1.),.PIECEWISE_BEZIER_KNOTS.);
#1650 = CARTESIAN_POINT('',(-22.45915435626,-65.12906677617,
    -28.46432244981));
#1651 = CARTESIAN_POINT('',(-17.54350825131,-81.75677351925,
    -41.41649437794));
#1652 = ORIENTED_EDGE('',*,*,#1653,.T.);
#1653 = EDGE_CURVE('',#1647,#1382,#1654,.T.);
#1654 = LINE('',#1655,#1656);
#1655 = CARTESIAN_POINT('',(-17.54350825131,-81.75677351925,
    -41.41649437794));
#1656 = VECTOR('',#1657,1.);
#1657 = DIRECTION('',(-0.218063046148,-0.252590483058,0.94268051628));
#1658 = ORIENTED_EDGE('',*,*,#1389,.F.);
#1659 = B_SPLINE_SURFACE_WITH_KNOTS('',1,1,(
    (#1660,#1661)
    ,(#1662,#1663
    )),.UNSPECIFIED.,.F.,.F.,.F.,(2,2),(2,2),(-3.073976208091,0.),(0.,1.
    ),.PIECEWISE_BEZIER_KNOTS.);
#1660 = CARTESIAN_POINT('',(-23.07754548262,-66.64710811353,
    -26.35350495462));
#1661 = CARTESIAN_POINT('',(-18.21382886703,-82.53323065456,
    -38.51871689907));
#1662 = CARTESIAN_POINT('',(-22.45915435626,-65.12906677617,
    -28.46432244981));
#1663 = CARTESIAN_POINT('',(-17.54350825131,-81.75677351925,
    -41.41649437794));
#1664 = ADVANCED_FACE('',(#1665),#1682,.F.);
#1665 = FACE_BOUND('',#1666,.F.);
#1666 = EDGE_LOOP('',(#1667,#1668,#1675,#1681));
#1667 = ORIENTED_EDGE('',*,*,#1137,.T.);
#1668 = ORIENTED_EDGE('',*,*,#1669,.T.);
#1669 = EDGE_CURVE('',#1138,#1670,#1672,.T.);
#1670 = VERTEX_POINT('',#1671);
#1671 = CARTESIAN_POINT('',(-15.54350825131,-81.75677351925,
    -41.41649437794));
#1672 = B_SPLINE_CURVE_WITH_KNOTS('',1,(#1673,#1674),.UNSPECIFIED.,.F.,
  .F.,(2,2),(0.,1.),.PIECEWISE_BEZIER_KNOTS.);
#1673 = CARTESIAN_POINT('',(-15.45915435626,-65.12906677606,
    -28.46432244997));
#1674 = CARTESIAN_POINT('',(-15.54350825131,-81.75677351925,
    -41.41649437794));
#1675 = ORIENTED_EDGE('',*,*,#1676,.T.);
#1676 = EDGE_CURVE('',#1670,#1647,#1677,.T.);
#1677 = LINE('',#1678,#1679);
#1678 = CARTESIAN_POINT('',(-15.54350825131,-81.75677351925,
    -41.41649437794));
#1679 = VECTOR('',#1680,1.);
#1680 = DIRECTION('',(-1.,-2.5E-14,-1.8E-14));
#1681 = ORIENTED_EDGE('',*,*,#1646,.F.);
#1682 = B_SPLINE_SURFACE_WITH_KNOTS('',1,1,(
    (#1683,#1684)
    ,(#1685,#1686
    )),.UNSPECIFIED.,.F.,.F.,.F.,(2,2),(2,2),(0.,7.),(0.,1.),
  .PIECEWISE_BEZIER_KNOTS.);
#1683 = CARTESIAN_POINT('',(-22.45915435626,-65.12906677617,
    -28.46432244981));
#1684 = CARTESIAN_POINT('',(-17.54350825131,-81.75677351925,
    -41.41649437794));
#1685 = CARTESIAN_POINT('',(-15.45915435626,-65.12906677606,
    -28.46432244997));
#1686 = CARTESIAN_POINT('',(-15.54350825131,-81.75677351925,
    -41.41649437794));
#1687 = ADVANCED_FACE('',(#1688),#1705,.F.);
#1688 = FACE_BOUND('',#1689,.F.);
#1689 = EDGE_LOOP('',(#1690,#1691,#1698,#1704));
#1690 = ORIENTED_EDGE('',*,*,#1161,.T.);
#1691 = ORIENTED_EDGE('',*,*,#1692,.T.);
#1692 = EDGE_CURVE('',#1162,#1693,#1695,.T.);
#1693 = VERTEX_POINT('',#1694);
#1694 = CARTESIAN_POINT('',(-14.54350825131,-81.30848578316,
    -43.08952698542));
#1695 = B_SPLINE_CURVE_WITH_KNOTS('',1,(#1696,#1697),.UNSPECIFIED.,.F.,
  .F.,(2,2),(0.,1.),.PIECEWISE_BEZIER_KNOTS.);
#1696 = CARTESIAN_POINT('',(-12.45915435578,-62.09523055584,
    -32.68283377345));
#1697 = CARTESIAN_POINT('',(-14.54350825131,-81.30848578316,
    -43.08952698542));
#1698 = ORIENTED_EDGE('',*,*,#1699,.T.);
#1699 = EDGE_CURVE('',#1693,#1670,#1700,.T.);
#1700 = LINE('',#1701,#1702);
#1701 = CARTESIAN_POINT('',(-14.54350825131,-81.30848578316,
    -43.08952698542));
#1702 = VECTOR('',#1703,1.);
#1703 = DIRECTION('',(-0.5,-0.224143868042,0.836516303738));
#1704 = ORIENTED_EDGE('',*,*,#1669,.F.);
#1705 = B_SPLINE_SURFACE_WITH_KNOTS('',1,1,(
    (#1706,#1707)
    ,(#1708,#1709
    )),.UNSPECIFIED.,.F.,.F.,.F.,(2,2),(2,2),(0.,6.00000000003),(0.,1.),
  .PIECEWISE_BEZIER_KNOTS.);
#1706 = CARTESIAN_POINT('',(-15.45915435626,-65.12906677606,
    -28.46432244997));
#1707 = CARTESIAN_POINT('',(-15.54350825131,-81.75677351925,
    -41.41649437794));
#1708 = CARTESIAN_POINT('',(-12.45915435578,-62.09523055584,
    -32.68283377345));
#1709 = CARTESIAN_POINT('',(-14.54350825131,-81.30848578316,
    -43.08952698542));
#1710 = ADVANCED_FACE('',(#1711),#1728,.F.);
#1711 = FACE_BOUND('',#1712,.F.);
#1712 = EDGE_LOOP('',(#1713,#1714,#1721,#1727));
#1713 = ORIENTED_EDGE('',*,*,#1185,.T.);
#1714 = ORIENTED_EDGE('',*,*,#1715,.T.);
#1715 = EDGE_CURVE('',#1186,#1716,#1718,.T.);
#1716 = VERTEX_POINT('',#1717);
#1717 = CARTESIAN_POINT('',(-14.54350825131,-80.9048193175,
    -44.59603074459));
#1718 = B_SPLINE_CURVE_WITH_KNOTS('',1,(#1719,#1720),.UNSPECIFIED.,.F.,
  .F.,(2,2),(0.,1.),.PIECEWISE_BEZIER_KNOTS.);
#1719 = CARTESIAN_POINT('',(-12.45915435585,-60.50531148288,
    -34.89359636111));
#1720 = CARTESIAN_POINT('',(-14.54350825131,-80.9048193175,
    -44.59603074459));
#1721 = ORIENTED_EDGE('',*,*,#1722,.T.);
#1722 = EDGE_CURVE('',#1716,#1693,#1723,.T.);
#1723 = LINE('',#1724,#1725);
#1724 = CARTESIAN_POINT('',(-14.54350825131,-80.9048193175,
    -44.59603074459));
#1725 = VECTOR('',#1726,1.);
#1726 = DIRECTION('',(-1.091618874564E-14,-0.258819045103,0.965925826289
    ));
#1727 = ORIENTED_EDGE('',*,*,#1692,.F.);
#1728 = B_SPLINE_SURFACE_WITH_KNOTS('',1,1,(
    (#1729,#1730)
    ,(#1731,#1732
    )),.UNSPECIFIED.,.F.,.F.,.F.,(2,2),(2,2),(0.,2.723107393688),(0.,1.)
  ,.PIECEWISE_BEZIER_KNOTS.);
#1729 = CARTESIAN_POINT('',(-12.45915435578,-62.09523055584,
    -32.68283377345));
#1730 = CARTESIAN_POINT('',(-14.54350825131,-81.30848578316,
    -43.08952698542));
#1731 = CARTESIAN_POINT('',(-12.45915435585,-60.50531148288,
    -34.89359636111));
#1732 = CARTESIAN_POINT('',(-14.54350825131,-80.9048193175,
    -44.59603074459));
#1733 = ADVANCED_FACE('',(#1734),#1751,.F.);
#1734 = FACE_BOUND('',#1735,.F.);
#1735 = EDGE_LOOP('',(#1736,#1737,#1744,#1750));
#1736 = ORIENTED_EDGE('',*,*,#1209,.T.);
#1737 = ORIENTED_EDGE('',*,*,#1738,.T.);
#1738 = EDGE_CURVE('',#1210,#1739,#1741,.T.);
#1739 = VERTEX_POINT('',#1740);
#1740 = CARTESIAN_POINT('',(14.543508251313,-80.9048193175,
    -44.59603074459));
#1741 = B_SPLINE_CURVE_WITH_KNOTS('',1,(#1742,#1743),.UNSPECIFIED.,.F.,
  .F.,(2,2),(0.,1.),.PIECEWISE_BEZIER_KNOTS.);
#1742 = CARTESIAN_POINT('',(12.459154355995,-60.50531148248,
    -34.89359636166));
#1743 = CARTESIAN_POINT('',(14.543508251313,-80.9048193175,
    -44.59603074459));
#1744 = ORIENTED_EDGE('',*,*,#1745,.T.);
#1745 = EDGE_CURVE('',#1739,#1716,#1746,.T.);
#1746 = LINE('',#1747,#1748);
#1747 = CARTESIAN_POINT('',(14.543508251313,-80.9048193175,
    -44.59603074459));
#1748 = VECTOR('',#1749,1.);
#1749 = DIRECTION('',(-1.,-2.5E-14,-1.8E-14));
#1750 = ORIENTED_EDGE('',*,*,#1715,.F.);
#1751 = B_SPLINE_SURFACE_WITH_KNOTS('',1,1,(
    (#1752,#1753)
    ,(#1754,#1755
    )),.UNSPECIFIED.,.F.,.F.,.F.,(2,2),(2,2),(-29.08701650262,0.),(0.,1.
    ),.PIECEWISE_BEZIER_KNOTS.);
#1752 = CARTESIAN_POINT('',(-12.45915435585,-60.50531148288,
    -34.89359636111));
#1753 = CARTESIAN_POINT('',(-14.54350825131,-80.9048193175,
    -44.59603074459));
#1754 = CARTESIAN_POINT('',(12.459154355995,-60.50531148248,
    -34.89359636166));
#1755 = CARTESIAN_POINT('',(14.543508251313,-80.9048193175,
    -44.59603074459));
#1756 = ADVANCED_FACE('',(#1757),#1774,.F.);
#1757 = FACE_BOUND('',#1758,.F.);
#1758 = EDGE_LOOP('',(#1759,#1760,#1767,#1773));
#1759 = ORIENTED_EDGE('',*,*,#1233,.T.);
#1760 = ORIENTED_EDGE('',*,*,#1761,.T.);
#1761 = EDGE_CURVE('',#1234,#1762,#1764,.T.);
#1762 = VERTEX_POINT('',#1763);
#1763 = CARTESIAN_POINT('',(14.543508251313,-81.30848578316,
    -43.08952698542));
#1764 = B_SPLINE_CURVE_WITH_KNOTS('',1,(#1765,#1766),.UNSPECIFIED.,.F.,
  .F.,(2,2),(0.,1.),.PIECEWISE_BEZIER_KNOTS.);
#1765 = CARTESIAN_POINT('',(12.45915435607,-62.09523055611,
    -32.68283377308));
#1766 = CARTESIAN_POINT('',(14.543508251313,-81.30848578316,
    -43.08952698542));
#1767 = ORIENTED_EDGE('',*,*,#1768,.T.);
#1768 = EDGE_CURVE('',#1762,#1739,#1769,.T.);
#1769 = LINE('',#1770,#1771);
#1770 = CARTESIAN_POINT('',(14.543508251313,-81.30848578316,
    -43.08952698542));
#1771 = VECTOR('',#1772,1.);
#1772 = DIRECTION('',(1.091618874564E-14,0.258819045103,-0.965925826289)
  );
#1773 = ORIENTED_EDGE('',*,*,#1738,.F.);
#1774 = B_SPLINE_SURFACE_WITH_KNOTS('',1,1,(
    (#1775,#1776)
    ,(#1777,#1778
    )),.UNSPECIFIED.,.F.,.F.,.F.,(2,2),(2,2),(0.,2.723107394829),(0.,1.)
  ,.PIECEWISE_BEZIER_KNOTS.);
#1775 = CARTESIAN_POINT('',(12.459154355995,-60.50531148248,
    -34.89359636166));
#1776 = CARTESIAN_POINT('',(14.543508251313,-80.9048193175,
    -44.59603074459));
#1777 = CARTESIAN_POINT('',(12.45915435607,-62.09523055611,
    -32.68283377308));
#1778 = CARTESIAN_POINT('',(14.543508251313,-81.30848578316,
    -43.08952698542));
#1779 = ADVANCED_FACE('',(#1780),#1797,.F.);
#1780 = FACE_BOUND('',#1781,.F.);
#1781 = EDGE_LOOP('',(#1782,#1783,#1790,#1796));
#1782 = ORIENTED_EDGE('',*,*,#1257,.T.);
#1783 = ORIENTED_EDGE('',*,*,#1784,.T.);
#1784 = EDGE_CURVE('',#1258,#1785,#1787,.T.);
#1785 = VERTEX_POINT('',#1786);
#1786 = CARTESIAN_POINT('',(15.543508251318,-81.75677351925,
    -41.41649437793));
#1787 = B_SPLINE_CURVE_WITH_KNOTS('',1,(#1788,#1789),.UNSPECIFIED.,.F.,
  .F.,(2,2),(0.,1.),.PIECEWISE_BEZIER_KNOTS.);
#1788 = CARTESIAN_POINT('',(15.459154356212,-65.12906677642,
    -28.46432244946));
#1789 = CARTESIAN_POINT('',(15.543508251318,-81.75677351925,
    -41.41649437793));
#1790 = ORIENTED_EDGE('',*,*,#1791,.T.);
#1791 = EDGE_CURVE('',#1785,#1762,#1792,.T.);
#1792 = LINE('',#1793,#1794);
#1793 = CARTESIAN_POINT('',(15.543508251318,-81.75677351925,
    -41.41649437793));
#1794 = VECTOR('',#1795,1.);
#1795 = DIRECTION('',(-0.5,0.224143868042,-0.836516303738));
#1796 = ORIENTED_EDGE('',*,*,#1761,.F.);
#1797 = B_SPLINE_SURFACE_WITH_KNOTS('',1,1,(
    (#1798,#1799)
    ,(#1800,#1801
    )),.UNSPECIFIED.,.F.,.F.,.F.,(2,2),(2,2),(0.,6.),(0.,1.),
  .PIECEWISE_BEZIER_KNOTS.);
#1798 = CARTESIAN_POINT('',(12.45915435607,-62.09523055611,
    -32.68283377308));
#1799 = CARTESIAN_POINT('',(14.543508251313,-81.30848578316,
    -43.08952698542));
#1800 = CARTESIAN_POINT('',(15.459154356212,-65.12906677642,
    -28.46432244946));
#1801 = CARTESIAN_POINT('',(15.543508251318,-81.75677351925,
    -41.41649437793));
#1802 = ADVANCED_FACE('',(#1803),#1820,.F.);
#1803 = FACE_BOUND('',#1804,.F.);
#1804 = EDGE_LOOP('',(#1805,#1806,#1813,#1819));
#1805 = ORIENTED_EDGE('',*,*,#1281,.T.);
#1806 = ORIENTED_EDGE('',*,*,#1807,.T.);
#1807 = EDGE_CURVE('',#1282,#1808,#1810,.T.);
#1808 = VERTEX_POINT('',#1809);
#1809 = CARTESIAN_POINT('',(17.543508251318,-81.75677351925,
    -41.41649437793));
#1810 = B_SPLINE_CURVE_WITH_KNOTS('',1,(#1811,#1812),.UNSPECIFIED.,.F.,
  .F.,(2,2),(0.,1.),.PIECEWISE_BEZIER_KNOTS.);
#1811 = CARTESIAN_POINT('',(22.459154356212,-65.12906677631,
    -28.46432244962));
#1812 = CARTESIAN_POINT('',(17.543508251318,-81.75677351925,
    -41.41649437793));
#1813 = ORIENTED_EDGE('',*,*,#1814,.T.);
#1814 = EDGE_CURVE('',#1808,#1785,#1815,.T.);
#1815 = LINE('',#1816,#1817);
#1816 = CARTESIAN_POINT('',(17.543508251318,-81.75677351925,
    -41.41649437793));
#1817 = VECTOR('',#1818,1.);
#1818 = DIRECTION('',(-1.,-2.5E-14,-1.8E-14));
#1819 = ORIENTED_EDGE('',*,*,#1784,.F.);
#1820 = B_SPLINE_SURFACE_WITH_KNOTS('',1,1,(
    (#1821,#1822)
    ,(#1823,#1824
    )),.UNSPECIFIED.,.F.,.F.,.F.,(2,2),(2,2),(0.,7.),(0.,1.),
  .PIECEWISE_BEZIER_KNOTS.);
#1821 = CARTESIAN_POINT('',(15.459154356212,-65.12906677642,
    -28.46432244946));
#1822 = CARTESIAN_POINT('',(15.543508251318,-81.75677351925,
    -41.41649437793));
#1823 = CARTESIAN_POINT('',(22.459154356212,-65.12906677631,
    -28.46432244962));
#1824 = CARTESIAN_POINT('',(17.543508251318,-81.75677351925,
    -41.41649437793));
#1825 = ADVANCED_FACE('',(#1826),#1837,.F.);
#1826 = FACE_BOUND('',#1827,.F.);
#1827 = EDGE_LOOP('',(#1828,#1829,#1830,#1836));
#1828 = ORIENTED_EDGE('',*,*,#1305,.T.);
#1829 = ORIENTED_EDGE('',*,*,#1564,.T.);
#1830 = ORIENTED_EDGE('',*,*,#1831,.T.);
#1831 = EDGE_CURVE('',#1565,#1808,#1832,.T.);
#1832 = LINE('',#1833,#1834);
#1833 = CARTESIAN_POINT('',(18.213828867038,-82.53323065456,
    -38.51871689906));
#1834 = VECTOR('',#1835,1.);
#1835 = DIRECTION('',(-0.218063046148,0.252590483058,-0.94268051628));
#1836 = ORIENTED_EDGE('',*,*,#1807,.F.);
#1837 = B_SPLINE_SURFACE_WITH_KNOTS('',1,1,(
    (#1838,#1839)
    ,(#1840,#1841
    )),.UNSPECIFIED.,.F.,.F.,.F.,(2,2),(2,2),(-3.073976208083,0.),(0.,1.
    ),.PIECEWISE_BEZIER_KNOTS.);
#1838 = CARTESIAN_POINT('',(22.459154356212,-65.12906677631,
    -28.46432244962));
#1839 = CARTESIAN_POINT('',(17.543508251318,-81.75677351925,
    -41.41649437793));
#1840 = CARTESIAN_POINT('',(23.077545482572,-66.64710811366,
    -26.35350495443));
#1841 = CARTESIAN_POINT('',(18.213828867038,-82.53323065456,
    -38.51871689906));
#1842 = ADVANCED_FACE('',(#1843,#1893),#1896,.F.);
#1843 = FACE_BOUND('',#1844,.F.);
#1844 = EDGE_LOOP('',(#1845,#1855,#1863,#1871,#1879,#1887));
#1845 = ORIENTED_EDGE('',*,*,#1846,.T.);
#1846 = EDGE_CURVE('',#1847,#1849,#1851,.T.);
#1847 = VERTEX_POINT('',#1848);
#1848 = CARTESIAN_POINT('',(20.200000000002,-64.93850615644,
    -31.12712127519));
#1849 = VERTEX_POINT('',#1850);
#1850 = CARTESIAN_POINT('',(21.900000000002,-63.21933229823,
    -33.51761102528));
#1851 = LINE('',#1852,#1853);
#1852 = CARTESIAN_POINT('',(20.200000000002,-64.93850615644,
    -31.12712127519));
#1853 = VECTOR('',#1854,1.);
#1854 = DIRECTION('',(0.5,0.50563937006,-0.703085220614));
#1855 = ORIENTED_EDGE('',*,*,#1856,.T.);
#1856 = EDGE_CURVE('',#1849,#1857,#1859,.T.);
#1857 = VERTEX_POINT('',#1858);
#1858 = CARTESIAN_POINT('',(20.200000000001,-61.50015844003,
    -35.90810077537));
#1859 = LINE('',#1860,#1861);
#1860 = CARTESIAN_POINT('',(21.900000000002,-63.21933229823,
    -33.51761102528));
#1861 = VECTOR('',#1862,1.);
#1862 = DIRECTION('',(-0.5,0.50563937006,-0.703085220614));
#1863 = ORIENTED_EDGE('',*,*,#1864,.T.);
#1864 = EDGE_CURVE('',#1857,#1865,#1867,.T.);
#1865 = VERTEX_POINT('',#1866);
#1866 = CARTESIAN_POINT('',(16.800000000001,-61.50015844003,
    -35.90810077537));
#1867 = LINE('',#1868,#1869);
#1868 = CARTESIAN_POINT('',(20.200000000001,-61.50015844003,
    -35.90810077537));
#1869 = VECTOR('',#1870,1.);
#1870 = DIRECTION('',(-1.,-1.508965785629E-13,1.584481055411E-13));
#1871 = ORIENTED_EDGE('',*,*,#1872,.T.);
#1872 = EDGE_CURVE('',#1865,#1873,#1875,.T.);
#1873 = VERTEX_POINT('',#1874);
#1874 = CARTESIAN_POINT('',(15.100000000002,-63.21933229823,
    -33.51761102528));
#1875 = LINE('',#1876,#1877);
#1876 = CARTESIAN_POINT('',(16.800000000001,-61.50015844003,
    -35.90810077537));
#1877 = VECTOR('',#1878,1.);
#1878 = DIRECTION('',(-0.5,-0.50563937006,0.703085220614));
#1879 = ORIENTED_EDGE('',*,*,#1880,.T.);
#1880 = EDGE_CURVE('',#1873,#1881,#1883,.T.);
#1881 = VERTEX_POINT('',#1882);
#1882 = CARTESIAN_POINT('',(16.800000000002,-64.93850615644,
    -31.12712127519));
#1883 = LINE('',#1884,#1885);
#1884 = CARTESIAN_POINT('',(15.100000000002,-63.21933229823,
    -33.51761102528));
#1885 = VECTOR('',#1886,1.);
#1886 = DIRECTION('',(0.5,-0.50563937006,0.703085220614));
#1887 = ORIENTED_EDGE('',*,*,#1888,.T.);
#1888 = EDGE_CURVE('',#1881,#1847,#1889,.T.);
#1889 = LINE('',#1890,#1891);
#1890 = CARTESIAN_POINT('',(16.800000000002,-64.93850615644,
    -31.12712127519));
#1891 = VECTOR('',#1892,1.);
#1892 = DIRECTION('',(1.,2.4E-14,1.8E-14));
#1893 = FACE_BOUND('',#1894,.F.);
#1894 = EDGE_LOOP('',(#1895));
#1895 = ORIENTED_EDGE('',*,*,#1332,.F.);
#1896 = PLANE('',#1897);
#1897 = AXIS2_PLACEMENT_3D('',#1898,#1899,#1900);
#1898 = CARTESIAN_POINT('',(18.500000000002,-63.21933229823,
    -33.51761102528));
#1899 = DIRECTION('',(-2.913E-14,0.811852882769,0.583862052834));
#1900 = DIRECTION('',(0.,-0.583862052834,0.811852882769));
#1901 = ADVANCED_FACE('',(#1902,#1952),#1955,.F.);
#1902 = FACE_BOUND('',#1903,.T.);
#1903 = EDGE_LOOP('',(#1904,#1914,#1922,#1930,#1938,#1946));
#1904 = ORIENTED_EDGE('',*,*,#1905,.T.);
#1905 = EDGE_CURVE('',#1906,#1908,#1910,.T.);
#1906 = VERTEX_POINT('',#1907);
#1907 = CARTESIAN_POINT('',(-20.2,-64.93850615644,-31.12712127519));
#1908 = VERTEX_POINT('',#1909);
#1909 = CARTESIAN_POINT('',(-21.9,-63.21933229823,-33.51761102528));
#1910 = LINE('',#1911,#1912);
#1911 = CARTESIAN_POINT('',(-20.2,-64.93850615644,-31.12712127519));
#1912 = VECTOR('',#1913,1.);
#1913 = DIRECTION('',(-0.5,0.50563937006,-0.703085220614));
#1914 = ORIENTED_EDGE('',*,*,#1915,.T.);
#1915 = EDGE_CURVE('',#1908,#1916,#1918,.T.);
#1916 = VERTEX_POINT('',#1917);
#1917 = CARTESIAN_POINT('',(-20.2,-61.50015844003,-35.90810077537));
#1918 = LINE('',#1919,#1920);
#1919 = CARTESIAN_POINT('',(-21.9,-63.21933229823,-33.51761102528));
#1920 = VECTOR('',#1921,1.);
#1921 = DIRECTION('',(0.5,0.50563937006,-0.703085220614));
#1922 = ORIENTED_EDGE('',*,*,#1923,.T.);
#1923 = EDGE_CURVE('',#1916,#1924,#1926,.T.);
#1924 = VERTEX_POINT('',#1925);
#1925 = CARTESIAN_POINT('',(-16.8,-61.50015844003,-35.90810077537));
#1926 = LINE('',#1927,#1928);
#1927 = CARTESIAN_POINT('',(-20.2,-61.50015844003,-35.90810077537));
#1928 = VECTOR('',#1929,1.);
#1929 = DIRECTION('',(1.,-1.516483441732E-13,1.593871892684E-13));
#1930 = ORIENTED_EDGE('',*,*,#1931,.T.);
#1931 = EDGE_CURVE('',#1924,#1932,#1934,.T.);
#1932 = VERTEX_POINT('',#1933);
#1933 = CARTESIAN_POINT('',(-15.1,-63.21933229823,-33.51761102528));
#1934 = LINE('',#1935,#1936);
#1935 = CARTESIAN_POINT('',(-16.8,-61.50015844003,-35.90810077537));
#1936 = VECTOR('',#1937,1.);
#1937 = DIRECTION('',(0.5,-0.50563937006,0.703085220614));
#1938 = ORIENTED_EDGE('',*,*,#1939,.T.);
#1939 = EDGE_CURVE('',#1932,#1940,#1942,.T.);
#1940 = VERTEX_POINT('',#1941);
#1941 = CARTESIAN_POINT('',(-16.8,-64.93850615644,-31.12712127519));
#1942 = LINE('',#1943,#1944);
#1943 = CARTESIAN_POINT('',(-15.1,-63.21933229823,-33.51761102528));
#1944 = VECTOR('',#1945,1.);
#1945 = DIRECTION('',(-0.5,-0.50563937006,0.703085220614));
#1946 = ORIENTED_EDGE('',*,*,#1947,.T.);
#1947 = EDGE_CURVE('',#1940,#1906,#1948,.T.);
#1948 = LINE('',#1949,#1950);
#1949 = CARTESIAN_POINT('',(-16.8,-64.93850615644,-31.12712127519));
#1950 = VECTOR('',#1951,1.);
#1951 = DIRECTION('',(-1.,2.47517656103E-14,1.706091627266E-14));
#1952 = FACE_BOUND('',#1953,.T.);
#1953 = EDGE_LOOP('',(#1954));
#1954 = ORIENTED_EDGE('',*,*,#1357,.T.);
#1955 = PLANE('',#1956);
#1956 = AXIS2_PLACEMENT_3D('',#1957,#1958,#1959);
#1957 = CARTESIAN_POINT('',(-18.5,-63.21933229823,-33.51761102528));
#1958 = DIRECTION('',(2.913E-14,0.811852882769,0.583862052834));
#1959 = DIRECTION('',(0.,0.583862052834,-0.811852882769));
#1960 = ADVANCED_FACE('',(#1961),#1984,.F.);
#1961 = FACE_BOUND('',#1962,.F.);
#1962 = EDGE_LOOP('',(#1963,#1973,#1978,#1979));
#1963 = ORIENTED_EDGE('',*,*,#1964,.T.);
#1964 = EDGE_CURVE('',#1965,#1967,#1969,.T.);
#1965 = VERTEX_POINT('',#1966);
#1966 = CARTESIAN_POINT('',(-10.66545025303,-110.,-56.00870392706));
#1967 = VERTEX_POINT('',#1968);
#1968 = CARTESIAN_POINT('',(-8.26929554249,-110.,-41.28103969402));
#1969 = LINE('',#1970,#1971);
#1970 = CARTESIAN_POINT('',(-10.66545025303,-110.,-56.00870392706));
#1971 = VECTOR('',#1972,1.);
#1972 = DIRECTION('',(0.1605860246,0.,0.987021848139));
#1973 = ORIENTED_EDGE('',*,*,#1974,.T.);
#1974 = EDGE_CURVE('',#1967,#1375,#1975,.T.);
#1975 = B_SPLINE_CURVE_WITH_KNOTS('',1,(#1976,#1977),.UNSPECIFIED.,.F.,
  .F.,(2,2),(0.,1.),.PIECEWISE_BEZIER_KNOTS.);
#1976 = CARTESIAN_POINT('',(-8.26929554249,-110.,-41.28103969402));
#1977 = CARTESIAN_POINT('',(-11.82229043143,-95.15947977182,
    -20.96207540359));
#1978 = ORIENTED_EDGE('',*,*,#1381,.T.);
#1979 = ORIENTED_EDGE('',*,*,#1980,.F.);
#1980 = EDGE_CURVE('',#1965,#1382,#1981,.T.);
#1981 = B_SPLINE_CURVE_WITH_KNOTS('',1,(#1982,#1983),.UNSPECIFIED.,.F.,
  .F.,(2,2),(0.,1.),.PIECEWISE_BEZIER_KNOTS.);
#1982 = CARTESIAN_POINT('',(-10.66545025303,-110.,-56.00870392706));
#1983 = CARTESIAN_POINT('',(-18.21382886703,-82.53323065456,
    -38.51871689907));
#1984 = B_SPLINE_SURFACE_WITH_KNOTS('',1,1,(
    (#1985,#1986)
    ,(#1987,#1988
    )),.UNSPECIFIED.,.F.,.F.,.F.,(2,2),(2,2),(-22.55015722662,0.),(0.,1.
    ),.PIECEWISE_BEZIER_KNOTS.);
#1985 = CARTESIAN_POINT('',(-10.66545025303,-110.,-56.00870392706));
#1986 = CARTESIAN_POINT('',(-18.21382886703,-82.53323065456,
    -38.51871689907));
#1987 = CARTESIAN_POINT('',(-8.26929554249,-110.,-41.28103969402));
#1988 = CARTESIAN_POINT('',(-11.82229043143,-95.15947977182,
    -20.96207540359));
#1989 = ADVANCED_FACE('',(#1990),#2014,.F.);
#1990 = FACE_BOUND('',#1991,.F.);
#1991 = EDGE_LOOP('',(#1992,#2000,#2005,#2006,#2012,#2013));
#1992 = ORIENTED_EDGE('',*,*,#1993,.T.);
#1993 = EDGE_CURVE('',#1967,#1994,#1996,.T.);
#1994 = VERTEX_POINT('',#1995);
#1995 = CARTESIAN_POINT('',(8.26929554249,-110.,-41.28103969402));
#1996 = LINE('',#1997,#1998);
#1997 = CARTESIAN_POINT('',(-8.26929554249,-110.,-41.28103969402));
#1998 = VECTOR('',#1999,1.);
#1999 = DIRECTION('',(1.,0.,0.));
#2000 = ORIENTED_EDGE('',*,*,#2001,.T.);
#2001 = EDGE_CURVE('',#1994,#1542,#2002,.T.);
#2002 = B_SPLINE_CURVE_WITH_KNOTS('',1,(#2003,#2004),.UNSPECIFIED.,.F.,
  .F.,(2,2),(0.,1.),.PIECEWISE_BEZIER_KNOTS.);
#2003 = CARTESIAN_POINT('',(8.26929554249,-110.,-41.28103969402));
#2004 = CARTESIAN_POINT('',(11.822290431442,-95.15947977182,
    -20.96207540359));
#2005 = ORIENTED_EDGE('',*,*,#1548,.T.);
#2006 = ORIENTED_EDGE('',*,*,#2007,.T.);
#2007 = EDGE_CURVE('',#1519,#1404,#2008,.T.);
#2008 = LINE('',#2009,#2010);
#2009 = CARTESIAN_POINT('',(11.822290431442,-95.15947977182,
    -20.96207540359));
#2010 = VECTOR('',#2011,1.);
#2011 = DIRECTION('',(-1.,-2.517515861585E-14,-1.775644413517E-14));
#2012 = ORIENTED_EDGE('',*,*,#1410,.T.);
#2013 = ORIENTED_EDGE('',*,*,#1974,.F.);
#2014 = B_SPLINE_SURFACE_WITH_KNOTS('',1,1,(
    (#2015,#2016)
    ,(#2017,#2018
    )),.UNSPECIFIED.,.F.,.F.,.F.,(2,2),(2,2),(-23.64458086287,0.),(0.,1.
    ),.PIECEWISE_BEZIER_KNOTS.);
#2015 = CARTESIAN_POINT('',(-8.26929554249,-110.,-41.28103969402));
#2016 = CARTESIAN_POINT('',(-11.82229043143,-95.15947977182,
    -20.96207540359));
#2017 = CARTESIAN_POINT('',(8.26929554249,-110.,-41.28103969402));
#2018 = CARTESIAN_POINT('',(11.822290431442,-95.15947977182,
    -20.96207540359));
#2019 = ADVANCED_FACE('',(#2020),#2028,.F.);
#2020 = FACE_BOUND('',#2021,.F.);
#2021 = EDGE_LOOP('',(#2022,#2023,#2024,#2025,#2026,#2027));
#2022 = ORIENTED_EDGE('',*,*,#1433,.T.);
#2023 = ORIENTED_EDGE('',*,*,#2007,.F.);
#2024 = ORIENTED_EDGE('',*,*,#1525,.T.);
#2025 = ORIENTED_EDGE('',*,*,#1502,.T.);
#2026 = ORIENTED_EDGE('',*,*,#1479,.T.);
#2027 = ORIENTED_EDGE('',*,*,#1456,.T.);
#2028 = PLANE('',#2029);
#2029 = AXIS2_PLACEMENT_3D('',#2030,#2031,#2032);
#2030 = CARTESIAN_POINT('',(-11.82229043143,-95.15947977182,
    -20.96207540359));
#2031 = DIRECTION('',(-3.129E-14,0.811852882769,0.583862052834));
#2032 = DIRECTION('',(0.811542133012,0.341147038295,-0.474360690413));
#2033 = ADVANCED_FACE('',(#2034),#2051,.F.);
#2034 = FACE_BOUND('',#2035,.F.);
#2035 = EDGE_LOOP('',(#2036,#2044,#2049,#2050));
#2036 = ORIENTED_EDGE('',*,*,#2037,.T.);
#2037 = EDGE_CURVE('',#1994,#2038,#2040,.T.);
#2038 = VERTEX_POINT('',#2039);
#2039 = CARTESIAN_POINT('',(10.665450253038,-110.,-56.00870392706));
#2040 = LINE('',#2041,#2042);
#2041 = CARTESIAN_POINT('',(8.26929554249,-110.,-41.28103969402));
#2042 = VECTOR('',#2043,1.);
#2043 = DIRECTION('',(0.1605860246,0.,-0.987021848139));
#2044 = ORIENTED_EDGE('',*,*,#2045,.T.);
#2045 = EDGE_CURVE('',#2038,#1565,#2046,.T.);
#2046 = B_SPLINE_CURVE_WITH_KNOTS('',1,(#2047,#2048),.UNSPECIFIED.,.F.,
  .F.,(2,2),(0.,1.),.PIECEWISE_BEZIER_KNOTS.);
#2047 = CARTESIAN_POINT('',(10.665450253038,-110.,-56.00870392706));
#2048 = CARTESIAN_POINT('',(18.213828867038,-82.53323065456,
    -38.51871689906));
#2049 = ORIENTED_EDGE('',*,*,#1571,.T.);
#2050 = ORIENTED_EDGE('',*,*,#2001,.F.);
#2051 = B_SPLINE_SURFACE_WITH_KNOTS('',1,1,(
    (#2052,#2053)
    ,(#2054,#2055
    )),.UNSPECIFIED.,.F.,.F.,.F.,(2,2),(2,2),(-22.55015722662,0.),(0.,1.
    ),.PIECEWISE_BEZIER_KNOTS.);
#2052 = CARTESIAN_POINT('',(8.26929554249,-110.,-41.28103969402));
#2053 = CARTESIAN_POINT('',(11.822290431442,-95.15947977182,
    -20.96207540359));
#2054 = CARTESIAN_POINT('',(10.665450253038,-110.,-56.00870392706));
#2055 = CARTESIAN_POINT('',(18.213828867038,-82.53323065456,
    -38.51871689906));
#2056 = ADVANCED_FACE('',(#2057),#2082,.T.);
#2057 = FACE_BOUND('',#2058,.T.);
#2058 = EDGE_LOOP('',(#2059,#2067,#2068,#2076));
#2059 = ORIENTED_EDGE('',*,*,#2060,.T.);
#2060 = EDGE_CURVE('',#2061,#1587,#2063,.T.);
#2061 = VERTEX_POINT('',#2062);
#2062 = CARTESIAN_POINT('',(1.700000000002,-86.19999898458,
    -6.016388057732));
#2063 = LINE('',#2064,#2065);
#2064 = CARTESIAN_POINT('',(1.700000000002,-86.19999898458,
    -6.016388057732));
#2065 = VECTOR('',#2066,1.);
#2066 = DIRECTION('',(-3.003E-14,0.811852882769,0.583862052834));
#2067 = ORIENTED_EDGE('',*,*,#1586,.T.);
#2068 = ORIENTED_EDGE('',*,*,#2069,.F.);
#2069 = EDGE_CURVE('',#2070,#1589,#2072,.T.);
#2070 = VERTEX_POINT('',#2071);
#2071 = CARTESIAN_POINT('',(3.400000000002,-84.48082512638,
    -8.406877807819));
#2072 = LINE('',#2073,#2074);
#2073 = CARTESIAN_POINT('',(3.400000000002,-84.48082512638,
    -8.406877807819));
#2074 = VECTOR('',#2075,1.);
#2075 = DIRECTION('',(-3.003E-14,0.811852882769,0.583862052834));
#2076 = ORIENTED_EDGE('',*,*,#2077,.F.);
#2077 = EDGE_CURVE('',#2061,#2070,#2078,.T.);
#2078 = LINE('',#2079,#2080);
#2079 = CARTESIAN_POINT('',(1.700000000002,-86.19999898458,
    -6.016388057732));
#2080 = VECTOR('',#2081,1.);
#2081 = DIRECTION('',(0.5,0.50563937006,-0.703085220614));
#2082 = PLANE('',#2083);
#2083 = AXIS2_PLACEMENT_3D('',#2084,#2085,#2086);
#2084 = CARTESIAN_POINT('',(1.700000000002,-86.19999898458,
    -6.016388057732));
#2085 = DIRECTION('',(-0.866025403784,0.291931026417,-0.405926441385));
#2086 = DIRECTION('',(0.5,0.50563937006,-0.703085220614));
#2087 = ADVANCED_FACE('',(#2088),#2106,.T.);
#2088 = FACE_BOUND('',#2089,.T.);
#2089 = EDGE_LOOP('',(#2090,#2098,#2099,#2100));
#2090 = ORIENTED_EDGE('',*,*,#2091,.T.);
#2091 = EDGE_CURVE('',#2092,#1621,#2094,.T.);
#2092 = VERTEX_POINT('',#2093);
#2093 = CARTESIAN_POINT('',(-1.699999999998,-86.19999898458,
    -6.016388057732));
#2094 = LINE('',#2095,#2096);
#2095 = CARTESIAN_POINT('',(-1.699999999998,-86.19999898458,
    -6.016388057732));
#2096 = VECTOR('',#2097,1.);
#2097 = DIRECTION('',(-3.003E-14,0.811852882769,0.583862052834));
#2098 = ORIENTED_EDGE('',*,*,#1628,.T.);
#2099 = ORIENTED_EDGE('',*,*,#2060,.F.);
#2100 = ORIENTED_EDGE('',*,*,#2101,.F.);
#2101 = EDGE_CURVE('',#2092,#2061,#2102,.T.);
#2102 = LINE('',#2103,#2104);
#2103 = CARTESIAN_POINT('',(-1.699999999998,-86.19999898458,
    -6.016388057732));
#2104 = VECTOR('',#2105,1.);
#2105 = DIRECTION('',(1.,2.4E-14,1.8E-14));
#2106 = PLANE('',#2107);
#2107 = AXIS2_PLACEMENT_3D('',#2108,#2109,#2110);
#2108 = CARTESIAN_POINT('',(-1.699999999998,-86.19999898458,
    -6.016388057732));
#2109 = DIRECTION('',(0.,0.583862052834,-0.811852882769));
#2110 = DIRECTION('',(1.,2.437837930804E-14,1.75322535519E-14));
#2111 = ADVANCED_FACE('',(#2112),#2130,.T.);
#2112 = FACE_BOUND('',#2113,.T.);
#2113 = EDGE_LOOP('',(#2114,#2115,#2116,#2124));
#2114 = ORIENTED_EDGE('',*,*,#2069,.T.);
#2115 = ORIENTED_EDGE('',*,*,#1596,.T.);
#2116 = ORIENTED_EDGE('',*,*,#2117,.F.);
#2117 = EDGE_CURVE('',#2118,#1597,#2120,.T.);
#2118 = VERTEX_POINT('',#2119);
#2119 = CARTESIAN_POINT('',(1.700000000002,-82.76165126817,
    -10.7973675579));
#2120 = LINE('',#2121,#2122);
#2121 = CARTESIAN_POINT('',(1.700000000002,-82.76165126817,
    -10.7973675579));
#2122 = VECTOR('',#2123,1.);
#2123 = DIRECTION('',(-3.003E-14,0.811852882769,0.583862052834));
#2124 = ORIENTED_EDGE('',*,*,#2125,.F.);
#2125 = EDGE_CURVE('',#2070,#2118,#2126,.T.);
#2126 = LINE('',#2127,#2128);
#2127 = CARTESIAN_POINT('',(3.400000000002,-84.48082512638,
    -8.406877807819));
#2128 = VECTOR('',#2129,1.);
#2129 = DIRECTION('',(-0.5,0.50563937006,-0.703085220614));
#2130 = PLANE('',#2131);
#2131 = AXIS2_PLACEMENT_3D('',#2132,#2133,#2134);
#2132 = CARTESIAN_POINT('',(3.400000000002,-84.48082512638,
    -8.406877807819));
#2133 = DIRECTION('',(-0.866025403784,-0.291931026417,0.405926441385));
#2134 = DIRECTION('',(-0.5,0.50563937006,-0.703085220614));
#2135 = ADVANCED_FACE('',(#2136),#2154,.T.);
#2136 = FACE_BOUND('',#2137,.T.);
#2137 = EDGE_LOOP('',(#2138,#2146,#2147,#2148));
#2138 = ORIENTED_EDGE('',*,*,#2139,.T.);
#2139 = EDGE_CURVE('',#2140,#1613,#2142,.T.);
#2140 = VERTEX_POINT('',#2141);
#2141 = CARTESIAN_POINT('',(-3.399999999998,-84.48082512638,
    -8.406877807818));
#2142 = LINE('',#2143,#2144);
#2143 = CARTESIAN_POINT('',(-3.399999999998,-84.48082512638,
    -8.406877807818));
#2144 = VECTOR('',#2145,1.);
#2145 = DIRECTION('',(-3.003E-14,0.811852882769,0.583862052834));
#2146 = ORIENTED_EDGE('',*,*,#1620,.T.);
#2147 = ORIENTED_EDGE('',*,*,#2091,.F.);
#2148 = ORIENTED_EDGE('',*,*,#2149,.F.);
#2149 = EDGE_CURVE('',#2140,#2092,#2150,.T.);
#2150 = LINE('',#2151,#2152);
#2151 = CARTESIAN_POINT('',(-3.399999999998,-84.48082512638,
    -8.406877807818));
#2152 = VECTOR('',#2153,1.);
#2153 = DIRECTION('',(0.5,-0.50563937006,0.703085220614));
#2154 = PLANE('',#2155);
#2155 = AXIS2_PLACEMENT_3D('',#2156,#2157,#2158);
#2156 = CARTESIAN_POINT('',(-3.399999999998,-84.48082512638,
    -8.406877807818));
#2157 = DIRECTION('',(0.866025403784,0.291931026417,-0.405926441385));
#2158 = DIRECTION('',(0.5,-0.50563937006,0.703085220614));
#2159 = ADVANCED_FACE('',(#2160),#2178,.T.);
#2160 = FACE_BOUND('',#2161,.T.);
#2161 = EDGE_LOOP('',(#2162,#2163,#2164,#2172));
#2162 = ORIENTED_EDGE('',*,*,#2117,.T.);
#2163 = ORIENTED_EDGE('',*,*,#1604,.T.);
#2164 = ORIENTED_EDGE('',*,*,#2165,.F.);
#2165 = EDGE_CURVE('',#2166,#1605,#2168,.T.);
#2166 = VERTEX_POINT('',#2167);
#2167 = CARTESIAN_POINT('',(-1.699999999998,-82.76165126817,
    -10.7973675579));
#2168 = LINE('',#2169,#2170);
#2169 = CARTESIAN_POINT('',(-1.699999999998,-82.76165126817,
    -10.7973675579));
#2170 = VECTOR('',#2171,1.);
#2171 = DIRECTION('',(-3.003E-14,0.811852882769,0.583862052834));
#2172 = ORIENTED_EDGE('',*,*,#2173,.F.);
#2173 = EDGE_CURVE('',#2118,#2166,#2174,.T.);
#2174 = LINE('',#2175,#2176);
#2175 = CARTESIAN_POINT('',(1.700000000002,-82.76165126817,
    -10.7973675579));
#2176 = VECTOR('',#2177,1.);
#2177 = DIRECTION('',(-1.,-1.508965785629E-13,1.584481055411E-13));
#2178 = PLANE('',#2179);
#2179 = AXIS2_PLACEMENT_3D('',#2180,#2181,#2182);
#2180 = CARTESIAN_POINT('',(1.700000000002,-82.76165126817,
    -10.7973675579));
#2181 = DIRECTION('',(2.1734E-13,-0.583862052834,0.811852882769));
#2182 = DIRECTION('',(-1.,-1.512763149649E-13,1.589148760048E-13));
#2183 = ADVANCED_FACE('',(#2184),#2195,.T.);
#2184 = FACE_BOUND('',#2185,.T.);
#2185 = EDGE_LOOP('',(#2186,#2187,#2188,#2189));
#2186 = ORIENTED_EDGE('',*,*,#2165,.T.);
#2187 = ORIENTED_EDGE('',*,*,#1612,.T.);
#2188 = ORIENTED_EDGE('',*,*,#2139,.F.);
#2189 = ORIENTED_EDGE('',*,*,#2190,.F.);
#2190 = EDGE_CURVE('',#2166,#2140,#2191,.T.);
#2191 = LINE('',#2192,#2193);
#2192 = CARTESIAN_POINT('',(-1.699999999998,-82.76165126817,
    -10.7973675579));
#2193 = VECTOR('',#2194,1.);
#2194 = DIRECTION('',(-0.5,-0.50563937006,0.703085220614));
#2195 = PLANE('',#2196);
#2196 = AXIS2_PLACEMENT_3D('',#2197,#2198,#2199);
#2197 = CARTESIAN_POINT('',(-1.699999999998,-82.76165126817,
    -10.7973675579));
#2198 = DIRECTION('',(0.866025403785,-0.291931026417,0.405926441384));
#2199 = DIRECTION('',(-0.5,-0.50563937006,0.703085220614));
#2200 = ADVANCED_FACE('',(#2201),#2226,.T.);
#2201 = FACE_BOUND('',#2202,.T.);
#2202 = EDGE_LOOP('',(#2203,#2211,#2218,#2224,#2225));
#2203 = ORIENTED_EDGE('',*,*,#2204,.T.);
#2204 = EDGE_CURVE('',#1965,#2205,#2207,.T.);
#2205 = VERTEX_POINT('',#2206);
#2206 = CARTESIAN_POINT('',(-10.66545025303,-110.,-57.00870392706));
#2207 = LINE('',#2208,#2209);
#2208 = CARTESIAN_POINT('',(-10.66545025303,-110.,-56.00870392706));
#2209 = VECTOR('',#2210,1.);
#2210 = DIRECTION('',(0.,0.,-1.));
#2211 = ORIENTED_EDGE('',*,*,#2212,.T.);
#2212 = EDGE_CURVE('',#2205,#2213,#2215,.T.);
#2213 = VERTEX_POINT('',#2214);
#2214 = CARTESIAN_POINT('',(-16.80801051535,-80.9048193175,
    -44.59603074459));
#2215 = B_SPLINE_CURVE_WITH_KNOTS('',1,(#2216,#2217),.UNSPECIFIED.,.F.,
  .F.,(2,2),(0.,1.),.PIECEWISE_BEZIER_KNOTS.);
#2216 = CARTESIAN_POINT('',(-10.66545025303,-110.,-57.00870392706));
#2217 = CARTESIAN_POINT('',(-16.80801051535,-80.9048193175,
    -44.59603074459));
#2218 = ORIENTED_EDGE('',*,*,#2219,.T.);
#2219 = EDGE_CURVE('',#2213,#1647,#2220,.T.);
#2220 = LINE('',#2221,#2222);
#2221 = CARTESIAN_POINT('',(-16.80801051535,-80.9048193175,
    -44.59603074459));
#2222 = VECTOR('',#2223,1.);
#2223 = DIRECTION('',(-0.218063046148,-0.252590483058,0.94268051628));
#2224 = ORIENTED_EDGE('',*,*,#1653,.T.);
#2225 = ORIENTED_EDGE('',*,*,#1980,.F.);
#2226 = B_SPLINE_SURFACE_WITH_KNOTS('',1,1,(
    (#2227,#2228)
    ,(#2229,#2230
    )),.UNSPECIFIED.,.F.,.F.,.F.,(2,2),(2,2),(-6.446843591834,0.),(0.,1.
    ),.PIECEWISE_BEZIER_KNOTS.);
#2227 = CARTESIAN_POINT('',(-10.66545025303,-110.,-56.00870392706));
#2228 = CARTESIAN_POINT('',(-18.21382886703,-82.53323065456,
    -38.51871689907));
#2229 = CARTESIAN_POINT('',(-10.66545025303,-110.,-57.00870392706));
#2230 = CARTESIAN_POINT('',(-16.80801051535,-80.9048193175,
    -44.59603074459));
#2231 = ADVANCED_FACE('',(#2232),#2244,.T.);
#2232 = FACE_BOUND('',#2233,.T.);
#2233 = EDGE_LOOP('',(#2234,#2235,#2241,#2242,#2243));
#2234 = ORIENTED_EDGE('',*,*,#2219,.F.);
#2235 = ORIENTED_EDGE('',*,*,#2236,.F.);
#2236 = EDGE_CURVE('',#1716,#2213,#2237,.T.);
#2237 = LINE('',#2238,#2239);
#2238 = CARTESIAN_POINT('',(16.808010515364,-80.9048193175,
    -44.59603074459));
#2239 = VECTOR('',#2240,1.);
#2240 = DIRECTION('',(-1.,-2.5E-14,-1.8E-14));
#2241 = ORIENTED_EDGE('',*,*,#1722,.T.);
#2242 = ORIENTED_EDGE('',*,*,#1699,.T.);
#2243 = ORIENTED_EDGE('',*,*,#1676,.T.);
#2244 = PLANE('',#2245);
#2245 = AXIS2_PLACEMENT_3D('',#2246,#2247,#2248);
#2246 = CARTESIAN_POINT('',(-16.80801051535,-80.9048193175,
    -44.59603074459));
#2247 = DIRECTION('',(2.963E-14,-0.965925826289,-0.258819045103));
#2248 = DIRECTION('',(0.984243207357,-4.576438089909E-02,0.170794994692)
  );
#2249 = ADVANCED_FACE('',(#2250),#2276,.T.);
#2250 = FACE_BOUND('',#2251,.T.);
#2251 = EDGE_LOOP('',(#2252,#2260,#2267,#2273,#2274,#2275));
#2252 = ORIENTED_EDGE('',*,*,#2253,.T.);
#2253 = EDGE_CURVE('',#2205,#2254,#2256,.T.);
#2254 = VERTEX_POINT('',#2255);
#2255 = CARTESIAN_POINT('',(10.665450253038,-110.,-57.00870392706));
#2256 = LINE('',#2257,#2258);
#2257 = CARTESIAN_POINT('',(-10.66545025303,-110.,-57.00870392706));
#2258 = VECTOR('',#2259,1.);
#2259 = DIRECTION('',(1.,0.,0.));
#2260 = ORIENTED_EDGE('',*,*,#2261,.T.);
#2261 = EDGE_CURVE('',#2254,#2262,#2264,.T.);
#2262 = VERTEX_POINT('',#2263);
#2263 = CARTESIAN_POINT('',(16.808010515364,-80.9048193175,
    -44.59603074459));
#2264 = B_SPLINE_CURVE_WITH_KNOTS('',1,(#2265,#2266),.UNSPECIFIED.,.F.,
  .F.,(2,2),(0.,1.),.PIECEWISE_BEZIER_KNOTS.);
#2265 = CARTESIAN_POINT('',(10.665450253038,-110.,-57.00870392706));
#2266 = CARTESIAN_POINT('',(16.808010515364,-80.9048193175,
    -44.59603074459));
#2267 = ORIENTED_EDGE('',*,*,#2268,.T.);
#2268 = EDGE_CURVE('',#2262,#1739,#2269,.T.);
#2269 = LINE('',#2270,#2271);
#2270 = CARTESIAN_POINT('',(16.808010515364,-80.9048193175,
    -44.59603074459));
#2271 = VECTOR('',#2272,1.);
#2272 = DIRECTION('',(-1.,-2.5E-14,-1.8E-14));
#2273 = ORIENTED_EDGE('',*,*,#1745,.T.);
#2274 = ORIENTED_EDGE('',*,*,#2236,.T.);
#2275 = ORIENTED_EDGE('',*,*,#2212,.F.);
#2276 = B_SPLINE_SURFACE_WITH_KNOTS('',1,1,(
    (#2277,#2278)
    ,(#2279,#2280
    )),.UNSPECIFIED.,.F.,.F.,.F.,(2,2),(2,2),(-33.61602103072,0.),(0.,1.
    ),.PIECEWISE_BEZIER_KNOTS.);
#2277 = CARTESIAN_POINT('',(-10.66545025303,-110.,-57.00870392706));
#2278 = CARTESIAN_POINT('',(-16.80801051535,-80.9048193175,
    -44.59603074459));
#2279 = CARTESIAN_POINT('',(10.665450253038,-110.,-57.00870392706));
#2280 = CARTESIAN_POINT('',(16.808010515364,-80.9048193175,
    -44.59603074459));
#2281 = ADVANCED_FACE('',(#2282),#2294,.T.);
#2282 = FACE_BOUND('',#2283,.T.);
#2283 = EDGE_LOOP('',(#2284,#2285,#2286,#2292,#2293));
#2284 = ORIENTED_EDGE('',*,*,#1768,.T.);
#2285 = ORIENTED_EDGE('',*,*,#2268,.F.);
#2286 = ORIENTED_EDGE('',*,*,#2287,.F.);
#2287 = EDGE_CURVE('',#1808,#2262,#2288,.T.);
#2288 = LINE('',#2289,#2290);
#2289 = CARTESIAN_POINT('',(18.213828867038,-82.53323065456,
    -38.51871689906));
#2290 = VECTOR('',#2291,1.);
#2291 = DIRECTION('',(-0.218063046148,0.252590483058,-0.94268051628));
#2292 = ORIENTED_EDGE('',*,*,#1814,.T.);
#2293 = ORIENTED_EDGE('',*,*,#1791,.T.);
#2294 = PLANE('',#2295);
#2295 = AXIS2_PLACEMENT_3D('',#2296,#2297,#2298);
#2296 = CARTESIAN_POINT('',(-16.80801051535,-80.9048193175,
    -44.59603074459));
#2297 = DIRECTION('',(2.963E-14,-0.965925826289,-0.258819045103));
#2298 = DIRECTION('',(0.984243207357,-4.576438089909E-02,0.170794994692)
  );
#2299 = ADVANCED_FACE('',(#2300),#2312,.T.);
#2300 = FACE_BOUND('',#2301,.T.);
#2301 = EDGE_LOOP('',(#2302,#2308,#2309,#2310,#2311));
#2302 = ORIENTED_EDGE('',*,*,#2303,.T.);
#2303 = EDGE_CURVE('',#2254,#2038,#2304,.T.);
#2304 = LINE('',#2305,#2306);
#2305 = CARTESIAN_POINT('',(10.665450253038,-110.,-57.00870392706));
#2306 = VECTOR('',#2307,1.);
#2307 = DIRECTION('',(0.,0.,1.));
#2308 = ORIENTED_EDGE('',*,*,#2045,.T.);
#2309 = ORIENTED_EDGE('',*,*,#1831,.T.);
#2310 = ORIENTED_EDGE('',*,*,#2287,.T.);
#2311 = ORIENTED_EDGE('',*,*,#2261,.F.);
#2312 = B_SPLINE_SURFACE_WITH_KNOTS('',1,1,(
    (#2313,#2314)
    ,(#2315,#2316
    )),.UNSPECIFIED.,.F.,.F.,.F.,(2,2),(2,2),(-6.446843591834,0.),(0.,1.
    ),.PIECEWISE_BEZIER_KNOTS.);
#2313 = CARTESIAN_POINT('',(10.665450253038,-110.,-57.00870392706));
#2314 = CARTESIAN_POINT('',(16.808010515364,-80.9048193175,
    -44.59603074459));
#2315 = CARTESIAN_POINT('',(10.665450253038,-110.,-56.00870392706));
#2316 = CARTESIAN_POINT('',(18.213828867038,-82.53323065456,
    -38.51871689906));
#2317 = ADVANCED_FACE('',(#2318),#2343,.T.);
#2318 = FACE_BOUND('',#2319,.T.);
#2319 = EDGE_LOOP('',(#2320,#2328,#2329,#2337));
#2320 = ORIENTED_EDGE('',*,*,#2321,.T.);
#2321 = EDGE_CURVE('',#2322,#1847,#2324,.T.);
#2322 = VERTEX_POINT('',#2323);
#2323 = CARTESIAN_POINT('',(20.200000000002,-67.04932365164,
    -32.64516261256));
#2324 = LINE('',#2325,#2326);
#2325 = CARTESIAN_POINT('',(20.200000000002,-67.04932365164,
    -32.64516261256));
#2326 = VECTOR('',#2327,1.);
#2327 = DIRECTION('',(-3.003E-14,0.811852882769,0.583862052834));
#2328 = ORIENTED_EDGE('',*,*,#1846,.T.);
#2329 = ORIENTED_EDGE('',*,*,#2330,.F.);
#2330 = EDGE_CURVE('',#2331,#1849,#2333,.T.);
#2331 = VERTEX_POINT('',#2332);
#2332 = CARTESIAN_POINT('',(21.900000000002,-65.33014979343,
    -35.03565236265));
#2333 = LINE('',#2334,#2335);
#2334 = CARTESIAN_POINT('',(21.900000000002,-65.33014979343,
    -35.03565236265));
#2335 = VECTOR('',#2336,1.);
#2336 = DIRECTION('',(-3.003E-14,0.811852882769,0.583862052834));
#2337 = ORIENTED_EDGE('',*,*,#2338,.F.);
#2338 = EDGE_CURVE('',#2322,#2331,#2339,.T.);
#2339 = LINE('',#2340,#2341);
#2340 = CARTESIAN_POINT('',(20.200000000002,-67.04932365164,
    -32.64516261256));
#2341 = VECTOR('',#2342,1.);
#2342 = DIRECTION('',(0.5,0.50563937006,-0.703085220614));
#2343 = PLANE('',#2344);
#2344 = AXIS2_PLACEMENT_3D('',#2345,#2346,#2347);
#2345 = CARTESIAN_POINT('',(20.200000000002,-67.04932365164,
    -32.64516261256));
#2346 = DIRECTION('',(-0.866025403784,0.291931026417,-0.405926441385));
#2347 = DIRECTION('',(0.5,0.50563937006,-0.703085220614));
#2348 = ADVANCED_FACE('',(#2349),#2367,.T.);
#2349 = FACE_BOUND('',#2350,.T.);
#2350 = EDGE_LOOP('',(#2351,#2359,#2360,#2361));
#2351 = ORIENTED_EDGE('',*,*,#2352,.T.);
#2352 = EDGE_CURVE('',#2353,#1881,#2355,.T.);
#2353 = VERTEX_POINT('',#2354);
#2354 = CARTESIAN_POINT('',(16.800000000002,-67.04932365164,
    -32.64516261256));
#2355 = LINE('',#2356,#2357);
#2356 = CARTESIAN_POINT('',(16.800000000002,-67.04932365164,
    -32.64516261256));
#2357 = VECTOR('',#2358,1.);
#2358 = DIRECTION('',(-3.003E-14,0.811852882769,0.583862052834));
#2359 = ORIENTED_EDGE('',*,*,#1888,.T.);
#2360 = ORIENTED_EDGE('',*,*,#2321,.F.);
#2361 = ORIENTED_EDGE('',*,*,#2362,.F.);
#2362 = EDGE_CURVE('',#2353,#2322,#2363,.T.);
#2363 = LINE('',#2364,#2365);
#2364 = CARTESIAN_POINT('',(16.800000000002,-67.04932365164,
    -32.64516261256));
#2365 = VECTOR('',#2366,1.);
#2366 = DIRECTION('',(1.,2.4E-14,1.8E-14));
#2367 = PLANE('',#2368);
#2368 = AXIS2_PLACEMENT_3D('',#2369,#2370,#2371);
#2369 = CARTESIAN_POINT('',(16.800000000002,-67.04932365164,
    -32.64516261256));
#2370 = DIRECTION('',(0.,0.583862052834,-0.811852882769));
#2371 = DIRECTION('',(1.,2.437837930804E-14,1.75322535519E-14));
#2372 = ADVANCED_FACE('',(#2373),#2391,.T.);
#2373 = FACE_BOUND('',#2374,.T.);
#2374 = EDGE_LOOP('',(#2375,#2376,#2377,#2385));
#2375 = ORIENTED_EDGE('',*,*,#2330,.T.);
#2376 = ORIENTED_EDGE('',*,*,#1856,.T.);
#2377 = ORIENTED_EDGE('',*,*,#2378,.F.);
#2378 = EDGE_CURVE('',#2379,#1857,#2381,.T.);
#2379 = VERTEX_POINT('',#2380);
#2380 = CARTESIAN_POINT('',(20.200000000002,-63.61097593523,
    -37.42614211274));
#2381 = LINE('',#2382,#2383);
#2382 = CARTESIAN_POINT('',(20.200000000002,-63.61097593523,
    -37.42614211274));
#2383 = VECTOR('',#2384,1.);
#2384 = DIRECTION('',(-3.003E-14,0.811852882769,0.583862052834));
#2385 = ORIENTED_EDGE('',*,*,#2386,.F.);
#2386 = EDGE_CURVE('',#2331,#2379,#2387,.T.);
#2387 = LINE('',#2388,#2389);
#2388 = CARTESIAN_POINT('',(21.900000000002,-65.33014979343,
    -35.03565236265));
#2389 = VECTOR('',#2390,1.);
#2390 = DIRECTION('',(-0.5,0.50563937006,-0.703085220614));
#2391 = PLANE('',#2392);
#2392 = AXIS2_PLACEMENT_3D('',#2393,#2394,#2395);
#2393 = CARTESIAN_POINT('',(21.900000000002,-65.33014979343,
    -35.03565236265));
#2394 = DIRECTION('',(-0.866025403784,-0.291931026417,0.405926441385));
#2395 = DIRECTION('',(-0.5,0.50563937006,-0.703085220614));
#2396 = ADVANCED_FACE('',(#2397),#2415,.T.);
#2397 = FACE_BOUND('',#2398,.T.);
#2398 = EDGE_LOOP('',(#2399,#2407,#2408,#2409));
#2399 = ORIENTED_EDGE('',*,*,#2400,.T.);
#2400 = EDGE_CURVE('',#2401,#1873,#2403,.T.);
#2401 = VERTEX_POINT('',#2402);
#2402 = CARTESIAN_POINT('',(15.100000000002,-65.33014979343,
    -35.03565236265));
#2403 = LINE('',#2404,#2405);
#2404 = CARTESIAN_POINT('',(15.100000000002,-65.33014979343,
    -35.03565236265));
#2405 = VECTOR('',#2406,1.);
#2406 = DIRECTION('',(-3.003E-14,0.811852882769,0.583862052834));
#2407 = ORIENTED_EDGE('',*,*,#1880,.T.);
#2408 = ORIENTED_EDGE('',*,*,#2352,.F.);
#2409 = ORIENTED_EDGE('',*,*,#2410,.F.);
#2410 = EDGE_CURVE('',#2401,#2353,#2411,.T.);
#2411 = LINE('',#2412,#2413);
#2412 = CARTESIAN_POINT('',(15.100000000002,-65.33014979343,
    -35.03565236265));
#2413 = VECTOR('',#2414,1.);
#2414 = DIRECTION('',(0.5,-0.50563937006,0.703085220614));
#2415 = PLANE('',#2416);
#2416 = AXIS2_PLACEMENT_3D('',#2417,#2418,#2419);
#2417 = CARTESIAN_POINT('',(15.100000000002,-65.33014979343,
    -35.03565236265));
#2418 = DIRECTION('',(0.866025403784,0.291931026417,-0.405926441385));
#2419 = DIRECTION('',(0.5,-0.50563937006,0.703085220614));
#2420 = ADVANCED_FACE('',(#2421),#2439,.T.);
#2421 = FACE_BOUND('',#2422,.T.);
#2422 = EDGE_LOOP('',(#2423,#2424,#2425,#2433));
#2423 = ORIENTED_EDGE('',*,*,#2378,.T.);
#2424 = ORIENTED_EDGE('',*,*,#1864,.T.);
#2425 = ORIENTED_EDGE('',*,*,#2426,.F.);
#2426 = EDGE_CURVE('',#2427,#1865,#2429,.T.);
#2427 = VERTEX_POINT('',#2428);
#2428 = CARTESIAN_POINT('',(16.800000000002,-63.61097593523,
    -37.42614211274));
#2429 = LINE('',#2430,#2431);
#2430 = CARTESIAN_POINT('',(16.800000000002,-63.61097593523,
    -37.42614211274));
#2431 = VECTOR('',#2432,1.);
#2432 = DIRECTION('',(-3.003E-14,0.811852882769,0.583862052834));
#2433 = ORIENTED_EDGE('',*,*,#2434,.F.);
#2434 = EDGE_CURVE('',#2379,#2427,#2435,.T.);
#2435 = LINE('',#2436,#2437);
#2436 = CARTESIAN_POINT('',(20.200000000002,-63.61097593523,
    -37.42614211274));
#2437 = VECTOR('',#2438,1.);
#2438 = DIRECTION('',(-1.,-1.508965785629E-13,1.584481055411E-13));
#2439 = PLANE('',#2440);
#2440 = AXIS2_PLACEMENT_3D('',#2441,#2442,#2443);
#2441 = CARTESIAN_POINT('',(20.200000000002,-63.61097593523,
    -37.42614211274));
#2442 = DIRECTION('',(2.1734E-13,-0.583862052834,0.811852882769));
#2443 = DIRECTION('',(-1.,-1.512763149649E-13,1.589148760048E-13));
#2444 = ADVANCED_FACE('',(#2445),#2456,.T.);
#2445 = FACE_BOUND('',#2446,.T.);
#2446 = EDGE_LOOP('',(#2447,#2448,#2449,#2450));
#2447 = ORIENTED_EDGE('',*,*,#2426,.T.);
#2448 = ORIENTED_EDGE('',*,*,#1872,.T.);
#2449 = ORIENTED_EDGE('',*,*,#2400,.F.);
#2450 = ORIENTED_EDGE('',*,*,#2451,.F.);
#2451 = EDGE_CURVE('',#2427,#2401,#2452,.T.);
#2452 = LINE('',#2453,#2454);
#2453 = CARTESIAN_POINT('',(16.800000000002,-63.61097593523,
    -37.42614211274));
#2454 = VECTOR('',#2455,1.);
#2455 = DIRECTION('',(-0.5,-0.50563937006,0.703085220614));
#2456 = PLANE('',#2457);
#2457 = AXIS2_PLACEMENT_3D('',#2458,#2459,#2460);
#2458 = CARTESIAN_POINT('',(16.800000000002,-63.61097593523,
    -37.42614211274));
#2459 = DIRECTION('',(0.866025403785,-0.291931026417,0.405926441384));
#2460 = DIRECTION('',(-0.5,-0.50563937006,0.703085220614));
#2461 = ADVANCED_FACE('',(#2462),#2487,.T.);
#2462 = FACE_BOUND('',#2463,.F.);
#2463 = EDGE_LOOP('',(#2464,#2472,#2473,#2481));
#2464 = ORIENTED_EDGE('',*,*,#2465,.T.);
#2465 = EDGE_CURVE('',#2466,#1906,#2468,.T.);
#2466 = VERTEX_POINT('',#2467);
#2467 = CARTESIAN_POINT('',(-20.2,-67.04932365164,-32.64516261256));
#2468 = LINE('',#2469,#2470);
#2469 = CARTESIAN_POINT('',(-20.2,-67.04932365164,-32.64516261256));
#2470 = VECTOR('',#2471,1.);
#2471 = DIRECTION('',(3.003E-14,0.811852882769,0.583862052834));
#2472 = ORIENTED_EDGE('',*,*,#1905,.T.);
#2473 = ORIENTED_EDGE('',*,*,#2474,.F.);
#2474 = EDGE_CURVE('',#2475,#1908,#2477,.T.);
#2475 = VERTEX_POINT('',#2476);
#2476 = CARTESIAN_POINT('',(-21.9,-65.33014979343,-35.03565236265));
#2477 = LINE('',#2478,#2479);
#2478 = CARTESIAN_POINT('',(-21.9,-65.33014979343,-35.03565236265));
#2479 = VECTOR('',#2480,1.);
#2480 = DIRECTION('',(3.003E-14,0.811852882769,0.583862052834));
#2481 = ORIENTED_EDGE('',*,*,#2482,.F.);
#2482 = EDGE_CURVE('',#2466,#2475,#2483,.T.);
#2483 = LINE('',#2484,#2485);
#2484 = CARTESIAN_POINT('',(-20.2,-67.04932365164,-32.64516261256));
#2485 = VECTOR('',#2486,1.);
#2486 = DIRECTION('',(-0.5,0.50563937006,-0.703085220614));
#2487 = PLANE('',#2488);
#2488 = AXIS2_PLACEMENT_3D('',#2489,#2490,#2491);
#2489 = CARTESIAN_POINT('',(-20.2,-67.04932365164,-32.64516261256));
#2490 = DIRECTION('',(0.866025403784,0.291931026417,-0.405926441385));
#2491 = DIRECTION('',(0.5,-0.50563937006,0.703085220614));
#2492 = ADVANCED_FACE('',(#2493),#2511,.T.);
#2493 = FACE_BOUND('',#2494,.F.);
#2494 = EDGE_LOOP('',(#2495,#2503,#2504,#2505));
#2495 = ORIENTED_EDGE('',*,*,#2496,.T.);
#2496 = EDGE_CURVE('',#2497,#1940,#2499,.T.);
#2497 = VERTEX_POINT('',#2498);
#2498 = CARTESIAN_POINT('',(-16.8,-67.04932365164,-32.64516261256));
#2499 = LINE('',#2500,#2501);
#2500 = CARTESIAN_POINT('',(-16.8,-67.04932365164,-32.64516261256));
#2501 = VECTOR('',#2502,1.);
#2502 = DIRECTION('',(3.003E-14,0.811852882769,0.583862052834));
#2503 = ORIENTED_EDGE('',*,*,#1947,.T.);
#2504 = ORIENTED_EDGE('',*,*,#2465,.F.);
#2505 = ORIENTED_EDGE('',*,*,#2506,.F.);
#2506 = EDGE_CURVE('',#2497,#2466,#2507,.T.);
#2507 = LINE('',#2508,#2509);
#2508 = CARTESIAN_POINT('',(-16.8,-67.04932365164,-32.64516261256));
#2509 = VECTOR('',#2510,1.);
#2510 = DIRECTION('',(-1.,2.47517656103E-14,1.706091627266E-14));
#2511 = PLANE('',#2512);
#2512 = AXIS2_PLACEMENT_3D('',#2513,#2514,#2515);
#2513 = CARTESIAN_POINT('',(-16.8,-67.04932365164,-32.64516261256));
#2514 = DIRECTION('',(0.,0.583862052834,-0.811852882769));
#2515 = DIRECTION('',(1.,-2.437837930804E-14,-1.75322535519E-14));
#2516 = ADVANCED_FACE('',(#2517),#2535,.T.);
#2517 = FACE_BOUND('',#2518,.F.);
#2518 = EDGE_LOOP('',(#2519,#2520,#2521,#2529));
#2519 = ORIENTED_EDGE('',*,*,#2474,.T.);
#2520 = ORIENTED_EDGE('',*,*,#1915,.T.);
#2521 = ORIENTED_EDGE('',*,*,#2522,.F.);
#2522 = EDGE_CURVE('',#2523,#1916,#2525,.T.);
#2523 = VERTEX_POINT('',#2524);
#2524 = CARTESIAN_POINT('',(-20.2,-63.61097593523,-37.42614211274));
#2525 = LINE('',#2526,#2527);
#2526 = CARTESIAN_POINT('',(-20.2,-63.61097593523,-37.42614211274));
#2527 = VECTOR('',#2528,1.);
#2528 = DIRECTION('',(3.003E-14,0.811852882769,0.583862052834));
#2529 = ORIENTED_EDGE('',*,*,#2530,.F.);
#2530 = EDGE_CURVE('',#2475,#2523,#2531,.T.);
#2531 = LINE('',#2532,#2533);
#2532 = CARTESIAN_POINT('',(-21.9,-65.33014979343,-35.03565236265));
#2533 = VECTOR('',#2534,1.);
#2534 = DIRECTION('',(0.5,0.50563937006,-0.703085220614));
#2535 = PLANE('',#2536);
#2536 = AXIS2_PLACEMENT_3D('',#2537,#2538,#2539);
#2537 = CARTESIAN_POINT('',(-21.9,-65.33014979343,-35.03565236265));
#2538 = DIRECTION('',(0.866025403784,-0.291931026417,0.405926441385));
#2539 = DIRECTION('',(-0.5,-0.50563937006,0.703085220614));
#2540 = ADVANCED_FACE('',(#2541),#2559,.T.);
#2541 = FACE_BOUND('',#2542,.F.);
#2542 = EDGE_LOOP('',(#2543,#2551,#2552,#2553));
#2543 = ORIENTED_EDGE('',*,*,#2544,.T.);
#2544 = EDGE_CURVE('',#2545,#1932,#2547,.T.);
#2545 = VERTEX_POINT('',#2546);
#2546 = CARTESIAN_POINT('',(-15.1,-65.33014979343,-35.03565236265));
#2547 = LINE('',#2548,#2549);
#2548 = CARTESIAN_POINT('',(-15.1,-65.33014979343,-35.03565236265));
#2549 = VECTOR('',#2550,1.);
#2550 = DIRECTION('',(3.003E-14,0.811852882769,0.583862052834));
#2551 = ORIENTED_EDGE('',*,*,#1939,.T.);
#2552 = ORIENTED_EDGE('',*,*,#2496,.F.);
#2553 = ORIENTED_EDGE('',*,*,#2554,.F.);
#2554 = EDGE_CURVE('',#2545,#2497,#2555,.T.);
#2555 = LINE('',#2556,#2557);
#2556 = CARTESIAN_POINT('',(-15.1,-65.33014979343,-35.03565236265));
#2557 = VECTOR('',#2558,1.);
#2558 = DIRECTION('',(-0.5,-0.50563937006,0.703085220614));
#2559 = PLANE('',#2560);
#2560 = AXIS2_PLACEMENT_3D('',#2561,#2562,#2563);
#2561 = CARTESIAN_POINT('',(-15.1,-65.33014979343,-35.03565236265));
#2562 = DIRECTION('',(-0.866025403784,0.291931026417,-0.405926441385));
#2563 = DIRECTION('',(0.5,0.50563937006,-0.703085220614));
#2564 = ADVANCED_FACE('',(#2565),#2583,.T.);
#2565 = FACE_BOUND('',#2566,.F.);
#2566 = EDGE_LOOP('',(#2567,#2568,#2569,#2577));
#2567 = ORIENTED_EDGE('',*,*,#2522,.T.);
#2568 = ORIENTED_EDGE('',*,*,#1923,.T.);
#2569 = ORIENTED_EDGE('',*,*,#2570,.F.);
#2570 = EDGE_CURVE('',#2571,#1924,#2573,.T.);
#2571 = VERTEX_POINT('',#2572);
#2572 = CARTESIAN_POINT('',(-16.8,-63.61097593523,-37.42614211274));
#2573 = LINE('',#2574,#2575);
#2574 = CARTESIAN_POINT('',(-16.8,-63.61097593523,-37.42614211274));
#2575 = VECTOR('',#2576,1.);
#2576 = DIRECTION('',(3.003E-14,0.811852882769,0.583862052834));
#2577 = ORIENTED_EDGE('',*,*,#2578,.F.);
#2578 = EDGE_CURVE('',#2523,#2571,#2579,.T.);
#2579 = LINE('',#2580,#2581);
#2580 = CARTESIAN_POINT('',(-20.2,-63.61097593523,-37.42614211274));
#2581 = VECTOR('',#2582,1.);
#2582 = DIRECTION('',(1.,-1.516483441732E-13,1.593871892684E-13));
#2583 = PLANE('',#2584);
#2584 = AXIS2_PLACEMENT_3D('',#2585,#2586,#2587);
#2585 = CARTESIAN_POINT('',(-20.2,-63.61097593523,-37.42614211274));
#2586 = DIRECTION('',(-2.1734E-13,-0.583862052834,0.811852882769));
#2587 = DIRECTION('',(-1.,1.512763149649E-13,-1.589148760048E-13));
#2588 = ADVANCED_FACE('',(#2589),#2600,.T.);
#2589 = FACE_BOUND('',#2590,.F.);
#2590 = EDGE_LOOP('',(#2591,#2592,#2593,#2594));
#2591 = ORIENTED_EDGE('',*,*,#2570,.T.);
#2592 = ORIENTED_EDGE('',*,*,#1931,.T.);
#2593 = ORIENTED_EDGE('',*,*,#2544,.F.);
#2594 = ORIENTED_EDGE('',*,*,#2595,.F.);
#2595 = EDGE_CURVE('',#2571,#2545,#2596,.T.);
#2596 = LINE('',#2597,#2598);
#2597 = CARTESIAN_POINT('',(-16.8,-63.61097593523,-37.42614211274));
#2598 = VECTOR('',#2599,1.);
#2599 = DIRECTION('',(0.5,-0.50563937006,0.703085220614));
#2600 = PLANE('',#2601);
#2601 = AXIS2_PLACEMENT_3D('',#2602,#2603,#2604);
#2602 = CARTESIAN_POINT('',(-16.8,-63.61097593523,-37.42614211274));
#2603 = DIRECTION('',(-0.866025403785,-0.291931026417,0.405926441384));
#2604 = DIRECTION('',(-0.5,0.50563937006,-0.703085220614));
#2605 = ADVANCED_FACE('',(#2606),#2614,.F.);
#2606 = FACE_BOUND('',#2607,.F.);
#2607 = EDGE_LOOP('',(#2608,#2609,#2610,#2611,#2612,#2613));
#2608 = ORIENTED_EDGE('',*,*,#1964,.F.);
#2609 = ORIENTED_EDGE('',*,*,#2204,.T.);
#2610 = ORIENTED_EDGE('',*,*,#2253,.T.);
#2611 = ORIENTED_EDGE('',*,*,#2303,.T.);
#2612 = ORIENTED_EDGE('',*,*,#2037,.F.);
#2613 = ORIENTED_EDGE('',*,*,#1993,.F.);
#2614 = PLANE('',#2615);
#2615 = AXIS2_PLACEMENT_3D('',#2616,#2617,#2618);
#2616 = CARTESIAN_POINT('',(-2.04E-15,-110.,-49.68268739313));
#2617 = DIRECTION('',(-0.,-1.,-0.));
#2618 = DIRECTION('',(0.,0.,-1.));
#2619 = ADVANCED_FACE('',(#2620),#2628,.T.);
#2620 = FACE_BOUND('',#2621,.T.);
#2621 = EDGE_LOOP('',(#2622,#2623,#2624,#2625,#2626,#2627));
#2622 = ORIENTED_EDGE('',*,*,#2077,.T.);
#2623 = ORIENTED_EDGE('',*,*,#2125,.T.);
#2624 = ORIENTED_EDGE('',*,*,#2173,.T.);
#2625 = ORIENTED_EDGE('',*,*,#2190,.T.);
#2626 = ORIENTED_EDGE('',*,*,#2149,.T.);
#2627 = ORIENTED_EDGE('',*,*,#2101,.T.);
#2628 = PLANE('',#2629);
#2629 = AXIS2_PLACEMENT_3D('',#2630,#2631,#2632);
#2630 = CARTESIAN_POINT('',(2.15314E-12,-84.48082512638,-8.406877807819)
  );
#2631 = DIRECTION('',(-2.913E-14,0.811852882769,0.583862052834));
#2632 = DIRECTION('',(0.,-0.583862052834,0.811852882769));
#2633 = ADVANCED_FACE('',(#2634),#2642,.T.);
#2634 = FACE_BOUND('',#2635,.T.);
#2635 = EDGE_LOOP('',(#2636,#2637,#2638,#2639,#2640,#2641));
#2636 = ORIENTED_EDGE('',*,*,#2338,.T.);
#2637 = ORIENTED_EDGE('',*,*,#2386,.T.);
#2638 = ORIENTED_EDGE('',*,*,#2434,.T.);
#2639 = ORIENTED_EDGE('',*,*,#2451,.T.);
#2640 = ORIENTED_EDGE('',*,*,#2410,.T.);
#2641 = ORIENTED_EDGE('',*,*,#2362,.T.);
#2642 = PLANE('',#2643);
#2643 = AXIS2_PLACEMENT_3D('',#2644,#2645,#2646);
#2644 = CARTESIAN_POINT('',(18.500000000002,-65.33014979343,
    -35.03565236265));
#2645 = DIRECTION('',(-2.913E-14,0.811852882769,0.583862052834));
#2646 = DIRECTION('',(0.,-0.583862052834,0.811852882769));
#2647 = ADVANCED_FACE('',(#2648),#2656,.T.);
#2648 = FACE_BOUND('',#2649,.F.);
#2649 = EDGE_LOOP('',(#2650,#2651,#2652,#2653,#2654,#2655));
#2650 = ORIENTED_EDGE('',*,*,#2482,.T.);
#2651 = ORIENTED_EDGE('',*,*,#2530,.T.);
#2652 = ORIENTED_EDGE('',*,*,#2578,.T.);
#2653 = ORIENTED_EDGE('',*,*,#2595,.T.);
#2654 = ORIENTED_EDGE('',*,*,#2554,.T.);
#2655 = ORIENTED_EDGE('',*,*,#2506,.T.);
#2656 = PLANE('',#2657);
#2657 = AXIS2_PLACEMENT_3D('',#2658,#2659,#2660);
#2658 = CARTESIAN_POINT('',(-18.5,-65.33014979343,-35.03565236265));
#2659 = DIRECTION('',(2.913E-14,0.811852882769,0.583862052834));
#2660 = DIRECTION('',(0.,0.583862052834,-0.811852882769));
#2661 = ( GEOMETRIC_REPRESENTATION_CONTEXT(3) 
GLOBAL_UNCERTAINTY_ASSIGNED_CONTEXT((#2665)) 
GLOBAL_UNIT_ASSIGNED_CONTEXT((#2662,#2663,#2664)) REPRESENTATION_CONTEXT
('Context #1','3D Context with UNIT and UNCERTAINTY') );
#2662 = ( LENGTH_UNIT() NAMED_UNIT(*) SI_UNIT(.MILLI.,.METRE.) );
#2663 = ( NAMED_UNIT(*) PLANE_ANGLE_UNIT() SI_UNIT($,.RADIAN.) );
#2664 = ( NAMED_UNIT(*) SI_UNIT($,.STERADIAN.) SOLID_ANGLE_UNIT() );
#2665 = UNCERTAINTY_MEASURE_WITH_UNIT(LENGTH_MEASURE(5.E-07),#2662,
  'distance_accuracy_value','confusion accuracy');
#2666 = PRODUCT_RELATED_PRODUCT_CATEGORY('part',$,(#7));
#2667 = MECHANICAL_DESIGN_GEOMETRIC_PRESENTATION_REPRESENTATION('',(
    #2668),#2661);
#2668 = STYLED_ITEM('color',(#2669),#15);
#2669 = PRESENTATION_STYLE_ASSIGNMENT((#2670,#2678));
#2670 = SURFACE_STYLE_USAGE(.BOTH.,#2671);
#2671 = SURFACE_SIDE_STYLE('',(#2672,#2676));
#2672 = SURFACE_STYLE_FILL_AREA(#2673);
#2673 = FILL_AREA_STYLE('',(#2674));
#2674 = FILL_AREA_STYLE_COLOUR('',#2675);
#2675 = COLOUR_RGB('',1.,1.,0.498039215105);
#2676 = SURFACE_STYLE_RENDERING_WITH_PROPERTIES(.NORMAL_SHADING.,#2675,(
    #2677));
#2677 = SURFACE_STYLE_TRANSPARENT(0.699999988079);
#2678 = CURVE_STYLE('',#2679,POSITIVE_LENGTH_MEASURE(0.1),#2680);
#2679 = DRAUGHTING_PRE_DEFINED_CURVE_FONT('continuous');
#2680 = DRAUGHTING_PRE_DEFINED_COLOUR('black');
ENDSEC;
END-ISO-10303-21;
