ISO-10303-21;
HEADER;
FILE_DESCRIPTION(('FreeCAD Model'),'2;1');
FILE_NAME('Open CASCADE Shape Model','2026-08-12T21:09:42',(''),(''),
  'Open CASCADE STEP processor 7.8','FreeCAD','Unknown');
FILE_SCHEMA(('AUTOMOTIVE_DESIGN { 1 0 10303 214 1 1 1 1 }'));
ENDSEC;
DATA;
#1 = APPLICATION_PROTOCOL_DEFINITION('international standard',
  'automotive_design',2000,#2);
#2 = APPLICATION_CONTEXT(
  'core data for automotive mechanical design processes');
#3 = SHAPE_DEFINITION_REPRESENTATION(#4,#10);
#4 = PRODUCT_DEFINITION_SHAPE('','',#5);
#5 = PRODUCT_DEFINITION('design','',#6,#9);
#6 = PRODUCT_DEFINITION_FORMATION('','',#7);
#7 = PRODUCT('OculusDexter2.2.2-SimpleCopy',
  'OculusDexter2.2.2-SimpleCopy','',(#8));
#8 = PRODUCT_CONTEXT('',#2,'mechanical');
#9 = PRODUCT_DEFINITION_CONTEXT('part definition',#2,'design');
#10 = SHAPE_REPRESENTATION('',(#11,#15,#1748,#1910,#4044,#4876),#5708);
#11 = AXIS2_PLACEMENT_3D('',#12,#13,#14);
#12 = CARTESIAN_POINT('',(0.,0.,0.));
#13 = DIRECTION('',(0.,0.,1.));
#14 = DIRECTION('',(1.,0.,-0.));
#15 = MANIFOLD_SOLID_BREP('',#16);
#16 = CLOSED_SHELL('',(#17,#294,#324,#461,#507,#529,#551,#573,#613,#635,
    #657,#673,#808,#1028,#1100,#1128,#1150,#1172,#1212,#1234,#1256,#1278
    ,#1350,#1372,#1394,#1423,#1446,#1469,#1492,#1515,#1532,#1544,#1556,
    #1585,#1608,#1631,#1654,#1677,#1694,#1708,#1722));
#17 = ADVANCED_FACE('',(#18,#29,#94,#164),#245,.F.);
#18 = FACE_BOUND('',#19,.F.);
#19 = EDGE_LOOP('',(#20));
#20 = ORIENTED_EDGE('',*,*,#21,.T.);
#21 = EDGE_CURVE('',#22,#22,#24,.T.);
#22 = VERTEX_POINT('',#23);
#23 = CARTESIAN_POINT('',(3.2E-14,-48.,47.));
#24 = CIRCLE('',#25,13.);
#25 = AXIS2_PLACEMENT_3D('',#26,#27,#28);
#26 = CARTESIAN_POINT('',(2.887E-14,-48.,34.));
#27 = DIRECTION('',(0.,-1.,2.2E-16));
#28 = DIRECTION('',(2.2E-16,2.2E-16,1.));
#29 = FACE_BOUND('',#30,.F.);
#30 = EDGE_LOOP('',(#31,#68));
#31 = ORIENTED_EDGE('',*,*,#32,.T.);
#32 = EDGE_CURVE('',#33,#35,#37,.T.);
#33 = VERTEX_POINT('',#34);
#34 = CARTESIAN_POINT('',(1.,-48.,24.4));
#35 = VERTEX_POINT('',#36);
#36 = CARTESIAN_POINT('',(-0.998131494988,-48.,24.461102526237));
#37 = B_SPLINE_CURVE_WITH_KNOTS('',8,(#38,#39,#40,#41,#42,#43,#44,#45,
    #46,#47,#48,#49,#50,#51,#52,#53,#54,#55,#56,#57,#58,#59,#60,#61,#62,
    #63,#64,#65,#66,#67),.UNSPECIFIED.,.F.,.F.,(9,7,7,7,9),(0.,
    0.344607112716,0.494749808163,0.784544038857,1.),.UNSPECIFIED.);
#38 = CARTESIAN_POINT('',(1.,-48.,24.4));
#39 = CARTESIAN_POINT('',(1.,-48.,24.251351453306));
#40 = CARTESIAN_POINT('',(0.974745646539,-48.,24.103107364167));
#41 = CARTESIAN_POINT('',(0.924488653163,-48.,23.962430070447));
#42 = CARTESIAN_POINT('',(0.852662949712,-48.,23.8343322204));
#43 = CARTESIAN_POINT('',(0.763038928001,-48.,23.72212057316));
#44 = CARTESIAN_POINT('',(0.659774048258,-48.,23.627821044781));
#45 = CARTESIAN_POINT('',(0.546741027462,-48.,23.552357318309));
#46 = CARTESIAN_POINT('',(0.37541200975,-48.,23.471359403085));
#47 = CARTESIAN_POINT('',(0.322121074956,-48.,23.450346486942));
#48 = CARTESIAN_POINT('',(0.267773450388,-48.,23.432925952235));
#49 = CARTESIAN_POINT('',(0.212600801952,-48.,23.419113826357));
#50 = CARTESIAN_POINT('',(0.156826679007,-48.,23.408919343013));
#51 = CARTESIAN_POINT('',(0.100667423612,-48.,23.402346822381));
#52 = CARTESIAN_POINT('',(4.433307977878E-02,-48.,23.39939755128));
#53 = CARTESIAN_POINT('',(-0.120646977848,-48.,23.401372784139));
#54 = CARTESIAN_POINT('',(-0.229128943822,-48.,23.416171866996));
#55 = CARTESIAN_POINT('',(-0.336045197071,-48.,23.444439680508));
#56 = CARTESIAN_POINT('',(-0.439851101761,-48.,23.4862059617));
#57 = CARTESIAN_POINT('',(-0.538822017142,-48.,23.541387530793));
#58 = CARTESIAN_POINT('',(-0.631055218463,-48.,23.609698328316));
#59 = CARTESIAN_POINT('',(-0.714489357041,-48.,23.690566336646));
#60 = CARTESIAN_POINT('',(-0.84082177326,-48.,23.851691723461));
#61 = CARTESIAN_POINT('',(-0.888651609899,-48.,23.926814298785));
#62 = CARTESIAN_POINT('',(-0.929363935623,-48.,24.007725056446));
#63 = CARTESIAN_POINT('',(-0.961970521591,-48.,24.093568979452));
#64 = CARTESIAN_POINT('',(-0.985625360645,-48.,24.183264122042));
#65 = CARTESIAN_POINT('',(-0.999679324271,-48.,24.275491046619));
#66 = CARTESIAN_POINT('',(-1.003788587058,-48.,24.368691915539));
#67 = CARTESIAN_POINT('',(-0.998131494988,-48.,24.461102526237));
#68 = ORIENTED_EDGE('',*,*,#69,.T.);
#69 = EDGE_CURVE('',#35,#33,#70,.T.);
#70 = B_SPLINE_CURVE_WITH_KNOTS('',8,(#71,#72,#73,#74,#75,#76,#77,#78,
    #79,#80,#81,#82,#83,#84,#85,#86,#87,#88,#89,#90,#91,#92,#93),
  .UNSPECIFIED.,.F.,.F.,(9,7,7,9),(0.,0.352585236548,0.636511113658,1.),
  .UNSPECIFIED.);
#71 = CARTESIAN_POINT('',(-0.998131494988,-48.,24.461102526237));
#72 = CARTESIAN_POINT('',(-0.989202636701,-48.,24.606958601585));
#73 = CARTESIAN_POINT('',(-0.95594788351,-48.,24.750768185194));
#74 = CARTESIAN_POINT('',(-0.899114152509,-48.,24.885820945052));
#75 = CARTESIAN_POINT('',(-0.822236316392,-48.,25.007574205229));
#76 = CARTESIAN_POINT('',(-0.72910749767,-48.,25.113108944522));
#77 = CARTESIAN_POINT('',(-0.623775720361,-48.,25.200771291036));
#78 = CARTESIAN_POINT('',(-0.509907119784,-48.,25.269927095628));
#79 = CARTESIAN_POINT('',(-0.294650808222,-48.,25.361280916188));
#80 = CARTESIAN_POINT('',(-0.194916804288,-48.,25.390100013086));
#81 = CARTESIAN_POINT('',(-9.278360372452E-02,-48.,25.406990333085));
#82 = CARTESIAN_POINT('',(1.049804120602E-02,-48.,25.411916706576));
#83 = CARTESIAN_POINT('',(0.113688865216,-48.,25.404860976104));
#84 = CARTESIAN_POINT('',(0.215545376117,-48.,25.38584078726));
#85 = CARTESIAN_POINT('',(0.314804016344,-48.,25.354893859185));
#86 = CARTESIAN_POINT('',(0.532161171547,-48.,25.257151331973));
#87 = CARTESIAN_POINT('',(0.6483410356,-48.,25.182471786945));
#88 = CARTESIAN_POINT('',(0.754897359055,-48.,25.088050990524));
#89 = CARTESIAN_POINT('',(0.847624090981,-48.,24.974780651433));
#90 = CARTESIAN_POINT('',(0.922006381167,-48.,24.844792961794));
#91 = CARTESIAN_POINT('',(0.973999580737,-48.,24.701663711046));
#92 = CARTESIAN_POINT('',(1.,-48.,24.550828010409));
#93 = CARTESIAN_POINT('',(1.,-48.,24.4));
#94 = FACE_BOUND('',#95,.F.);
#95 = EDGE_LOOP('',(#96,#111,#118,#125,#132,#145,#152,#159));
#96 = ORIENTED_EDGE('',*,*,#97,.F.);
#97 = EDGE_CURVE('',#98,#100,#102,.T.);
#98 = VERTEX_POINT('',#99);
#99 = CARTESIAN_POINT('',(4.,-48.,22.951810103008));
#100 = VERTEX_POINT('',#101);
#101 = CARTESIAN_POINT('',(4.,-48.,45.048189896992));
#102 = B_SPLINE_CURVE_WITH_KNOTS('',7,(#103,#104,#105,#106,#107,#108,
    #109,#110),.UNSPECIFIED.,.F.,.F.,(8,8),(0.,12.396895271599),
  .PIECEWISE_BEZIER_KNOTS.);
#103 = CARTESIAN_POINT('',(4.,-48.,22.951810103008));
#104 = CARTESIAN_POINT('',(7.924544455549,-48.,24.372692434734));
#105 = CARTESIAN_POINT('',(11.195417393953,-48.,27.396431512024));
#106 = CARTESIAN_POINT('',(13.069406824947,-48.,31.644639158231));
#107 = CARTESIAN_POINT('',(13.069406824947,-48.,36.355360841769));
#108 = CARTESIAN_POINT('',(11.195417393953,-48.,40.603568487976));
#109 = CARTESIAN_POINT('',(7.924544455549,-48.,43.627307565266));
#110 = CARTESIAN_POINT('',(4.,-48.,45.048189896992));
#111 = ORIENTED_EDGE('',*,*,#112,.T.);
#112 = EDGE_CURVE('',#98,#113,#115,.T.);
#113 = VERTEX_POINT('',#114);
#114 = CARTESIAN_POINT('',(1.2,-48.,27.801552364201));
#115 = B_SPLINE_CURVE_WITH_KNOTS('',1,(#116,#117),.UNSPECIFIED.,.F.,.F.,
  (2,2),(0.,5.6),.PIECEWISE_BEZIER_KNOTS.);
#116 = CARTESIAN_POINT('',(4.,-48.,22.951810103008));
#117 = CARTESIAN_POINT('',(1.2,-48.,27.801552364201));
#118 = ORIENTED_EDGE('',*,*,#119,.F.);
#119 = EDGE_CURVE('',#120,#113,#122,.T.);
#120 = VERTEX_POINT('',#121);
#121 = CARTESIAN_POINT('',(-1.2,-48.,27.801552364201));
#122 = B_SPLINE_CURVE_WITH_KNOTS('',1,(#123,#124),.UNSPECIFIED.,.F.,.F.,
  (2,2),(0.,4.016580753731),.PIECEWISE_BEZIER_KNOTS.);
#123 = CARTESIAN_POINT('',(-1.2,-48.,27.801552364201));
#124 = CARTESIAN_POINT('',(1.2,-48.,27.801552364201));
#125 = ORIENTED_EDGE('',*,*,#126,.F.);
#126 = EDGE_CURVE('',#127,#120,#129,.T.);
#127 = VERTEX_POINT('',#128);
#128 = CARTESIAN_POINT('',(-4.,-48.,22.951810103008));
#129 = B_SPLINE_CURVE_WITH_KNOTS('',1,(#130,#131),.UNSPECIFIED.,.F.,.F.,
  (2,2),(0.,5.6),.PIECEWISE_BEZIER_KNOTS.);
#130 = CARTESIAN_POINT('',(-4.,-48.,22.951810103008));
#131 = CARTESIAN_POINT('',(-1.2,-48.,27.801552364201));
#132 = ORIENTED_EDGE('',*,*,#133,.F.);
#133 = EDGE_CURVE('',#134,#127,#136,.T.);
#134 = VERTEX_POINT('',#135);
#135 = CARTESIAN_POINT('',(-4.,-48.,45.048189896992));
#136 = B_SPLINE_CURVE_WITH_KNOTS('',7,(#137,#138,#139,#140,#141,#142,
    #143,#144),.UNSPECIFIED.,.F.,.F.,(8,8),(0.,12.396895271599),
  .PIECEWISE_BEZIER_KNOTS.);
#137 = CARTESIAN_POINT('',(-4.,-48.,45.048189896992));
#138 = CARTESIAN_POINT('',(-7.924544455549,-48.,43.627307565266));
#139 = CARTESIAN_POINT('',(-11.19541739395,-48.,40.603568487976));
#140 = CARTESIAN_POINT('',(-13.06940682494,-48.,36.355360841769));
#141 = CARTESIAN_POINT('',(-13.06940682494,-48.,31.644639158231));
#142 = CARTESIAN_POINT('',(-11.19541739395,-48.,27.396431512024));
#143 = CARTESIAN_POINT('',(-7.924544455549,-48.,24.372692434734));
#144 = CARTESIAN_POINT('',(-4.,-48.,22.951810103008));
#145 = ORIENTED_EDGE('',*,*,#146,.T.);
#146 = EDGE_CURVE('',#134,#147,#149,.T.);
#147 = VERTEX_POINT('',#148);
#148 = CARTESIAN_POINT('',(-1.2,-48.,40.198447635799));
#149 = B_SPLINE_CURVE_WITH_KNOTS('',1,(#150,#151),.UNSPECIFIED.,.F.,.F.,
  (2,2),(0.,5.6),.PIECEWISE_BEZIER_KNOTS.);
#150 = CARTESIAN_POINT('',(-4.,-48.,45.048189896992));
#151 = CARTESIAN_POINT('',(-1.2,-48.,40.198447635799));
#152 = ORIENTED_EDGE('',*,*,#153,.T.);
#153 = EDGE_CURVE('',#147,#154,#156,.T.);
#154 = VERTEX_POINT('',#155);
#155 = CARTESIAN_POINT('',(1.2,-48.,40.198447635799));
#156 = B_SPLINE_CURVE_WITH_KNOTS('',1,(#157,#158),.UNSPECIFIED.,.F.,.F.,
  (2,2),(0.,4.016580753731),.PIECEWISE_BEZIER_KNOTS.);
#157 = CARTESIAN_POINT('',(-1.2,-48.,40.198447635799));
#158 = CARTESIAN_POINT('',(1.2,-48.,40.198447635799));
#159 = ORIENTED_EDGE('',*,*,#160,.T.);
#160 = EDGE_CURVE('',#154,#100,#161,.T.);
#161 = B_SPLINE_CURVE_WITH_KNOTS('',1,(#162,#163),.UNSPECIFIED.,.F.,.F.,
  (2,2),(0.,5.6),.PIECEWISE_BEZIER_KNOTS.);
#162 = CARTESIAN_POINT('',(1.2,-48.,40.198447635799));
#163 = CARTESIAN_POINT('',(4.,-48.,45.048189896992));
#164 = FACE_BOUND('',#165,.F.);
#165 = EDGE_LOOP('',(#166,#235));
#166 = ORIENTED_EDGE('',*,*,#167,.T.);
#167 = EDGE_CURVE('',#168,#170,#172,.T.);
#168 = VERTEX_POINT('',#169);
#169 = CARTESIAN_POINT('',(1.,-48.,43.6));
#170 = VERTEX_POINT('',#171);
#171 = CARTESIAN_POINT('',(0.985093071165,-48.,43.772022211191));
#172 = B_SPLINE_CURVE_WITH_KNOTS('',7,(#173,#174,#175,#176,#177,#178,
    #179,#180,#181,#182,#183,#184,#185,#186,#187,#188,#189,#190,#191,
    #192,#193,#194,#195,#196,#197,#198,#199,#200,#201,#202,#203,#204,
    #205,#206,#207,#208,#209,#210,#211,#212,#213,#214,#215,#216,#217,
    #218,#219,#220,#221,#222,#223,#224,#225,#226,#227,#228,#229,#230,
    #231,#232,#233,#234),.UNSPECIFIED.,.F.,.F.,(8,6,6,6,6,6,6,6,6,6,8),(
    0.,0.132138739745,0.25583528857,0.384019392499,0.464309598958,
    0.538064255515,0.637294904651,0.731548727381,0.810061855682,
    0.917561473242,1.),.UNSPECIFIED.);
#173 = CARTESIAN_POINT('',(1.,-48.,43.6));
#174 = CARTESIAN_POINT('',(1.,-48.,43.492151210021));
#175 = CARTESIAN_POINT('',(0.986430122758,-48.,43.383828808152));
#176 = CARTESIAN_POINT('',(0.959075387891,-48.,43.276534337614));
#177 = CARTESIAN_POINT('',(0.917695839783,-48.,43.172052468512));
#178 = CARTESIAN_POINT('',(0.862289105945,-48.,43.072438028981));
#179 = CARTESIAN_POINT('',(0.793193120246,-48.,42.979993042424));
#180 = CARTESIAN_POINT('',(0.634708371878,-48.,42.819595341687));
#181 = CARTESIAN_POINT('',(0.546779577444,-48.,42.75033551227));
#182 = CARTESIAN_POINT('',(0.448602559619,-48.,42.691763070796));
#183 = CARTESIAN_POINT('',(0.34186665098,-48.,42.646035301297));
#184 = CARTESIAN_POINT('',(0.228851190146,-48.,42.614891633366));
#185 = CARTESIAN_POINT('',(0.112465167796,-48.,42.599574240699));
#186 = CARTESIAN_POINT('',(-0.124128398781,-48.,42.600455325225));
#187 = CARTESIAN_POINT('',(-0.244593103283,-48.,42.617818511637));
#188 = CARTESIAN_POINT('',(-0.361128427192,-48.,42.652137713527));
#189 = CARTESIAN_POINT('',(-0.470554466844,-48.,42.701928646111));
#190 = CARTESIAN_POINT('',(-0.570431991782,-48.,42.76519455082));
#191 = CARTESIAN_POINT('',(-0.659005132113,-48.,42.839498992148));
#192 = CARTESIAN_POINT('',(-0.782988358296,-48.,42.973987150286));
#193 = CARTESIAN_POINT('',(-0.825974028827,-48.,43.029157288322));
#194 = CARTESIAN_POINT('',(-0.863989195266,-48.,43.087150840248));
#195 = CARTESIAN_POINT('',(-0.896916308116,-48.,43.147435606442));
#196 = CARTESIAN_POINT('',(-0.924704108333,-48.,43.209512208663));
#197 = CARTESIAN_POINT('',(-0.94734688447,-48.,43.272922909815));
#198 = CARTESIAN_POINT('',(-0.980957861298,-48.,43.396350924652));
#199 = CARTESIAN_POINT('',(-0.992724906186,-48.,43.456218598112));
#200 = CARTESIAN_POINT('',(-1.000184155277,-48.,43.516542105425));
#201 = CARTESIAN_POINT('',(-1.003366784999,-48.,43.577022700332));
#202 = CARTESIAN_POINT('',(-1.002311992608,-48.,43.637377623879));
#203 = CARTESIAN_POINT('',(-0.997061494023,-48.,43.697338710255));
#204 = CARTESIAN_POINT('',(-0.974997063677,-48.,43.836450649477));
#205 = CARTESIAN_POINT('',(-0.954820739105,-48.,43.915039786061));
#206 = CARTESIAN_POINT('',(-0.92722342133,-48.,43.99183388858));
#207 = CARTESIAN_POINT('',(-0.89228312963,-48.,44.066196153814));
#208 = CARTESIAN_POINT('',(-0.850096141062,-48.,44.137443997466));
#209 = CARTESIAN_POINT('',(-0.800791806122,-48.,44.204844126804));
#210 = CARTESIAN_POINT('',(-0.691077414536,-48.,44.327200954245));
#211 = CARTESIAN_POINT('',(-0.631357795676,-48.,44.382601435661));
#212 = CARTESIAN_POINT('',(-0.565538940853,-48.,44.433071390534));
#213 = CARTESIAN_POINT('',(-0.493931967746,-48.,44.477741504365));
#214 = CARTESIAN_POINT('',(-0.417071040741,-48.,44.515688382583));
#215 = CARTESIAN_POINT('',(-0.335776034972,-48.,44.545976092471));
#216 = CARTESIAN_POINT('',(-0.180941398927,-48.,44.586176984571));
#217 = CARTESIAN_POINT('',(-0.108325790629,-48.,44.598660614351));
#218 = CARTESIAN_POINT('',(-3.434234727294E-02,-48.,44.604900677315));
#219 = CARTESIAN_POINT('',(4.008545793904E-02,-48.,44.604687053075));
#220 = CARTESIAN_POINT('',(0.114020526121,-48.,44.59802381806));
#221 = CARTESIAN_POINT('',(0.186538480337,-48.,44.585130259837));
#222 = CARTESIAN_POINT('',(0.352893572725,-48.,44.540936328128));
#223 = CARTESIAN_POINT('',(0.444776469742,-48.,44.504581640078));
#224 = CARTESIAN_POINT('',(0.530607139515,-48.,44.458470861739));
#225 = CARTESIAN_POINT('',(0.609305837071,-48.,44.404021925892));
#226 = CARTESIAN_POINT('',(0.680210647372,-48.,44.342576376782));
#227 = CARTESIAN_POINT('',(0.742986443902,-48.,44.275368236411));
#228 = CARTESIAN_POINT('',(0.839235807057,-48.,44.148157712523));
#229 = CARTESIAN_POINT('',(0.876127902928,-48.,44.090129490502));
#230 = CARTESIAN_POINT('',(0.908065742252,-48.,44.029717976303));
#231 = CARTESIAN_POINT('',(0.934984179759,-48.,43.967327747351));
#232 = CARTESIAN_POINT('',(0.956828414202,-48.,43.903342121655));
#233 = CARTESIAN_POINT('',(0.973549754771,-48.,43.838125541218));
#234 = CARTESIAN_POINT('',(0.985093071165,-48.,43.772022211191));
#235 = ORIENTED_EDGE('',*,*,#236,.T.);
#236 = EDGE_CURVE('',#170,#168,#237,.T.);
#237 = B_SPLINE_CURVE_WITH_KNOTS('',6,(#238,#239,#240,#241,#242,#243,
    #244),.UNSPECIFIED.,.F.,.F.,(7,7),(0.,1.),.PIECEWISE_BEZIER_KNOTS.);
#238 = CARTESIAN_POINT('',(0.985093071165,-48.,43.772022211191));
#239 = CARTESIAN_POINT('',(0.990045889522,-48.,43.743659670027));
#240 = CARTESIAN_POINT('',(0.99401796317,-48.,43.715130786071));
#241 = CARTESIAN_POINT('',(0.997004136418,-48.,43.686468271041));
#242 = CARTESIAN_POINT('',(0.998999837311,-48.,43.657703859771));
#243 = CARTESIAN_POINT('',(0.999999990136,-48.,43.628870457249));
#244 = CARTESIAN_POINT('',(1.,-48.,43.6));
#245 = B_SPLINE_SURFACE_WITH_KNOTS('',5,7,(
    (#246,#247,#248,#249,#250,#251,#252,#253)
    ,(#254,#255,#256,#257,#258,#259,#260,#261)
    ,(#262,#263,#264,#265,#266,#267,#268,#269)
    ,(#270,#271,#272,#273,#274,#275,#276,#277)
    ,(#278,#279,#280,#281,#282,#283,#284,#285)
    ,(#286,#287,#288,#289,#290,#291,#292,#293
  )),.UNSPECIFIED.,.F.,.F.,.F.,(6,6),(8,8),(-14.29740946853,
    14.091446831789),(-14.16318831588,14.27364184198),
  .PIECEWISE_BEZIER_KNOTS.);
#246 = CARTESIAN_POINT('',(-11.99687080479,-48.,8.894623565502));
#247 = CARTESIAN_POINT('',(-12.60982985861,-48.,17.273047337849));
#248 = CARTESIAN_POINT('',(-13.22276029099,-47.99999999999,
    24.191643563394));
#249 = CARTESIAN_POINT('',(-13.83566176964,-48.,29.65022780338));
#250 = CARTESIAN_POINT('',(-14.44853169404,-47.99999999999,
    33.649131007644));
#251 = CARTESIAN_POINT('',(-15.06137146218,-48.,36.18833548533));
#252 = CARTESIAN_POINT('',(-15.67418507384,-48.,37.267502840952));
#253 = CARTESIAN_POINT('',(-16.28697007051,-48.,36.886893875887));
#254 = CARTESIAN_POINT('',(-6.384206106816,-48.,15.906122860679));
#255 = CARTESIAN_POINT('',(-6.997164807743,-48.,24.284562338225));
#256 = CARTESIAN_POINT('',(-7.610095957956,-47.99999999999,
    31.20322106365));
#257 = CARTESIAN_POINT('',(-8.222995776142,-48.,36.661713859853));
#258 = CARTESIAN_POINT('',(-8.835869216309,-47.99999999999,
    40.660709217014));
#259 = CARTESIAN_POINT('',(-9.448705099342,-48.,43.199874662116));
#260 = CARTESIAN_POINT('',(-10.06152102088,-47.99999999999,
    44.27902238516));
#261 = CARTESIAN_POINT('',(-10.67430656904,-48.,43.898415887511));
#262 = CARTESIAN_POINT('',(-0.771480941397,-48.,19.86219813798));
#263 = CARTESIAN_POINT('',(-1.384438224517,-48.,28.24061515319));
#264 = CARTESIAN_POINT('',(-1.997364981575,-47.99999999999,
    35.159155763988));
#265 = CARTESIAN_POINT('',(-2.610286554738,-48.,40.618263941407));
#266 = CARTESIAN_POINT('',(-3.223121855082,-47.99999999999,
    44.61701901626));
#267 = CARTESIAN_POINT('',(-3.83600338294,-48.,47.15589599002));
#268 = CARTESIAN_POINT('',(-4.448801198252,-48.,48.23523337173));
#269 = CARTESIAN_POINT('',(-5.061582291034,-48.,47.854648534798));
#270 = CARTESIAN_POINT('',(4.841296287509,-48.,20.7632534662));
#271 = CARTESIAN_POINT('',(4.228338938909,-48.,29.141691678971));
#272 = CARTESIAN_POINT('',(3.615415442088,-47.99999999999,
    36.060245948539));
#273 = CARTESIAN_POINT('',(3.002516958984,-48.,41.519227629096));
#274 = CARTESIAN_POINT('',(2.389638385258,-47.99999999999,
    45.517357329707));
#275 = CARTESIAN_POINT('',(1.776818668718,-48.,48.057161734407));
#276 = CARTESIAN_POINT('',(1.1639877404,-48.,49.136177948719));
#277 = CARTESIAN_POINT('',(0.551203830608,-48.,48.755557752047));
#278 = CARTESIAN_POINT('',(10.454146788459,-48.,18.608896236666));
#279 = CARTESIAN_POINT('',(9.841190015564,-48.,26.987298152064));
#280 = CARTESIAN_POINT('',(9.228260858007,-47.99999999999,
    33.905788093535));
#281 = CARTESIAN_POINT('',(8.615365605803,-48.,39.36447544404));
#282 = CARTESIAN_POINT('',(8.002483561193,-47.99999999999,
    43.363560001633));
#283 = CARTESIAN_POINT('',(7.389647482435,-48.,45.902456932818));
#284 = CARTESIAN_POINT('',(6.776837317582,-48.,46.981736047277));
#285 = CARTESIAN_POINT('',(6.164051221129,-48.,46.601137976105));
#286 = CARTESIAN_POINT('',(16.067054322382,-48.,13.399171097918));
#287 = CARTESIAN_POINT('',(15.454097310453,-48.,21.777555897333));
#288 = CARTESIAN_POINT('',(14.841168947574,-47.99999999999,
    28.696029759252));
#289 = CARTESIAN_POINT('',(14.22826850208,-48.,34.154826534611));
#290 = CARTESIAN_POINT('',(13.615394974016,-47.99999999999,
    38.153768742429));
#291 = CARTESIAN_POINT('',(13.002551696782,-48.,40.69278918171));
#292 = CARTESIAN_POINT('',(12.389742247188,-48.,41.772014703947));
#293 = CARTESIAN_POINT('',(11.776957663938,-48.,41.391412146361));
#294 = ADVANCED_FACE('',(#295),#319,.T.);
#295 = FACE_BOUND('',#296,.F.);
#296 = EDGE_LOOP('',(#297,#311,#317,#318));
#297 = ORIENTED_EDGE('',*,*,#298,.T.);
#298 = EDGE_CURVE('',#299,#299,#301,.T.);
#299 = VERTEX_POINT('',#300);
#300 = CARTESIAN_POINT('',(3.2E-14,-53.30817928648,44.5));
#301 = ( BOUNDED_CURVE() B_SPLINE_CURVE(2,(#302,#303,#304,#305,#306,#307
,#308,#309,#310),.UNSPECIFIED.,.T.,.F.) B_SPLINE_CURVE_WITH_KNOTS((1,2,2
,2,2,2,1),(-1.5,-1.,-0.5,0.,0.5,1.,1.5),.UNSPECIFIED.) CURVE() 
GEOMETRIC_REPRESENTATION_ITEM() RATIONAL_B_SPLINE_CURVE((1.,
    0.707106781187,1.,0.707106781187,1.,0.707106781187,1.,0.707106781187
,1.)) REPRESENTATION_ITEM('') );
#302 = CARTESIAN_POINT('',(3.187E-14,-53.30817928648,44.5));
#303 = CARTESIAN_POINT('',(-10.5,-53.30817928648,44.5));
#304 = CARTESIAN_POINT('',(-10.5,-53.30817928648,34.));
#305 = CARTESIAN_POINT('',(-10.5,-53.30817928648,23.5));
#306 = CARTESIAN_POINT('',(2.929E-14,-53.30817928648,23.5));
#307 = CARTESIAN_POINT('',(10.5,-53.30817928648,23.5));
#308 = CARTESIAN_POINT('',(10.5,-53.30817928648,34.));
#309 = CARTESIAN_POINT('',(10.5,-53.30817928648,44.5));
#310 = CARTESIAN_POINT('',(3.187E-14,-53.30817928648,44.5));
#311 = ORIENTED_EDGE('',*,*,#312,.T.);
#312 = EDGE_CURVE('',#299,#22,#313,.T.);
#313 = LINE('',#314,#315);
#314 = CARTESIAN_POINT('',(3.187E-14,-53.30817928648,44.5));
#315 = VECTOR('',#316,1.);
#316 = DIRECTION('',(-2.E-17,0.904685148084,0.426080723379));
#317 = ORIENTED_EDGE('',*,*,#21,.F.);
#318 = ORIENTED_EDGE('',*,*,#312,.F.);
#319 = CONICAL_SURFACE('',#320,10.5,0.440156135116);
#320 = AXIS2_PLACEMENT_3D('',#321,#322,#323);
#321 = CARTESIAN_POINT('',(2.887E-14,-53.30817928648,34.));
#322 = DIRECTION('',(0.,1.,-2.2E-16));
#323 = DIRECTION('',(2.9E-16,2.2E-16,1.));
#324 = ADVANCED_FACE('',(#325),#456,.F.);
#325 = FACE_BOUND('',#326,.T.);
#326 = EDGE_LOOP('',(#327,#328,#329,#336,#373,#455));
#327 = ORIENTED_EDGE('',*,*,#32,.T.);
#328 = ORIENTED_EDGE('',*,*,#69,.T.);
#329 = ORIENTED_EDGE('',*,*,#330,.T.);
#330 = EDGE_CURVE('',#33,#331,#333,.T.);
#331 = VERTEX_POINT('',#332);
#332 = CARTESIAN_POINT('',(1.,-48.8,24.4));
#333 = B_SPLINE_CURVE_WITH_KNOTS('',1,(#334,#335),.UNSPECIFIED.,.F.,.F.,
  (2,2),(0.,1.),.PIECEWISE_BEZIER_KNOTS.);
#334 = CARTESIAN_POINT('',(1.,-41.3,24.4));
#335 = CARTESIAN_POINT('',(1.,-50.2,24.4));
#336 = ORIENTED_EDGE('',*,*,#337,.T.);
#337 = EDGE_CURVE('',#331,#338,#340,.T.);
#338 = VERTEX_POINT('',#339);
#339 = CARTESIAN_POINT('',(-0.651680559524,-48.8,25.158493538759));
#340 = B_SPLINE_CURVE_WITH_KNOTS('',7,(#341,#342,#343,#344,#345,#346,
    #347,#348,#349,#350,#351,#352,#353,#354,#355,#356,#357,#358,#359,
    #360,#361,#362,#363,#364,#365,#366,#367,#368,#369,#370,#371,#372),
  .UNSPECIFIED.,.F.,.F.,(8,6,6,6,6,8),(0.,0.238176172422,0.341680904744,
    0.415383099744,0.659114176326,1.),.UNSPECIFIED.);
#341 = CARTESIAN_POINT('',(1.,-48.8,24.4));
#342 = CARTESIAN_POINT('',(1.,-48.8,24.47759208897));
#343 = CARTESIAN_POINT('',(0.992976021224,-48.8,24.555193312972));
#344 = CARTESIAN_POINT('',(0.978925259295,-48.8,24.632024114493));
#345 = CARTESIAN_POINT('',(0.957956718615,-48.8,24.707325256923));
#346 = CARTESIAN_POINT('',(0.930275348244,-48.8,24.780360579165));
#347 = CARTESIAN_POINT('',(0.896180252534,-48.8,24.850423653052));
#348 = CARTESIAN_POINT('',(0.838649209468,-48.8,24.945714664456));
#349 = CARTESIAN_POINT('',(0.820085754227,-48.8,24.973895548538));
#350 = CARTESIAN_POINT('',(0.800419183423,-48.8,25.001337088264));
#351 = CARTESIAN_POINT('',(0.779684988217,-48.8,25.027987644829));
#352 = CARTESIAN_POINT('',(0.757921578295,-48.8,25.053797848194));
#353 = CARTESIAN_POINT('',(0.735170281871,-48.8,25.078720597092));
#354 = CARTESIAN_POINT('',(0.694602988573,-48.8,25.119793849965));
#355 = CARTESIAN_POINT('',(0.677252081057,-48.8,25.136404033877));
#356 = CARTESIAN_POINT('',(0.659438560098,-48.8,25.152525479544));
#357 = CARTESIAN_POINT('',(0.641178980116,-48.8,25.168142777922));
#358 = CARTESIAN_POINT('',(0.622490512991,-48.8,25.183241242146));
#359 = CARTESIAN_POINT('',(0.603390948066,-48.8,25.197806907523));
#360 = CARTESIAN_POINT('',(0.519438352523,-48.8,25.258189032072));
#361 = CARTESIAN_POINT('',(0.450674636111,-48.8,25.29858636465));
#362 = CARTESIAN_POINT('',(0.37828476767,-48.8,25.332527379732));
#363 = CARTESIAN_POINT('',(0.302999128796,-48.8,25.359634395205));
#364 = CARTESIAN_POINT('',(0.225588273648,-48.8,25.379630013371));
#365 = CARTESIAN_POINT('',(0.146855601177,-48.8,25.39233969426));
#366 = CARTESIAN_POINT('',(-4.316244312291E-02,-48.8,25.405221192161));
#367 = CARTESIAN_POINT('',(-0.154986775393,-48.8,25.398380613894));
#368 = CARTESIAN_POINT('',(-0.265509466802,-48.8,25.37700679388));
#369 = CARTESIAN_POINT('',(-0.372486728695,-48.8,25.341430567529));
#370 = CARTESIAN_POINT('',(-0.47379872596,-48.8,25.292356594874));
#371 = CARTESIAN_POINT('',(-0.567449101532,-48.8,25.230863309718));
#372 = CARTESIAN_POINT('',(-0.651680559524,-48.8,25.158493538759));
#373 = ORIENTED_EDGE('',*,*,#374,.T.);
#374 = EDGE_CURVE('',#338,#331,#375,.T.);
#375 = B_SPLINE_CURVE_WITH_KNOTS('',8,(#376,#377,#378,#379,#380,#381,
    #382,#383,#384,#385,#386,#387,#388,#389,#390,#391,#392,#393,#394,
    #395,#396,#397,#398,#399,#400,#401,#402,#403,#404,#405,#406,#407,
    #408,#409,#410,#411,#412,#413,#414,#415,#416,#417,#418,#419,#420,
    #421,#422,#423,#424,#425,#426,#427,#428,#429,#430,#431,#432,#433,
    #434,#435,#436,#437,#438,#439,#440,#441,#442,#443,#444,#445,#446,
    #447,#448,#449,#450,#451,#452,#453,#454),.UNSPECIFIED.,.F.,.F.,(9,7,
    7,7,7,7,7,7,7,7,7,9),(0.,9.964848005949E-02,0.323337320811,
    0.592042994528,0.633714238473,0.734505819719,0.775208189088,
    0.830051177996,0.968728846957,0.984874314267,0.992168506433,1.),
  .UNSPECIFIED.);
#376 = CARTESIAN_POINT('',(-0.651680559524,-48.8,25.158493538759));
#377 = CARTESIAN_POINT('',(-0.689487972794,-48.8,25.126010261084));
#378 = CARTESIAN_POINT('',(-0.725445943449,-48.8,25.091372207714));
#379 = CARTESIAN_POINT('',(-0.75940984535,-48.8,25.054703794289));
#380 = CARTESIAN_POINT('',(-0.791246255516,-48.8,25.016139579272));
#381 = CARTESIAN_POINT('',(-0.82083329923,-48.8,24.975823816635));
#382 = CARTESIAN_POINT('',(-0.848060995147,-48.8,24.933910008528));
#383 = CARTESIAN_POINT('',(-0.8728316004,-48.8,24.890560457958));
#384 = CARTESIAN_POINT('',(-0.944957706569,-48.8,24.745795811031));
#385 = CARTESIAN_POINT('',(-0.982084973046,-48.8,24.639191356118));
#386 = CARTESIAN_POINT('',(-1.005402199981,-48.8,24.528141037224));
#387 = CARTESIAN_POINT('',(-1.014341183622,-48.8,24.414750555604));
#388 = CARTESIAN_POINT('',(-1.008703184999,-48.8,24.301147975515));
#389 = CARTESIAN_POINT('',(-0.988624851544,-48.8,24.189466319993));
#390 = CARTESIAN_POINT('',(-0.954612898364,-48.8,24.08182716743));
#391 = CARTESIAN_POINT('',(-0.851232632351,-48.8,23.858272270989));
#392 = CARTESIAN_POINT('',(-0.775989281266,-48.8,23.744752944224));
#393 = CARTESIAN_POINT('',(-0.683511463358,-48.8,23.643418966769));
#394 = CARTESIAN_POINT('',(-0.576221906314,-48.8,23.557212209435));
#395 = CARTESIAN_POINT('',(-0.456957409054,-48.8,23.488522572628));
#396 = CARTESIAN_POINT('',(-0.328974337369,-48.8,23.439124141147));
#397 = CARTESIAN_POINT('',(-0.195890804309,-48.8,23.410205441814));
#398 = CARTESIAN_POINT('',(-4.093063013885E-02,-48.8,23.400620599367));
#399 = CARTESIAN_POINT('',(-2.009497091558E-02,-48.8,23.399829364348));
#400 = CARTESIAN_POINT('',(7.575566001951E-04,-48.8,23.399534609362));
#401 = CARTESIAN_POINT('',(2.161314488733E-02,-48.8,23.399736726989));
#402 = CARTESIAN_POINT('',(4.245799738908E-02,-48.8,23.400435649477));
#403 = CARTESIAN_POINT('',(6.32783285131E-02,-48.8,23.401630848755));
#404 = CARTESIAN_POINT('',(8.406036363144E-02,-48.8,23.403321336421));
#405 = CARTESIAN_POINT('',(0.154930599052,-48.8,23.410788966682));
#406 = CARTESIAN_POINT('',(0.204767881474,-48.8,23.41896165648));
#407 = CARTESIAN_POINT('',(0.254105858274,-48.8,23.430002918364));
#408 = CARTESIAN_POINT('',(0.302751811873,-48.8,23.443876542015));
#409 = CARTESIAN_POINT('',(0.35051720727,-48.8,23.460531101072));
#410 = CARTESIAN_POINT('',(0.397218264119,-48.8,23.479900132637));
#411 = CARTESIAN_POINT('',(0.442676528815,-48.8,23.501902316777));
#412 = CARTESIAN_POINT('',(0.504505169188,-48.8,23.536351305596));
#413 = CARTESIAN_POINT('',(0.522060327071,-48.8,23.546674817436));
#414 = CARTESIAN_POINT('',(0.539373655012,-48.8,23.557405913199));
#415 = CARTESIAN_POINT('',(0.556434120805,-48.8,23.56853796626));
#416 = CARTESIAN_POINT('',(0.573230925242,-48.8,23.580064001707));
#417 = CARTESIAN_POINT('',(0.589753502117,-48.8,23.591976696348));
#418 = CARTESIAN_POINT('',(0.605991518221,-48.8,23.604268378705));
#419 = CARTESIAN_POINT('',(0.643417191497,-48.8,23.633992875819));
#420 = CARTESIAN_POINT('',(0.664364651273,-48.8,23.651728315929));
#421 = CARTESIAN_POINT('',(0.684752496619,-48.8,23.670117675072));
#422 = CARTESIAN_POINT('',(0.704556944274,-48.8,23.689140298155));
#423 = CARTESIAN_POINT('',(0.723755183769,-48.8,23.708774549259));
#424 = CARTESIAN_POINT('',(0.742325377433,-48.8,23.728997811648));
#425 = CARTESIAN_POINT('',(0.760246660388,-48.8,23.74978648776));
#426 = CARTESIAN_POINT('',(0.821124292646,-48.8,23.825050458063));
#427 = CARTESIAN_POINT('',(0.860478503143,-48.8,23.882449609421));
#428 = CARTESIAN_POINT('',(0.895232894627,-48.8,23.942910113756));
#429 = CARTESIAN_POINT('',(0.925113377988,-48.8,24.005999065707));
#430 = CARTESIAN_POINT('',(0.949896033081,-48.8,24.071259094059));
#431 = CARTESIAN_POINT('',(0.969406306697,-48.8,24.138211841065));
#432 = CARTESIAN_POINT('',(0.983522027888,-48.8,24.20635982111));
#433 = CARTESIAN_POINT('',(0.993188268001,-48.8,24.283199783424));
#434 = CARTESIAN_POINT('',(0.994122334016,-48.8,24.291222212484));
#435 = CARTESIAN_POINT('',(0.994982338418,-48.8,24.299253149092));
#436 = CARTESIAN_POINT('',(0.995768191305,-48.8,24.307291795493));
#437 = CARTESIAN_POINT('',(0.996479813106,-48.8,24.315337352969));
#438 = CARTESIAN_POINT('',(0.99711713458,-48.8,24.32338902184));
#439 = CARTESIAN_POINT('',(0.99768009681,-48.8,24.331446001465));
#440 = CARTESIAN_POINT('',(0.998389370107,-48.8,24.343149506116));
#441 = CARTESIAN_POINT('',(0.998594902049,-48.8,24.346792443081));
#442 = CARTESIAN_POINT('',(0.998785242537,-48.8,24.350436226835));
#443 = CARTESIAN_POINT('',(0.998960387506,-48.8,24.35408078319));
#444 = CARTESIAN_POINT('',(0.999120333332,-48.8,24.357726038073));
#445 = CARTESIAN_POINT('',(0.999265076831,-48.8,24.361371917525));
#446 = CARTESIAN_POINT('',(0.999394615258,-48.8,24.365018347698));
#447 = CARTESIAN_POINT('',(0.999631699157,-48.8,24.372580798808));
#448 = CARTESIAN_POINT('',(0.999736922192,-48.8,24.376496916151));
#449 = CARTESIAN_POINT('',(0.999824612127,-48.8,24.38041349734));
#450 = CARTESIAN_POINT('',(0.999894766385,-48.8,24.384330439586));
#451 = CARTESIAN_POINT('',(0.999947383101,-48.8,24.388247646861));
#452 = CARTESIAN_POINT('',(0.99998246112,-48.8,24.392165029898));
#453 = CARTESIAN_POINT('',(0.999999999998,-48.8,24.396082506193));
#454 = CARTESIAN_POINT('',(1.,-48.8,24.4));
#455 = ORIENTED_EDGE('',*,*,#330,.F.);
#456 = CYLINDRICAL_SURFACE('',#457,1.);
#457 = AXIS2_PLACEMENT_3D('',#458,#459,#460);
#458 = CARTESIAN_POINT('',(1.643E-14,-41.3,24.4));
#459 = DIRECTION('',(-0.,-1.,-2.2E-16));
#460 = DIRECTION('',(1.,0.,0.));
#461 = ADVANCED_FACE('',(#462),#490,.T.);
#462 = FACE_BOUND('',#463,.T.);
#463 = EDGE_LOOP('',(#464,#471,#484,#489));
#464 = ORIENTED_EDGE('',*,*,#465,.F.);
#465 = EDGE_CURVE('',#466,#98,#468,.T.);
#466 = VERTEX_POINT('',#467);
#467 = CARTESIAN_POINT('',(4.166952215746,-51.,25.4626403829));
#468 = B_SPLINE_CURVE_WITH_KNOTS('',1,(#469,#470),.UNSPECIFIED.,.F.,.F.,
  (2,2),(0.,3.91562788538),.PIECEWISE_BEZIER_KNOTS.);
#469 = CARTESIAN_POINT('',(4.166952215746,-51.,25.4626403829));
#470 = CARTESIAN_POINT('',(4.,-48.,22.951810103008));
#471 = ORIENTED_EDGE('',*,*,#472,.T.);
#472 = EDGE_CURVE('',#466,#473,#475,.T.);
#473 = VERTEX_POINT('',#474);
#474 = CARTESIAN_POINT('',(4.166952215746,-51.,42.5373596171));
#475 = B_SPLINE_CURVE_WITH_KNOTS('',7,(#476,#477,#478,#479,#480,#481,
    #482,#483),.UNSPECIFIED.,.F.,.F.,(8,8),(0.,1.),
  .PIECEWISE_BEZIER_KNOTS.);
#476 = CARTESIAN_POINT('',(4.166952215746,-51.,25.4626403829));
#477 = CARTESIAN_POINT('',(6.927563159945,-51.,26.810051574025));
#478 = CARTESIAN_POINT('',(9.142192163085,-51.,29.180428117973));
#479 = CARTESIAN_POINT('',(10.381654537339,-51.,32.301025321024));
#480 = CARTESIAN_POINT('',(10.381654537339,-51.,35.698974678976));
#481 = CARTESIAN_POINT('',(9.142192163085,-51.,38.819571882027));
#482 = CARTESIAN_POINT('',(6.927563159945,-51.,41.189948425975));
#483 = CARTESIAN_POINT('',(4.166952215746,-51.,42.5373596171));
#484 = ORIENTED_EDGE('',*,*,#485,.T.);
#485 = EDGE_CURVE('',#473,#100,#486,.T.);
#486 = B_SPLINE_CURVE_WITH_KNOTS('',1,(#487,#488),.UNSPECIFIED.,.F.,.F.,
  (2,2),(0.,3.91562788538),.PIECEWISE_BEZIER_KNOTS.);
#487 = CARTESIAN_POINT('',(4.166952215746,-51.,42.5373596171));
#488 = CARTESIAN_POINT('',(4.,-48.,45.048189896992));
#489 = ORIENTED_EDGE('',*,*,#97,.F.);
#490 = B_SPLINE_SURFACE_WITH_KNOTS('',7,1,(
    (#491,#492)
    ,(#493,#494)
    ,(#495,#496)
    ,(#497,#498)
    ,(#499,#500)
    ,(#501,#502)
    ,(#503,#504)
    ,(#505,#506
    )),.UNSPECIFIED.,.F.,.F.,.F.,(8,8),(2,2),(0.,1.),(0.,3.91562788538),
  .PIECEWISE_BEZIER_KNOTS.);
#491 = CARTESIAN_POINT('',(4.166952215746,-51.,25.4626403829));
#492 = CARTESIAN_POINT('',(4.,-48.,22.951810103008));
#493 = CARTESIAN_POINT('',(6.927563159945,-51.,26.810051574025));
#494 = CARTESIAN_POINT('',(7.924544455549,-48.,24.372692434734));
#495 = CARTESIAN_POINT('',(9.142192163085,-51.,29.180428117973));
#496 = CARTESIAN_POINT('',(11.195417393953,-48.,27.396431512024));
#497 = CARTESIAN_POINT('',(10.381654537339,-51.,32.301025321024));
#498 = CARTESIAN_POINT('',(13.069406824947,-48.,31.644639158231));
#499 = CARTESIAN_POINT('',(10.381654537339,-51.,35.698974678976));
#500 = CARTESIAN_POINT('',(13.069406824947,-48.,36.355360841769));
#501 = CARTESIAN_POINT('',(9.142192163085,-51.,38.819571882027));
#502 = CARTESIAN_POINT('',(11.195417393953,-48.,40.603568487976));
#503 = CARTESIAN_POINT('',(6.927563159945,-51.,41.189948425975));
#504 = CARTESIAN_POINT('',(7.924544455549,-48.,43.627307565266));
#505 = CARTESIAN_POINT('',(4.166952215746,-51.,42.5373596171));
#506 = CARTESIAN_POINT('',(4.,-48.,45.048189896992));
#507 = ADVANCED_FACE('',(#508),#524,.T.);
#508 = FACE_BOUND('',#509,.T.);
#509 = EDGE_LOOP('',(#510,#517,#522,#523));
#510 = ORIENTED_EDGE('',*,*,#511,.F.);
#511 = EDGE_CURVE('',#512,#473,#514,.T.);
#512 = VERTEX_POINT('',#513);
#513 = CARTESIAN_POINT('',(2.008290376866,-51.,38.798447635799));
#514 = B_SPLINE_CURVE_WITH_KNOTS('',1,(#515,#516),.UNSPECIFIED.,.F.,.F.,
  (2,2),(0.,5.6),.PIECEWISE_BEZIER_KNOTS.);
#515 = CARTESIAN_POINT('',(2.008290376866,-51.,38.798447635799));
#516 = CARTESIAN_POINT('',(4.166952215746,-51.,42.5373596171));
#517 = ORIENTED_EDGE('',*,*,#518,.T.);
#518 = EDGE_CURVE('',#512,#154,#519,.T.);
#519 = B_SPLINE_CURVE_WITH_KNOTS('',1,(#520,#521),.UNSPECIFIED.,.F.,.F.,
  (2,2),(0.,3.91562788538),.PIECEWISE_BEZIER_KNOTS.);
#520 = CARTESIAN_POINT('',(2.008290376866,-51.,38.798447635799));
#521 = CARTESIAN_POINT('',(1.2,-48.,40.198447635799));
#522 = ORIENTED_EDGE('',*,*,#160,.T.);
#523 = ORIENTED_EDGE('',*,*,#485,.F.);
#524 = B_SPLINE_SURFACE_WITH_KNOTS('',1,1,(
    (#525,#526)
    ,(#527,#528
    )),.UNSPECIFIED.,.F.,.F.,.F.,(2,2),(2,2),(0.,3.91562788538),(0.,5.6)
  ,.PIECEWISE_BEZIER_KNOTS.);
#525 = CARTESIAN_POINT('',(2.008290376866,-51.,38.798447635799));
#526 = CARTESIAN_POINT('',(4.166952215746,-51.,42.5373596171));
#527 = CARTESIAN_POINT('',(1.2,-48.,40.198447635799));
#528 = CARTESIAN_POINT('',(4.,-48.,45.048189896992));
#529 = ADVANCED_FACE('',(#530),#546,.F.);
#530 = FACE_BOUND('',#531,.F.);
#531 = EDGE_LOOP('',(#532,#539,#544,#545));
#532 = ORIENTED_EDGE('',*,*,#533,.F.);
#533 = EDGE_CURVE('',#534,#147,#536,.T.);
#534 = VERTEX_POINT('',#535);
#535 = CARTESIAN_POINT('',(-2.008290376865,-51.,38.798447635799));
#536 = B_SPLINE_CURVE_WITH_KNOTS('',1,(#537,#538),.UNSPECIFIED.,.F.,.F.,
  (2,2),(0.,3.407834111769),.PIECEWISE_BEZIER_KNOTS.);
#537 = CARTESIAN_POINT('',(-2.008290376865,-51.,38.798447635799));
#538 = CARTESIAN_POINT('',(-1.2,-48.,40.198447635799));
#539 = ORIENTED_EDGE('',*,*,#540,.F.);
#540 = EDGE_CURVE('',#512,#534,#541,.T.);
#541 = B_SPLINE_CURVE_WITH_KNOTS('',1,(#542,#543),.UNSPECIFIED.,.F.,.F.,
  (2,2),(0.,4.016580753731),.PIECEWISE_BEZIER_KNOTS.);
#542 = CARTESIAN_POINT('',(2.008290376866,-51.,38.798447635799));
#543 = CARTESIAN_POINT('',(-2.008290376865,-51.,38.798447635799));
#544 = ORIENTED_EDGE('',*,*,#518,.T.);
#545 = ORIENTED_EDGE('',*,*,#153,.F.);
#546 = B_SPLINE_SURFACE_WITH_KNOTS('',1,1,(
    (#547,#548)
    ,(#549,#550
    )),.UNSPECIFIED.,.F.,.F.,.F.,(2,2),(2,2),(0.,4.016580753731),(0.,
    3.407834111769),.PIECEWISE_BEZIER_KNOTS.);
#547 = CARTESIAN_POINT('',(-2.008290376865,-51.,38.798447635799));
#548 = CARTESIAN_POINT('',(-1.2,-48.,40.198447635799));
#549 = CARTESIAN_POINT('',(2.008290376866,-51.,38.798447635799));
#550 = CARTESIAN_POINT('',(1.2,-48.,40.198447635799));
#551 = ADVANCED_FACE('',(#552),#568,.F.);
#552 = FACE_BOUND('',#553,.F.);
#553 = EDGE_LOOP('',(#554,#561,#566,#567));
#554 = ORIENTED_EDGE('',*,*,#555,.F.);
#555 = EDGE_CURVE('',#556,#134,#558,.T.);
#556 = VERTEX_POINT('',#557);
#557 = CARTESIAN_POINT('',(-4.166952215746,-51.,42.5373596171));
#558 = B_SPLINE_CURVE_WITH_KNOTS('',1,(#559,#560),.UNSPECIFIED.,.F.,.F.,
  (2,2),(0.,3.91562788538),.PIECEWISE_BEZIER_KNOTS.);
#559 = CARTESIAN_POINT('',(-4.166952215746,-51.,42.5373596171));
#560 = CARTESIAN_POINT('',(-4.,-48.,45.048189896992));
#561 = ORIENTED_EDGE('',*,*,#562,.T.);
#562 = EDGE_CURVE('',#556,#534,#563,.T.);
#563 = B_SPLINE_CURVE_WITH_KNOTS('',1,(#564,#565),.UNSPECIFIED.,.F.,.F.,
  (2,2),(0.,5.6),.PIECEWISE_BEZIER_KNOTS.);
#564 = CARTESIAN_POINT('',(-4.166952215746,-51.,42.5373596171));
#565 = CARTESIAN_POINT('',(-2.008290376865,-51.,38.798447635799));
#566 = ORIENTED_EDGE('',*,*,#533,.T.);
#567 = ORIENTED_EDGE('',*,*,#146,.F.);
#568 = B_SPLINE_SURFACE_WITH_KNOTS('',1,1,(
    (#569,#570)
    ,(#571,#572
    )),.UNSPECIFIED.,.F.,.F.,.F.,(2,2),(2,2),(0.,5.6),(0.,3.91562788538)
  ,.PIECEWISE_BEZIER_KNOTS.);
#569 = CARTESIAN_POINT('',(-4.166952215746,-51.,42.5373596171));
#570 = CARTESIAN_POINT('',(-4.,-48.,45.048189896992));
#571 = CARTESIAN_POINT('',(-2.008290376865,-51.,38.798447635799));
#572 = CARTESIAN_POINT('',(-1.2,-48.,40.198447635799));
#573 = ADVANCED_FACE('',(#574),#596,.T.);
#574 = FACE_BOUND('',#575,.T.);
#575 = EDGE_LOOP('',(#576,#589,#594,#595));
#576 = ORIENTED_EDGE('',*,*,#577,.F.);
#577 = EDGE_CURVE('',#578,#556,#580,.T.);
#578 = VERTEX_POINT('',#579);
#579 = CARTESIAN_POINT('',(-4.166952215746,-51.,25.4626403829));
#580 = B_SPLINE_CURVE_WITH_KNOTS('',7,(#581,#582,#583,#584,#585,#586,
    #587,#588),.UNSPECIFIED.,.F.,.F.,(8,8),(0.,9.596895271599),
  .PIECEWISE_BEZIER_KNOTS.);
#581 = CARTESIAN_POINT('',(-4.166952215746,-51.,25.4626403829));
#582 = CARTESIAN_POINT('',(-6.927563159945,-51.,26.810051574025));
#583 = CARTESIAN_POINT('',(-9.142192163085,-51.,29.180428117973));
#584 = CARTESIAN_POINT('',(-10.38165453733,-51.,32.301025321024));
#585 = CARTESIAN_POINT('',(-10.38165453733,-51.,35.698974678976));
#586 = CARTESIAN_POINT('',(-9.142192163085,-51.,38.819571882027));
#587 = CARTESIAN_POINT('',(-6.927563159945,-51.,41.189948425975));
#588 = CARTESIAN_POINT('',(-4.166952215746,-51.,42.5373596171));
#589 = ORIENTED_EDGE('',*,*,#590,.T.);
#590 = EDGE_CURVE('',#578,#127,#591,.T.);
#591 = B_SPLINE_CURVE_WITH_KNOTS('',1,(#592,#593),.UNSPECIFIED.,.F.,.F.,
  (2,2),(0.,3.91562788538),.PIECEWISE_BEZIER_KNOTS.);
#592 = CARTESIAN_POINT('',(-4.166952215746,-51.,25.4626403829));
#593 = CARTESIAN_POINT('',(-4.,-48.,22.951810103008));
#594 = ORIENTED_EDGE('',*,*,#133,.F.);
#595 = ORIENTED_EDGE('',*,*,#555,.F.);
#596 = B_SPLINE_SURFACE_WITH_KNOTS('',1,7,(
    (#597,#598,#599,#600,#601,#602,#603,#604)
    ,(#605,#606,#607,#608,#609,#610,#611,#612
  )),.UNSPECIFIED.,.F.,.F.,.F.,(2,2),(8,8),(0.,3.91562788538),(0.,1.),
  .PIECEWISE_BEZIER_KNOTS.);
#597 = CARTESIAN_POINT('',(-4.166952215746,-51.,25.4626403829));
#598 = CARTESIAN_POINT('',(-6.927563159945,-51.,26.810051574025));
#599 = CARTESIAN_POINT('',(-9.142192163085,-51.,29.180428117973));
#600 = CARTESIAN_POINT('',(-10.38165453733,-51.,32.301025321024));
#601 = CARTESIAN_POINT('',(-10.38165453733,-51.,35.698974678976));
#602 = CARTESIAN_POINT('',(-9.142192163085,-51.,38.819571882027));
#603 = CARTESIAN_POINT('',(-6.927563159945,-51.,41.189948425975));
#604 = CARTESIAN_POINT('',(-4.166952215746,-51.,42.5373596171));
#605 = CARTESIAN_POINT('',(-4.,-48.,22.951810103008));
#606 = CARTESIAN_POINT('',(-7.924544455549,-48.,24.372692434734));
#607 = CARTESIAN_POINT('',(-11.19541739395,-48.,27.396431512024));
#608 = CARTESIAN_POINT('',(-13.06940682494,-48.,31.644639158231));
#609 = CARTESIAN_POINT('',(-13.06940682494,-48.,36.355360841769));
#610 = CARTESIAN_POINT('',(-11.19541739395,-48.,40.603568487976));
#611 = CARTESIAN_POINT('',(-7.924544455549,-48.,43.627307565266));
#612 = CARTESIAN_POINT('',(-4.,-48.,45.048189896992));
#613 = ADVANCED_FACE('',(#614),#630,.T.);
#614 = FACE_BOUND('',#615,.T.);
#615 = EDGE_LOOP('',(#616,#617,#624,#629));
#616 = ORIENTED_EDGE('',*,*,#590,.F.);
#617 = ORIENTED_EDGE('',*,*,#618,.T.);
#618 = EDGE_CURVE('',#578,#619,#621,.T.);
#619 = VERTEX_POINT('',#620);
#620 = CARTESIAN_POINT('',(-2.008290376865,-51.,29.201552364201));
#621 = B_SPLINE_CURVE_WITH_KNOTS('',1,(#622,#623),.UNSPECIFIED.,.F.,.F.,
  (2,2),(0.,4.317323677761),.PIECEWISE_BEZIER_KNOTS.);
#622 = CARTESIAN_POINT('',(-4.166952215746,-51.,25.4626403829));
#623 = CARTESIAN_POINT('',(-2.008290376865,-51.,29.201552364201));
#624 = ORIENTED_EDGE('',*,*,#625,.T.);
#625 = EDGE_CURVE('',#619,#120,#626,.T.);
#626 = B_SPLINE_CURVE_WITH_KNOTS('',1,(#627,#628),.UNSPECIFIED.,.F.,.F.,
  (2,2),(0.,3.407834111769),.PIECEWISE_BEZIER_KNOTS.);
#627 = CARTESIAN_POINT('',(-2.008290376865,-51.,29.201552364201));
#628 = CARTESIAN_POINT('',(-1.2,-48.,27.801552364201));
#629 = ORIENTED_EDGE('',*,*,#126,.F.);
#630 = B_SPLINE_SURFACE_WITH_KNOTS('',1,1,(
    (#631,#632)
    ,(#633,#634
    )),.UNSPECIFIED.,.F.,.F.,.F.,(2,2),(2,2),(0.,5.6),(0.,3.91562788538)
  ,.PIECEWISE_BEZIER_KNOTS.);
#631 = CARTESIAN_POINT('',(-4.166952215746,-51.,25.4626403829));
#632 = CARTESIAN_POINT('',(-4.,-48.,22.951810103008));
#633 = CARTESIAN_POINT('',(-2.008290376865,-51.,29.201552364201));
#634 = CARTESIAN_POINT('',(-1.2,-48.,27.801552364201));
#635 = ADVANCED_FACE('',(#636),#652,.T.);
#636 = FACE_BOUND('',#637,.T.);
#637 = EDGE_LOOP('',(#638,#639,#646,#651));
#638 = ORIENTED_EDGE('',*,*,#625,.F.);
#639 = ORIENTED_EDGE('',*,*,#640,.F.);
#640 = EDGE_CURVE('',#641,#619,#643,.T.);
#641 = VERTEX_POINT('',#642);
#642 = CARTESIAN_POINT('',(2.008290376866,-51.,29.201552364201));
#643 = B_SPLINE_CURVE_WITH_KNOTS('',1,(#644,#645),.UNSPECIFIED.,.F.,.F.,
  (2,2),(0.,4.016580753731),.PIECEWISE_BEZIER_KNOTS.);
#644 = CARTESIAN_POINT('',(2.008290376866,-51.,29.201552364201));
#645 = CARTESIAN_POINT('',(-2.008290376865,-51.,29.201552364201));
#646 = ORIENTED_EDGE('',*,*,#647,.T.);
#647 = EDGE_CURVE('',#641,#113,#648,.T.);
#648 = B_SPLINE_CURVE_WITH_KNOTS('',1,(#649,#650),.UNSPECIFIED.,.F.,.F.,
  (2,2),(0.,3.91562788538),.PIECEWISE_BEZIER_KNOTS.);
#649 = CARTESIAN_POINT('',(2.008290376866,-51.,29.201552364201));
#650 = CARTESIAN_POINT('',(1.2,-48.,27.801552364201));
#651 = ORIENTED_EDGE('',*,*,#119,.F.);
#652 = B_SPLINE_SURFACE_WITH_KNOTS('',1,1,(
    (#653,#654)
    ,(#655,#656
    )),.UNSPECIFIED.,.F.,.F.,.F.,(2,2),(2,2),(0.,4.016580753731),(0.,
    3.407834111769),.PIECEWISE_BEZIER_KNOTS.);
#653 = CARTESIAN_POINT('',(-2.008290376865,-51.,29.201552364201));
#654 = CARTESIAN_POINT('',(-1.2,-48.,27.801552364201));
#655 = CARTESIAN_POINT('',(2.008290376866,-51.,29.201552364201));
#656 = CARTESIAN_POINT('',(1.2,-48.,27.801552364201));
#657 = ADVANCED_FACE('',(#658),#668,.T.);
#658 = FACE_BOUND('',#659,.T.);
#659 = EDGE_LOOP('',(#660,#665,#666,#667));
#660 = ORIENTED_EDGE('',*,*,#661,.F.);
#661 = EDGE_CURVE('',#466,#641,#662,.T.);
#662 = B_SPLINE_CURVE_WITH_KNOTS('',1,(#663,#664),.UNSPECIFIED.,.F.,.F.,
  (2,2),(0.,5.6),.PIECEWISE_BEZIER_KNOTS.);
#663 = CARTESIAN_POINT('',(4.166952215746,-51.,25.4626403829));
#664 = CARTESIAN_POINT('',(2.008290376866,-51.,29.201552364201));
#665 = ORIENTED_EDGE('',*,*,#465,.T.);
#666 = ORIENTED_EDGE('',*,*,#112,.T.);
#667 = ORIENTED_EDGE('',*,*,#647,.F.);
#668 = B_SPLINE_SURFACE_WITH_KNOTS('',1,1,(
    (#669,#670)
    ,(#671,#672
    )),.UNSPECIFIED.,.F.,.F.,.F.,(2,2),(2,2),(0.,3.91562788538),(0.,5.6)
  ,.PIECEWISE_BEZIER_KNOTS.);
#669 = CARTESIAN_POINT('',(4.166952215746,-51.,25.4626403829));
#670 = CARTESIAN_POINT('',(2.008290376866,-51.,29.201552364201));
#671 = CARTESIAN_POINT('',(4.,-48.,22.951810103008));
#672 = CARTESIAN_POINT('',(1.2,-48.,27.801552364201));
#673 = ADVANCED_FACE('',(#674),#803,.F.);
#674 = FACE_BOUND('',#675,.F.);
#675 = EDGE_LOOP('',(#676,#683,#684,#685,#686,#718));
#676 = ORIENTED_EDGE('',*,*,#677,.F.);
#677 = EDGE_CURVE('',#168,#678,#680,.T.);
#678 = VERTEX_POINT('',#679);
#679 = CARTESIAN_POINT('',(1.,-48.8,43.6));
#680 = B_SPLINE_CURVE_WITH_KNOTS('',1,(#681,#682),.UNSPECIFIED.,.F.,.F.,
  (2,2),(0.,1.),.PIECEWISE_BEZIER_KNOTS.);
#681 = CARTESIAN_POINT('',(1.,-41.3,43.6));
#682 = CARTESIAN_POINT('',(1.,-50.2,43.6));
#683 = ORIENTED_EDGE('',*,*,#236,.F.);
#684 = ORIENTED_EDGE('',*,*,#167,.F.);
#685 = ORIENTED_EDGE('',*,*,#677,.T.);
#686 = ORIENTED_EDGE('',*,*,#687,.T.);
#687 = EDGE_CURVE('',#678,#688,#690,.T.);
#688 = VERTEX_POINT('',#689);
#689 = CARTESIAN_POINT('',(-0.373002259069,-48.8,42.672169565745));
#690 = B_SPLINE_CURVE_WITH_KNOTS('',6,(#691,#692,#693,#694,#695,#696,
    #697,#698,#699,#700,#701,#702,#703,#704,#705,#706,#707,#708,#709,
    #710,#711,#712,#713,#714,#715,#716,#717),.UNSPECIFIED.,.F.,.F.,(7,5,
    5,5,5,7),(0.,0.272673540603,0.398852879126,0.484926032987,
    0.769537305253,1.),.UNSPECIFIED.);
#691 = CARTESIAN_POINT('',(1.,-48.8,43.6));
#692 = CARTESIAN_POINT('',(1.,-48.8,43.511245260294));
#693 = CARTESIAN_POINT('',(0.990547086102,-48.8,43.422478923231));
#694 = CARTESIAN_POINT('',(0.971636884908,-48.8,43.334985696618));
#695 = CARTESIAN_POINT('',(0.943505464445,-48.8,43.250007454218));
#696 = CARTESIAN_POINT('',(0.906579889009,-48.8,43.168734089473));
#697 = CARTESIAN_POINT('',(0.84066355746,-48.8,43.056887104633));
#698 = CARTESIAN_POINT('',(0.818066485357,-48.8,43.022531157533));
#699 = CARTESIAN_POINT('',(0.793789103018,-48.8,42.989310772437));
#700 = CARTESIAN_POINT('',(0.767903297415,-48.8,42.957327793955));
#701 = CARTESIAN_POINT('',(0.740489080682,-48.8,42.926677821256));
#702 = CARTESIAN_POINT('',(0.691951518114,-48.8,42.877512610704));
#703 = CARTESIAN_POINT('',(0.6715981095,-48.8,42.858236724614));
#704 = CARTESIAN_POINT('',(0.650602261073,-48.8,42.839650799437));
#705 = CARTESIAN_POINT('',(0.628993311657,-48.8,42.821781398951));
#706 = CARTESIAN_POINT('',(0.606802042112,-48.8,42.804653401078));
#707 = CARTESIAN_POINT('',(0.508863601182,-48.8,42.734182430164));
#708 = CARTESIAN_POINT('',(0.427639467603,-48.8,42.68842581308));
#709 = CARTESIAN_POINT('',(0.341573444752,-48.8,42.65188003989));
#710 = CARTESIAN_POINT('',(0.251974814003,-48.8,42.625140208884));
#711 = CARTESIAN_POINT('',(0.160231500739,-48.8,42.608582771145));
#712 = CARTESIAN_POINT('',(-7.038325439937E-03,-48.8,42.597215007154));
#713 = CARTESIAN_POINT('',(-8.234346135496E-02,-48.8,42.598866004952));
#714 = CARTESIAN_POINT('',(-0.157342835904,-48.8,42.607305892813));
#715 = CARTESIAN_POINT('',(-0.231276146041,-48.8,42.622471956897));
#716 = CARTESIAN_POINT('',(-0.303400910591,-48.8,42.644188741601));
#717 = CARTESIAN_POINT('',(-0.373002259069,-48.8,42.672169565745));
#718 = ORIENTED_EDGE('',*,*,#719,.T.);
#719 = EDGE_CURVE('',#688,#678,#720,.T.);
#720 = B_SPLINE_CURVE_WITH_KNOTS('',6,(#721,#722,#723,#724,#725,#726,
    #727,#728,#729,#730,#731,#732,#733,#734,#735,#736,#737,#738,#739,
    #740,#741,#742,#743,#744,#745,#746,#747,#748,#749,#750,#751,#752,
    #753,#754,#755,#756,#757,#758,#759,#760,#761,#762,#763,#764,#765,
    #766,#767,#768,#769,#770,#771,#772,#773,#774,#775,#776,#777,#778,
    #779,#780,#781,#782,#783,#784,#785,#786,#787,#788,#789,#790,#791,
    #792,#793,#794,#795,#796,#797,#798,#799,#800,#801,#802),
  .UNSPECIFIED.,.F.,.F.,(7,5,5,5,5,5,5,5,5,5,5,5,5,5,5,5,7),(0.,
    6.675455253312E-02,0.116214217965,0.172986804549,0.261341224047,
    0.346859707623,0.403613159255,0.454484157534,0.493293930989,
    0.621648736665,0.753304416667,0.792230220827,0.844135931574,
    0.971085286509,0.986006611533,0.99272739274,1.),.UNSPECIFIED.);
#721 = CARTESIAN_POINT('',(-0.373002259069,-48.8,42.672169565745));
#722 = CARTESIAN_POINT('',(-0.417700713032,-48.8,42.690139039142));
#723 = CARTESIAN_POINT('',(-0.461360830042,-48.8,42.710692774785));
#724 = CARTESIAN_POINT('',(-0.503794820911,-48.8,42.733755223336));
#725 = CARTESIAN_POINT('',(-0.544823778748,-48.8,42.7592335593));
#726 = CARTESIAN_POINT('',(-0.584278544811,-48.8,42.787018181749));
#727 = CARTESIAN_POINT('',(-0.649949514007,-48.8,42.839184854729));
#728 = CARTESIAN_POINT('',(-0.676947619981,-48.8,42.862583734266));
#729 = CARTESIAN_POINT('',(-0.702930499785,-48.8,42.887128672705));
#730 = CARTESIAN_POINT('',(-0.727837866594,-48.8,42.912764328094));
#731 = CARTESIAN_POINT('',(-0.751613539246,-48.8,42.939431197495));
#732 = CARTESIAN_POINT('',(-0.800137699512,-48.8,42.998785958376));
#733 = CARTESIAN_POINT('',(-0.824510593401,-48.8,43.031781552529));
#734 = CARTESIAN_POINT('',(-0.847245306339,-48.8,43.065955906993));
#735 = CARTESIAN_POINT('',(-0.868271608086,-48.8,43.101207119752));
#736 = CARTESIAN_POINT('',(-0.887527855722,-48.8,43.137427879217));
#737 = CARTESIAN_POINT('',(-0.932091953752,-48.8,43.232208815384));
#738 = CARTESIAN_POINT('',(-0.954808433841,-48.8,43.291990150665));
#739 = CARTESIAN_POINT('',(-0.972910128138,-48.8,43.353422835976));
#740 = CARTESIAN_POINT('',(-0.986253434697,-48.8,43.416061491896));
#741 = CARTESIAN_POINT('',(-0.994752495351,-48.8,43.479446114294));
#742 = CARTESIAN_POINT('',(-1.001891535386,-48.8,43.604722960573));
#743 = CARTESIAN_POINT('',(-1.000839445888,-48.8,43.666601598891));
#744 = CARTESIAN_POINT('',(-0.995199884886,-48.8,43.728315696087));
#745 = CARTESIAN_POINT('',(-0.985001073722,-48.8,43.789441956131));
#746 = CARTESIAN_POINT('',(-0.970323082563,-48.8,43.849563759231));
#747 = CARTESIAN_POINT('',(-0.938671163172,-48.8,43.947237638617));
#748 = CARTESIAN_POINT('',(-0.924129830563,-48.8,43.985580294354));
#749 = CARTESIAN_POINT('',(-0.907711793046,-48.8,44.023184307893));
#750 = CARTESIAN_POINT('',(-0.889464653279,-48.8,44.059935579815));
#751 = CARTESIAN_POINT('',(-0.869445201297,-48.8,44.095724290913));
#752 = CARTESIAN_POINT('',(-0.828245489488,-48.8,44.161566747743));
#753 = CARTESIAN_POINT('',(-0.807400382311,-48.8,44.191830826238));
#754 = CARTESIAN_POINT('',(-0.785231599362,-48.8,44.221161265594));
#755 = CARTESIAN_POINT('',(-0.761791779175,-48.8,44.249486250652));
#756 = CARTESIAN_POINT('',(-0.737138692446,-48.8,44.276738023163));
#757 = CARTESIAN_POINT('',(-0.691649643176,-48.8,44.322776055744));
#758 = CARTESIAN_POINT('',(-0.671294395565,-48.8,44.342037633872));
#759 = CARTESIAN_POINT('',(-0.650297382611,-48.8,44.360609404132));
#760 = CARTESIAN_POINT('',(-0.628687927342,-48.8,44.378464838865));
#761 = CARTESIAN_POINT('',(-0.606496792399,-48.8,44.395579094803));
#762 = CARTESIAN_POINT('',(-0.508546596965,-48.8,44.466002778401));
#763 = CARTESIAN_POINT('',(-0.427314337213,-48.8,44.511725058258));
#764 = CARTESIAN_POINT('',(-0.341244520563,-48.8,44.548236676456));
#765 = CARTESIAN_POINT('',(-0.251646230289,-48.8,44.574943181076));
#766 = CARTESIAN_POINT('',(-0.159907087803,-48.8,44.591468710224));
#767 = CARTESIAN_POINT('',(2.730903895381E-02,-48.8,44.604132310064));
#768 = CARTESIAN_POINT('',(0.122852792018,-48.8,44.599737264011));
#769 = CARTESIAN_POINT('',(0.217567014755,-48.8,44.584421794195));
#770 = CARTESIAN_POINT('',(0.309914039545,-48.8,44.558394920494));
#771 = CARTESIAN_POINT('',(0.398411217125,-48.8,44.522114929558));
#772 = CARTESIAN_POINT('',(0.506293963053,-48.8,44.462818390489));
#773 = CARTESIAN_POINT('',(0.530456147519,-48.8,44.448457315537));
#774 = CARTESIAN_POINT('',(0.554127165799,-48.8,44.433285608723));
#775 = CARTESIAN_POINT('',(0.577273188026,-48.8,44.417324419914));
#776 = CARTESIAN_POINT('',(0.5998616257,-48.8,44.400596766415));
#777 = CARTESIAN_POINT('',(0.651196427889,-48.8,44.359833140006));
#778 = CARTESIAN_POINT('',(0.679484774403,-48.8,44.33521995406));
#779 = CARTESIAN_POINT('',(0.70665170031,-48.8,44.309347150324));
#780 = CARTESIAN_POINT('',(0.732627740895,-48.8,44.282278925682));
#781 = CARTESIAN_POINT('',(0.757348437647,-48.8,44.254084498708));
#782 = CARTESIAN_POINT('',(0.837999753882,-48.8,44.153308211117));
#783 = CARTESIAN_POINT('',(0.887389914144,-48.8,44.075473811438));
#784 = CARTESIAN_POINT('',(0.928036095236,-48.8,43.992436720145));
#785 = CARTESIAN_POINT('',(0.959295736985,-48.8,43.905430499918));
#786 = CARTESIAN_POINT('',(0.980731648623,-48.8,43.815775410477));
#787 = CARTESIAN_POINT('',(0.993517071201,-48.8,43.714191888995));
#788 = CARTESIAN_POINT('',(0.994723724217,-48.8,43.703490410627));
#789 = CARTESIAN_POINT('',(0.995792035775,-48.8,43.692773786388));
#790 = CARTESIAN_POINT('',(0.996721773295,-48.8,43.682044251788));
#791 = CARTESIAN_POINT('',(0.997512752392,-48.8,43.67130404683));
#792 = CARTESIAN_POINT('',(0.998458545198,-48.8,43.655714076785));
#793 = CARTESIAN_POINT('',(0.998724075594,-48.8,43.650871026751));
#794 = CARTESIAN_POINT('',(0.998961415562,-48.8,43.646026472086));
#795 = CARTESIAN_POINT('',(0.99917055462,-48.8,43.641180618442));
#796 = CARTESIAN_POINT('',(0.999351484313,-48.8,43.636333670943));
#797 = CARTESIAN_POINT('',(0.999669451059,-48.8,43.626239954013));
#798 = CARTESIAN_POINT('',(0.999801665404,-48.8,43.620992985111));
#799 = CARTESIAN_POINT('',(0.999900831795,-48.8,43.615745241895));
#800 = CARTESIAN_POINT('',(0.999966944197,-48.8,43.610497004748));
#801 = CARTESIAN_POINT('',(0.999999999997,-48.8,43.605248520015));
#802 = CARTESIAN_POINT('',(1.,-48.8,43.6));
#803 = CYLINDRICAL_SURFACE('',#804,1.);
#804 = AXIS2_PLACEMENT_3D('',#805,#806,#807);
#805 = CARTESIAN_POINT('',(1.643E-14,-41.3,43.6));
#806 = DIRECTION('',(0.,-1.,2.2E-16));
#807 = DIRECTION('',(1.,0.,0.));
#808 = ADVANCED_FACE('',(#809,#812),#946,.F.);
#809 = FACE_BOUND('',#810,.F.);
#810 = EDGE_LOOP('',(#811));
#811 = ORIENTED_EDGE('',*,*,#298,.F.);
#812 = FACE_BOUND('',#813,.F.);
#813 = EDGE_LOOP('',(#814,#873,#882,#939));
#814 = ORIENTED_EDGE('',*,*,#815,.T.);
#815 = EDGE_CURVE('',#816,#818,#820,.T.);
#816 = VERTEX_POINT('',#817);
#817 = CARTESIAN_POINT('',(-4.166952215746,-53.30817928649,42.5373596171
    ));
#818 = VERTEX_POINT('',#819);
#819 = CARTESIAN_POINT('',(-4.166952215746,-53.30817928648,25.4626403829
    ));
#820 = B_SPLINE_CURVE_WITH_KNOTS('',6,(#821,#822,#823,#824,#825,#826,
    #827,#828,#829,#830,#831,#832,#833,#834,#835,#836,#837,#838,#839,
    #840,#841,#842,#843,#844,#845,#846,#847,#848,#849,#850,#851,#852,
    #853,#854,#855,#856,#857,#858,#859,#860,#861,#862,#863,#864,#865,
    #866,#867,#868,#869,#870,#871,#872),.UNSPECIFIED.,.F.,.F.,(7,5,5,5,5
    ,5,5,5,5,5,7),(0.,6.638289390975E-02,0.103354090509,0.188401132033,
    0.297174819251,0.377002788382,0.496873303645,0.610497027147,
    0.714473961796,0.856597591769,1.),.UNSPECIFIED.);
#821 = CARTESIAN_POINT('',(-4.166952215746,-53.30817928649,42.5373596171
    ));
#822 = CARTESIAN_POINT('',(-4.378224739237,-53.30817928649,
    42.434240790042));
#823 = CARTESIAN_POINT('',(-4.587429174684,-53.30817928649,
    42.324363250973));
#824 = CARTESIAN_POINT('',(-4.794311008102,-53.30817928649,
    42.207714166475));
#825 = CARTESIAN_POINT('',(-4.99857333421,-53.30817928649,
    42.084306532858));
#826 = CARTESIAN_POINT('',(-5.199885391174,-53.30817928649,
    41.954191881682));
#827 = CARTESIAN_POINT('',(-5.508168116802,-53.30817928649,
    41.741328953284));
#828 = CARTESIAN_POINT('',(-5.617419165949,-53.30817928649,
    41.663136700035));
#829 = CARTESIAN_POINT('',(-5.725581987989,-53.30817928649,
    41.582914554691));
#830 = CARTESIAN_POINT('',(-5.832592302932,-53.30817928649,
    41.500685658035));
#831 = CARTESIAN_POINT('',(-5.938384419942,-53.30817928648,
    41.41647851153));
#832 = CARTESIAN_POINT('',(-6.283296510074,-53.30817928648,
    41.132149293461));
#833 = CARTESIAN_POINT('',(-6.51692535316,-53.30817928648,
    40.923666625814));
#834 = CARTESIAN_POINT('',(-6.742925014785,-53.30817928648,
    40.705328809886));
#835 = CARTESIAN_POINT('',(-6.960512087621,-53.30817928648,
    40.477694789749));
#836 = CARTESIAN_POINT('',(-7.168983499472,-53.30817928648,
    40.241419596113));
#837 = CARTESIAN_POINT('',(-7.621892587989,-53.30817928648,
    39.685027297489));
#838 = CARTESIAN_POINT('',(-7.860184920284,-53.30817928648,
    39.35985231572));
#839 = CARTESIAN_POINT('',(-8.0813044977,-53.30817928648,39.023340931085
    ));
#840 = CARTESIAN_POINT('',(-8.284455187806,-53.30817928648,38.6770387613
    ));
#841 = CARTESIAN_POINT('',(-8.469096955981,-53.30817928648,
    38.322434335785));
#842 = CARTESIAN_POINT('',(-8.756578201474,-53.30817928648,
    37.69573962669));
#843 = CARTESIAN_POINT('',(-8.868121053386,-53.30817928648,
    37.426779579327));
#844 = CARTESIAN_POINT('',(-8.969407859304,-53.30817928648,
    37.154662153013));
#845 = CARTESIAN_POINT('',(-9.060376745841,-53.30817928648,
    36.879904859288));
#846 = CARTESIAN_POINT('',(-9.141007929711,-53.30817928648,
    36.602998458907));
#847 = CARTESIAN_POINT('',(-9.31687320834,-53.30817928648,
    35.906076472525));
#848 = CARTESIAN_POINT('',(-9.399141521568,-53.30817928648,
    35.483961814556));
#849 = CARTESIAN_POINT('',(-9.458149878919,-53.30817928648,
    35.059621653771));
#850 = CARTESIAN_POINT('',(-9.494059326989,-53.30817928648,
    34.634540997014));
#851 = CARTESIAN_POINT('',(-9.507127715245,-53.30817928648,
    34.210140022666));
#852 = CARTESIAN_POINT('',(-9.488741780938,-53.30817928648,
    33.38738794206));
#853 = CARTESIAN_POINT('',(-9.459572440861,-53.30817928648,
    32.988841850966));
#854 = CARTESIAN_POINT('',(-9.410466309619,-53.30817928648,
    32.593269542713));
#855 = CARTESIAN_POINT('',(-9.341773936593,-53.30817928648,
    32.201790577309));
#856 = CARTESIAN_POINT('',(-9.25390860374,-53.30817928648,
    31.815487764765));
#857 = CARTESIAN_POINT('',(-9.049826923999,-53.30817928648,
    31.087582987507));
#858 = CARTESIAN_POINT('',(-8.936651360983,-53.30817928648,
    30.744972125931));
#859 = CARTESIAN_POINT('',(-8.808181207767,-53.30817928648,
    30.408367538546));
#860 = CARTESIAN_POINT('',(-8.664824091258,-53.30817928648,
    30.078542791857));
#861 = CARTESIAN_POINT('',(-8.507030882058,-53.30817928648,
    29.756242427131));
#862 = CARTESIAN_POINT('',(-8.100553666431,-53.30817928648,
    29.012893190905));
#863 = CARTESIAN_POINT('',(-7.839760279487,-53.30817928648,28.5989931314
    ));
#864 = CARTESIAN_POINT('',(-7.554179510922,-53.30817928648,
    28.202305306217));
#865 = CARTESIAN_POINT('',(-7.245216708986,-53.30817928648,
    27.824530740535));
#866 = CARTESIAN_POINT('',(-6.914415213966,-53.30817928648,
    27.467237363243));
#867 = CARTESIAN_POINT('',(-6.209333957216,-53.30817928648,
    26.793449605178));
#868 = CARTESIAN_POINT('',(-5.834681553031,-53.30817928648,
    26.477343624456));
#869 = CARTESIAN_POINT('',(-5.441223532876,-53.30817928648,
    26.185001764738));
#870 = CARTESIAN_POINT('',(-5.030799430259,-53.30817928648,
    25.917720093585));
#871 = CARTESIAN_POINT('',(-4.60535767745,-53.30817928648,
    25.676619258334));
#872 = CARTESIAN_POINT('',(-4.166952215746,-53.30817928648,25.4626403829
    ));
#873 = ORIENTED_EDGE('',*,*,#874,.T.);
#874 = EDGE_CURVE('',#818,#875,#877,.T.);
#875 = VERTEX_POINT('',#876);
#876 = CARTESIAN_POINT('',(4.166952215746,-53.30817928648,25.4626403829)
  );
#877 = CIRCLE('',#878,9.5);
#878 = AXIS2_PLACEMENT_3D('',#879,#880,#881);
#879 = CARTESIAN_POINT('',(3.1E-14,-53.30817928648,34.));
#880 = DIRECTION('',(0.,-1.,0.));
#881 = DIRECTION('',(1.,0.,0.));
#882 = ORIENTED_EDGE('',*,*,#883,.F.);
#883 = EDGE_CURVE('',#884,#875,#886,.T.);
#884 = VERTEX_POINT('',#885);
#885 = CARTESIAN_POINT('',(4.166952215746,-53.30817928649,42.5373596171)
  );
#886 = B_SPLINE_CURVE_WITH_KNOTS('',6,(#887,#888,#889,#890,#891,#892,
    #893,#894,#895,#896,#897,#898,#899,#900,#901,#902,#903,#904,#905,
    #906,#907,#908,#909,#910,#911,#912,#913,#914,#915,#916,#917,#918,
    #919,#920,#921,#922,#923,#924,#925,#926,#927,#928,#929,#930,#931,
    #932,#933,#934,#935,#936,#937,#938),.UNSPECIFIED.,.F.,.F.,(7,5,5,5,5
    ,5,5,5,5,5,7),(0.,6.662687540926E-02,0.103360866818,0.188368344867,
    0.296833984168,0.376775499475,0.49680222017,0.610547134416,
    0.714852941922,0.856441891267,1.),.UNSPECIFIED.);
#887 = CARTESIAN_POINT('',(4.166952215746,-53.30817928649,42.5373596171)
  );
#888 = CARTESIAN_POINT('',(4.379008116474,-53.30817928649,
    42.433858435818));
#889 = CARTESIAN_POINT('',(4.588980685433,-53.30817928649,42.32354826901
    ));
#890 = CARTESIAN_POINT('',(4.796612458893,-53.30817928649,
    42.206416176393));
#891 = CARTESIAN_POINT('',(5.001602933496,-53.30817928649,
    42.082475465111));
#892 = CARTESIAN_POINT('',(5.203617277702,-53.30817928649,41.9517786338)
  );
#893 = CARTESIAN_POINT('',(5.511833833513,-53.30817928649,
    41.738704839912));
#894 = CARTESIAN_POINT('',(5.620357982161,-53.30817928649,
    41.660957768557));
#895 = CARTESIAN_POINT('',(5.727806358554,-53.30817928649,
    41.581207200838));
#896 = CARTESIAN_POINT('',(5.834115873342,-53.30817928649,
    41.499475931233));
#897 = CARTESIAN_POINT('',(5.939222073065,-53.30817928648,
    41.415791980925));
#898 = CARTESIAN_POINT('',(6.283354279684,-53.30817928648,
    41.132092424455));
#899 = CARTESIAN_POINT('',(6.516877750913,-53.30817928648,
    40.923701291225));
#900 = CARTESIAN_POINT('',(6.74277788491,-53.30817928648,40.705464710783
    ));
#901 = CARTESIAN_POINT('',(6.9602724165,-53.30817928648,40.477941063082)
  );
#902 = CARTESIAN_POINT('',(7.168659356919,-53.30817928648,
    40.241784561049));
#903 = CARTESIAN_POINT('',(7.620794914995,-53.30817928648,
    39.686418109072));
#904 = CARTESIAN_POINT('',(7.858478854139,-53.30817928648,
    39.362216113221));
#905 = CARTESIAN_POINT('',(8.079091089456,-53.30817928648,
    39.026736932512));
#906 = CARTESIAN_POINT('',(8.281840962487,-53.30817928648,
    38.681513076515));
#907 = CARTESIAN_POINT('',(8.46619153897,-53.30817928648,38.328020762103
    ));
#908 = CARTESIAN_POINT('',(8.753878366581,-53.30817928648,
    37.702163870721));
#909 = CARTESIAN_POINT('',(8.865780624414,-53.30817928648,
    37.432888255039));
#910 = CARTESIAN_POINT('',(8.96739894247,-53.30817928648,37.160438351721
    ));
#911 = CARTESIAN_POINT('',(9.058670719164,-53.30817928648,
    36.885334112974));
#912 = CARTESIAN_POINT('',(9.13957577074,-53.30817928648,36.608068574313
    ));
#913 = CARTESIAN_POINT('',(9.316040397639,-53.30817928648,35.91027286979
    ));
#914 = CARTESIAN_POINT('',(9.398603043811,-53.30817928648,
    35.487631978688));
#915 = CARTESIAN_POINT('',(9.457844718667,-53.30817928648,
    35.062750305391));
#916 = CARTESIAN_POINT('',(9.493926619901,-53.30817928648,
    34.637118890944));
#917 = CARTESIAN_POINT('',(9.507107284776,-53.30817928648,
    34.212163619005));
#918 = CARTESIAN_POINT('',(9.488827058227,-53.30817928648,
    33.388429866127));
#919 = CARTESIAN_POINT('',(9.459666724495,-53.30817928648,
    32.989455422446));
#920 = CARTESIAN_POINT('',(9.410526819013,-53.30817928648,
    32.593459218166));
#921 = CARTESIAN_POINT('',(9.34175890287,-53.30817928648,32.201564421294
    ));
#922 = CARTESIAN_POINT('',(9.253777543,-53.30817928648,31.814857307075)
  );
#923 = CARTESIAN_POINT('',(9.049194592354,-53.30817928648,
    31.085477521619));
#924 = CARTESIAN_POINT('',(8.935574330217,-53.30817928648,
    30.741815429206));
#925 = CARTESIAN_POINT('',(8.806564582626,-53.30817928648,
    30.404201499129));
#926 = CARTESIAN_POINT('',(8.662577032163,-53.30817928648,
    30.073416559749));
#927 = CARTESIAN_POINT('',(8.50406716093,-53.30817928648,29.750212036139
    ));
#928 = CARTESIAN_POINT('',(8.097329807918,-53.30817928648,
    29.007842058601));
#929 = CARTESIAN_POINT('',(7.837283070681,-53.30817928648,
    28.595666383468));
#930 = CARTESIAN_POINT('',(7.552644919641,-53.30817928648,
    28.200584997121));
#931 = CARTESIAN_POINT('',(7.244805470234,-53.30817928648,
    27.824279274026));
#932 = CARTESIAN_POINT('',(6.915290735233,-53.30817928648,27.4682994293)
  );
#933 = CARTESIAN_POINT('',(6.211367768464,-53.30817928648,
    26.795166104887));
#934 = CARTESIAN_POINT('',(5.836390694663,-53.30817928648,
    26.478613846077));
#935 = CARTESIAN_POINT('',(5.442561007659,-53.30817928648,
    26.185872938155));
#936 = CARTESIAN_POINT('',(5.031723933801,-53.30817928648,
    25.918244073527));
#937 = CARTESIAN_POINT('',(4.605834115814,-53.30817928648,
    25.676851800477));
#938 = CARTESIAN_POINT('',(4.166952215746,-53.30817928648,25.4626403829)
  );
#939 = ORIENTED_EDGE('',*,*,#940,.T.);
#940 = EDGE_CURVE('',#884,#816,#941,.T.);
#941 = CIRCLE('',#942,9.5);
#942 = AXIS2_PLACEMENT_3D('',#943,#944,#945);
#943 = CARTESIAN_POINT('',(3.1E-14,-53.30817928648,34.));
#944 = DIRECTION('',(0.,-1.,0.));
#945 = DIRECTION('',(1.,0.,0.));
#946 = B_SPLINE_SURFACE_WITH_KNOTS('',8,8,(
    (#947,#948,#949,#950,#951,#952,#953,#954,#955)
    ,(#956,#957,#958,#959,#960,#961,#962,#963,#964)
    ,(#965,#966,#967,#968,#969,#970,#971,#972,#973)
    ,(#974,#975,#976,#977,#978,#979,#980,#981,#982)
    ,(#983,#984,#985,#986,#987,#988,#989,#990,#991)
    ,(#992,#993,#994,#995,#996,#997,#998,#999,#1000)
    ,(#1001,#1002,#1003,#1004,#1005,#1006,#1007,#1008,#1009)
    ,(#1010,#1011,#1012,#1013,#1014,#1015,#1016,#1017,#1018)
    ,(#1019,#1020,#1021,#1022,#1023,#1024,#1025,#1026,#1027
  )),.UNSPECIFIED.,.F.,.F.,.F.,(9,9),(9,9),(-11.39572157479,
    11.52250548121),(-11.53672148921,11.318167465948),
  .PIECEWISE_BEZIER_KNOTS.);
#947 = CARTESIAN_POINT('',(-10.05725756538,-53.30817928645,
    13.420313666612));
#948 = CARTESIAN_POINT('',(-7.222093319884,-53.30817928646,
    17.162101705935));
#949 = CARTESIAN_POINT('',(-4.386877007087,-53.30817928647,
    19.943720859907));
#950 = CARTESIAN_POINT('',(-1.551512917645,-53.30817928648,
    21.765156747685));
#951 = CARTESIAN_POINT('',(1.283945313278,-53.30817928647,
    22.626432768999));
#952 = CARTESIAN_POINT('',(4.119448023491,-53.30817928648,
    22.527557633181));
#953 = CARTESIAN_POINT('',(6.955012018811,-53.30817928647,
    21.468511687563));
#954 = CARTESIAN_POINT('',(9.79069224566,-53.30817928647,19.449272045337
    ));
#955 = CARTESIAN_POINT('',(12.626462641227,-53.30817928646,
    16.469876512784));
#956 = CARTESIAN_POINT('',(-10.40757476337,-53.30817928646,
    19.62416674525));
#957 = CARTESIAN_POINT('',(-7.572409369722,-53.30817928648,
    23.365956565761));
#958 = CARTESIAN_POINT('',(-4.737203638924,-53.30817928647,
    26.147578819522));
#959 = CARTESIAN_POINT('',(-1.901841710706,-53.30817928651,
    27.969011177496));
#960 = CARTESIAN_POINT('',(0.933613444776,-53.30817928646,
    28.830285209555));
#961 = CARTESIAN_POINT('',(3.769106758592,-53.30817928651,
    28.731413349505));
#962 = CARTESIAN_POINT('',(6.60466420547,-53.30817928646,27.672369536595
    ));
#963 = CARTESIAN_POINT('',(9.440352356769,-53.30817928648,
    25.653123538237));
#964 = CARTESIAN_POINT('',(12.276124344209,-53.30817928646,
    22.67372894886));
#965 = CARTESIAN_POINT('',(-10.75775708417,-53.30817928647,
    24.86255812697));
#966 = CARTESIAN_POINT('',(-7.922592048225,-53.30817928647,
    28.604344847867));
#967 = CARTESIAN_POINT('',(-5.087507560057,-53.30817928653,
    31.385965607995));
#968 = CARTESIAN_POINT('',(-2.251443692372,-53.30817928641,
    33.207432438595));
#969 = CARTESIAN_POINT('',(0.582560637345,-53.3081792866,34.068656016078
    ));
#970 = CARTESIAN_POINT('',(3.419529322674,-53.3081792864,33.969674174527
    ));
#971 = CARTESIAN_POINT('',(6.254248060337,-53.30817928655,
    32.910758810604));
#972 = CARTESIAN_POINT('',(9.090071923113,-53.30817928647,
    30.891501720686));
#973 = CARTESIAN_POINT('',(11.925877164571,-53.30817928647,
    27.912087813013));
#974 = CARTESIAN_POINT('',(-11.10807865418,-53.30817928647,
    29.135285228082));
#975 = CARTESIAN_POINT('',(-8.272850685529,-53.30817928651,
    32.877112178398));
#976 = CARTESIAN_POINT('',(-5.43715193007,-53.30817928641,
    35.658833983616));
#977 = CARTESIAN_POINT('',(-2.604432838458,-53.30817928666,
    37.479799973914));
#978 = CARTESIAN_POINT('',(0.236008426555,-53.30817928628,
    38.341653547384));
#979 = CARTESIAN_POINT('',(3.066068453784,-53.30817928669,
    38.242954536125));
#980 = CARTESIAN_POINT('',(5.904953493129,-53.30817928638,
    37.183398273639));
#981 = CARTESIAN_POINT('',(8.740163163968,-53.30817928652,35.16418855824
    ));
#982 = CARTESIAN_POINT('',(11.575793339882,-53.30817928648,
    32.18489858775));
#983 = CARTESIAN_POINT('',(-11.45806210508,-53.30817928648,
    32.442745550468));
#984 = CARTESIAN_POINT('',(-8.623035601816,-53.30817928646,
    36.184425868139));
#985 = CARTESIAN_POINT('',(-5.788584229278,-53.30817928659,
    38.965932234375));
#986 = CARTESIAN_POINT('',(-2.948131339226,-53.3081792863,
    40.788541727111));
#987 = CARTESIAN_POINT('',(-0.121912529113,-53.30817928676,
    41.64839988568));
#988 = CARTESIAN_POINT('',(2.722865118649,-53.30817928626,41.54970660762
    ));
#989 = CARTESIAN_POINT('',(5.553060628728,-53.30817928663,
    40.491189341304));
#990 = CARTESIAN_POINT('',(8.389652108339,-53.30817928645,
    38.471902565493));
#991 = CARTESIAN_POINT('',(11.225549643333,-53.30817928648,
    35.49242783583));
#992 = CARTESIAN_POINT('',(-11.80788898045,-53.30817928647,
    34.784756070763));
#993 = CARTESIAN_POINT('',(-8.972606923235,-53.30817928651,
    38.52663101441));
#994 = CARTESIAN_POINT('',(-6.136657806335,-53.30817928641,
    41.308526510715));
#995 = CARTESIAN_POINT('',(-3.305603346592,-53.30817928666,
    43.128246816378));
#996 = CARTESIAN_POINT('',(-0.463186394613,-53.30817928628,
    43.99163867566));
#997 = CARTESIAN_POINT('',(2.365522796117,-53.30817928669,
    43.891733139975));
#998 = CARTESIAN_POINT('',(5.205213650207,-53.30817928638,
    42.832641958012));
#999 = CARTESIAN_POINT('',(8.039852781181,-53.30817928652,
    40.813663574452));
#1000 = CARTESIAN_POINT('',(10.875496486784,-53.30817928648,
    37.834348280662));
#1001 = CARTESIAN_POINT('',(-12.15786082105,-53.30817928647,
    36.16105085189));
#1002 = CARTESIAN_POINT('',(-9.322771721502,-53.30817928647,
    39.902773656312));
#1003 = CARTESIAN_POINT('',(-6.487794331629,-53.30817928653,
    42.684234489651));
#1004 = CARTESIAN_POINT('',(-3.651633297257,-53.30817928642,
    44.506011130736));
#1005 = CARTESIAN_POINT('',(-0.817016081138,-53.30817928659,
    45.366993976718));
#1006 = CARTESIAN_POINT('',(2.019142325929,-53.3081792864,
    45.268385180333));
#1007 = CARTESIAN_POINT('',(4.854088215462,-53.30817928654,
    44.209134039823));
#1008 = CARTESIAN_POINT('',(7.690073416244,-53.30817928647,
    42.189861753933));
#1009 = CARTESIAN_POINT('',(10.52582206161,-53.30817928647,
    39.210501286532));
#1010 = CARTESIAN_POINT('',(-12.50769244749,-53.30817928646,
    36.571896265644));
#1011 = CARTESIAN_POINT('',(-9.672564392862,-53.30817928648,
    40.313646209407));
#1012 = CARTESIAN_POINT('',(-6.837480146508,-53.30817928647,
    43.095218465411));
#1013 = CARTESIAN_POINT('',(-4.001376070198,-53.3081792865,
    44.916777274563));
#1014 = CARTESIAN_POINT('',(-1.167521162082,-53.30817928646,
    45.77796328019));
#1015 = CARTESIAN_POINT('',(1.669528900577,-53.30817928651,
    45.679162389763));
#1016 = CARTESIAN_POINT('',(4.504358346663,-53.30817928646,
    44.620063711995));
#1017 = CARTESIAN_POINT('',(7.340185395391,-53.30817928648,
    42.600817332024));
#1018 = CARTESIAN_POINT('',(10.175937554134,-53.30817928646,
    39.621435024714));
#1019 = CARTESIAN_POINT('',(-12.85741895907,-53.30817928645,
    36.017263214927));
#1020 = CARTESIAN_POINT('',(-10.02228469926,-53.30817928646,
    39.759020692293));
#1021 = CARTESIAN_POINT('',(-7.187034910065,-53.30817928647,
    42.540637647415));
#1022 = CARTESIAN_POINT('',(-4.351704781449,-53.30817928648,
    44.362101161024));
#1023 = CARTESIAN_POINT('',(-1.516300094313,-53.30817928647,
    45.223396750303));
#1024 = CARTESIAN_POINT('',(1.3191890569,-53.30817928648,45.124513031911
    ));
#1025 = CARTESIAN_POINT('',(4.154774541585,-53.30817928647,44.0654463849
    ));
#1026 = CARTESIAN_POINT('',(6.990456470359,-53.30817928647,
    42.04620561376));
#1027 = CARTESIAN_POINT('',(9.826209472443,-53.30817928645,
    39.066816611341));
#1028 = ADVANCED_FACE('',(#1029,#1079),#1083,.F.);
#1029 = FACE_BOUND('',#1030,.F.);
#1030 = EDGE_LOOP('',(#1031,#1041,#1049,#1057,#1065,#1073));
#1031 = ORIENTED_EDGE('',*,*,#1032,.T.);
#1032 = EDGE_CURVE('',#1033,#1035,#1037,.T.);
#1033 = VERTEX_POINT('',#1034);
#1034 = CARTESIAN_POINT('',(1.2,-48.8,22.521539030917));
#1035 = VERTEX_POINT('',#1036);
#1036 = CARTESIAN_POINT('',(-1.2,-48.8,22.521539030917));
#1037 = LINE('',#1038,#1039);
#1038 = CARTESIAN_POINT('',(1.2,-48.8,22.521539030917));
#1039 = VECTOR('',#1040,1.);
#1040 = DIRECTION('',(-1.,0.,-0.));
#1041 = ORIENTED_EDGE('',*,*,#1042,.T.);
#1042 = EDGE_CURVE('',#1035,#1043,#1045,.T.);
#1043 = VERTEX_POINT('',#1044);
#1044 = CARTESIAN_POINT('',(-2.4,-48.8,24.6));
#1045 = LINE('',#1046,#1047);
#1046 = CARTESIAN_POINT('',(-1.2,-48.8,22.521539030917));
#1047 = VECTOR('',#1048,1.);
#1048 = DIRECTION('',(-0.5,-3.8E-16,0.866025403784));
#1049 = ORIENTED_EDGE('',*,*,#1050,.T.);
#1050 = EDGE_CURVE('',#1043,#1051,#1053,.T.);
#1051 = VERTEX_POINT('',#1052);
#1052 = CARTESIAN_POINT('',(-1.2,-48.8,26.678460969083));
#1053 = LINE('',#1054,#1055);
#1054 = CARTESIAN_POINT('',(-2.4,-48.8,24.6));
#1055 = VECTOR('',#1056,1.);
#1056 = DIRECTION('',(0.5,-3.8E-16,0.866025403784));
#1057 = ORIENTED_EDGE('',*,*,#1058,.T.);
#1058 = EDGE_CURVE('',#1051,#1059,#1061,.T.);
#1059 = VERTEX_POINT('',#1060);
#1060 = CARTESIAN_POINT('',(1.2,-48.8,26.678460969083));
#1061 = LINE('',#1062,#1063);
#1062 = CARTESIAN_POINT('',(-1.2,-48.8,26.678460969083));
#1063 = VECTOR('',#1064,1.);
#1064 = DIRECTION('',(1.,0.,-3.7E-16));
#1065 = ORIENTED_EDGE('',*,*,#1066,.T.);
#1066 = EDGE_CURVE('',#1059,#1067,#1069,.T.);
#1067 = VERTEX_POINT('',#1068);
#1068 = CARTESIAN_POINT('',(2.4,-48.8,24.6));
#1069 = LINE('',#1070,#1071);
#1070 = CARTESIAN_POINT('',(1.2,-48.8,26.678460969083));
#1071 = VECTOR('',#1072,1.);
#1072 = DIRECTION('',(0.5,3.8E-16,-0.866025403784));
#1073 = ORIENTED_EDGE('',*,*,#1074,.T.);
#1074 = EDGE_CURVE('',#1067,#1033,#1075,.T.);
#1075 = LINE('',#1076,#1077);
#1076 = CARTESIAN_POINT('',(2.4,-48.8,24.6));
#1077 = VECTOR('',#1078,1.);
#1078 = DIRECTION('',(-0.5,3.8E-16,-0.866025403784));
#1079 = FACE_BOUND('',#1080,.F.);
#1080 = EDGE_LOOP('',(#1081,#1082));
#1081 = ORIENTED_EDGE('',*,*,#337,.T.);
#1082 = ORIENTED_EDGE('',*,*,#374,.T.);
#1083 = B_SPLINE_SURFACE_WITH_KNOTS('',3,3,(
    (#1084,#1085,#1086,#1087)
    ,(#1088,#1089,#1090,#1091)
    ,(#1092,#1093,#1094,#1095)
    ,(#1096,#1097,#1098,#1099
    )),.UNSPECIFIED.,.F.,.F.,.F.,(4,4),(4,4),(-2.634381664039,
    2.634381664039),(-2.367512996209,2.367512996209),
  .PIECEWISE_BEZIER_KNOTS.);
#1084 = CARTESIAN_POINT('',(-2.474399892586,-48.8,27.134251311652));
#1085 = CARTESIAN_POINT('',(-2.577316820716,-48.8,25.559268274635));
#1086 = CARTESIAN_POINT('',(-2.680233748846,-48.8,23.984285237619));
#1087 = CARTESIAN_POINT('',(-2.783150676977,-48.8,22.409302200602));
#1088 = CARTESIAN_POINT('',(-0.721883036065,-48.8,27.019733474235));
#1089 = CARTESIAN_POINT('',(-0.824799964195,-48.8,25.444750437218));
#1090 = CARTESIAN_POINT('',(-0.927716892326,-48.8,23.869767400201));
#1091 = CARTESIAN_POINT('',(-1.030633820456,-48.8,22.294784363184));
#1092 = CARTESIAN_POINT('',(1.030633820456,-48.8,26.905215636816));
#1093 = CARTESIAN_POINT('',(0.927716892326,-48.8,25.330232599799));
#1094 = CARTESIAN_POINT('',(0.824799964195,-48.8,23.75524956278));
#1095 = CARTESIAN_POINT('',(0.721883036065,-48.8,22.180266525766));
#1096 = CARTESIAN_POINT('',(2.783150676977,-48.8,26.790697799397));
#1097 = CARTESIAN_POINT('',(2.680233748846,-48.8,25.215714762381));
#1098 = CARTESIAN_POINT('',(2.577316820716,-48.8,23.640731725362));
#1099 = CARTESIAN_POINT('',(2.474399892586,-48.8,22.065748688348));
#1100 = ADVANCED_FACE('',(#1101),#1123,.T.);
#1101 = FACE_BOUND('',#1102,.T.);
#1102 = EDGE_LOOP('',(#1103,#1110,#1111,#1118));
#1103 = ORIENTED_EDGE('',*,*,#1104,.F.);
#1104 = EDGE_CURVE('',#512,#1105,#1107,.T.);
#1105 = VERTEX_POINT('',#1106);
#1106 = CARTESIAN_POINT('',(2.008290376866,-51.00817928648,
    38.798447635799));
#1107 = B_SPLINE_CURVE_WITH_KNOTS('',1,(#1108,#1109),.UNSPECIFIED.,.F.,
  .F.,(2,2),(0.,1.),.PIECEWISE_BEZIER_KNOTS.);
#1108 = CARTESIAN_POINT('',(2.008290376866,-51.,38.798447635799));
#1109 = CARTESIAN_POINT('',(2.008290376866,-53.6,38.798447635799));
#1110 = ORIENTED_EDGE('',*,*,#511,.T.);
#1111 = ORIENTED_EDGE('',*,*,#1112,.T.);
#1112 = EDGE_CURVE('',#473,#1113,#1115,.T.);
#1113 = VERTEX_POINT('',#1114);
#1114 = CARTESIAN_POINT('',(4.166952215746,-51.00817928648,42.5373596171
    ));
#1115 = B_SPLINE_CURVE_WITH_KNOTS('',1,(#1116,#1117),.UNSPECIFIED.,.F.,
  .F.,(2,2),(0.,1.),.PIECEWISE_BEZIER_KNOTS.);
#1116 = CARTESIAN_POINT('',(4.166952215746,-51.,42.5373596171));
#1117 = CARTESIAN_POINT('',(4.166952215746,-53.6,42.5373596171));
#1118 = ORIENTED_EDGE('',*,*,#1119,.T.);
#1119 = EDGE_CURVE('',#1113,#1105,#1120,.T.);
#1120 = B_SPLINE_CURVE_WITH_KNOTS('',1,(#1121,#1122),.UNSPECIFIED.,.F.,
  .F.,(2,2),(0.,1.),.PIECEWISE_BEZIER_KNOTS.);
#1121 = CARTESIAN_POINT('',(4.166952215746,-51.00817928648,42.5373596171
    ));
#1122 = CARTESIAN_POINT('',(2.008290376866,-51.00817928648,
    38.798447635799));
#1123 = B_SPLINE_SURFACE_WITH_KNOTS('',1,1,(
    (#1124,#1125)
    ,(#1126,#1127
    )),.UNSPECIFIED.,.F.,.F.,.F.,(2,2),(2,2),(0.,4.317323677761),(0.,1.)
  ,.PIECEWISE_BEZIER_KNOTS.);
#1124 = CARTESIAN_POINT('',(2.008290376866,-51.,38.798447635799));
#1125 = CARTESIAN_POINT('',(2.008290376866,-53.6,38.798447635799));
#1126 = CARTESIAN_POINT('',(4.166952215746,-51.,42.5373596171));
#1127 = CARTESIAN_POINT('',(4.166952215746,-53.6,42.5373596171));
#1128 = ADVANCED_FACE('',(#1129),#1145,.F.);
#1129 = FACE_BOUND('',#1130,.F.);
#1130 = EDGE_LOOP('',(#1131,#1132,#1133,#1140));
#1131 = ORIENTED_EDGE('',*,*,#1104,.F.);
#1132 = ORIENTED_EDGE('',*,*,#540,.T.);
#1133 = ORIENTED_EDGE('',*,*,#1134,.T.);
#1134 = EDGE_CURVE('',#534,#1135,#1137,.T.);
#1135 = VERTEX_POINT('',#1136);
#1136 = CARTESIAN_POINT('',(-2.008290376865,-51.00817928648,
    38.798447635799));
#1137 = B_SPLINE_CURVE_WITH_KNOTS('',1,(#1138,#1139),.UNSPECIFIED.,.F.,
  .F.,(2,2),(0.,1.),.PIECEWISE_BEZIER_KNOTS.);
#1138 = CARTESIAN_POINT('',(-2.008290376865,-51.,38.798447635799));
#1139 = CARTESIAN_POINT('',(-2.008290376865,-53.6,38.798447635799));
#1140 = ORIENTED_EDGE('',*,*,#1141,.T.);
#1141 = EDGE_CURVE('',#1135,#1105,#1142,.T.);
#1142 = B_SPLINE_CURVE_WITH_KNOTS('',1,(#1143,#1144),.UNSPECIFIED.,.F.,
  .F.,(2,2),(0.,1.),.PIECEWISE_BEZIER_KNOTS.);
#1143 = CARTESIAN_POINT('',(-2.008290376865,-51.00817928648,
    38.798447635799));
#1144 = CARTESIAN_POINT('',(2.008290376866,-51.00817928648,
    38.798447635799));
#1145 = B_SPLINE_SURFACE_WITH_KNOTS('',1,1,(
    (#1146,#1147)
    ,(#1148,#1149
    )),.UNSPECIFIED.,.F.,.F.,.F.,(2,2),(2,2),(0.,4.016580753731),(0.,1.)
  ,.PIECEWISE_BEZIER_KNOTS.);
#1146 = CARTESIAN_POINT('',(2.008290376866,-51.,38.798447635799));
#1147 = CARTESIAN_POINT('',(2.008290376866,-53.6,38.798447635799));
#1148 = CARTESIAN_POINT('',(-2.008290376865,-51.,38.798447635799));
#1149 = CARTESIAN_POINT('',(-2.008290376865,-53.6,38.798447635799));
#1150 = ADVANCED_FACE('',(#1151),#1167,.F.);
#1151 = FACE_BOUND('',#1152,.F.);
#1152 = EDGE_LOOP('',(#1153,#1154,#1161,#1166));
#1153 = ORIENTED_EDGE('',*,*,#562,.F.);
#1154 = ORIENTED_EDGE('',*,*,#1155,.T.);
#1155 = EDGE_CURVE('',#556,#1156,#1158,.T.);
#1156 = VERTEX_POINT('',#1157);
#1157 = CARTESIAN_POINT('',(-4.166952215746,-51.00817928648,
    42.5373596171));
#1158 = B_SPLINE_CURVE_WITH_KNOTS('',1,(#1159,#1160),.UNSPECIFIED.,.F.,
  .F.,(2,2),(0.,1.),.PIECEWISE_BEZIER_KNOTS.);
#1159 = CARTESIAN_POINT('',(-4.166952215746,-51.,42.5373596171));
#1160 = CARTESIAN_POINT('',(-4.166952215746,-53.6,42.5373596171));
#1161 = ORIENTED_EDGE('',*,*,#1162,.T.);
#1162 = EDGE_CURVE('',#1156,#1135,#1163,.T.);
#1163 = B_SPLINE_CURVE_WITH_KNOTS('',1,(#1164,#1165),.UNSPECIFIED.,.F.,
  .F.,(2,2),(0.,1.),.PIECEWISE_BEZIER_KNOTS.);
#1164 = CARTESIAN_POINT('',(-4.166952215746,-51.00817928648,
    42.5373596171));
#1165 = CARTESIAN_POINT('',(-2.008290376865,-51.00817928648,
    38.798447635799));
#1166 = ORIENTED_EDGE('',*,*,#1134,.F.);
#1167 = B_SPLINE_SURFACE_WITH_KNOTS('',1,1,(
    (#1168,#1169)
    ,(#1170,#1171
    )),.UNSPECIFIED.,.F.,.F.,.F.,(2,2),(2,2),(0.,4.317323677761),(0.,1.)
  ,.PIECEWISE_BEZIER_KNOTS.);
#1168 = CARTESIAN_POINT('',(-2.008290376865,-51.,38.798447635799));
#1169 = CARTESIAN_POINT('',(-2.008290376865,-53.6,38.798447635799));
#1170 = CARTESIAN_POINT('',(-4.166952215746,-51.,42.5373596171));
#1171 = CARTESIAN_POINT('',(-4.166952215746,-53.6,42.5373596171));
#1172 = ADVANCED_FACE('',(#1173),#1195,.F.);
#1173 = FACE_BOUND('',#1174,.F.);
#1174 = EDGE_LOOP('',(#1175,#1176,#1183,#1188,#1189,#1194));
#1175 = ORIENTED_EDGE('',*,*,#577,.F.);
#1176 = ORIENTED_EDGE('',*,*,#1177,.T.);
#1177 = EDGE_CURVE('',#578,#1178,#1180,.T.);
#1178 = VERTEX_POINT('',#1179);
#1179 = CARTESIAN_POINT('',(-4.166952215746,-51.00817928648,
    25.4626403829));
#1180 = B_SPLINE_CURVE_WITH_KNOTS('',1,(#1181,#1182),.UNSPECIFIED.,.F.,
  .F.,(2,2),(0.,1.),.PIECEWISE_BEZIER_KNOTS.);
#1181 = CARTESIAN_POINT('',(-4.166952215746,-51.,25.4626403829));
#1182 = CARTESIAN_POINT('',(-4.166952215746,-53.6,25.4626403829));
#1183 = ORIENTED_EDGE('',*,*,#1184,.T.);
#1184 = EDGE_CURVE('',#1178,#818,#1185,.T.);
#1185 = B_SPLINE_CURVE_WITH_KNOTS('',1,(#1186,#1187),.UNSPECIFIED.,.F.,
  .F.,(2,2),(0.,1.),.PIECEWISE_BEZIER_KNOTS.);
#1186 = CARTESIAN_POINT('',(-4.166952215746,-51.,25.4626403829));
#1187 = CARTESIAN_POINT('',(-4.166952215746,-53.6,25.4626403829));
#1188 = ORIENTED_EDGE('',*,*,#815,.F.);
#1189 = ORIENTED_EDGE('',*,*,#1190,.F.);
#1190 = EDGE_CURVE('',#1156,#816,#1191,.T.);
#1191 = B_SPLINE_CURVE_WITH_KNOTS('',1,(#1192,#1193),.UNSPECIFIED.,.F.,
  .F.,(2,2),(0.,1.),.PIECEWISE_BEZIER_KNOTS.);
#1192 = CARTESIAN_POINT('',(-4.166952215746,-51.,42.5373596171));
#1193 = CARTESIAN_POINT('',(-4.166952215746,-53.6,42.5373596171));
#1194 = ORIENTED_EDGE('',*,*,#1155,.F.);
#1195 = B_SPLINE_SURFACE_WITH_KNOTS('',7,1,(
    (#1196,#1197)
    ,(#1198,#1199)
    ,(#1200,#1201)
    ,(#1202,#1203)
    ,(#1204,#1205)
    ,(#1206,#1207)
    ,(#1208,#1209)
    ,(#1210,#1211
    )),.UNSPECIFIED.,.F.,.F.,.F.,(8,8),(2,2),(0.,9.596895271599),(0.,1.)
  ,.PIECEWISE_BEZIER_KNOTS.);
#1196 = CARTESIAN_POINT('',(-4.166952215746,-51.,42.5373596171));
#1197 = CARTESIAN_POINT('',(-4.166952215746,-53.6,42.5373596171));
#1198 = CARTESIAN_POINT('',(-6.927563159945,-51.,41.189948425975));
#1199 = CARTESIAN_POINT('',(-6.927563159945,-53.6,41.189948425975));
#1200 = CARTESIAN_POINT('',(-9.142192163085,-51.,38.819571882027));
#1201 = CARTESIAN_POINT('',(-9.142192163085,-53.6,38.819571882027));
#1202 = CARTESIAN_POINT('',(-10.38165453733,-51.,35.698974678976));
#1203 = CARTESIAN_POINT('',(-10.38165453733,-53.6,35.698974678976));
#1204 = CARTESIAN_POINT('',(-10.38165453733,-51.,32.301025321024));
#1205 = CARTESIAN_POINT('',(-10.38165453733,-53.6,32.301025321024));
#1206 = CARTESIAN_POINT('',(-9.142192163085,-51.,29.180428117973));
#1207 = CARTESIAN_POINT('',(-9.142192163085,-53.6,29.180428117973));
#1208 = CARTESIAN_POINT('',(-6.927563159945,-51.,26.810051574025));
#1209 = CARTESIAN_POINT('',(-6.927563159945,-53.6,26.810051574025));
#1210 = CARTESIAN_POINT('',(-4.166952215746,-51.,25.4626403829));
#1211 = CARTESIAN_POINT('',(-4.166952215746,-53.6,25.4626403829));
#1212 = ADVANCED_FACE('',(#1213),#1229,.F.);
#1213 = FACE_BOUND('',#1214,.F.);
#1214 = EDGE_LOOP('',(#1215,#1216,#1217,#1224));
#1215 = ORIENTED_EDGE('',*,*,#1177,.F.);
#1216 = ORIENTED_EDGE('',*,*,#618,.T.);
#1217 = ORIENTED_EDGE('',*,*,#1218,.T.);
#1218 = EDGE_CURVE('',#619,#1219,#1221,.T.);
#1219 = VERTEX_POINT('',#1220);
#1220 = CARTESIAN_POINT('',(-2.008290376865,-51.00817928648,
    29.201552364201));
#1221 = B_SPLINE_CURVE_WITH_KNOTS('',1,(#1222,#1223),.UNSPECIFIED.,.F.,
  .F.,(2,2),(0.,1.),.PIECEWISE_BEZIER_KNOTS.);
#1222 = CARTESIAN_POINT('',(-2.008290376865,-51.,29.201552364201));
#1223 = CARTESIAN_POINT('',(-2.008290376865,-53.6,29.201552364201));
#1224 = ORIENTED_EDGE('',*,*,#1225,.T.);
#1225 = EDGE_CURVE('',#1219,#1178,#1226,.T.);
#1226 = B_SPLINE_CURVE_WITH_KNOTS('',1,(#1227,#1228),.UNSPECIFIED.,.F.,
  .F.,(2,2),(0.,1.),.PIECEWISE_BEZIER_KNOTS.);
#1227 = CARTESIAN_POINT('',(-2.008290376865,-51.00817928648,
    29.201552364201));
#1228 = CARTESIAN_POINT('',(-4.166952215746,-51.00817928648,
    25.4626403829));
#1229 = B_SPLINE_SURFACE_WITH_KNOTS('',1,1,(
    (#1230,#1231)
    ,(#1232,#1233
    )),.UNSPECIFIED.,.F.,.F.,.F.,(2,2),(2,2),(0.,4.317323677761),(0.,1.)
  ,.PIECEWISE_BEZIER_KNOTS.);
#1230 = CARTESIAN_POINT('',(-4.166952215746,-51.,25.4626403829));
#1231 = CARTESIAN_POINT('',(-4.166952215746,-53.6,25.4626403829));
#1232 = CARTESIAN_POINT('',(-2.008290376865,-51.,29.201552364201));
#1233 = CARTESIAN_POINT('',(-2.008290376865,-53.6,29.201552364201));
#1234 = ADVANCED_FACE('',(#1235),#1251,.F.);
#1235 = FACE_BOUND('',#1236,.F.);
#1236 = EDGE_LOOP('',(#1237,#1238,#1245,#1250));
#1237 = ORIENTED_EDGE('',*,*,#640,.F.);
#1238 = ORIENTED_EDGE('',*,*,#1239,.T.);
#1239 = EDGE_CURVE('',#641,#1240,#1242,.T.);
#1240 = VERTEX_POINT('',#1241);
#1241 = CARTESIAN_POINT('',(2.008290376866,-51.00817928648,
    29.201552364201));
#1242 = B_SPLINE_CURVE_WITH_KNOTS('',1,(#1243,#1244),.UNSPECIFIED.,.F.,
  .F.,(2,2),(0.,1.),.PIECEWISE_BEZIER_KNOTS.);
#1243 = CARTESIAN_POINT('',(2.008290376866,-51.,29.201552364201));
#1244 = CARTESIAN_POINT('',(2.008290376866,-53.6,29.201552364201));
#1245 = ORIENTED_EDGE('',*,*,#1246,.T.);
#1246 = EDGE_CURVE('',#1240,#1219,#1247,.T.);
#1247 = B_SPLINE_CURVE_WITH_KNOTS('',1,(#1248,#1249),.UNSPECIFIED.,.F.,
  .F.,(2,2),(0.,1.),.PIECEWISE_BEZIER_KNOTS.);
#1248 = CARTESIAN_POINT('',(2.008290376866,-51.00817928648,
    29.201552364201));
#1249 = CARTESIAN_POINT('',(-2.008290376865,-51.00817928648,
    29.201552364201));
#1250 = ORIENTED_EDGE('',*,*,#1218,.F.);
#1251 = B_SPLINE_SURFACE_WITH_KNOTS('',1,1,(
    (#1252,#1253)
    ,(#1254,#1255
    )),.UNSPECIFIED.,.F.,.F.,.F.,(2,2),(2,2),(0.,4.016580753731),(0.,1.)
  ,.PIECEWISE_BEZIER_KNOTS.);
#1252 = CARTESIAN_POINT('',(-2.008290376865,-51.,29.201552364201));
#1253 = CARTESIAN_POINT('',(-2.008290376865,-53.6,29.201552364201));
#1254 = CARTESIAN_POINT('',(2.008290376866,-51.,29.201552364201));
#1255 = CARTESIAN_POINT('',(2.008290376866,-53.6,29.201552364201));
#1256 = ADVANCED_FACE('',(#1257),#1273,.T.);
#1257 = FACE_BOUND('',#1258,.T.);
#1258 = EDGE_LOOP('',(#1259,#1266,#1267,#1268));
#1259 = ORIENTED_EDGE('',*,*,#1260,.F.);
#1260 = EDGE_CURVE('',#466,#1261,#1263,.T.);
#1261 = VERTEX_POINT('',#1262);
#1262 = CARTESIAN_POINT('',(4.166952215746,-51.00817928648,25.4626403829
    ));
#1263 = B_SPLINE_CURVE_WITH_KNOTS('',1,(#1264,#1265),.UNSPECIFIED.,.F.,
  .F.,(2,2),(0.,1.),.PIECEWISE_BEZIER_KNOTS.);
#1264 = CARTESIAN_POINT('',(4.166952215746,-51.,25.4626403829));
#1265 = CARTESIAN_POINT('',(4.166952215746,-53.6,25.4626403829));
#1266 = ORIENTED_EDGE('',*,*,#661,.T.);
#1267 = ORIENTED_EDGE('',*,*,#1239,.T.);
#1268 = ORIENTED_EDGE('',*,*,#1269,.T.);
#1269 = EDGE_CURVE('',#1240,#1261,#1270,.T.);
#1270 = B_SPLINE_CURVE_WITH_KNOTS('',1,(#1271,#1272),.UNSPECIFIED.,.F.,
  .F.,(2,2),(0.,1.),.PIECEWISE_BEZIER_KNOTS.);
#1271 = CARTESIAN_POINT('',(2.008290376866,-51.00817928648,
    29.201552364201));
#1272 = CARTESIAN_POINT('',(4.166952215746,-51.00817928648,25.4626403829
    ));
#1273 = B_SPLINE_SURFACE_WITH_KNOTS('',1,1,(
    (#1274,#1275)
    ,(#1276,#1277
    )),.UNSPECIFIED.,.F.,.F.,.F.,(2,2),(2,2),(0.,4.317323677761),(0.,1.)
  ,.PIECEWISE_BEZIER_KNOTS.);
#1274 = CARTESIAN_POINT('',(4.166952215746,-51.,25.4626403829));
#1275 = CARTESIAN_POINT('',(4.166952215746,-53.6,25.4626403829));
#1276 = CARTESIAN_POINT('',(2.008290376866,-51.,29.201552364201));
#1277 = CARTESIAN_POINT('',(2.008290376866,-53.6,29.201552364201));
#1278 = ADVANCED_FACE('',(#1279,#1329),#1333,.T.);
#1279 = FACE_BOUND('',#1280,.T.);
#1280 = EDGE_LOOP('',(#1281,#1291,#1299,#1307,#1315,#1323));
#1281 = ORIENTED_EDGE('',*,*,#1282,.T.);
#1282 = EDGE_CURVE('',#1283,#1285,#1287,.T.);
#1283 = VERTEX_POINT('',#1284);
#1284 = CARTESIAN_POINT('',(1.2,-48.8,45.678460969083));
#1285 = VERTEX_POINT('',#1286);
#1286 = CARTESIAN_POINT('',(-1.2,-48.8,45.678460969083));
#1287 = LINE('',#1288,#1289);
#1288 = CARTESIAN_POINT('',(1.2,-48.8,45.678460969083));
#1289 = VECTOR('',#1290,1.);
#1290 = DIRECTION('',(-1.,0.,0.));
#1291 = ORIENTED_EDGE('',*,*,#1292,.T.);
#1292 = EDGE_CURVE('',#1285,#1293,#1295,.T.);
#1293 = VERTEX_POINT('',#1294);
#1294 = CARTESIAN_POINT('',(-2.4,-48.8,43.6));
#1295 = LINE('',#1296,#1297);
#1296 = CARTESIAN_POINT('',(-1.2,-48.8,45.678460969083));
#1297 = VECTOR('',#1298,1.);
#1298 = DIRECTION('',(-0.5,-0.,-0.866025403784));
#1299 = ORIENTED_EDGE('',*,*,#1300,.T.);
#1300 = EDGE_CURVE('',#1293,#1301,#1303,.T.);
#1301 = VERTEX_POINT('',#1302);
#1302 = CARTESIAN_POINT('',(-1.2,-48.8,41.521539030917));
#1303 = LINE('',#1304,#1305);
#1304 = CARTESIAN_POINT('',(-2.4,-48.8,43.6));
#1305 = VECTOR('',#1306,1.);
#1306 = DIRECTION('',(0.5,0.,-0.866025403784));
#1307 = ORIENTED_EDGE('',*,*,#1308,.T.);
#1308 = EDGE_CURVE('',#1301,#1309,#1311,.T.);
#1309 = VERTEX_POINT('',#1310);
#1310 = CARTESIAN_POINT('',(1.2,-48.8,41.521539030917));
#1311 = LINE('',#1312,#1313);
#1312 = CARTESIAN_POINT('',(-1.2,-48.8,41.521539030917));
#1313 = VECTOR('',#1314,1.);
#1314 = DIRECTION('',(1.,0.,3.7E-16));
#1315 = ORIENTED_EDGE('',*,*,#1316,.T.);
#1316 = EDGE_CURVE('',#1309,#1317,#1319,.T.);
#1317 = VERTEX_POINT('',#1318);
#1318 = CARTESIAN_POINT('',(2.4,-48.8,43.6));
#1319 = LINE('',#1320,#1321);
#1320 = CARTESIAN_POINT('',(1.2,-48.8,41.521539030917));
#1321 = VECTOR('',#1322,1.);
#1322 = DIRECTION('',(0.5,0.,0.866025403784));
#1323 = ORIENTED_EDGE('',*,*,#1324,.T.);
#1324 = EDGE_CURVE('',#1317,#1283,#1325,.T.);
#1325 = LINE('',#1326,#1327);
#1326 = CARTESIAN_POINT('',(2.4,-48.8,43.6));
#1327 = VECTOR('',#1328,1.);
#1328 = DIRECTION('',(-0.5,0.,0.866025403784));
#1329 = FACE_BOUND('',#1330,.T.);
#1330 = EDGE_LOOP('',(#1331,#1332));
#1331 = ORIENTED_EDGE('',*,*,#687,.T.);
#1332 = ORIENTED_EDGE('',*,*,#719,.T.);
#1333 = B_SPLINE_SURFACE_WITH_KNOTS('',3,3,(
    (#1334,#1335,#1336,#1337)
    ,(#1338,#1339,#1340,#1341)
    ,(#1342,#1343,#1344,#1345)
    ,(#1346,#1347,#1348,#1349
    )),.UNSPECIFIED.,.F.,.F.,.F.,(4,4),(4,4),(-2.634381664039,
    2.634381664039),(-2.367512996209,2.367512996209),
  .PIECEWISE_BEZIER_KNOTS.);
#1334 = CARTESIAN_POINT('',(-2.474399892586,-48.8,41.065748688348));
#1335 = CARTESIAN_POINT('',(-2.577316820716,-48.8,42.640731725365));
#1336 = CARTESIAN_POINT('',(-2.680233748846,-48.8,44.215714762381));
#1337 = CARTESIAN_POINT('',(-2.783150676977,-48.8,45.790697799398));
#1338 = CARTESIAN_POINT('',(-0.721883036065,-48.8,41.180266525765));
#1339 = CARTESIAN_POINT('',(-0.824799964195,-48.8,42.755249562782));
#1340 = CARTESIAN_POINT('',(-0.927716892326,-48.8,44.330232599799));
#1341 = CARTESIAN_POINT('',(-1.030633820456,-48.8,45.905215636816));
#1342 = CARTESIAN_POINT('',(1.030633820456,-48.8,41.294784363184));
#1343 = CARTESIAN_POINT('',(0.927716892326,-48.8,42.869767400201));
#1344 = CARTESIAN_POINT('',(0.824799964195,-48.8,44.44475043722));
#1345 = CARTESIAN_POINT('',(0.721883036065,-48.8,46.019733474234));
#1346 = CARTESIAN_POINT('',(2.783150676977,-48.8,41.409302200603));
#1347 = CARTESIAN_POINT('',(2.680233748846,-48.8,42.984285237619));
#1348 = CARTESIAN_POINT('',(2.577316820716,-48.8,44.559268274638));
#1349 = CARTESIAN_POINT('',(2.474399892586,-48.8,46.134251311652));
#1350 = ADVANCED_FACE('',(#1351),#1367,.F.);
#1351 = FACE_BOUND('',#1352,.T.);
#1352 = EDGE_LOOP('',(#1353,#1358,#1359,#1360));
#1353 = ORIENTED_EDGE('',*,*,#1354,.T.);
#1354 = EDGE_CURVE('',#1113,#884,#1355,.T.);
#1355 = B_SPLINE_CURVE_WITH_KNOTS('',1,(#1356,#1357),.UNSPECIFIED.,.F.,
  .F.,(2,2),(0.,1.),.PIECEWISE_BEZIER_KNOTS.);
#1356 = CARTESIAN_POINT('',(4.166952215746,-51.,42.5373596171));
#1357 = CARTESIAN_POINT('',(4.166952215746,-53.6,42.5373596171));
#1358 = ORIENTED_EDGE('',*,*,#940,.T.);
#1359 = ORIENTED_EDGE('',*,*,#1190,.F.);
#1360 = ORIENTED_EDGE('',*,*,#1361,.F.);
#1361 = EDGE_CURVE('',#1113,#1156,#1362,.T.);
#1362 = CIRCLE('',#1363,9.5);
#1363 = AXIS2_PLACEMENT_3D('',#1364,#1365,#1366);
#1364 = CARTESIAN_POINT('',(3.045E-14,-51.00817928648,34.));
#1365 = DIRECTION('',(3.4E-16,-1.,3.9E-16));
#1366 = DIRECTION('',(1.,3.4E-16,0.));
#1367 = CYLINDRICAL_SURFACE('',#1368,9.5);
#1368 = AXIS2_PLACEMENT_3D('',#1369,#1370,#1371);
#1369 = CARTESIAN_POINT('',(3.122E-14,-53.30817928648,34.));
#1370 = DIRECTION('',(0.,1.,-2.2E-16));
#1371 = DIRECTION('',(1.,0.,0.));
#1372 = ADVANCED_FACE('',(#1373),#1389,.F.);
#1373 = FACE_BOUND('',#1374,.T.);
#1374 = EDGE_LOOP('',(#1375,#1376,#1381,#1388));
#1375 = ORIENTED_EDGE('',*,*,#874,.T.);
#1376 = ORIENTED_EDGE('',*,*,#1377,.F.);
#1377 = EDGE_CURVE('',#1261,#875,#1378,.T.);
#1378 = B_SPLINE_CURVE_WITH_KNOTS('',1,(#1379,#1380),.UNSPECIFIED.,.F.,
  .F.,(2,2),(0.,1.),.PIECEWISE_BEZIER_KNOTS.);
#1379 = CARTESIAN_POINT('',(4.166952215746,-51.,25.4626403829));
#1380 = CARTESIAN_POINT('',(4.166952215746,-53.6,25.4626403829));
#1381 = ORIENTED_EDGE('',*,*,#1382,.F.);
#1382 = EDGE_CURVE('',#1178,#1261,#1383,.T.);
#1383 = CIRCLE('',#1384,9.5);
#1384 = AXIS2_PLACEMENT_3D('',#1385,#1386,#1387);
#1385 = CARTESIAN_POINT('',(3.045E-14,-51.00817928648,34.));
#1386 = DIRECTION('',(3.4E-16,-1.,3.9E-16));
#1387 = DIRECTION('',(1.,3.4E-16,0.));
#1388 = ORIENTED_EDGE('',*,*,#1184,.T.);
#1389 = CYLINDRICAL_SURFACE('',#1390,9.5);
#1390 = AXIS2_PLACEMENT_3D('',#1391,#1392,#1393);
#1391 = CARTESIAN_POINT('',(3.122E-14,-53.30817928648,34.));
#1392 = DIRECTION('',(0.,1.,-2.2E-16));
#1393 = DIRECTION('',(1.,0.,0.));
#1394 = ADVANCED_FACE('',(#1395),#1418,.F.);
#1395 = FACE_BOUND('',#1396,.T.);
#1396 = EDGE_LOOP('',(#1397,#1398,#1405,#1413));
#1397 = ORIENTED_EDGE('',*,*,#1032,.T.);
#1398 = ORIENTED_EDGE('',*,*,#1399,.T.);
#1399 = EDGE_CURVE('',#1035,#1400,#1402,.T.);
#1400 = VERTEX_POINT('',#1401);
#1401 = CARTESIAN_POINT('',(-1.2,-50.2,22.521539030917));
#1402 = B_SPLINE_CURVE_WITH_KNOTS('',1,(#1403,#1404),.UNSPECIFIED.,.F.,
  .F.,(2,2),(0.,1.),.PIECEWISE_BEZIER_KNOTS.);
#1403 = CARTESIAN_POINT('',(-1.2,-48.8,22.521539030917));
#1404 = CARTESIAN_POINT('',(-1.2,-50.2,22.521539030917));
#1405 = ORIENTED_EDGE('',*,*,#1406,.F.);
#1406 = EDGE_CURVE('',#1407,#1400,#1409,.T.);
#1407 = VERTEX_POINT('',#1408);
#1408 = CARTESIAN_POINT('',(1.2,-50.2,22.521539030917));
#1409 = LINE('',#1410,#1411);
#1410 = CARTESIAN_POINT('',(1.2,-50.2,22.521539030917));
#1411 = VECTOR('',#1412,1.);
#1412 = DIRECTION('',(-1.,-5.8E-16,-0.));
#1413 = ORIENTED_EDGE('',*,*,#1414,.F.);
#1414 = EDGE_CURVE('',#1033,#1407,#1415,.T.);
#1415 = B_SPLINE_CURVE_WITH_KNOTS('',1,(#1416,#1417),.UNSPECIFIED.,.F.,
  .F.,(2,2),(0.,1.),.PIECEWISE_BEZIER_KNOTS.);
#1416 = CARTESIAN_POINT('',(1.2,-48.8,22.521539030917));
#1417 = CARTESIAN_POINT('',(1.2,-50.2,22.521539030917));
#1418 = PLANE('',#1419);
#1419 = AXIS2_PLACEMENT_3D('',#1420,#1421,#1422);
#1420 = CARTESIAN_POINT('',(1.2,-50.2,22.521539030917));
#1421 = DIRECTION('',(-0.,-0.,-1.));
#1422 = DIRECTION('',(1.,5.8E-16,0.));
#1423 = ADVANCED_FACE('',(#1424),#1441,.F.);
#1424 = FACE_BOUND('',#1425,.T.);
#1425 = EDGE_LOOP('',(#1426,#1427,#1428,#1436));
#1426 = ORIENTED_EDGE('',*,*,#1074,.T.);
#1427 = ORIENTED_EDGE('',*,*,#1414,.T.);
#1428 = ORIENTED_EDGE('',*,*,#1429,.F.);
#1429 = EDGE_CURVE('',#1430,#1407,#1432,.T.);
#1430 = VERTEX_POINT('',#1431);
#1431 = CARTESIAN_POINT('',(2.4,-50.2,24.6));
#1432 = LINE('',#1433,#1434);
#1433 = CARTESIAN_POINT('',(2.4,-50.2,24.6));
#1434 = VECTOR('',#1435,1.);
#1435 = DIRECTION('',(-0.5,-9.5E-16,-0.866025403784));
#1436 = ORIENTED_EDGE('',*,*,#1437,.F.);
#1437 = EDGE_CURVE('',#1067,#1430,#1438,.T.);
#1438 = B_SPLINE_CURVE_WITH_KNOTS('',1,(#1439,#1440),.UNSPECIFIED.,.F.,
  .F.,(2,2),(0.,1.),.PIECEWISE_BEZIER_KNOTS.);
#1439 = CARTESIAN_POINT('',(2.4,-48.8,24.6));
#1440 = CARTESIAN_POINT('',(2.4,-50.2,24.6));
#1441 = PLANE('',#1442);
#1442 = AXIS2_PLACEMENT_3D('',#1443,#1444,#1445);
#1443 = CARTESIAN_POINT('',(2.4,-50.2,24.6));
#1444 = DIRECTION('',(0.866025403784,0.,-0.5));
#1445 = DIRECTION('',(0.5,9.5E-16,0.866025403784));
#1446 = ADVANCED_FACE('',(#1447),#1464,.F.);
#1447 = FACE_BOUND('',#1448,.T.);
#1448 = EDGE_LOOP('',(#1449,#1450,#1457,#1463));
#1449 = ORIENTED_EDGE('',*,*,#1042,.T.);
#1450 = ORIENTED_EDGE('',*,*,#1451,.T.);
#1451 = EDGE_CURVE('',#1043,#1452,#1454,.T.);
#1452 = VERTEX_POINT('',#1453);
#1453 = CARTESIAN_POINT('',(-2.4,-50.2,24.6));
#1454 = B_SPLINE_CURVE_WITH_KNOTS('',1,(#1455,#1456),.UNSPECIFIED.,.F.,
  .F.,(2,2),(0.,1.),.PIECEWISE_BEZIER_KNOTS.);
#1455 = CARTESIAN_POINT('',(-2.4,-48.8,24.6));
#1456 = CARTESIAN_POINT('',(-2.4,-50.2,24.6));
#1457 = ORIENTED_EDGE('',*,*,#1458,.F.);
#1458 = EDGE_CURVE('',#1400,#1452,#1459,.T.);
#1459 = LINE('',#1460,#1461);
#1460 = CARTESIAN_POINT('',(-1.2,-50.2,22.521539030917));
#1461 = VECTOR('',#1462,1.);
#1462 = DIRECTION('',(-0.5,3.8E-16,0.866025403784));
#1463 = ORIENTED_EDGE('',*,*,#1399,.F.);
#1464 = PLANE('',#1465);
#1465 = AXIS2_PLACEMENT_3D('',#1466,#1467,#1468);
#1466 = CARTESIAN_POINT('',(-1.2,-50.2,22.521539030917));
#1467 = DIRECTION('',(-0.866025403784,-5.5E-16,-0.5));
#1468 = DIRECTION('',(0.5,-3.8E-16,-0.866025403784));
#1469 = ADVANCED_FACE('',(#1470),#1487,.F.);
#1470 = FACE_BOUND('',#1471,.T.);
#1471 = EDGE_LOOP('',(#1472,#1473,#1474,#1482));
#1472 = ORIENTED_EDGE('',*,*,#1066,.T.);
#1473 = ORIENTED_EDGE('',*,*,#1437,.T.);
#1474 = ORIENTED_EDGE('',*,*,#1475,.F.);
#1475 = EDGE_CURVE('',#1476,#1430,#1478,.T.);
#1476 = VERTEX_POINT('',#1477);
#1477 = CARTESIAN_POINT('',(1.2,-50.2,26.678460969083));
#1478 = LINE('',#1479,#1480);
#1479 = CARTESIAN_POINT('',(1.2,-50.2,26.678460969083));
#1480 = VECTOR('',#1481,1.);
#1481 = DIRECTION('',(0.5,-3.8E-16,-0.866025403784));
#1482 = ORIENTED_EDGE('',*,*,#1483,.F.);
#1483 = EDGE_CURVE('',#1059,#1476,#1484,.T.);
#1484 = B_SPLINE_CURVE_WITH_KNOTS('',1,(#1485,#1486),.UNSPECIFIED.,.F.,
  .F.,(2,2),(0.,1.),.PIECEWISE_BEZIER_KNOTS.);
#1485 = CARTESIAN_POINT('',(1.2,-48.8,26.678460969083));
#1486 = CARTESIAN_POINT('',(1.2,-50.2,26.678460969083));
#1487 = PLANE('',#1488);
#1488 = AXIS2_PLACEMENT_3D('',#1489,#1490,#1491);
#1489 = CARTESIAN_POINT('',(1.2,-50.2,26.678460969083));
#1490 = DIRECTION('',(0.866025403784,5.5E-16,0.5));
#1491 = DIRECTION('',(-0.5,3.8E-16,0.866025403784));
#1492 = ADVANCED_FACE('',(#1493),#1510,.F.);
#1493 = FACE_BOUND('',#1494,.T.);
#1494 = EDGE_LOOP('',(#1495,#1496,#1503,#1509));
#1495 = ORIENTED_EDGE('',*,*,#1050,.T.);
#1496 = ORIENTED_EDGE('',*,*,#1497,.T.);
#1497 = EDGE_CURVE('',#1051,#1498,#1500,.T.);
#1498 = VERTEX_POINT('',#1499);
#1499 = CARTESIAN_POINT('',(-1.2,-50.2,26.678460969083));
#1500 = B_SPLINE_CURVE_WITH_KNOTS('',1,(#1501,#1502),.UNSPECIFIED.,.F.,
  .F.,(2,2),(0.,1.),.PIECEWISE_BEZIER_KNOTS.);
#1501 = CARTESIAN_POINT('',(-1.2,-48.8,26.678460969083));
#1502 = CARTESIAN_POINT('',(-1.2,-50.2,26.678460969083));
#1503 = ORIENTED_EDGE('',*,*,#1504,.F.);
#1504 = EDGE_CURVE('',#1452,#1498,#1505,.T.);
#1505 = LINE('',#1506,#1507);
#1506 = CARTESIAN_POINT('',(-2.4,-50.2,24.6));
#1507 = VECTOR('',#1508,1.);
#1508 = DIRECTION('',(0.5,9.5E-16,0.866025403784));
#1509 = ORIENTED_EDGE('',*,*,#1451,.F.);
#1510 = PLANE('',#1511);
#1511 = AXIS2_PLACEMENT_3D('',#1512,#1513,#1514);
#1512 = CARTESIAN_POINT('',(-2.4,-50.2,24.6));
#1513 = DIRECTION('',(-0.866025403784,0.,0.5));
#1514 = DIRECTION('',(-0.5,-9.5E-16,-0.866025403784));
#1515 = ADVANCED_FACE('',(#1516),#1527,.F.);
#1516 = FACE_BOUND('',#1517,.T.);
#1517 = EDGE_LOOP('',(#1518,#1519,#1520,#1526));
#1518 = ORIENTED_EDGE('',*,*,#1058,.T.);
#1519 = ORIENTED_EDGE('',*,*,#1483,.T.);
#1520 = ORIENTED_EDGE('',*,*,#1521,.F.);
#1521 = EDGE_CURVE('',#1498,#1476,#1522,.T.);
#1522 = LINE('',#1523,#1524);
#1523 = CARTESIAN_POINT('',(-1.2,-50.2,26.678460969083));
#1524 = VECTOR('',#1525,1.);
#1525 = DIRECTION('',(1.,5.8E-16,-3.7E-16));
#1526 = ORIENTED_EDGE('',*,*,#1497,.F.);
#1527 = PLANE('',#1528);
#1528 = AXIS2_PLACEMENT_3D('',#1529,#1530,#1531);
#1529 = CARTESIAN_POINT('',(-1.2,-50.2,26.678460969083));
#1530 = DIRECTION('',(3.7E-16,0.,1.));
#1531 = DIRECTION('',(-1.,-5.8E-16,3.7E-16));
#1532 = ADVANCED_FACE('',(#1533),#1539,.T.);
#1533 = FACE_BOUND('',#1534,.T.);
#1534 = EDGE_LOOP('',(#1535,#1536,#1537,#1538));
#1535 = ORIENTED_EDGE('',*,*,#1119,.F.);
#1536 = ORIENTED_EDGE('',*,*,#1361,.T.);
#1537 = ORIENTED_EDGE('',*,*,#1162,.T.);
#1538 = ORIENTED_EDGE('',*,*,#1141,.T.);
#1539 = PLANE('',#1540);
#1540 = AXIS2_PLACEMENT_3D('',#1541,#1542,#1543);
#1541 = CARTESIAN_POINT('',(0.181011882769,-51.00817928648,
    33.999999999976));
#1542 = DIRECTION('',(3.4E-16,-1.,3.9E-16));
#1543 = DIRECTION('',(-1.4399655E-10,-3.90000000049E-16,-1.));
#1544 = ADVANCED_FACE('',(#1545),#1551,.T.);
#1545 = FACE_BOUND('',#1546,.T.);
#1546 = EDGE_LOOP('',(#1547,#1548,#1549,#1550));
#1547 = ORIENTED_EDGE('',*,*,#1382,.T.);
#1548 = ORIENTED_EDGE('',*,*,#1269,.F.);
#1549 = ORIENTED_EDGE('',*,*,#1246,.T.);
#1550 = ORIENTED_EDGE('',*,*,#1225,.T.);
#1551 = PLANE('',#1552);
#1552 = AXIS2_PLACEMENT_3D('',#1553,#1554,#1555);
#1553 = CARTESIAN_POINT('',(0.181011882769,-51.00817928648,
    33.999999999976));
#1554 = DIRECTION('',(3.4E-16,-1.,3.9E-16));
#1555 = DIRECTION('',(-1.4399655E-10,-3.90000000049E-16,-1.));
#1556 = ADVANCED_FACE('',(#1557),#1580,.F.);
#1557 = FACE_BOUND('',#1558,.F.);
#1558 = EDGE_LOOP('',(#1559,#1560,#1567,#1575));
#1559 = ORIENTED_EDGE('',*,*,#1282,.T.);
#1560 = ORIENTED_EDGE('',*,*,#1561,.T.);
#1561 = EDGE_CURVE('',#1285,#1562,#1564,.T.);
#1562 = VERTEX_POINT('',#1563);
#1563 = CARTESIAN_POINT('',(-1.2,-50.2,45.678460969083));
#1564 = B_SPLINE_CURVE_WITH_KNOTS('',1,(#1565,#1566),.UNSPECIFIED.,.F.,
  .F.,(2,2),(0.,1.),.PIECEWISE_BEZIER_KNOTS.);
#1565 = CARTESIAN_POINT('',(-1.2,-48.8,45.678460969083));
#1566 = CARTESIAN_POINT('',(-1.2,-50.2,45.678460969083));
#1567 = ORIENTED_EDGE('',*,*,#1568,.F.);
#1568 = EDGE_CURVE('',#1569,#1562,#1571,.T.);
#1569 = VERTEX_POINT('',#1570);
#1570 = CARTESIAN_POINT('',(1.2,-50.2,45.678460969083));
#1571 = LINE('',#1572,#1573);
#1572 = CARTESIAN_POINT('',(1.2,-50.2,45.678460969083));
#1573 = VECTOR('',#1574,1.);
#1574 = DIRECTION('',(-1.,-5.8E-16,0.));
#1575 = ORIENTED_EDGE('',*,*,#1576,.F.);
#1576 = EDGE_CURVE('',#1283,#1569,#1577,.T.);
#1577 = B_SPLINE_CURVE_WITH_KNOTS('',1,(#1578,#1579),.UNSPECIFIED.,.F.,
  .F.,(2,2),(0.,1.),.PIECEWISE_BEZIER_KNOTS.);
#1578 = CARTESIAN_POINT('',(1.2,-48.8,45.678460969083));
#1579 = CARTESIAN_POINT('',(1.2,-50.2,45.678460969083));
#1580 = PLANE('',#1581);
#1581 = AXIS2_PLACEMENT_3D('',#1582,#1583,#1584);
#1582 = CARTESIAN_POINT('',(1.2,-50.2,45.678460969083));
#1583 = DIRECTION('',(0.,0.,1.));
#1584 = DIRECTION('',(-1.,-5.8E-16,0.));
#1585 = ADVANCED_FACE('',(#1586),#1603,.F.);
#1586 = FACE_BOUND('',#1587,.F.);
#1587 = EDGE_LOOP('',(#1588,#1589,#1590,#1598));
#1588 = ORIENTED_EDGE('',*,*,#1324,.T.);
#1589 = ORIENTED_EDGE('',*,*,#1576,.T.);
#1590 = ORIENTED_EDGE('',*,*,#1591,.F.);
#1591 = EDGE_CURVE('',#1592,#1569,#1594,.T.);
#1592 = VERTEX_POINT('',#1593);
#1593 = CARTESIAN_POINT('',(2.4,-50.2,43.6));
#1594 = LINE('',#1595,#1596);
#1595 = CARTESIAN_POINT('',(2.4,-50.2,43.6));
#1596 = VECTOR('',#1597,1.);
#1597 = DIRECTION('',(-0.5,-9.5E-16,0.866025403784));
#1598 = ORIENTED_EDGE('',*,*,#1599,.F.);
#1599 = EDGE_CURVE('',#1317,#1592,#1600,.T.);
#1600 = B_SPLINE_CURVE_WITH_KNOTS('',1,(#1601,#1602),.UNSPECIFIED.,.F.,
  .F.,(2,2),(0.,1.),.PIECEWISE_BEZIER_KNOTS.);
#1601 = CARTESIAN_POINT('',(2.4,-48.8,43.6));
#1602 = CARTESIAN_POINT('',(2.4,-50.2,43.6));
#1603 = PLANE('',#1604);
#1604 = AXIS2_PLACEMENT_3D('',#1605,#1606,#1607);
#1605 = CARTESIAN_POINT('',(2.4,-50.2,43.6));
#1606 = DIRECTION('',(0.866025403784,0.,0.5));
#1607 = DIRECTION('',(-0.5,-9.5E-16,0.866025403784));
#1608 = ADVANCED_FACE('',(#1609),#1626,.F.);
#1609 = FACE_BOUND('',#1610,.F.);
#1610 = EDGE_LOOP('',(#1611,#1612,#1619,#1625));
#1611 = ORIENTED_EDGE('',*,*,#1292,.T.);
#1612 = ORIENTED_EDGE('',*,*,#1613,.T.);
#1613 = EDGE_CURVE('',#1293,#1614,#1616,.T.);
#1614 = VERTEX_POINT('',#1615);
#1615 = CARTESIAN_POINT('',(-2.4,-50.2,43.6));
#1616 = B_SPLINE_CURVE_WITH_KNOTS('',1,(#1617,#1618),.UNSPECIFIED.,.F.,
  .F.,(2,2),(0.,1.),.PIECEWISE_BEZIER_KNOTS.);
#1617 = CARTESIAN_POINT('',(-2.4,-48.8,43.6));
#1618 = CARTESIAN_POINT('',(-2.4,-50.2,43.6));
#1619 = ORIENTED_EDGE('',*,*,#1620,.F.);
#1620 = EDGE_CURVE('',#1562,#1614,#1621,.T.);
#1621 = LINE('',#1622,#1623);
#1622 = CARTESIAN_POINT('',(-1.2,-50.2,45.678460969083));
#1623 = VECTOR('',#1624,1.);
#1624 = DIRECTION('',(-0.5,3.8E-16,-0.866025403784));
#1625 = ORIENTED_EDGE('',*,*,#1561,.F.);
#1626 = PLANE('',#1627);
#1627 = AXIS2_PLACEMENT_3D('',#1628,#1629,#1630);
#1628 = CARTESIAN_POINT('',(-1.2,-50.2,45.678460969083));
#1629 = DIRECTION('',(-0.866025403784,-5.5E-16,0.5));
#1630 = DIRECTION('',(-0.5,3.8E-16,-0.866025403784));
#1631 = ADVANCED_FACE('',(#1632),#1649,.F.);
#1632 = FACE_BOUND('',#1633,.F.);
#1633 = EDGE_LOOP('',(#1634,#1635,#1636,#1644));
#1634 = ORIENTED_EDGE('',*,*,#1316,.T.);
#1635 = ORIENTED_EDGE('',*,*,#1599,.T.);
#1636 = ORIENTED_EDGE('',*,*,#1637,.F.);
#1637 = EDGE_CURVE('',#1638,#1592,#1640,.T.);
#1638 = VERTEX_POINT('',#1639);
#1639 = CARTESIAN_POINT('',(1.2,-50.2,41.521539030917));
#1640 = LINE('',#1641,#1642);
#1641 = CARTESIAN_POINT('',(1.2,-50.2,41.521539030917));
#1642 = VECTOR('',#1643,1.);
#1643 = DIRECTION('',(0.5,-3.8E-16,0.866025403784));
#1644 = ORIENTED_EDGE('',*,*,#1645,.F.);
#1645 = EDGE_CURVE('',#1309,#1638,#1646,.T.);
#1646 = B_SPLINE_CURVE_WITH_KNOTS('',1,(#1647,#1648),.UNSPECIFIED.,.F.,
  .F.,(2,2),(0.,1.),.PIECEWISE_BEZIER_KNOTS.);
#1647 = CARTESIAN_POINT('',(1.2,-48.8,41.521539030917));
#1648 = CARTESIAN_POINT('',(1.2,-50.2,41.521539030917));
#1649 = PLANE('',#1650);
#1650 = AXIS2_PLACEMENT_3D('',#1651,#1652,#1653);
#1651 = CARTESIAN_POINT('',(1.2,-50.2,41.521539030917));
#1652 = DIRECTION('',(0.866025403784,5.5E-16,-0.5));
#1653 = DIRECTION('',(0.5,-3.8E-16,0.866025403784));
#1654 = ADVANCED_FACE('',(#1655),#1672,.F.);
#1655 = FACE_BOUND('',#1656,.F.);
#1656 = EDGE_LOOP('',(#1657,#1658,#1665,#1671));
#1657 = ORIENTED_EDGE('',*,*,#1300,.T.);
#1658 = ORIENTED_EDGE('',*,*,#1659,.T.);
#1659 = EDGE_CURVE('',#1301,#1660,#1662,.T.);
#1660 = VERTEX_POINT('',#1661);
#1661 = CARTESIAN_POINT('',(-1.2,-50.2,41.521539030917));
#1662 = B_SPLINE_CURVE_WITH_KNOTS('',1,(#1663,#1664),.UNSPECIFIED.,.F.,
  .F.,(2,2),(0.,1.),.PIECEWISE_BEZIER_KNOTS.);
#1663 = CARTESIAN_POINT('',(-1.2,-48.8,41.521539030917));
#1664 = CARTESIAN_POINT('',(-1.2,-50.2,41.521539030917));
#1665 = ORIENTED_EDGE('',*,*,#1666,.F.);
#1666 = EDGE_CURVE('',#1614,#1660,#1667,.T.);
#1667 = LINE('',#1668,#1669);
#1668 = CARTESIAN_POINT('',(-2.4,-50.2,43.6));
#1669 = VECTOR('',#1670,1.);
#1670 = DIRECTION('',(0.5,9.5E-16,-0.866025403784));
#1671 = ORIENTED_EDGE('',*,*,#1613,.F.);
#1672 = PLANE('',#1673);
#1673 = AXIS2_PLACEMENT_3D('',#1674,#1675,#1676);
#1674 = CARTESIAN_POINT('',(-2.4,-50.2,43.6));
#1675 = DIRECTION('',(-0.866025403784,-0.,-0.5));
#1676 = DIRECTION('',(0.5,9.5E-16,-0.866025403784));
#1677 = ADVANCED_FACE('',(#1678),#1689,.F.);
#1678 = FACE_BOUND('',#1679,.F.);
#1679 = EDGE_LOOP('',(#1680,#1681,#1682,#1688));
#1680 = ORIENTED_EDGE('',*,*,#1308,.T.);
#1681 = ORIENTED_EDGE('',*,*,#1645,.T.);
#1682 = ORIENTED_EDGE('',*,*,#1683,.F.);
#1683 = EDGE_CURVE('',#1660,#1638,#1684,.T.);
#1684 = LINE('',#1685,#1686);
#1685 = CARTESIAN_POINT('',(-1.2,-50.2,41.521539030917));
#1686 = VECTOR('',#1687,1.);
#1687 = DIRECTION('',(1.,5.8E-16,3.7E-16));
#1688 = ORIENTED_EDGE('',*,*,#1659,.F.);
#1689 = PLANE('',#1690);
#1690 = AXIS2_PLACEMENT_3D('',#1691,#1692,#1693);
#1691 = CARTESIAN_POINT('',(-1.2,-50.2,41.521539030917));
#1692 = DIRECTION('',(3.7E-16,0.,-1.));
#1693 = DIRECTION('',(1.,5.8E-16,3.7E-16));
#1694 = ADVANCED_FACE('',(#1695),#1703,.T.);
#1695 = FACE_BOUND('',#1696,.T.);
#1696 = EDGE_LOOP('',(#1697,#1698,#1699,#1700,#1701,#1702));
#1697 = ORIENTED_EDGE('',*,*,#1406,.T.);
#1698 = ORIENTED_EDGE('',*,*,#1458,.T.);
#1699 = ORIENTED_EDGE('',*,*,#1504,.T.);
#1700 = ORIENTED_EDGE('',*,*,#1521,.T.);
#1701 = ORIENTED_EDGE('',*,*,#1475,.T.);
#1702 = ORIENTED_EDGE('',*,*,#1429,.T.);
#1703 = PLANE('',#1704);
#1704 = AXIS2_PLACEMENT_3D('',#1705,#1706,#1707);
#1705 = CARTESIAN_POINT('',(1.71E-14,-50.2,24.6));
#1706 = DIRECTION('',(0.,1.,0.));
#1707 = DIRECTION('',(0.,0.,1.));
#1708 = ADVANCED_FACE('',(#1709),#1717,.F.);
#1709 = FACE_BOUND('',#1710,.T.);
#1710 = EDGE_LOOP('',(#1711,#1712,#1713,#1714,#1715,#1716));
#1711 = ORIENTED_EDGE('',*,*,#1568,.F.);
#1712 = ORIENTED_EDGE('',*,*,#1591,.F.);
#1713 = ORIENTED_EDGE('',*,*,#1637,.F.);
#1714 = ORIENTED_EDGE('',*,*,#1683,.F.);
#1715 = ORIENTED_EDGE('',*,*,#1666,.F.);
#1716 = ORIENTED_EDGE('',*,*,#1620,.F.);
#1717 = PLANE('',#1718);
#1718 = AXIS2_PLACEMENT_3D('',#1719,#1720,#1721);
#1719 = CARTESIAN_POINT('',(3.614E-14,-50.2,43.6));
#1720 = DIRECTION('',(5.8E-16,-1.,-7.7E-16));
#1721 = DIRECTION('',(0.997871842439,5.285572633467E-16,
    6.520572112708E-02));
#1722 = ADVANCED_FACE('',(#1723),#1731,.T.);
#1723 = FACE_BOUND('',#1724,.T.);
#1724 = EDGE_LOOP('',(#1725,#1726,#1727,#1728,#1729,#1730));
#1725 = ORIENTED_EDGE('',*,*,#472,.F.);
#1726 = ORIENTED_EDGE('',*,*,#1260,.T.);
#1727 = ORIENTED_EDGE('',*,*,#1377,.T.);
#1728 = ORIENTED_EDGE('',*,*,#883,.F.);
#1729 = ORIENTED_EDGE('',*,*,#1354,.F.);
#1730 = ORIENTED_EDGE('',*,*,#1112,.F.);
#1731 = B_SPLINE_SURFACE_WITH_KNOTS('',7,1,(
    (#1732,#1733)
    ,(#1734,#1735)
    ,(#1736,#1737)
    ,(#1738,#1739)
    ,(#1740,#1741)
    ,(#1742,#1743)
    ,(#1744,#1745)
    ,(#1746,#1747
    )),.UNSPECIFIED.,.F.,.F.,.F.,(8,8),(2,2),(0.,9.596895271599),(0.,1.)
  ,.PIECEWISE_BEZIER_KNOTS.);
#1732 = CARTESIAN_POINT('',(4.166952215746,-51.,42.5373596171));
#1733 = CARTESIAN_POINT('',(4.166952215746,-53.6,42.5373596171));
#1734 = CARTESIAN_POINT('',(6.927563159945,-51.,41.189948425975));
#1735 = CARTESIAN_POINT('',(6.927563159945,-53.6,41.189948425975));
#1736 = CARTESIAN_POINT('',(9.142192163085,-51.,38.819571882027));
#1737 = CARTESIAN_POINT('',(9.142192163085,-53.6,38.819571882027));
#1738 = CARTESIAN_POINT('',(10.381654537339,-51.,35.698974678976));
#1739 = CARTESIAN_POINT('',(10.381654537339,-53.6,35.698974678976));
#1740 = CARTESIAN_POINT('',(10.381654537339,-51.,32.301025321024));
#1741 = CARTESIAN_POINT('',(10.381654537339,-53.6,32.301025321024));
#1742 = CARTESIAN_POINT('',(9.142192163085,-51.,29.180428117973));
#1743 = CARTESIAN_POINT('',(9.142192163085,-53.6,29.180428117973));
#1744 = CARTESIAN_POINT('',(6.927563159945,-51.,26.810051574025));
#1745 = CARTESIAN_POINT('',(6.927563159945,-53.6,26.810051574025));
#1746 = CARTESIAN_POINT('',(4.166952215746,-51.,25.4626403829));
#1747 = CARTESIAN_POINT('',(4.166952215746,-53.6,25.4626403829));
#1748 = MANIFOLD_SOLID_BREP('',#1749);
#1749 = CLOSED_SHELL('',(#1750,#1785,#1802,#1836,#1875,#1896));
#1750 = ADVANCED_FACE('',(#1751),#1780,.T.);
#1751 = FACE_BOUND('',#1752,.F.);
#1752 = EDGE_LOOP('',(#1753,#1764,#1773));
#1753 = ORIENTED_EDGE('',*,*,#1754,.T.);
#1754 = EDGE_CURVE('',#1755,#1757,#1759,.T.);
#1755 = VERTEX_POINT('',#1756);
#1756 = CARTESIAN_POINT('',(0.,-52.1,43.4));
#1757 = VERTEX_POINT('',#1758);
#1758 = CARTESIAN_POINT('',(0.,-52.1,24.6));
#1759 = CIRCLE('',#1760,9.4);
#1760 = AXIS2_PLACEMENT_3D('',#1761,#1762,#1763);
#1761 = CARTESIAN_POINT('',(-3.122E-14,-52.1,34.));
#1762 = DIRECTION('',(0.,1.,-2.2E-16));
#1763 = DIRECTION('',(3.32E-15,2.2E-16,1.));
#1764 = ORIENTED_EDGE('',*,*,#1765,.T.);
#1765 = EDGE_CURVE('',#1757,#1766,#1768,.T.);
#1766 = VERTEX_POINT('',#1767);
#1767 = CARTESIAN_POINT('',(0.,-54.93525503229,34.));
#1768 = CIRCLE('',#1769,17.);
#1769 = AXIS2_PLACEMENT_3D('',#1770,#1771,#1772);
#1770 = CARTESIAN_POINT('',(-6.245E-14,-37.93525503229,34.));
#1771 = DIRECTION('',(-1.,0.,-1.2E-16));
#1772 = DIRECTION('',(5.28E-32,1.,-4.4E-16));
#1773 = ORIENTED_EDGE('',*,*,#1774,.F.);
#1774 = EDGE_CURVE('',#1755,#1766,#1775,.T.);
#1775 = CIRCLE('',#1776,17.);
#1776 = AXIS2_PLACEMENT_3D('',#1777,#1778,#1779);
#1777 = CARTESIAN_POINT('',(0.,-37.93525503229,34.));
#1778 = DIRECTION('',(1.,0.,0.));
#1779 = DIRECTION('',(0.,1.,0.));
#1780 = SPHERICAL_SURFACE('',#1781,17.);
#1781 = AXIS2_PLACEMENT_3D('',#1782,#1783,#1784);
#1782 = CARTESIAN_POINT('',(0.,-37.93525503229,34.));
#1783 = DIRECTION('',(0.,-1.,2.2E-16));
#1784 = DIRECTION('',(6.36E-15,2.2E-16,1.));
#1785 = ADVANCED_FACE('',(#1786),#1797,.T.);
#1786 = FACE_BOUND('',#1787,.T.);
#1787 = EDGE_LOOP('',(#1788,#1795,#1796));
#1788 = ORIENTED_EDGE('',*,*,#1789,.T.);
#1789 = EDGE_CURVE('',#1755,#1757,#1790,.T.);
#1790 = CIRCLE('',#1791,9.4);
#1791 = AXIS2_PLACEMENT_3D('',#1792,#1793,#1794);
#1792 = CARTESIAN_POINT('',(3.122E-14,-52.1,34.));
#1793 = DIRECTION('',(0.,-1.,2.2E-16));
#1794 = DIRECTION('',(-3.32E-15,2.2E-16,1.));
#1795 = ORIENTED_EDGE('',*,*,#1765,.T.);
#1796 = ORIENTED_EDGE('',*,*,#1774,.F.);
#1797 = SPHERICAL_SURFACE('',#1798,17.);
#1798 = AXIS2_PLACEMENT_3D('',#1799,#1800,#1801);
#1799 = CARTESIAN_POINT('',(0.,-37.93525503229,34.));
#1800 = DIRECTION('',(0.,-1.,2.2E-16));
#1801 = DIRECTION('',(-6.36E-15,2.2E-16,1.));
#1802 = ADVANCED_FACE('',(#1803),#1831,.T.);
#1803 = FACE_BOUND('',#1804,.F.);
#1804 = EDGE_LOOP('',(#1805,#1806,#1813,#1822,#1829,#1830));
#1805 = ORIENTED_EDGE('',*,*,#1754,.F.);
#1806 = ORIENTED_EDGE('',*,*,#1807,.F.);
#1807 = EDGE_CURVE('',#1808,#1755,#1810,.T.);
#1808 = VERTEX_POINT('',#1809);
#1809 = CARTESIAN_POINT('',(0.,-51.1,43.4));
#1810 = B_SPLINE_CURVE_WITH_KNOTS('',1,(#1811,#1812),.UNSPECIFIED.,.F.,
  .F.,(2,2),(0.,1.),.PIECEWISE_BEZIER_KNOTS.);
#1811 = CARTESIAN_POINT('',(-2.3E-15,-51.1,43.4));
#1812 = CARTESIAN_POINT('',(-2.3E-15,-52.1,43.4));
#1813 = ORIENTED_EDGE('',*,*,#1814,.T.);
#1814 = EDGE_CURVE('',#1808,#1815,#1817,.T.);
#1815 = VERTEX_POINT('',#1816);
#1816 = CARTESIAN_POINT('',(0.,-51.1,24.6));
#1817 = CIRCLE('',#1818,9.4);
#1818 = AXIS2_PLACEMENT_3D('',#1819,#1820,#1821);
#1819 = CARTESIAN_POINT('',(-3.122E-14,-51.1,34.));
#1820 = DIRECTION('',(0.,1.,-2.2E-16));
#1821 = DIRECTION('',(3.32E-15,2.2E-16,1.));
#1822 = ORIENTED_EDGE('',*,*,#1823,.F.);
#1823 = EDGE_CURVE('',#1808,#1815,#1824,.T.);
#1824 = CIRCLE('',#1825,9.4);
#1825 = AXIS2_PLACEMENT_3D('',#1826,#1827,#1828);
#1826 = CARTESIAN_POINT('',(3.122E-14,-51.1,34.));
#1827 = DIRECTION('',(0.,-1.,2.2E-16));
#1828 = DIRECTION('',(-3.32E-15,2.2E-16,1.));
#1829 = ORIENTED_EDGE('',*,*,#1807,.T.);
#1830 = ORIENTED_EDGE('',*,*,#1789,.T.);
#1831 = CYLINDRICAL_SURFACE('',#1832,9.4);
#1832 = AXIS2_PLACEMENT_3D('',#1833,#1834,#1835);
#1833 = CARTESIAN_POINT('',(-3.122E-14,-51.1,34.));
#1834 = DIRECTION('',(0.,-1.,2.2E-16));
#1835 = DIRECTION('',(3.32E-15,2.2E-16,1.));
#1836 = ADVANCED_FACE('',(#1837),#1866,.T.);
#1837 = FACE_BOUND('',#1838,.T.);
#1838 = EDGE_LOOP('',(#1839,#1850,#1859));
#1839 = ORIENTED_EDGE('',*,*,#1840,.T.);
#1840 = EDGE_CURVE('',#1841,#1843,#1845,.T.);
#1841 = VERTEX_POINT('',#1842);
#1842 = CARTESIAN_POINT('',(0.,-51.1,42.4));
#1843 = VERTEX_POINT('',#1844);
#1844 = CARTESIAN_POINT('',(0.,-51.1,25.6));
#1845 = CIRCLE('',#1846,8.4);
#1846 = AXIS2_PLACEMENT_3D('',#1847,#1848,#1849);
#1847 = CARTESIAN_POINT('',(-3.122E-14,-51.1,34.));
#1848 = DIRECTION('',(0.,1.,-2.2E-16));
#1849 = DIRECTION('',(3.72E-15,2.2E-16,1.));
#1850 = ORIENTED_EDGE('',*,*,#1851,.T.);
#1851 = EDGE_CURVE('',#1843,#1852,#1854,.T.);
#1852 = VERTEX_POINT('',#1853);
#1853 = CARTESIAN_POINT('',(0.,-53.93525503229,34.));
#1854 = CIRCLE('',#1855,17.);
#1855 = AXIS2_PLACEMENT_3D('',#1856,#1857,#1858);
#1856 = CARTESIAN_POINT('',(-6.257E-14,-36.96762576783,35.048597703473)
  );
#1857 = DIRECTION('',(-1.,0.,-1.2E-16));
#1858 = DIRECTION('',(5.28E-32,1.,-4.4E-16));
#1859 = ORIENTED_EDGE('',*,*,#1860,.F.);
#1860 = EDGE_CURVE('',#1841,#1852,#1861,.T.);
#1861 = CIRCLE('',#1862,17.);
#1862 = AXIS2_PLACEMENT_3D('',#1863,#1864,#1865);
#1863 = CARTESIAN_POINT('',(0.,-36.96762576783,32.951402296527));
#1864 = DIRECTION('',(1.,0.,0.));
#1865 = DIRECTION('',(0.,1.,0.));
#1866 = SURFACE_OF_REVOLUTION('',#1867,#1872);
#1867 = CIRCLE('',#1868,17.);
#1868 = AXIS2_PLACEMENT_3D('',#1869,#1870,#1871);
#1869 = CARTESIAN_POINT('',(0.,-36.96762576783,32.951402296527));
#1870 = DIRECTION('',(1.,0.,0.));
#1871 = DIRECTION('',(0.,1.,0.));
#1872 = AXIS1_PLACEMENT('',#1873,#1874);
#1873 = CARTESIAN_POINT('',(-3.122E-14,-53.30817928648,34.));
#1874 = DIRECTION('',(0.,1.,-2.2E-16));
#1875 = ADVANCED_FACE('',(#1876),#1887,.F.);
#1876 = FACE_BOUND('',#1877,.F.);
#1877 = EDGE_LOOP('',(#1878,#1885,#1886));
#1878 = ORIENTED_EDGE('',*,*,#1879,.T.);
#1879 = EDGE_CURVE('',#1841,#1843,#1880,.T.);
#1880 = CIRCLE('',#1881,8.4);
#1881 = AXIS2_PLACEMENT_3D('',#1882,#1883,#1884);
#1882 = CARTESIAN_POINT('',(3.122E-14,-51.1,34.));
#1883 = DIRECTION('',(0.,-1.,2.2E-16));
#1884 = DIRECTION('',(-3.72E-15,2.2E-16,1.));
#1885 = ORIENTED_EDGE('',*,*,#1851,.T.);
#1886 = ORIENTED_EDGE('',*,*,#1860,.F.);
#1887 = SURFACE_OF_REVOLUTION('',#1888,#1893);
#1888 = CIRCLE('',#1889,17.);
#1889 = AXIS2_PLACEMENT_3D('',#1890,#1891,#1892);
#1890 = CARTESIAN_POINT('',(0.,-36.96762576783,32.951402296527));
#1891 = DIRECTION('',(1.,0.,0.));
#1892 = DIRECTION('',(0.,1.,0.));
#1893 = AXIS1_PLACEMENT('',#1894,#1895);
#1894 = CARTESIAN_POINT('',(3.122E-14,-53.30817928648,34.));
#1895 = DIRECTION('',(0.,-1.,2.2E-16));
#1896 = ADVANCED_FACE('',(#1897,#1901),#1905,.T.);
#1897 = FACE_BOUND('',#1898,.T.);
#1898 = EDGE_LOOP('',(#1899,#1900));
#1899 = ORIENTED_EDGE('',*,*,#1814,.T.);
#1900 = ORIENTED_EDGE('',*,*,#1823,.F.);
#1901 = FACE_BOUND('',#1902,.T.);
#1902 = EDGE_LOOP('',(#1903,#1904));
#1903 = ORIENTED_EDGE('',*,*,#1840,.F.);
#1904 = ORIENTED_EDGE('',*,*,#1879,.T.);
#1905 = PLANE('',#1906);
#1906 = AXIS2_PLACEMENT_3D('',#1907,#1908,#1909);
#1907 = CARTESIAN_POINT('',(7.E-17,-51.1,34.));
#1908 = DIRECTION('',(0.,1.,0.));
#1909 = DIRECTION('',(0.,0.,1.));
#1910 = MANIFOLD_SOLID_BREP('',#1911);
#1911 = CLOSED_SHELL('',(#1912,#1984,#2362,#2395,#2725,#2740,#2768,#2779
    ,#2839,#3159,#3174,#3201,#3212,#3369,#3469,#3500,#3525,#3549,#3567,
    #3598,#3623,#3647,#3665,#3682,#3803,#3825,#3842,#3859,#3871,#3893,
    #3910,#3927,#3939,#3963,#3987,#4011,#4029));
#1912 = ADVANCED_FACE('',(#1913,#1924),#1935,.T.);
#1913 = FACE_BOUND('',#1914,.T.);
#1914 = EDGE_LOOP('',(#1915));
#1915 = ORIENTED_EDGE('',*,*,#1916,.T.);
#1916 = EDGE_CURVE('',#1917,#1917,#1919,.T.);
#1917 = VERTEX_POINT('',#1918);
#1918 = CARTESIAN_POINT('',(3.2E-14,-48.,47.));
#1919 = CIRCLE('',#1920,13.);
#1920 = AXIS2_PLACEMENT_3D('',#1921,#1922,#1923);
#1921 = CARTESIAN_POINT('',(2.887E-14,-48.,34.));
#1922 = DIRECTION('',(0.,-1.,2.2E-16));
#1923 = DIRECTION('',(2.2E-16,2.2E-16,1.));
#1924 = FACE_BOUND('',#1925,.T.);
#1925 = EDGE_LOOP('',(#1926));
#1926 = ORIENTED_EDGE('',*,*,#1927,.F.);
#1927 = EDGE_CURVE('',#1928,#1928,#1930,.T.);
#1928 = VERTEX_POINT('',#1929);
#1929 = CARTESIAN_POINT('',(-11.7,-48.,34.));
#1930 = CIRCLE('',#1931,11.7);
#1931 = AXIS2_PLACEMENT_3D('',#1932,#1933,#1934);
#1932 = CARTESIAN_POINT('',(1.757E-14,-48.,34.));
#1933 = DIRECTION('',(3.8E-16,-1.,-5.6E-16));
#1934 = DIRECTION('',(-1.,-3.8E-16,0.));
#1935 = B_SPLINE_SURFACE_WITH_KNOTS('',5,7,(
    (#1936,#1937,#1938,#1939,#1940,#1941,#1942,#1943)
    ,(#1944,#1945,#1946,#1947,#1948,#1949,#1950,#1951)
    ,(#1952,#1953,#1954,#1955,#1956,#1957,#1958,#1959)
    ,(#1960,#1961,#1962,#1963,#1964,#1965,#1966,#1967)
    ,(#1968,#1969,#1970,#1971,#1972,#1973,#1974,#1975)
    ,(#1976,#1977,#1978,#1979,#1980,#1981,#1982,#1983
  )),.UNSPECIFIED.,.F.,.F.,.F.,(6,6),(8,8),(-14.29740946853,
    14.091446831789),(-14.16318831588,14.27364184198),
  .PIECEWISE_BEZIER_KNOTS.);
#1936 = CARTESIAN_POINT('',(-11.99687080479,-48.,8.894623565502));
#1937 = CARTESIAN_POINT('',(-12.60982985861,-48.,17.273047337849));
#1938 = CARTESIAN_POINT('',(-13.22276029099,-47.99999999999,
    24.191643563394));
#1939 = CARTESIAN_POINT('',(-13.83566176964,-48.,29.65022780338));
#1940 = CARTESIAN_POINT('',(-14.44853169404,-47.99999999999,
    33.649131007644));
#1941 = CARTESIAN_POINT('',(-15.06137146218,-48.,36.18833548533));
#1942 = CARTESIAN_POINT('',(-15.67418507384,-48.,37.267502840952));
#1943 = CARTESIAN_POINT('',(-16.28697007051,-48.,36.886893875887));
#1944 = CARTESIAN_POINT('',(-6.384206106816,-48.,15.906122860679));
#1945 = CARTESIAN_POINT('',(-6.997164807743,-48.,24.284562338225));
#1946 = CARTESIAN_POINT('',(-7.610095957956,-47.99999999999,
    31.20322106365));
#1947 = CARTESIAN_POINT('',(-8.222995776142,-48.,36.661713859853));
#1948 = CARTESIAN_POINT('',(-8.835869216309,-47.99999999999,
    40.660709217014));
#1949 = CARTESIAN_POINT('',(-9.448705099342,-48.,43.199874662116));
#1950 = CARTESIAN_POINT('',(-10.06152102088,-47.99999999999,
    44.27902238516));
#1951 = CARTESIAN_POINT('',(-10.67430656904,-48.,43.898415887511));
#1952 = CARTESIAN_POINT('',(-0.771480941397,-48.,19.86219813798));
#1953 = CARTESIAN_POINT('',(-1.384438224517,-48.,28.24061515319));
#1954 = CARTESIAN_POINT('',(-1.997364981575,-47.99999999999,
    35.159155763988));
#1955 = CARTESIAN_POINT('',(-2.610286554738,-48.,40.618263941407));
#1956 = CARTESIAN_POINT('',(-3.223121855082,-47.99999999999,
    44.61701901626));
#1957 = CARTESIAN_POINT('',(-3.83600338294,-48.,47.15589599002));
#1958 = CARTESIAN_POINT('',(-4.448801198252,-48.,48.23523337173));
#1959 = CARTESIAN_POINT('',(-5.061582291034,-48.,47.854648534798));
#1960 = CARTESIAN_POINT('',(4.841296287509,-48.,20.7632534662));
#1961 = CARTESIAN_POINT('',(4.228338938909,-48.,29.141691678971));
#1962 = CARTESIAN_POINT('',(3.615415442088,-47.99999999999,
    36.060245948539));
#1963 = CARTESIAN_POINT('',(3.002516958984,-48.,41.519227629096));
#1964 = CARTESIAN_POINT('',(2.389638385258,-47.99999999999,
    45.517357329707));
#1965 = CARTESIAN_POINT('',(1.776818668718,-48.,48.057161734407));
#1966 = CARTESIAN_POINT('',(1.1639877404,-48.,49.136177948719));
#1967 = CARTESIAN_POINT('',(0.551203830608,-48.,48.755557752047));
#1968 = CARTESIAN_POINT('',(10.454146788459,-48.,18.608896236666));
#1969 = CARTESIAN_POINT('',(9.841190015564,-48.,26.987298152064));
#1970 = CARTESIAN_POINT('',(9.228260858007,-47.99999999999,
    33.905788093535));
#1971 = CARTESIAN_POINT('',(8.615365605803,-48.,39.36447544404));
#1972 = CARTESIAN_POINT('',(8.002483561193,-47.99999999999,
    43.363560001633));
#1973 = CARTESIAN_POINT('',(7.389647482435,-48.,45.902456932818));
#1974 = CARTESIAN_POINT('',(6.776837317582,-48.,46.981736047277));
#1975 = CARTESIAN_POINT('',(6.164051221129,-48.,46.601137976105));
#1976 = CARTESIAN_POINT('',(16.067054322382,-48.,13.399171097918));
#1977 = CARTESIAN_POINT('',(15.454097310453,-48.,21.777555897333));
#1978 = CARTESIAN_POINT('',(14.841168947574,-47.99999999999,
    28.696029759252));
#1979 = CARTESIAN_POINT('',(14.22826850208,-48.,34.154826534611));
#1980 = CARTESIAN_POINT('',(13.615394974016,-47.99999999999,
    38.153768742429));
#1981 = CARTESIAN_POINT('',(13.002551696782,-48.,40.69278918171));
#1982 = CARTESIAN_POINT('',(12.389742247188,-48.,41.772014703947));
#1983 = CARTESIAN_POINT('',(11.776957663938,-48.,41.391412146361));
#1984 = ADVANCED_FACE('',(#1985),#2354,.T.);
#1985 = FACE_BOUND('',#1986,.T.);
#1986 = EDGE_LOOP('',(#1987,#2031,#2040,#2082,#2105,#2137,#2160,#2202,
    #2211,#2220,#2262,#2285,#2304,#2310,#2311,#2312,#2333));
#1987 = ORIENTED_EDGE('',*,*,#1988,.F.);
#1988 = EDGE_CURVE('',#1989,#1991,#1993,.T.);
#1989 = VERTEX_POINT('',#1990);
#1990 = CARTESIAN_POINT('',(-1.369325095948,-20.,39.841656338883));
#1991 = VERTEX_POINT('',#1992);
#1992 = CARTESIAN_POINT('',(-4.,-29.52806997854,43.6));
#1993 = B_SPLINE_CURVE_WITH_KNOTS('',8,(#1994,#1995,#1996,#1997,#1998,
    #1999,#2000,#2001,#2002,#2003,#2004,#2005,#2006,#2007,#2008,#2009,
    #2010,#2011,#2012,#2013,#2014,#2015,#2016,#2017,#2018,#2019,#2020,
    #2021,#2022,#2023,#2024,#2025,#2026,#2027,#2028,#2029,#2030),
  .UNSPECIFIED.,.F.,.F.,(9,7,7,7,7,9),(0.,0.10898637497,0.348690603888,
    0.586179228388,0.794650929822,1.),.UNSPECIFIED.);
#1994 = CARTESIAN_POINT('',(-1.369325095948,-20.,39.841656338883));
#1995 = CARTESIAN_POINT('',(-1.464693360734,-20.09321912171,
    39.876403291468));
#1996 = CARTESIAN_POINT('',(-1.556425042319,-20.19082668522,
    39.9129580103));
#1997 = CARTESIAN_POINT('',(-1.644742380551,-20.29217118921,
    39.951099798119));
#1998 = CARTESIAN_POINT('',(-1.729837267163,-20.39671455257,
    39.990642846236));
#1999 = CARTESIAN_POINT('',(-1.81188525972,-20.50401558814,
    40.031431351636));
#2000 = CARTESIAN_POINT('',(-1.891054752018,-20.61371880169,
    40.073336699953));
#2001 = CARTESIAN_POINT('',(-1.967511300909,-20.72554851635,
    40.116256714314));
#2002 = CARTESIAN_POINT('',(-2.203965271084,-21.08951121763,
    40.256583053855));
#2003 = CARTESIAN_POINT('',(-2.353993508174,-21.34876970247,
    40.357489063499));
#2004 = CARTESIAN_POINT('',(-2.493226387684,-21.61487218374,
    40.461992009161));
#2005 = CARTESIAN_POINT('',(-2.622666908159,-21.88635529529,
    40.569467863867));
#2006 = CARTESIAN_POINT('',(-2.743148784882,-22.16211817588,
    40.679397189762));
#2007 = CARTESIAN_POINT('',(-2.855333267482,-22.44141781131,
    40.79138049206));
#2008 = CARTESIAN_POINT('',(-2.959811757223,-22.72378588005,
    40.905118294566));
#2009 = CARTESIAN_POINT('',(-3.153485859875,-23.29163761124,
    41.134648161774));
#2010 = CARTESIAN_POINT('',(-3.242746803027,-23.57686962493,
    41.250331219156));
#2011 = CARTESIAN_POINT('',(-3.325336748844,-23.86435278146,
    41.367199825088));
#2012 = CARTESIAN_POINT('',(-3.401613736856,-24.15379149579,
    41.485013365864));
#2013 = CARTESIAN_POINT('',(-3.471875928022,-24.44495072979,
    41.603553104966));
#2014 = CARTESIAN_POINT('',(-3.536386157662,-24.73764470129,
    41.722620304737));
#2015 = CARTESIAN_POINT('',(-3.59538346258,-25.03173144199,
    41.842035407193));
#2016 = CARTESIAN_POINT('',(-3.696218738641,-25.58640452295,
    42.066627778931));
#2017 = CARTESIAN_POINT('',(-3.739270036466,-25.84667671783,
    42.171755121702));
#2018 = CARTESIAN_POINT('',(-3.778378822597,-26.10785080678,
    42.276906767326));
#2019 = CARTESIAN_POINT('',(-3.813676093408,-26.36985826056,
    42.38197472773));
#2020 = CARTESIAN_POINT('',(-3.845282808764,-26.63264026915,
    42.4868564234));
#2021 = CARTESIAN_POINT('',(-3.873312205867,-26.89614700815,
    42.591454545096));
#2022 = CARTESIAN_POINT('',(-3.897872113104,-27.16033690503,
    42.695676915558));
#2023 = CARTESIAN_POINT('',(-3.939944939263,-27.68604796677,
    42.901641607317));
#2024 = CARTESIAN_POINT('',(-3.957557509,-27.94754694861,43.00339654484)
  );
#2025 = CARTESIAN_POINT('',(-3.972004142557,-28.20963887531,
    43.104617179134));
#2026 = CARTESIAN_POINT('',(-3.983380238784,-28.47229368248,
    43.205222924051));
#2027 = CARTESIAN_POINT('',(-3.991778224924,-28.73548508587,
    43.305136516327));
#2028 = CARTESIAN_POINT('',(-3.997288355607,-28.99919045021,
    43.404283939966));
#2029 = CARTESIAN_POINT('',(-3.999999511839,-29.26339065803,
    43.502594350626));
#2030 = CARTESIAN_POINT('',(-4.,-29.52806997854,43.6));
#2031 = ORIENTED_EDGE('',*,*,#2032,.T.);
#2032 = EDGE_CURVE('',#1989,#2033,#2035,.T.);
#2033 = VERTEX_POINT('',#2034);
#2034 = CARTESIAN_POINT('',(-1.369325095948,-20.,28.158343661117));
#2035 = CIRCLE('',#2036,6.);
#2036 = AXIS2_PLACEMENT_3D('',#2037,#2038,#2039);
#2037 = CARTESIAN_POINT('',(1.643E-14,-20.,34.));
#2038 = DIRECTION('',(0.,-1.,2.2E-16));
#2039 = DIRECTION('',(1.,0.,0.));
#2040 = ORIENTED_EDGE('',*,*,#2041,.T.);
#2041 = EDGE_CURVE('',#2033,#2042,#2044,.T.);
#2042 = VERTEX_POINT('',#2043);
#2043 = CARTESIAN_POINT('',(-4.,-29.52806997854,24.4));
#2044 = B_SPLINE_CURVE_WITH_KNOTS('',8,(#2045,#2046,#2047,#2048,#2049,
    #2050,#2051,#2052,#2053,#2054,#2055,#2056,#2057,#2058,#2059,#2060,
    #2061,#2062,#2063,#2064,#2065,#2066,#2067,#2068,#2069,#2070,#2071,
    #2072,#2073,#2074,#2075,#2076,#2077,#2078,#2079,#2080,#2081),
  .UNSPECIFIED.,.F.,.F.,(9,7,7,7,7,9),(0.,0.108986374967,0.348690603883,
    0.586179228385,0.79465092982,1.),.UNSPECIFIED.);
#2045 = CARTESIAN_POINT('',(-1.369325095948,-20.,28.158343661117));
#2046 = CARTESIAN_POINT('',(-1.464693360734,-20.09321912171,
    28.123596708531));
#2047 = CARTESIAN_POINT('',(-1.556425042319,-20.19082668522,
    28.0870419897));
#2048 = CARTESIAN_POINT('',(-1.644742380551,-20.29217118921,
    28.048900201881));
#2049 = CARTESIAN_POINT('',(-1.729837267163,-20.39671455257,
    28.009357153764));
#2050 = CARTESIAN_POINT('',(-1.81188525972,-20.50401558814,
    27.968568648364));
#2051 = CARTESIAN_POINT('',(-1.891054752018,-20.61371880169,
    27.926663300047));
#2052 = CARTESIAN_POINT('',(-1.967511300909,-20.72554851635,
    27.883743285686));
#2053 = CARTESIAN_POINT('',(-2.203965271087,-21.08951121764,
    27.743416946143));
#2054 = CARTESIAN_POINT('',(-2.353993508162,-21.34876970245,
    27.642510936511));
#2055 = CARTESIAN_POINT('',(-2.493226387709,-21.61487218379,
    27.538007990816));
#2056 = CARTESIAN_POINT('',(-2.622666908131,-21.88635529523,
    27.430532136162));
#2057 = CARTESIAN_POINT('',(-2.743148784901,-22.16211817593,
    27.320602810217));
#2058 = CARTESIAN_POINT('',(-2.855333267475,-22.44141781129,
    27.208619507949));
#2059 = CARTESIAN_POINT('',(-2.959811757225,-22.72378588006,
    27.094881705433));
#2060 = CARTESIAN_POINT('',(-3.153485859875,-23.29163761125,
    26.865351838225));
#2061 = CARTESIAN_POINT('',(-3.242746803026,-23.57686962493,
    26.749668780844));
#2062 = CARTESIAN_POINT('',(-3.325336748844,-23.86435278146,
    26.632800174912));
#2063 = CARTESIAN_POINT('',(-3.401613736856,-24.15379149579,
    26.514986634135));
#2064 = CARTESIAN_POINT('',(-3.471875928022,-24.44495072979,
    26.396446895034));
#2065 = CARTESIAN_POINT('',(-3.536386157661,-24.73764470129,
    26.277379695263));
#2066 = CARTESIAN_POINT('',(-3.59538346258,-25.03173144199,
    26.157964592807));
#2067 = CARTESIAN_POINT('',(-3.696218738641,-25.58640452295,
    25.933372221069));
#2068 = CARTESIAN_POINT('',(-3.739270036466,-25.84667671783,
    25.828244878298));
#2069 = CARTESIAN_POINT('',(-3.778378822597,-26.10785080678,
    25.723093232674));
#2070 = CARTESIAN_POINT('',(-3.813676093408,-26.36985826056,
    25.61802527227));
#2071 = CARTESIAN_POINT('',(-3.845282808764,-26.63264026915,
    25.5131435766));
#2072 = CARTESIAN_POINT('',(-3.873312205867,-26.89614700815,
    25.408545454904));
#2073 = CARTESIAN_POINT('',(-3.897872113104,-27.16033690503,
    25.304323084442));
#2074 = CARTESIAN_POINT('',(-3.939944939263,-27.68604796677,
    25.098358392683));
#2075 = CARTESIAN_POINT('',(-3.957557509,-27.94754694861,24.99660345516)
  );
#2076 = CARTESIAN_POINT('',(-3.972004142557,-28.20963887531,
    24.895382820866));
#2077 = CARTESIAN_POINT('',(-3.983380238784,-28.47229368248,
    24.794777075949));
#2078 = CARTESIAN_POINT('',(-3.991778224924,-28.73548508587,
    24.694863483673));
#2079 = CARTESIAN_POINT('',(-3.997288355607,-28.99919045021,
    24.595716060034));
#2080 = CARTESIAN_POINT('',(-3.999999511839,-29.26339065803,
    24.497405649374));
#2081 = CARTESIAN_POINT('',(-4.,-29.52806997854,24.4));
#2082 = ORIENTED_EDGE('',*,*,#2083,.T.);
#2083 = EDGE_CURVE('',#2042,#2084,#2086,.T.);
#2084 = VERTEX_POINT('',#2085);
#2085 = CARTESIAN_POINT('',(-4.,-41.3,21.766384763662));
#2086 = B_SPLINE_CURVE_WITH_KNOTS('',5,(#2087,#2088,#2089,#2090,#2091,
    #2092,#2093,#2094,#2095,#2096,#2097,#2098,#2099,#2100,#2101,#2102,
    #2103,#2104),.UNSPECIFIED.,.F.,.F.,(6,4,4,4,6),(0.,0.205616484442,
    0.453019449132,0.7290137263,1.),.UNSPECIFIED.);
#2087 = CARTESIAN_POINT('',(-4.,-29.52806997854,24.4));
#2088 = CARTESIAN_POINT('',(-4.,-29.98085667087,24.233367889087));
#2089 = CARTESIAN_POINT('',(-4.,-30.43773658316,24.072305085542));
#2090 = CARTESIAN_POINT('',(-4.,-30.89853833751,23.916893994182));
#2091 = CARTESIAN_POINT('',(-4.,-31.36309175388,23.767224875437));
#2092 = CARTESIAN_POINT('',(-4.,-32.39449073014,23.450322098925));
#2093 = CARTESIAN_POINT('',(-4.,-32.962937938,23.285700421015));
#2094 = CARTESIAN_POINT('',(-4.,-33.53626165564,23.129683527965));
#2095 = CARTESIAN_POINT('',(-4.,-34.1141477782,22.982434350602));
#2096 = CARTESIAN_POINT('',(-4.,-35.34565438686,22.689794683874));
#2097 = CARTESIAN_POINT('',(-4.,-36.00030951219,22.546585519386));
#2098 = CARTESIAN_POINT('',(-4.,-36.65976822106,22.414695170242));
#2099 = CARTESIAN_POINT('',(-4.,-37.32354313227,22.294325581705));
#2100 = CARTESIAN_POINT('',(-4.,-38.64657441785,22.078948052035));
#2101 = CARTESIAN_POINT('',(-4.,-39.3056953769,21.983519369894));
#2102 = CARTESIAN_POINT('',(-4.,-39.96798614855,21.899529954797));
#2103 = CARTESIAN_POINT('',(-4.,-40.63293332876,21.827117788213));
#2104 = CARTESIAN_POINT('',(-4.,-41.3,21.766384763662));
#2105 = ORIENTED_EDGE('',*,*,#2106,.F.);
#2106 = EDGE_CURVE('',#2107,#2084,#2109,.T.);
#2107 = VERTEX_POINT('',#2108);
#2108 = CARTESIAN_POINT('',(4.,-41.3,21.766384763662));
#2109 = B_SPLINE_CURVE_WITH_KNOTS('',6,(#2110,#2111,#2112,#2113,#2114,
    #2115,#2116,#2117,#2118,#2119,#2120,#2121,#2122,#2123,#2124,#2125,
    #2126,#2127,#2128,#2129,#2130,#2131,#2132,#2133,#2134,#2135,#2136),
  .UNSPECIFIED.,.F.,.F.,(7,5,5,5,5,7),(0.,8.246225501473E-02,
    0.708766515419,0.857889030624,0.927479541332,1.),.UNSPECIFIED.);
#2110 = CARTESIAN_POINT('',(4.000004900032,-41.3,21.766386365816));
#2111 = CARTESIAN_POINT('',(3.893740933333,-41.3,21.731641249889));
#2112 = CARTESIAN_POINT('',(3.787114789632,-41.3,21.698004210247));
#2113 = CARTESIAN_POINT('',(3.680140712371,-41.3,21.665479131556));
#2114 = CARTESIAN_POINT('',(3.57283342317,-41.3,21.634070773436));
#2115 = CARTESIAN_POINT('',(3.465207684482,-41.3,21.603783773664));
#2116 = CARTESIAN_POINT('',(2.53754636842,-41.3,21.353134118362));
#2117 = CARTESIAN_POINT('',(1.700231206287,-41.3,21.19652888507));
#2118 = CARTESIAN_POINT('',(0.851859298918,-41.3,21.106584684228));
#2119 = CARTESIAN_POINT('',(-9.716979774198E-04,-41.3,21.084131550628));
#2120 = CARTESIAN_POINT('',(-0.85161227496,-41.3,21.129214680791));
#2121 = CARTESIAN_POINT('',(-1.89377722515,-41.3,21.267528721199));
#2122 = CARTESIAN_POINT('',(-2.093694880878,-41.3,21.29790574367));
#2123 = CARTESIAN_POINT('',(-2.293022094812,-41.3,21.332048754601));
#2124 = CARTESIAN_POINT('',(-2.491670271573,-41.3,21.369943151012));
#2125 = CARTESIAN_POINT('',(-2.689551318325,-41.3,21.411571553602));
#2126 = CARTESIAN_POINT('',(-2.978523268551,-41.3,21.478073525974));
#2127 = CARTESIAN_POINT('',(-3.070282762582,-41.3,21.500042041361));
#2128 = CARTESIAN_POINT('',(-3.161847231825,-41.3,21.522817305843));
#2129 = CARTESIAN_POINT('',(-3.253207814109,-41.3,21.546397142667));
#2130 = CARTESIAN_POINT('',(-3.34435568013,-41.3,21.570779245383));
#2131 = CARTESIAN_POINT('',(-3.530036631173,-41.3,21.622203337505));
#2132 = CARTESIAN_POINT('',(-3.624550641736,-41.3,21.649314155536));
#2133 = CARTESIAN_POINT('',(-3.718814143557,-41.3,21.677290739009));
#2134 = CARTESIAN_POINT('',(-3.812817228975,-41.3,21.706130158833));
#2135 = CARTESIAN_POINT('',(-3.906550004252,-41.3,21.735829449756));
#2136 = CARTESIAN_POINT('',(-4.000002589569,-41.3,21.766385610368));
#2137 = ORIENTED_EDGE('',*,*,#2138,.T.);
#2138 = EDGE_CURVE('',#2107,#2139,#2141,.T.);
#2139 = VERTEX_POINT('',#2140);
#2140 = CARTESIAN_POINT('',(4.,-29.52806997854,24.4));
#2141 = B_SPLINE_CURVE_WITH_KNOTS('',5,(#2142,#2143,#2144,#2145,#2146,
    #2147,#2148,#2149,#2150,#2151,#2152,#2153,#2154,#2155,#2156,#2157,
    #2158,#2159),.UNSPECIFIED.,.F.,.F.,(6,4,4,4,6),(0.,0.27108548266,
    0.547076238913,0.79453161699,1.),.UNSPECIFIED.);
#2142 = CARTESIAN_POINT('',(4.,-41.3,21.766384763662));
#2143 = CARTESIAN_POINT('',(4.,-40.63268911356,21.827140022764));
#2144 = CARTESIAN_POINT('',(4.,-39.9674992695,21.899582977076));
#2145 = CARTESIAN_POINT('',(4.,-39.30496797693,21.983611621061));
#2146 = CARTESIAN_POINT('',(4.,-38.64560919495,22.079087808235));
#2147 = CARTESIAN_POINT('',(4.,-37.32235728487,22.294536346773));
#2148 = CARTESIAN_POINT('',(4.,-36.65859681244,22.414920877792));
#2149 = CARTESIAN_POINT('',(4.,-35.9991529634,22.546825670013));
#2150 = CARTESIAN_POINT('',(4.,-35.34451307964,22.69004877102));
#2151 = CARTESIAN_POINT('',(4.,-34.11290528016,22.982744979035));
#2152 = CARTESIAN_POINT('',(4.,-33.53490455891,23.130040868989));
#2153 = CARTESIAN_POINT('',(4.,-32.96146861759,23.286107971661));
#2154 = CARTESIAN_POINT('',(4.,-32.39291174529,23.450783248407));
#2155 = CARTESIAN_POINT('',(4.,-31.36175333147,23.767656108029));
#2156 = CARTESIAN_POINT('',(4.,-30.89754262491,23.917229821351));
#2157 = CARTESIAN_POINT('',(4.,-30.4370784227,24.072537108988));
#2158 = CARTESIAN_POINT('',(4.,-29.98053053777,24.233487910827));
#2159 = CARTESIAN_POINT('',(4.,-29.52806997854,24.4));
#2160 = ORIENTED_EDGE('',*,*,#2161,.T.);
#2161 = EDGE_CURVE('',#2139,#2162,#2164,.T.);
#2162 = VERTEX_POINT('',#2163);
#2163 = CARTESIAN_POINT('',(1.369326136347,-20.,28.158343904994));
#2164 = B_SPLINE_CURVE_WITH_KNOTS('',8,(#2165,#2166,#2167,#2168,#2169,
    #2170,#2171,#2172,#2173,#2174,#2175,#2176,#2177,#2178,#2179,#2180,
    #2181,#2182,#2183,#2184,#2185,#2186,#2187,#2188,#2189,#2190,#2191,
    #2192,#2193,#2194,#2195,#2196,#2197,#2198,#2199,#2200,#2201),
  .UNSPECIFIED.,.F.,.F.,(9,7,7,7,7,9),(0.,0.193039364943,0.389137549896,
    0.589846067962,0.79845004944,1.),.UNSPECIFIED.);
#2165 = CARTESIAN_POINT('',(4.,-29.52806997854,24.4));
#2166 = CARTESIAN_POINT('',(4.,-29.279241734,24.491572425481));
#2167 = CARTESIAN_POINT('',(3.997604211449,-29.03083678925,
    24.583944524354));
#2168 = CARTESIAN_POINT('',(3.9927392916,-28.78286832525,24.677059963063
    ));
#2169 = CARTESIAN_POINT('',(3.985331421424,-28.53535212825,
    24.770860007711));
#2170 = CARTESIAN_POINT('',(3.97530573341,-28.28830667995,
    24.865283469157));
#2171 = CARTESIAN_POINT('',(3.962585739352,-28.04175324764,
    24.960266648116));
#2172 = CARTESIAN_POINT('',(3.947092758141,-27.79571597439,
    25.055743280262));
#2173 = CARTESIAN_POINT('',(3.91010720362,-27.30083796999,
    25.249065292195));
#2174 = CARTESIAN_POINT('',(3.888523704035,-27.05201661035,
    25.346923433699));
#2175 = CARTESIAN_POINT('',(3.863908859595,-26.80378534211,
    25.445147139124));
#2176 = CARTESIAN_POINT('',(3.836174297531,-26.55617711838,25.5436608976
    ));
#2177 = CARTESIAN_POINT('',(3.805227718981,-26.30923085844,
    25.642385362257));
#2178 = CARTESIAN_POINT('',(3.770971360457,-26.06299191274,
    25.741237258382));
#2179 = CARTESIAN_POINT('',(3.733300455312,-25.81751252778,
    25.840129291573));
#2180 = CARTESIAN_POINT('',(3.649934338632,-25.32244005181,
    26.040134599242));
#2181 = CARTESIAN_POINT('',(3.604072271867,-25.07289333402,
    26.141242469153));
#2182 = CARTESIAN_POINT('',(3.554393255364,-24.82427103874,
    26.242197721456));
#2183 = CARTESIAN_POINT('',(3.500764646104,-24.57664926505,
    26.342896429541));
#2184 = CARTESIAN_POINT('',(3.443042638758,-24.33012173483,
    26.443226616874));
#2185 = CARTESIAN_POINT('',(3.381068183241,-24.08480155539,
    26.543067985031));
#2186 = CARTESIAN_POINT('',(3.314659578689,-23.84082433981,
    26.64229143725));
#2187 = CARTESIAN_POINT('',(3.169748638797,-23.34634269024,
    26.843098846974));
#2188 = CARTESIAN_POINT('',(3.090886416947,-23.09600361956,
    26.944604011642));
#2189 = CARTESIAN_POINT('',(3.006764622534,-22.84748041692,
    27.045133721029));
#2190 = CARTESIAN_POINT('',(2.91710427196,-22.6009947658,27.144518334309
    ));
#2191 = CARTESIAN_POINT('',(2.821582596805,-22.35685556266,
    27.242556199745));
#2192 = CARTESIAN_POINT('',(2.719824712225,-22.11546521113,
    27.339013796547));
#2193 = CARTESIAN_POINT('',(2.611369310985,-21.87734068667,
    27.433622124266));
#2194 = CARTESIAN_POINT('',(2.383697272492,-21.41691459188,
    27.615377761627));
#2195 = CARTESIAN_POINT('',(2.265163574007,-21.19474586851,
    27.70251302351));
#2196 = CARTESIAN_POINT('',(2.13925520882,-20.97688465286,
    27.787341606048));
#2197 = CARTESIAN_POINT('',(2.005205284035,-20.76409537943,
    27.869533473019));
#2198 = CARTESIAN_POINT('',(1.862225281393,-20.55766842262,
    27.94857415152));
#2199 = CARTESIAN_POINT('',(1.709390921971,-20.35956240417,
    28.02373076661));
#2200 = CARTESIAN_POINT('',(1.545678694427,-20.17237836019,
    28.09409079215));
#2201 = CARTESIAN_POINT('',(1.369326136348,-20.,28.158343904994));
#2202 = ORIENTED_EDGE('',*,*,#2203,.T.);
#2203 = EDGE_CURVE('',#2162,#2204,#2206,.T.);
#2204 = VERTEX_POINT('',#2205);
#2205 = CARTESIAN_POINT('',(6.,-20.,34.));
#2206 = CIRCLE('',#2207,6.);
#2207 = AXIS2_PLACEMENT_3D('',#2208,#2209,#2210);
#2208 = CARTESIAN_POINT('',(1.643E-14,-20.,34.));
#2209 = DIRECTION('',(0.,-1.,2.2E-16));
#2210 = DIRECTION('',(1.,0.,0.));
#2211 = ORIENTED_EDGE('',*,*,#2212,.T.);
#2212 = EDGE_CURVE('',#2204,#2213,#2215,.T.);
#2213 = VERTEX_POINT('',#2214);
#2214 = CARTESIAN_POINT('',(1.369326136348,-20.,39.841656095006));
#2215 = CIRCLE('',#2216,6.);
#2216 = AXIS2_PLACEMENT_3D('',#2217,#2218,#2219);
#2217 = CARTESIAN_POINT('',(2.887E-14,-20.,34.));
#2218 = DIRECTION('',(0.,-1.,2.2E-16));
#2219 = DIRECTION('',(-1.85E-15,2.2E-16,1.));
#2220 = ORIENTED_EDGE('',*,*,#2221,.F.);
#2221 = EDGE_CURVE('',#2222,#2213,#2224,.T.);
#2222 = VERTEX_POINT('',#2223);
#2223 = CARTESIAN_POINT('',(4.,-29.52806997854,43.6));
#2224 = B_SPLINE_CURVE_WITH_KNOTS('',8,(#2225,#2226,#2227,#2228,#2229,
    #2230,#2231,#2232,#2233,#2234,#2235,#2236,#2237,#2238,#2239,#2240,
    #2241,#2242,#2243,#2244,#2245,#2246,#2247,#2248,#2249,#2250,#2251,
    #2252,#2253,#2254,#2255,#2256,#2257,#2258,#2259,#2260,#2261),
  .UNSPECIFIED.,.F.,.F.,(9,7,7,7,7,9),(0.,0.193039364943,0.389137549897,
    0.589846067963,0.798450049439,1.),.UNSPECIFIED.);
#2225 = CARTESIAN_POINT('',(4.,-29.52806997854,43.6));
#2226 = CARTESIAN_POINT('',(4.,-29.279241734,43.508427574519));
#2227 = CARTESIAN_POINT('',(3.997604211449,-29.03083678925,
    43.416055475646));
#2228 = CARTESIAN_POINT('',(3.9927392916,-28.78286832525,43.322940036937
    ));
#2229 = CARTESIAN_POINT('',(3.985331421424,-28.53535212825,
    43.229139992289));
#2230 = CARTESIAN_POINT('',(3.97530573341,-28.28830667995,
    43.134716530843));
#2231 = CARTESIAN_POINT('',(3.962585739352,-28.04175324764,
    43.039733351883));
#2232 = CARTESIAN_POINT('',(3.947092758141,-27.79571597439,
    42.944256719738));
#2233 = CARTESIAN_POINT('',(3.91010720362,-27.30083796999,
    42.750934707805));
#2234 = CARTESIAN_POINT('',(3.888523704035,-27.05201661035,42.6530765663
    ));
#2235 = CARTESIAN_POINT('',(3.863908859595,-26.80378534211,
    42.554852860876));
#2236 = CARTESIAN_POINT('',(3.836174297531,-26.55617711838,42.4563391024
    ));
#2237 = CARTESIAN_POINT('',(3.805227718981,-26.30923085844,
    42.357614637742));
#2238 = CARTESIAN_POINT('',(3.770971360457,-26.06299191274,
    42.258762741617));
#2239 = CARTESIAN_POINT('',(3.733300455312,-25.81751252777,
    42.159870708427));
#2240 = CARTESIAN_POINT('',(3.649934338632,-25.32244005181,
    41.959865400758));
#2241 = CARTESIAN_POINT('',(3.604072271867,-25.07289333402,
    41.858757530847));
#2242 = CARTESIAN_POINT('',(3.554393255363,-24.82427103874,
    41.757802278544));
#2243 = CARTESIAN_POINT('',(3.500764646104,-24.57664926505,
    41.657103570459));
#2244 = CARTESIAN_POINT('',(3.443042638758,-24.33012173483,
    41.556773383126));
#2245 = CARTESIAN_POINT('',(3.381068183241,-24.08480155539,
    41.456932014969));
#2246 = CARTESIAN_POINT('',(3.314659578689,-23.84082433981,
    41.35770856275));
#2247 = CARTESIAN_POINT('',(3.169748638798,-23.34634269025,
    41.156901153027));
#2248 = CARTESIAN_POINT('',(3.090886416944,-23.09600361955,
    41.055395988354));
#2249 = CARTESIAN_POINT('',(3.006764622538,-22.84748041693,
    40.954866278975));
#2250 = CARTESIAN_POINT('',(2.91710427196,-22.6009947658,40.855481665691
    ));
#2251 = CARTESIAN_POINT('',(2.8215825968,-22.35685556265,40.757443800251
    ));
#2252 = CARTESIAN_POINT('',(2.719824712229,-22.11546521114,
    40.660986203456));
#2253 = CARTESIAN_POINT('',(2.611369310983,-21.87734068666,
    40.566377875733));
#2254 = CARTESIAN_POINT('',(2.383697272491,-21.41691459187,
    40.384622238372));
#2255 = CARTESIAN_POINT('',(2.26516357401,-21.19474586852,
    40.297486976493));
#2256 = CARTESIAN_POINT('',(2.139255208813,-20.97688465284,
    40.212658393945));
#2257 = CARTESIAN_POINT('',(2.005205284042,-20.76409537945,
    40.130466526987));
#2258 = CARTESIAN_POINT('',(1.862225281386,-20.55766842261,
    40.051425848475));
#2259 = CARTESIAN_POINT('',(1.709390921974,-20.35956240418,
    39.976269233392));
#2260 = CARTESIAN_POINT('',(1.545678694426,-20.17237836019,
    39.90590920785));
#2261 = CARTESIAN_POINT('',(1.369326136348,-20.,39.841656095006));
#2262 = ORIENTED_EDGE('',*,*,#2263,.F.);
#2263 = EDGE_CURVE('',#2264,#2222,#2266,.T.);
#2264 = VERTEX_POINT('',#2265);
#2265 = CARTESIAN_POINT('',(4.,-41.3,46.233615236338));
#2266 = B_SPLINE_CURVE_WITH_KNOTS('',5,(#2267,#2268,#2269,#2270,#2271,
    #2272,#2273,#2274,#2275,#2276,#2277,#2278,#2279,#2280,#2281,#2282,
    #2283,#2284),.UNSPECIFIED.,.F.,.F.,(6,4,4,4,6),(0.,0.271085482659,
    0.547076238913,0.794531616991,1.),.UNSPECIFIED.);
#2267 = CARTESIAN_POINT('',(4.,-41.3,46.233615236338));
#2268 = CARTESIAN_POINT('',(4.,-40.63268911356,46.172859977236));
#2269 = CARTESIAN_POINT('',(4.,-39.9674992695,46.100417022924));
#2270 = CARTESIAN_POINT('',(4.,-39.30496797693,46.016388378939));
#2271 = CARTESIAN_POINT('',(4.,-38.64560919495,45.920912191765));
#2272 = CARTESIAN_POINT('',(4.,-37.32235728488,45.705463653227));
#2273 = CARTESIAN_POINT('',(4.,-36.65859681245,45.585079122209));
#2274 = CARTESIAN_POINT('',(4.,-35.9991529634,45.453174329987));
#2275 = CARTESIAN_POINT('',(4.,-35.34451307964,45.309951228981));
#2276 = CARTESIAN_POINT('',(4.,-34.11290528016,45.017255020965));
#2277 = CARTESIAN_POINT('',(4.,-33.53490455891,44.869959131012));
#2278 = CARTESIAN_POINT('',(4.,-32.96146861759,44.713892028339));
#2279 = CARTESIAN_POINT('',(4.,-32.39291174529,44.549216751593));
#2280 = CARTESIAN_POINT('',(4.,-31.36175333146,44.232343891971));
#2281 = CARTESIAN_POINT('',(4.,-30.89754262491,44.082770178648));
#2282 = CARTESIAN_POINT('',(4.,-30.4370784227,43.927462891011));
#2283 = CARTESIAN_POINT('',(4.,-29.98053053777,43.766512089173));
#2284 = CARTESIAN_POINT('',(4.,-29.52806997854,43.6));
#2285 = ORIENTED_EDGE('',*,*,#2286,.F.);
#2286 = EDGE_CURVE('',#2287,#2264,#2289,.T.);
#2287 = VERTEX_POINT('',#2288);
#2288 = CARTESIAN_POINT('',(2.9E-14,-41.3,46.870949527939));
#2289 = B_SPLINE_CURVE_WITH_KNOTS('',4,(#2290,#2291,#2292,#2293,#2294,
    #2295,#2296,#2297,#2298,#2299,#2300,#2301,#2302,#2303),
  .UNSPECIFIED.,.F.,.F.,(5,3,3,3,5),(0.,0.497069683031,0.755546019038,
    0.874842793004,1.),.UNSPECIFIED.);
#2290 = CARTESIAN_POINT('',(3.19E-14,-41.3,46.870949527939));
#2291 = CARTESIAN_POINT('',(0.505440793292,-41.3,46.870949527939));
#2292 = CARTESIAN_POINT('',(1.010882866819,-41.3,46.84448467009));
#2293 = CARTESIAN_POINT('',(1.514242125567,-41.3,46.791555141242));
#2294 = CARTESIAN_POINT('',(2.273053553995,-41.3,46.671371217839));
#2295 = CARTESIAN_POINT('',(2.531527592937,-41.3,46.623187659897));
#2296 = CARTESIAN_POINT('',(2.788593351267,-41.3,46.567981863485));
#2297 = CARTESIAN_POINT('',(3.161831258867,-41.3,46.477134284295));
#2298 = CARTESIAN_POINT('',(3.279335351672,-41.3,46.446964443945));
#2299 = CARTESIAN_POINT('',(3.396451009569,-41.3,46.41532026963));
#2300 = CARTESIAN_POINT('',(3.635583007763,-41.3,46.34747238575));
#2301 = CARTESIAN_POINT('',(3.75755739183,-41.3,46.311120926798));
#2302 = CARTESIAN_POINT('',(3.879041962117,-41.3,46.273164870895));
#2303 = CARTESIAN_POINT('',(4.000004900032,-41.3,46.233613634184));
#2304 = ORIENTED_EDGE('',*,*,#2305,.T.);
#2305 = EDGE_CURVE('',#2287,#1917,#2306,.T.);
#2306 = ( BOUNDED_CURVE() B_SPLINE_CURVE(2,(#2307,#2308,#2309),
.UNSPECIFIED.,.F.,.F.) B_SPLINE_CURVE_WITH_KNOTS((3,3),(0.,1.),
.PIECEWISE_BEZIER_KNOTS.) CURVE() GEOMETRIC_REPRESENTATION_ITEM() 
RATIONAL_B_SPLINE_CURVE((1.,0.957444515364,1.)) REPRESENTATION_ITEM('') 
  );
#2307 = CARTESIAN_POINT('',(1.776E-14,-20.,40.));
#2308 = CARTESIAN_POINT('',(2.523E-14,-32.94494055575,47.720237776985));
#2309 = CARTESIAN_POINT('',(3.175E-14,-48.,47.));
#2310 = ORIENTED_EDGE('',*,*,#1916,.F.);
#2311 = ORIENTED_EDGE('',*,*,#2305,.F.);
#2312 = ORIENTED_EDGE('',*,*,#2313,.F.);
#2313 = EDGE_CURVE('',#2314,#2287,#2316,.T.);
#2314 = VERTEX_POINT('',#2315);
#2315 = CARTESIAN_POINT('',(-4.,-41.3,46.233615236338));
#2316 = B_SPLINE_CURVE_WITH_KNOTS('',8,(#2317,#2318,#2319,#2320,#2321,
    #2322,#2323,#2324,#2325,#2326,#2327,#2328,#2329,#2330,#2331,#2332),
  .UNSPECIFIED.,.F.,.F.,(9,7,9),(0.,0.256600229059,1.),.UNSPECIFIED.);
#2317 = CARTESIAN_POINT('',(-4.000002589569,-41.3,46.233614389632));
#2318 = CARTESIAN_POINT('',(-3.960400897376,-41.3,46.246562941703));
#2319 = CARTESIAN_POINT('',(-3.848284526084,-41.3,46.283064515787));
#2320 = CARTESIAN_POINT('',(-3.710937925299,-41.3,46.326578312298));
#2321 = CARTESIAN_POINT('',(-3.576947025807,-41.3,46.365312318414));
#2322 = CARTESIAN_POINT('',(-3.459932660056,-41.3,46.398281561074));
#2323 = CARTESIAN_POINT('',(-3.357612966759,-41.3,46.425952300508));
#2324 = CARTESIAN_POINT('',(-3.254498591638,-41.3,46.453437228392));
#2325 = CARTESIAN_POINT('',(-2.740016835187,-41.3,46.582093507712));
#2326 = CARTESIAN_POINT('',(-2.354200614003,-41.3,46.664348339044));
#2327 = CARTESIAN_POINT('',(-1.965584197431,-41.3,46.733077511615));
#2328 = CARTESIAN_POINT('',(-1.574721371506,-41.3,46.788171033737));
#2329 = CARTESIAN_POINT('',(-1.18216930241,-41.3,46.829546363548));
#2330 = CARTESIAN_POINT('',(-0.788488536461,-41.3,46.857148409017));
#2331 = CARTESIAN_POINT('',(-0.394243000123,-41.3,46.870949527939));
#2332 = CARTESIAN_POINT('',(2.86E-14,-41.3,46.870949527939));
#2333 = ORIENTED_EDGE('',*,*,#2334,.F.);
#2334 = EDGE_CURVE('',#1991,#2314,#2335,.T.);
#2335 = B_SPLINE_CURVE_WITH_KNOTS('',5,(#2336,#2337,#2338,#2339,#2340,
    #2341,#2342,#2343,#2344,#2345,#2346,#2347,#2348,#2349,#2350,#2351,
    #2352,#2353),.UNSPECIFIED.,.F.,.F.,(6,4,4,4,6),(0.,0.205616484442,
    0.453019449132,0.7290137263,1.),.UNSPECIFIED.);
#2336 = CARTESIAN_POINT('',(-4.,-29.52806997854,43.6));
#2337 = CARTESIAN_POINT('',(-4.,-29.98085667087,43.766632110913));
#2338 = CARTESIAN_POINT('',(-4.,-30.43773658316,43.927694914459));
#2339 = CARTESIAN_POINT('',(-4.,-30.89853833751,44.083106005818));
#2340 = CARTESIAN_POINT('',(-4.,-31.36309175388,44.232775124563));
#2341 = CARTESIAN_POINT('',(-4.,-32.39449073014,44.549677901075));
#2342 = CARTESIAN_POINT('',(-4.,-32.962937938,44.714299578985));
#2343 = CARTESIAN_POINT('',(-4.,-33.53626165564,44.870316472035));
#2344 = CARTESIAN_POINT('',(-4.,-34.1141477782,45.017565649398));
#2345 = CARTESIAN_POINT('',(-4.,-35.34565438686,45.310205316126));
#2346 = CARTESIAN_POINT('',(-4.,-36.00030951219,45.453414480614));
#2347 = CARTESIAN_POINT('',(-4.,-36.65976822106,45.585304829758));
#2348 = CARTESIAN_POINT('',(-4.,-37.32354313227,45.705674418295));
#2349 = CARTESIAN_POINT('',(-4.,-38.64657441785,45.921051947965));
#2350 = CARTESIAN_POINT('',(-4.,-39.3056953769,46.016480630106));
#2351 = CARTESIAN_POINT('',(-4.,-39.96798614855,46.100470045203));
#2352 = CARTESIAN_POINT('',(-4.,-40.63293332876,46.172882211787));
#2353 = CARTESIAN_POINT('',(-4.,-41.3,46.233615236338));
#2354 = SURFACE_OF_REVOLUTION('',#2355,#2359);
#2355 = ( BOUNDED_CURVE() B_SPLINE_CURVE(2,(#2356,#2357,#2358),
.UNSPECIFIED.,.F.,.F.) B_SPLINE_CURVE_WITH_KNOTS((3,3),(0.,1.),
.PIECEWISE_BEZIER_KNOTS.) CURVE() GEOMETRIC_REPRESENTATION_ITEM() 
RATIONAL_B_SPLINE_CURVE((1.,0.957444515364,1.)) REPRESENTATION_ITEM('') 
  );
#2356 = CARTESIAN_POINT('',(1.776E-14,-20.,40.));
#2357 = CARTESIAN_POINT('',(2.523E-14,-32.94494055575,47.720237776985));
#2358 = CARTESIAN_POINT('',(3.175E-14,-48.,47.));
#2359 = AXIS1_PLACEMENT('',#2360,#2361);
#2360 = CARTESIAN_POINT('',(2.887E-14,-48.,34.));
#2361 = DIRECTION('',(0.,-1.,2.2E-16));
#2362 = ADVANCED_FACE('',(#2363),#2390,.F.);
#2363 = FACE_BOUND('',#2364,.F.);
#2364 = EDGE_LOOP('',(#2365,#2372,#2381,#2388,#2389));
#2365 = ORIENTED_EDGE('',*,*,#2366,.F.);
#2366 = EDGE_CURVE('',#2367,#1928,#2369,.T.);
#2367 = VERTEX_POINT('',#2368);
#2368 = CARTESIAN_POINT('',(-11.7,-45.,34.));
#2369 = B_SPLINE_CURVE_WITH_KNOTS('',1,(#2370,#2371),.UNSPECIFIED.,.F.,
  .F.,(2,2),(0.,1.),.PIECEWISE_BEZIER_KNOTS.);
#2370 = CARTESIAN_POINT('',(-11.7,-45.,34.));
#2371 = CARTESIAN_POINT('',(-11.7,-48.,34.));
#2372 = ORIENTED_EDGE('',*,*,#2373,.T.);
#2373 = EDGE_CURVE('',#2367,#2374,#2376,.T.);
#2374 = VERTEX_POINT('',#2375);
#2375 = CARTESIAN_POINT('',(11.7,-45.,34.));
#2376 = CIRCLE('',#2377,11.7);
#2377 = AXIS2_PLACEMENT_3D('',#2378,#2379,#2380);
#2378 = CARTESIAN_POINT('',(1.6E-14,-45.,34.));
#2379 = DIRECTION('',(-0.,-1.,-0.));
#2380 = DIRECTION('',(-1.,0.,0.));
#2381 = ORIENTED_EDGE('',*,*,#2382,.T.);
#2382 = EDGE_CURVE('',#2374,#2367,#2383,.T.);
#2383 = CIRCLE('',#2384,11.7);
#2384 = AXIS2_PLACEMENT_3D('',#2385,#2386,#2387);
#2385 = CARTESIAN_POINT('',(1.6E-14,-45.,34.));
#2386 = DIRECTION('',(-0.,-1.,-0.));
#2387 = DIRECTION('',(-1.,0.,0.));
#2388 = ORIENTED_EDGE('',*,*,#2366,.T.);
#2389 = ORIENTED_EDGE('',*,*,#1927,.F.);
#2390 = CYLINDRICAL_SURFACE('',#2391,11.7);
#2391 = AXIS2_PLACEMENT_3D('',#2392,#2393,#2394);
#2392 = CARTESIAN_POINT('',(1.643E-14,-45.,34.));
#2393 = DIRECTION('',(-0.,-1.,-2.2E-16));
#2394 = DIRECTION('',(-1.,0.,0.));
#2395 = ADVANCED_FACE('',(#2396,#2436,#2572),#2708,.T.);
#2396 = FACE_BOUND('',#2397,.T.);
#2397 = EDGE_LOOP('',(#2398,#2409,#2410,#2417,#2430,#2435));
#2398 = ORIENTED_EDGE('',*,*,#2399,.F.);
#2399 = EDGE_CURVE('',#1989,#2213,#2400,.T.);
#2400 = B_SPLINE_CURVE_WITH_KNOTS('',7,(#2401,#2402,#2403,#2404,#2405,
    #2406,#2407,#2408),.UNSPECIFIED.,.F.,.F.,(8,8),(0.,8.),
  .PIECEWISE_BEZIER_KNOTS.);
#2401 = CARTESIAN_POINT('',(-4.,-20.,43.6));
#2402 = CARTESIAN_POINT('',(-3.999990757929,-20.,41.755874260504));
#2403 = CARTESIAN_POINT('',(-3.008116855567,-20.,39.963648252644));
#2404 = CARTESIAN_POINT('',(-1.124862775953,-20.,38.836293648766));
#2405 = CARTESIAN_POINT('',(1.12488664999,-20.,38.83629928625));
#2406 = CARTESIAN_POINT('',(3.008135079668,-20.,39.963663328333));
#2407 = CARTESIAN_POINT('',(4.,-20.,41.755894307099));
#2408 = CARTESIAN_POINT('',(4.,-20.,43.6));
#2409 = ORIENTED_EDGE('',*,*,#1988,.T.);
#2410 = ORIENTED_EDGE('',*,*,#2411,.T.);
#2411 = EDGE_CURVE('',#1991,#2412,#2414,.T.);
#2412 = VERTEX_POINT('',#2413);
#2413 = CARTESIAN_POINT('',(-4.,-41.3,43.6));
#2414 = B_SPLINE_CURVE_WITH_KNOTS('',1,(#2415,#2416),.UNSPECIFIED.,.F.,
  .F.,(2,2),(0.,1.),.PIECEWISE_BEZIER_KNOTS.);
#2415 = CARTESIAN_POINT('',(-4.,-20.,43.6));
#2416 = CARTESIAN_POINT('',(-4.,-41.3,43.6));
#2417 = ORIENTED_EDGE('',*,*,#2418,.T.);
#2418 = EDGE_CURVE('',#2412,#2419,#2421,.T.);
#2419 = VERTEX_POINT('',#2420);
#2420 = CARTESIAN_POINT('',(4.,-41.3,43.6));
#2421 = B_SPLINE_CURVE_WITH_KNOTS('',7,(#2422,#2423,#2424,#2425,#2426,
    #2427,#2428,#2429),.UNSPECIFIED.,.F.,.F.,(8,8),(0.,8.),
  .PIECEWISE_BEZIER_KNOTS.);
#2422 = CARTESIAN_POINT('',(-4.,-41.3,43.6));
#2423 = CARTESIAN_POINT('',(-3.999990757929,-41.3,41.755874260504));
#2424 = CARTESIAN_POINT('',(-3.008116855567,-41.3,39.963648252644));
#2425 = CARTESIAN_POINT('',(-1.124862775953,-41.3,38.836293648766));
#2426 = CARTESIAN_POINT('',(1.12488664999,-41.3,38.83629928625));
#2427 = CARTESIAN_POINT('',(3.008135079668,-41.3,39.963663328333));
#2428 = CARTESIAN_POINT('',(4.,-41.3,41.755894307099));
#2429 = CARTESIAN_POINT('',(4.,-41.3,43.6));
#2430 = ORIENTED_EDGE('',*,*,#2431,.F.);
#2431 = EDGE_CURVE('',#2222,#2419,#2432,.T.);
#2432 = B_SPLINE_CURVE_WITH_KNOTS('',1,(#2433,#2434),.UNSPECIFIED.,.F.,
  .F.,(2,2),(0.,1.),.PIECEWISE_BEZIER_KNOTS.);
#2433 = CARTESIAN_POINT('',(4.,-20.,43.6));
#2434 = CARTESIAN_POINT('',(4.,-41.3,43.6));
#2435 = ORIENTED_EDGE('',*,*,#2221,.T.);
#2436 = FACE_BOUND('',#2437,.T.);
#2437 = EDGE_LOOP('',(#2438,#2452,#2507,#2519));
#2438 = ORIENTED_EDGE('',*,*,#2439,.F.);
#2439 = EDGE_CURVE('',#2440,#2442,#2444,.T.);
#2440 = VERTEX_POINT('',#2441);
#2441 = CARTESIAN_POINT('',(-2.5,-27.,40.477476371827));
#2442 = VERTEX_POINT('',#2443);
#2443 = CARTESIAN_POINT('',(-2.5,-30.,40.477476371827));
#2444 = B_SPLINE_CURVE_WITH_KNOTS('',6,(#2445,#2446,#2447,#2448,#2449,
    #2450,#2451),.UNSPECIFIED.,.F.,.F.,(7,7),(0.,1.),
  .PIECEWISE_BEZIER_KNOTS.);
#2445 = CARTESIAN_POINT('',(-2.5,-27.,40.477476371827));
#2446 = CARTESIAN_POINT('',(-2.5,-27.27903335891,40.477476371827));
#2447 = CARTESIAN_POINT('',(-2.5,-27.84267438304,40.477476371827));
#2448 = CARTESIAN_POINT('',(-2.5,-28.49988773139,40.477476371827));
#2449 = CARTESIAN_POINT('',(-2.5,-29.15484718024,40.477476371827));
#2450 = CARTESIAN_POINT('',(-2.5,-29.7151325657,40.477476371827));
#2451 = CARTESIAN_POINT('',(-2.5,-30.,40.477476371827));
#2452 = ORIENTED_EDGE('',*,*,#2453,.T.);
#2453 = EDGE_CURVE('',#2440,#2454,#2456,.T.);
#2454 = VERTEX_POINT('',#2455);
#2455 = CARTESIAN_POINT('',(2.5,-27.,40.477474417553));
#2456 = B_SPLINE_CURVE_WITH_KNOTS('',7,(#2457,#2458,#2459,#2460,#2461,
    #2462,#2463,#2464,#2465,#2466,#2467,#2468,#2469,#2470,#2471,#2472,
    #2473,#2474,#2475,#2476,#2477,#2478,#2479,#2480,#2481,#2482,#2483,
    #2484,#2485,#2486,#2487,#2488,#2489,#2490,#2491,#2492,#2493,#2494,
    #2495,#2496,#2497,#2498,#2499,#2500,#2501,#2502,#2503,#2504,#2505,
    #2506),.UNSPECIFIED.,.F.,.F.,(8,6,6,6,6,6,6,6,8),(0.,
    1.204999257303E-02,0.499986317176,0.750579284814,0.874924799368,
    0.937181778017,0.969489986692,0.985649021078,1.),.UNSPECIFIED.);
#2457 = CARTESIAN_POINT('',(-2.5,-27.,40.477476371827));
#2458 = CARTESIAN_POINT('',(-2.492732230188,-27.,40.471657456726));
#2459 = CARTESIAN_POINT('',(-2.485449152214,-27.,40.465858679933));
#2460 = CARTESIAN_POINT('',(-2.478150452093,-27.,40.460079782055));
#2461 = CARTESIAN_POINT('',(-2.470835988905,-27.,40.454320644312));
#2462 = CARTESIAN_POINT('',(-2.463505794792,-27.,40.448581288539));
#2463 = CARTESIAN_POINT('',(-2.456160074957,-27.,40.442861877183));
#2464 = CARTESIAN_POINT('',(-2.150738066921,-27.,40.206388374021));
#2465 = CARTESIAN_POINT('',(-1.827432261369,-27.,40.008484630178));
#2466 = CARTESIAN_POINT('',(-1.483336118967,-27.,39.846817118724));
#2467 = CARTESIAN_POINT('',(-1.123313521336,-27.,39.723841342706));
#2468 = CARTESIAN_POINT('',(-0.752479885718,-27.,39.64125045668));
#2469 = CARTESIAN_POINT('',(-0.376188243771,-27.,39.599973154282));
#2470 = CARTESIAN_POINT('',(0.193216873184,-27.,39.59997448045));
#2471 = CARTESIAN_POINT('',(0.386426910538,-27.,39.610862728828));
#2472 = CARTESIAN_POINT('',(0.578905167456,-27.,39.632638448396));
#2473 = CARTESIAN_POINT('',(0.769923058591,-27.,39.665241683501));
#2474 = CARTESIAN_POINT('',(0.958760481381,-27.,39.708553101354));
#2475 = CARTESIAN_POINT('',(1.144707916198,-27.,39.762394243358));
#2476 = CARTESIAN_POINT('',(1.417556795721,-27.,39.858351164146));
#2477 = CARTESIAN_POINT('',(1.507162802976,-27.,39.892708986495));
#2478 = CARTESIAN_POINT('',(1.595801832448,-27.,39.929572350592));
#2479 = CARTESIAN_POINT('',(1.683390582082,-27.,39.968909002019));
#2480 = CARTESIAN_POINT('',(1.769847163582,-27.,40.010683324823));
#2481 = CARTESIAN_POINT('',(1.855091102414,-27.,40.054856341512));
#2482 = CARTESIAN_POINT('',(1.981076317796,-27.,40.12468191398));
#2483 = CARTESIAN_POINT('',(2.0227855295,-27.,40.148568815956));
#2484 = CARTESIAN_POINT('',(2.064161071078,-27.,40.173041113967));
#2485 = CARTESIAN_POINT('',(2.105193154177,-27.,40.198093303316));
#2486 = CARTESIAN_POINT('',(2.145872103929,-27.,40.223719679626));
#2487 = CARTESIAN_POINT('',(2.18618835895,-27.,40.249914338844));
#2488 = CARTESIAN_POINT('',(2.246861436131,-27.,40.290556616866));
#2489 = CARTESIAN_POINT('',(2.26749018092,-27.,40.304593456623));
#2490 = CARTESIAN_POINT('',(2.288017385979,-27.,40.318780843849));
#2491 = CARTESIAN_POINT('',(2.308441740679,-27.,40.3331179119));
#2492 = CARTESIAN_POINT('',(2.328761943493,-27.,40.347603780153));
#2493 = CARTESIAN_POINT('',(2.348976701994,-27.,40.362237554007));
#2494 = CARTESIAN_POINT('',(2.379141816655,-27.,40.384410965774));
#2495 = CARTESIAN_POINT('',(2.389172726257,-27.,40.391840763531));
#2496 = CARTESIAN_POINT('',(2.399177299894,-27.,40.399307614164));
#2497 = CARTESIAN_POINT('',(2.409155376266,-27.,40.406811412862));
#2498 = CARTESIAN_POINT('',(2.419106794537,-27.,40.414352053989));
#2499 = CARTESIAN_POINT('',(2.429031394333,-27.,40.42192943108));
#2500 = CARTESIAN_POINT('',(2.447719179371,-27.,40.436305501561));
#2501 = CARTESIAN_POINT('',(2.456487847645,-27.,40.443096299266));
#2502 = CARTESIAN_POINT('',(2.465234597541,-27.,40.44991549339));
#2503 = CARTESIAN_POINT('',(2.47395917881,-27.,40.456762887787));
#2504 = CARTESIAN_POINT('',(2.482661513977,-27.,40.463638426738));
#2505 = CARTESIAN_POINT('',(2.491341698347,-27.,40.470542194949));
#2506 = CARTESIAN_POINT('',(2.5,-27.,40.477474417553));
#2507 = ORIENTED_EDGE('',*,*,#2508,.T.);
#2508 = EDGE_CURVE('',#2454,#2509,#2511,.T.);
#2509 = VERTEX_POINT('',#2510);
#2510 = CARTESIAN_POINT('',(2.5,-30.,40.477474417553));
#2511 = B_SPLINE_CURVE_WITH_KNOTS('',6,(#2512,#2513,#2514,#2515,#2516,
    #2517,#2518),.UNSPECIFIED.,.F.,.F.,(7,7),(0.,1.),
  .PIECEWISE_BEZIER_KNOTS.);
#2512 = CARTESIAN_POINT('',(2.5,-27.,40.477474417553));
#2513 = CARTESIAN_POINT('',(2.5,-27.27903335891,40.477474417553));
#2514 = CARTESIAN_POINT('',(2.5,-27.84267438304,40.477474417553));
#2515 = CARTESIAN_POINT('',(2.5,-28.49988773139,40.477474417553));
#2516 = CARTESIAN_POINT('',(2.5,-29.15484718024,40.477474417553));
#2517 = CARTESIAN_POINT('',(2.5,-29.7151325657,40.477474417553));
#2518 = CARTESIAN_POINT('',(2.5,-30.,40.477474417553));
#2519 = ORIENTED_EDGE('',*,*,#2520,.F.);
#2520 = EDGE_CURVE('',#2442,#2509,#2521,.T.);
#2521 = B_SPLINE_CURVE_WITH_KNOTS('',7,(#2522,#2523,#2524,#2525,#2526,
    #2527,#2528,#2529,#2530,#2531,#2532,#2533,#2534,#2535,#2536,#2537,
    #2538,#2539,#2540,#2541,#2542,#2543,#2544,#2545,#2546,#2547,#2548,
    #2549,#2550,#2551,#2552,#2553,#2554,#2555,#2556,#2557,#2558,#2559,
    #2560,#2561,#2562,#2563,#2564,#2565,#2566,#2567,#2568,#2569,#2570,
    #2571),.UNSPECIFIED.,.F.,.F.,(8,6,6,6,6,6,6,6,8),(0.,
    1.204999257302E-02,0.499986317176,0.750579284814,0.874924799368,
    0.937181778017,0.969489986692,0.985649021078,1.),.UNSPECIFIED.);
#2522 = CARTESIAN_POINT('',(-2.5,-30.,40.477476371827));
#2523 = CARTESIAN_POINT('',(-2.492732230188,-30.,40.471657456726));
#2524 = CARTESIAN_POINT('',(-2.485449152214,-30.,40.465858679933));
#2525 = CARTESIAN_POINT('',(-2.478150452093,-30.,40.460079782055));
#2526 = CARTESIAN_POINT('',(-2.470835988905,-30.,40.454320644312));
#2527 = CARTESIAN_POINT('',(-2.463505794792,-30.,40.448581288539));
#2528 = CARTESIAN_POINT('',(-2.456160074957,-30.,40.442861877183));
#2529 = CARTESIAN_POINT('',(-2.150738066921,-30.,40.206388374021));
#2530 = CARTESIAN_POINT('',(-1.827432261369,-30.,40.008484630179));
#2531 = CARTESIAN_POINT('',(-1.483336118966,-30.,39.846817118723));
#2532 = CARTESIAN_POINT('',(-1.123313521337,-30.,39.723841342707));
#2533 = CARTESIAN_POINT('',(-0.752479885717,-30.,39.64125045668));
#2534 = CARTESIAN_POINT('',(-0.376188243771,-30.,39.599973154282));
#2535 = CARTESIAN_POINT('',(0.193216873184,-30.,39.59997448045));
#2536 = CARTESIAN_POINT('',(0.386426910538,-30.,39.610862728828));
#2537 = CARTESIAN_POINT('',(0.578905167456,-30.,39.632638448396));
#2538 = CARTESIAN_POINT('',(0.769923058591,-30.,39.665241683501));
#2539 = CARTESIAN_POINT('',(0.958760481381,-30.,39.708553101354));
#2540 = CARTESIAN_POINT('',(1.144707916198,-30.,39.762394243358));
#2541 = CARTESIAN_POINT('',(1.417556795721,-30.,39.858351164146));
#2542 = CARTESIAN_POINT('',(1.507162802976,-30.,39.892708986495));
#2543 = CARTESIAN_POINT('',(1.595801832448,-30.,39.929572350592));
#2544 = CARTESIAN_POINT('',(1.683390582082,-30.,39.968909002019));
#2545 = CARTESIAN_POINT('',(1.769847163582,-30.,40.010683324823));
#2546 = CARTESIAN_POINT('',(1.855091102414,-30.,40.054856341512));
#2547 = CARTESIAN_POINT('',(1.981076317796,-30.,40.12468191398));
#2548 = CARTESIAN_POINT('',(2.0227855295,-30.,40.148568815956));
#2549 = CARTESIAN_POINT('',(2.064161071078,-30.,40.173041113967));
#2550 = CARTESIAN_POINT('',(2.105193154177,-30.,40.198093303316));
#2551 = CARTESIAN_POINT('',(2.145872103929,-30.,40.223719679626));
#2552 = CARTESIAN_POINT('',(2.18618835895,-30.,40.249914338844));
#2553 = CARTESIAN_POINT('',(2.246861436131,-30.,40.290556616866));
#2554 = CARTESIAN_POINT('',(2.26749018092,-30.,40.304593456623));
#2555 = CARTESIAN_POINT('',(2.288017385979,-30.,40.318780843849));
#2556 = CARTESIAN_POINT('',(2.308441740679,-30.,40.3331179119));
#2557 = CARTESIAN_POINT('',(2.328761943493,-30.,40.347603780153));
#2558 = CARTESIAN_POINT('',(2.348976701994,-30.,40.362237554007));
#2559 = CARTESIAN_POINT('',(2.379141816655,-30.,40.384410965774));
#2560 = CARTESIAN_POINT('',(2.389172726257,-30.,40.391840763531));
#2561 = CARTESIAN_POINT('',(2.399177299894,-30.,40.399307614164));
#2562 = CARTESIAN_POINT('',(2.409155376266,-30.,40.406811412862));
#2563 = CARTESIAN_POINT('',(2.419106794537,-30.,40.414352053989));
#2564 = CARTESIAN_POINT('',(2.429031394333,-30.,40.42192943108));
#2565 = CARTESIAN_POINT('',(2.447719179371,-30.,40.436305501561));
#2566 = CARTESIAN_POINT('',(2.456487847645,-30.,40.443096299266));
#2567 = CARTESIAN_POINT('',(2.465234597541,-30.,40.44991549339));
#2568 = CARTESIAN_POINT('',(2.47395917881,-30.,40.456762887787));
#2569 = CARTESIAN_POINT('',(2.482661513977,-30.,40.463638426738));
#2570 = CARTESIAN_POINT('',(2.491341698347,-30.,40.470542194949));
#2571 = CARTESIAN_POINT('',(2.5,-30.,40.477474417553));
#2572 = FACE_BOUND('',#2573,.T.);
#2573 = EDGE_LOOP('',(#2574,#2588,#2643,#2655));
#2574 = ORIENTED_EDGE('',*,*,#2575,.F.);
#2575 = EDGE_CURVE('',#2576,#2578,#2580,.T.);
#2576 = VERTEX_POINT('',#2577);
#2577 = CARTESIAN_POINT('',(-2.5,-35.,40.477476371827));
#2578 = VERTEX_POINT('',#2579);
#2579 = CARTESIAN_POINT('',(-2.5,-38.,40.477476371827));
#2580 = B_SPLINE_CURVE_WITH_KNOTS('',6,(#2581,#2582,#2583,#2584,#2585,
    #2586,#2587),.UNSPECIFIED.,.F.,.F.,(7,7),(0.,1.),
  .PIECEWISE_BEZIER_KNOTS.);
#2581 = CARTESIAN_POINT('',(-2.5,-35.,40.477476371827));
#2582 = CARTESIAN_POINT('',(-2.5,-35.4982877584,40.477476371827));
#2583 = CARTESIAN_POINT('',(-2.5,-35.95061732891,40.477476371827));
#2584 = CARTESIAN_POINT('',(-2.5,-36.51250722111,40.477476371827));
#2585 = CARTESIAN_POINT('',(-2.5,-37.24026235116,40.477476371827));
#2586 = CARTESIAN_POINT('',(-2.5,-37.96886233483,40.477476371827));
#2587 = CARTESIAN_POINT('',(-2.5,-38.,40.477476371827));
#2588 = ORIENTED_EDGE('',*,*,#2589,.T.);
#2589 = EDGE_CURVE('',#2576,#2590,#2592,.T.);
#2590 = VERTEX_POINT('',#2591);
#2591 = CARTESIAN_POINT('',(2.5,-35.,40.477474417553));
#2592 = B_SPLINE_CURVE_WITH_KNOTS('',7,(#2593,#2594,#2595,#2596,#2597,
    #2598,#2599,#2600,#2601,#2602,#2603,#2604,#2605,#2606,#2607,#2608,
    #2609,#2610,#2611,#2612,#2613,#2614,#2615,#2616,#2617,#2618,#2619,
    #2620,#2621,#2622,#2623,#2624,#2625,#2626,#2627,#2628,#2629,#2630,
    #2631,#2632,#2633,#2634,#2635,#2636,#2637,#2638,#2639,#2640,#2641,
    #2642),.UNSPECIFIED.,.F.,.F.,(8,6,6,6,6,6,6,6,8),(0.,
    1.204999257302E-02,0.499986317176,0.750579284814,0.874924799368,
    0.937181778017,0.969489986692,0.985649021078,1.),.UNSPECIFIED.);
#2593 = CARTESIAN_POINT('',(-2.5,-35.,40.477476371827));
#2594 = CARTESIAN_POINT('',(-2.492732230188,-35.,40.471657456726));
#2595 = CARTESIAN_POINT('',(-2.485449152214,-35.,40.465858679933));
#2596 = CARTESIAN_POINT('',(-2.478150452093,-35.,40.460079782055));
#2597 = CARTESIAN_POINT('',(-2.470835988905,-35.,40.454320644312));
#2598 = CARTESIAN_POINT('',(-2.463505794792,-35.,40.448581288539));
#2599 = CARTESIAN_POINT('',(-2.456160074957,-35.,40.442861877183));
#2600 = CARTESIAN_POINT('',(-2.150738066921,-35.,40.206388374021));
#2601 = CARTESIAN_POINT('',(-1.82743226137,-35.,40.008484630179));
#2602 = CARTESIAN_POINT('',(-1.483336118965,-35.,39.846817118723));
#2603 = CARTESIAN_POINT('',(-1.123313521338,-35.,39.723841342707));
#2604 = CARTESIAN_POINT('',(-0.752479885717,-35.,39.64125045668));
#2605 = CARTESIAN_POINT('',(-0.376188243771,-35.,39.599973154282));
#2606 = CARTESIAN_POINT('',(0.193216873184,-35.,39.59997448045));
#2607 = CARTESIAN_POINT('',(0.386426910538,-35.,39.610862728828));
#2608 = CARTESIAN_POINT('',(0.578905167456,-35.,39.632638448396));
#2609 = CARTESIAN_POINT('',(0.769923058591,-35.,39.665241683501));
#2610 = CARTESIAN_POINT('',(0.958760481381,-35.,39.708553101354));
#2611 = CARTESIAN_POINT('',(1.144707916198,-35.,39.762394243358));
#2612 = CARTESIAN_POINT('',(1.417556795721,-35.,39.858351164146));
#2613 = CARTESIAN_POINT('',(1.507162802976,-35.,39.892708986495));
#2614 = CARTESIAN_POINT('',(1.595801832448,-35.,39.929572350592));
#2615 = CARTESIAN_POINT('',(1.683390582082,-35.,39.968909002019));
#2616 = CARTESIAN_POINT('',(1.769847163582,-35.,40.010683324823));
#2617 = CARTESIAN_POINT('',(1.855091102414,-35.,40.054856341512));
#2618 = CARTESIAN_POINT('',(1.981076317796,-35.,40.12468191398));
#2619 = CARTESIAN_POINT('',(2.0227855295,-35.,40.148568815956));
#2620 = CARTESIAN_POINT('',(2.064161071078,-35.,40.173041113967));
#2621 = CARTESIAN_POINT('',(2.105193154177,-35.,40.198093303316));
#2622 = CARTESIAN_POINT('',(2.145872103929,-35.,40.223719679626));
#2623 = CARTESIAN_POINT('',(2.18618835895,-35.,40.249914338844));
#2624 = CARTESIAN_POINT('',(2.246861436131,-35.,40.290556616866));
#2625 = CARTESIAN_POINT('',(2.26749018092,-35.,40.304593456623));
#2626 = CARTESIAN_POINT('',(2.288017385979,-35.,40.318780843849));
#2627 = CARTESIAN_POINT('',(2.308441740679,-35.,40.3331179119));
#2628 = CARTESIAN_POINT('',(2.328761943493,-35.,40.347603780153));
#2629 = CARTESIAN_POINT('',(2.348976701994,-35.,40.362237554007));
#2630 = CARTESIAN_POINT('',(2.379141816655,-35.,40.384410965774));
#2631 = CARTESIAN_POINT('',(2.389172726257,-35.,40.391840763531));
#2632 = CARTESIAN_POINT('',(2.399177299894,-35.,40.399307614164));
#2633 = CARTESIAN_POINT('',(2.409155376266,-35.,40.406811412862));
#2634 = CARTESIAN_POINT('',(2.419106794537,-35.,40.414352053989));
#2635 = CARTESIAN_POINT('',(2.429031394333,-35.,40.42192943108));
#2636 = CARTESIAN_POINT('',(2.447719179371,-35.,40.436305501561));
#2637 = CARTESIAN_POINT('',(2.456487847645,-35.,40.443096299266));
#2638 = CARTESIAN_POINT('',(2.465234597541,-35.,40.44991549339));
#2639 = CARTESIAN_POINT('',(2.47395917881,-35.,40.456762887787));
#2640 = CARTESIAN_POINT('',(2.482661513977,-35.,40.463638426738));
#2641 = CARTESIAN_POINT('',(2.491341698347,-35.,40.470542194949));
#2642 = CARTESIAN_POINT('',(2.5,-35.,40.477474417553));
#2643 = ORIENTED_EDGE('',*,*,#2644,.T.);
#2644 = EDGE_CURVE('',#2590,#2645,#2647,.T.);
#2645 = VERTEX_POINT('',#2646);
#2646 = CARTESIAN_POINT('',(2.5,-38.,40.477474417553));
#2647 = B_SPLINE_CURVE_WITH_KNOTS('',6,(#2648,#2649,#2650,#2651,#2652,
    #2653,#2654),.UNSPECIFIED.,.F.,.F.,(7,7),(0.,1.),
  .PIECEWISE_BEZIER_KNOTS.);
#2648 = CARTESIAN_POINT('',(2.5,-35.,40.477474417553));
#2649 = CARTESIAN_POINT('',(2.5,-35.4982877584,40.477474417553));
#2650 = CARTESIAN_POINT('',(2.5,-35.95061732891,40.477474417553));
#2651 = CARTESIAN_POINT('',(2.5,-36.51250722111,40.477474417553));
#2652 = CARTESIAN_POINT('',(2.5,-37.24026235116,40.477474417553));
#2653 = CARTESIAN_POINT('',(2.5,-37.96886233483,40.477474417553));
#2654 = CARTESIAN_POINT('',(2.5,-38.,40.477474417553));
#2655 = ORIENTED_EDGE('',*,*,#2656,.F.);
#2656 = EDGE_CURVE('',#2578,#2645,#2657,.T.);
#2657 = B_SPLINE_CURVE_WITH_KNOTS('',7,(#2658,#2659,#2660,#2661,#2662,
    #2663,#2664,#2665,#2666,#2667,#2668,#2669,#2670,#2671,#2672,#2673,
    #2674,#2675,#2676,#2677,#2678,#2679,#2680,#2681,#2682,#2683,#2684,
    #2685,#2686,#2687,#2688,#2689,#2690,#2691,#2692,#2693,#2694,#2695,
    #2696,#2697,#2698,#2699,#2700,#2701,#2702,#2703,#2704,#2705,#2706,
    #2707),.UNSPECIFIED.,.F.,.F.,(8,6,6,6,6,6,6,6,8),(0.,
    1.204999257302E-02,0.499986317176,0.750579284814,0.874924799368,
    0.937181778017,0.969489986692,0.985649021078,1.),.UNSPECIFIED.);
#2658 = CARTESIAN_POINT('',(-2.5,-38.,40.477476371827));
#2659 = CARTESIAN_POINT('',(-2.492732230188,-38.,40.471657456726));
#2660 = CARTESIAN_POINT('',(-2.485449152214,-38.,40.465858679933));
#2661 = CARTESIAN_POINT('',(-2.478150452093,-38.,40.460079782055));
#2662 = CARTESIAN_POINT('',(-2.470835988905,-38.,40.454320644312));
#2663 = CARTESIAN_POINT('',(-2.463505794792,-38.,40.448581288539));
#2664 = CARTESIAN_POINT('',(-2.456160074957,-38.,40.442861877183));
#2665 = CARTESIAN_POINT('',(-2.150738066921,-38.,40.206388374021));
#2666 = CARTESIAN_POINT('',(-1.82743226137,-38.,40.008484630179));
#2667 = CARTESIAN_POINT('',(-1.483336118966,-38.,39.846817118723));
#2668 = CARTESIAN_POINT('',(-1.123313521337,-38.,39.723841342707));
#2669 = CARTESIAN_POINT('',(-0.752479885717,-38.,39.64125045668));
#2670 = CARTESIAN_POINT('',(-0.376188243771,-38.,39.599973154282));
#2671 = CARTESIAN_POINT('',(0.193216873184,-38.,39.59997448045));
#2672 = CARTESIAN_POINT('',(0.386426910538,-38.,39.610862728828));
#2673 = CARTESIAN_POINT('',(0.578905167456,-38.,39.632638448396));
#2674 = CARTESIAN_POINT('',(0.769923058591,-38.,39.665241683501));
#2675 = CARTESIAN_POINT('',(0.958760481381,-38.,39.708553101354));
#2676 = CARTESIAN_POINT('',(1.144707916198,-38.,39.762394243358));
#2677 = CARTESIAN_POINT('',(1.417556795721,-38.,39.858351164146));
#2678 = CARTESIAN_POINT('',(1.507162802976,-38.,39.892708986495));
#2679 = CARTESIAN_POINT('',(1.595801832448,-38.,39.929572350592));
#2680 = CARTESIAN_POINT('',(1.683390582082,-38.,39.968909002019));
#2681 = CARTESIAN_POINT('',(1.769847163582,-38.,40.010683324823));
#2682 = CARTESIAN_POINT('',(1.855091102414,-38.,40.054856341512));
#2683 = CARTESIAN_POINT('',(1.981076317796,-38.,40.12468191398));
#2684 = CARTESIAN_POINT('',(2.0227855295,-38.,40.148568815956));
#2685 = CARTESIAN_POINT('',(2.064161071078,-38.,40.173041113967));
#2686 = CARTESIAN_POINT('',(2.105193154177,-38.,40.198093303316));
#2687 = CARTESIAN_POINT('',(2.145872103929,-38.,40.223719679626));
#2688 = CARTESIAN_POINT('',(2.18618835895,-38.,40.249914338844));
#2689 = CARTESIAN_POINT('',(2.246861436131,-38.,40.290556616866));
#2690 = CARTESIAN_POINT('',(2.26749018092,-38.,40.304593456623));
#2691 = CARTESIAN_POINT('',(2.288017385979,-38.,40.318780843849));
#2692 = CARTESIAN_POINT('',(2.308441740679,-38.,40.3331179119));
#2693 = CARTESIAN_POINT('',(2.328761943493,-38.,40.347603780153));
#2694 = CARTESIAN_POINT('',(2.348976701994,-38.,40.362237554007));
#2695 = CARTESIAN_POINT('',(2.379141816655,-38.,40.384410965774));
#2696 = CARTESIAN_POINT('',(2.389172726257,-38.,40.391840763531));
#2697 = CARTESIAN_POINT('',(2.399177299894,-38.,40.399307614164));
#2698 = CARTESIAN_POINT('',(2.409155376266,-38.,40.406811412862));
#2699 = CARTESIAN_POINT('',(2.419106794537,-38.,40.414352053989));
#2700 = CARTESIAN_POINT('',(2.429031394333,-38.,40.42192943108));
#2701 = CARTESIAN_POINT('',(2.447719179371,-38.,40.436305501561));
#2702 = CARTESIAN_POINT('',(2.456487847645,-38.,40.443096299266));
#2703 = CARTESIAN_POINT('',(2.465234597541,-38.,40.44991549339));
#2704 = CARTESIAN_POINT('',(2.47395917881,-38.,40.456762887787));
#2705 = CARTESIAN_POINT('',(2.482661513977,-38.,40.463638426738));
#2706 = CARTESIAN_POINT('',(2.491341698347,-38.,40.470542194949));
#2707 = CARTESIAN_POINT('',(2.5,-38.,40.477474417553));
#2708 = B_SPLINE_SURFACE_WITH_KNOTS('',7,1,(
    (#2709,#2710)
    ,(#2711,#2712)
    ,(#2713,#2714)
    ,(#2715,#2716)
    ,(#2717,#2718)
    ,(#2719,#2720)
    ,(#2721,#2722)
    ,(#2723,#2724
    )),.UNSPECIFIED.,.F.,.F.,.F.,(8,8),(2,2),(0.,8.),(0.,1.),
  .PIECEWISE_BEZIER_KNOTS.);
#2709 = CARTESIAN_POINT('',(4.,-20.,43.6));
#2710 = CARTESIAN_POINT('',(4.,-41.3,43.6));
#2711 = CARTESIAN_POINT('',(4.,-20.,41.755894307099));
#2712 = CARTESIAN_POINT('',(4.,-41.3,41.755894307099));
#2713 = CARTESIAN_POINT('',(3.008135079668,-20.,39.963663328333));
#2714 = CARTESIAN_POINT('',(3.008135079668,-41.3,39.963663328333));
#2715 = CARTESIAN_POINT('',(1.12488664999,-20.,38.83629928625));
#2716 = CARTESIAN_POINT('',(1.12488664999,-41.3,38.83629928625));
#2717 = CARTESIAN_POINT('',(-1.124862775953,-20.,38.836293648766));
#2718 = CARTESIAN_POINT('',(-1.124862775953,-41.3,38.836293648766));
#2719 = CARTESIAN_POINT('',(-3.008116855567,-20.,39.963648252644));
#2720 = CARTESIAN_POINT('',(-3.008116855567,-41.3,39.963648252644));
#2721 = CARTESIAN_POINT('',(-3.999990757929,-20.,41.755874260504));
#2722 = CARTESIAN_POINT('',(-3.999990757929,-41.3,41.755874260504));
#2723 = CARTESIAN_POINT('',(-4.,-20.,43.6));
#2724 = CARTESIAN_POINT('',(-4.,-41.3,43.6));
#2725 = ADVANCED_FACE('',(#2726),#2735,.T.);
#2726 = FACE_BOUND('',#2727,.T.);
#2727 = EDGE_LOOP('',(#2728,#2729,#2730));
#2728 = ORIENTED_EDGE('',*,*,#2411,.F.);
#2729 = ORIENTED_EDGE('',*,*,#2334,.T.);
#2730 = ORIENTED_EDGE('',*,*,#2731,.F.);
#2731 = EDGE_CURVE('',#2412,#2314,#2732,.T.);
#2732 = B_SPLINE_CURVE_WITH_KNOTS('',1,(#2733,#2734),.UNSPECIFIED.,.F.,
  .F.,(2,2),(0.,5.),.PIECEWISE_BEZIER_KNOTS.);
#2733 = CARTESIAN_POINT('',(-4.,-41.3,43.6));
#2734 = CARTESIAN_POINT('',(-4.,-41.3,48.6));
#2735 = B_SPLINE_SURFACE_WITH_KNOTS('',1,1,(
    (#2736,#2737)
    ,(#2738,#2739
    )),.UNSPECIFIED.,.F.,.F.,.F.,(2,2),(2,2),(0.,5.),(0.,1.),
  .PIECEWISE_BEZIER_KNOTS.);
#2736 = CARTESIAN_POINT('',(-4.,-20.,43.6));
#2737 = CARTESIAN_POINT('',(-4.,-41.3,43.6));
#2738 = CARTESIAN_POINT('',(-4.,-20.,48.6));
#2739 = CARTESIAN_POINT('',(-4.,-41.3,48.6));
#2740 = ADVANCED_FACE('',(#2741,#2752),#2763,.T.);
#2741 = FACE_BOUND('',#2742,.T.);
#2742 = EDGE_LOOP('',(#2743,#2744,#2745,#2746,#2747));
#2743 = ORIENTED_EDGE('',*,*,#2418,.F.);
#2744 = ORIENTED_EDGE('',*,*,#2731,.T.);
#2745 = ORIENTED_EDGE('',*,*,#2313,.T.);
#2746 = ORIENTED_EDGE('',*,*,#2286,.T.);
#2747 = ORIENTED_EDGE('',*,*,#2748,.F.);
#2748 = EDGE_CURVE('',#2419,#2264,#2749,.T.);
#2749 = B_SPLINE_CURVE_WITH_KNOTS('',1,(#2750,#2751),.UNSPECIFIED.,.F.,
  .F.,(2,2),(0.,5.),.PIECEWISE_BEZIER_KNOTS.);
#2750 = CARTESIAN_POINT('',(4.,-41.3,43.6));
#2751 = CARTESIAN_POINT('',(4.,-41.3,48.6));
#2752 = FACE_BOUND('',#2753,.T.);
#2753 = EDGE_LOOP('',(#2754));
#2754 = ORIENTED_EDGE('',*,*,#2755,.T.);
#2755 = EDGE_CURVE('',#2756,#2756,#2758,.T.);
#2756 = VERTEX_POINT('',#2757);
#2757 = CARTESIAN_POINT('',(1.,-41.3,43.6));
#2758 = CIRCLE('',#2759,1.);
#2759 = AXIS2_PLACEMENT_3D('',#2760,#2761,#2762);
#2760 = CARTESIAN_POINT('',(1.6E-14,-41.3,43.6));
#2761 = DIRECTION('',(0.,-1.,0.));
#2762 = DIRECTION('',(1.,0.,0.));
#2763 = PLANE('',#2764);
#2764 = AXIS2_PLACEMENT_3D('',#2765,#2766,#2767);
#2765 = CARTESIAN_POINT('',(2.89251102361E-06,-41.3,44.945686194584));
#2766 = DIRECTION('',(-1.E-17,1.,4.E-17));
#2767 = DIRECTION('',(1.094314127E-06,-3.999998905683E-17,0.999999999999
    ));
#2768 = ADVANCED_FACE('',(#2769),#2774,.T.);
#2769 = FACE_BOUND('',#2770,.T.);
#2770 = EDGE_LOOP('',(#2771,#2772,#2773));
#2771 = ORIENTED_EDGE('',*,*,#2263,.T.);
#2772 = ORIENTED_EDGE('',*,*,#2431,.T.);
#2773 = ORIENTED_EDGE('',*,*,#2748,.T.);
#2774 = B_SPLINE_SURFACE_WITH_KNOTS('',1,1,(
    (#2775,#2776)
    ,(#2777,#2778
    )),.UNSPECIFIED.,.F.,.F.,.F.,(2,2),(2,2),(0.,5.),(0.,1.),
  .PIECEWISE_BEZIER_KNOTS.);
#2775 = CARTESIAN_POINT('',(4.,-20.,48.6));
#2776 = CARTESIAN_POINT('',(4.,-41.3,48.6));
#2777 = CARTESIAN_POINT('',(4.,-20.,43.6));
#2778 = CARTESIAN_POINT('',(4.,-41.3,43.6));
#2779 = ADVANCED_FACE('',(#2780,#2797),#2808,.T.);
#2780 = FACE_BOUND('',#2781,.T.);
#2781 = EDGE_LOOP('',(#2782,#2783,#2784,#2795,#2796));
#2782 = ORIENTED_EDGE('',*,*,#2212,.F.);
#2783 = ORIENTED_EDGE('',*,*,#2203,.F.);
#2784 = ORIENTED_EDGE('',*,*,#2785,.F.);
#2785 = EDGE_CURVE('',#2033,#2162,#2786,.T.);
#2786 = B_SPLINE_CURVE_WITH_KNOTS('',7,(#2787,#2788,#2789,#2790,#2791,
    #2792,#2793,#2794),.UNSPECIFIED.,.F.,.F.,(8,8),(0.,8.),
  .PIECEWISE_BEZIER_KNOTS.);
#2787 = CARTESIAN_POINT('',(-4.,-20.,24.4));
#2788 = CARTESIAN_POINT('',(-3.999990757929,-20.,26.244125739496));
#2789 = CARTESIAN_POINT('',(-3.008116855567,-20.,28.036351747356));
#2790 = CARTESIAN_POINT('',(-1.124862775953,-20.,29.163706351234));
#2791 = CARTESIAN_POINT('',(1.12488664999,-20.,29.16370071375));
#2792 = CARTESIAN_POINT('',(3.008135079668,-20.,28.036336671667));
#2793 = CARTESIAN_POINT('',(4.,-20.,26.244105692901));
#2794 = CARTESIAN_POINT('',(4.,-20.,24.4));
#2795 = ORIENTED_EDGE('',*,*,#2032,.F.);
#2796 = ORIENTED_EDGE('',*,*,#2399,.T.);
#2797 = FACE_BOUND('',#2798,.T.);
#2798 = EDGE_LOOP('',(#2799));
#2799 = ORIENTED_EDGE('',*,*,#2800,.T.);
#2800 = EDGE_CURVE('',#2801,#2801,#2803,.T.);
#2801 = VERTEX_POINT('',#2802);
#2802 = CARTESIAN_POINT('',(4.,-20.,34.));
#2803 = CIRCLE('',#2804,4.);
#2804 = AXIS2_PLACEMENT_3D('',#2805,#2806,#2807);
#2805 = CARTESIAN_POINT('',(1.6E-14,-20.,34.));
#2806 = DIRECTION('',(0.,-1.,0.));
#2807 = DIRECTION('',(1.,0.,0.));
#2808 = B_SPLINE_SURFACE_WITH_KNOTS('',4,5,(
    (#2809,#2810,#2811,#2812,#2813,#2814)
    ,(#2815,#2816,#2817,#2818,#2819,#2820)
    ,(#2821,#2822,#2823,#2824,#2825,#2826)
    ,(#2827,#2828,#2829,#2830,#2831,#2832)
    ,(#2833,#2834,#2835,#2836,#2837,#2838
    )),.UNSPECIFIED.,.F.,.F.,.F.,(5,5),(6,6),(-6.452184786094,
    6.545246806526),(-6.397580050916,6.599529442278),
  .PIECEWISE_BEZIER_KNOTS.);
#2809 = CARTESIAN_POINT('',(-9.948391605894,-20.,27.287515348708));
#2810 = CARTESIAN_POINT('',(-4.619177535284,-20.,27.395542850683));
#2811 = CARTESIAN_POINT('',(-0.67760842662,-20.,27.50356987611));
#2812 = CARTESIAN_POINT('',(1.876531439307,-20.,27.611602022081));
#2813 = CARTESIAN_POINT('',(3.042972131307,-20.,27.719628524936));
#2814 = CARTESIAN_POINT('',(2.821868494178,-20.,27.827656943679));
#2815 = CARTESIAN_POINT('',(-6.639157066091,-20.,30.534066258069));
#2816 = CARTESIAN_POINT('',(-1.309926135871,-20.,30.642093696572));
#2817 = CARTESIAN_POINT('',(2.63163757336,-20.,30.750121128037));
#2818 = CARTESIAN_POINT('',(5.185768007352,-20.,30.85815253765));
#2819 = CARTESIAN_POINT('',(6.352205605591,-20.,30.966177693564));
#2820 = CARTESIAN_POINT('',(6.131107727679,-20.,31.074206830317));
#2821 = CARTESIAN_POINT('',(-5.642752175226,-20.,33.780616323376));
#2822 = CARTESIAN_POINT('',(-0.313512388399,-20.,33.888644491373));
#2823 = CARTESIAN_POINT('',(3.628271164359,-20.,33.996672862046));
#2824 = CARTESIAN_POINT('',(6.182153316814,-20.,34.10469982182));
#2825 = CARTESIAN_POINT('',(7.348708840907,-20.,34.212730267522));
#2826 = CARTESIAN_POINT('',(7.127600803018,-20.,34.320758219733));
#2827 = CARTESIAN_POINT('',(-6.958920936738,-20.,37.027165770991));
#2828 = CARTESIAN_POINT('',(-1.629683403885,-20.,37.135194710954));
#2829 = CARTESIAN_POINT('',(2.311892810695,-20.,37.243224292725));
#2830 = CARTESIAN_POINT('',(4.866010161093,-20.,37.35125038434));
#2831 = CARTESIAN_POINT('',(6.032449729578,-20.,37.45928071157));
#2832 = CARTESIAN_POINT('',(5.811350109951,-20.,37.567309765037));
#2833 = CARTESIAN_POINT('',(-10.58790540349,-20.,40.273717162394));
#2834 = CARTESIAN_POINT('',(-5.258684342779,-20.,40.3817461663));
#2835 = CARTESIAN_POINT('',(-1.317114735211,-20.,40.489775935471));
#2836 = CARTESIAN_POINT('',(1.237010578544,-20.,40.597801527409));
#2837 = CARTESIAN_POINT('',(2.403463196406,-20.,40.705830960144));
#2838 = CARTESIAN_POINT('',(2.182358038234,-20.,40.813860119336));
#2839 = ADVANCED_FACE('',(#2840,#2870,#3006),#3142,.F.);
#2840 = FACE_BOUND('',#2841,.F.);
#2841 = EDGE_LOOP('',(#2842,#2843,#2844,#2851,#2864,#2869));
#2842 = ORIENTED_EDGE('',*,*,#2785,.F.);
#2843 = ORIENTED_EDGE('',*,*,#2041,.T.);
#2844 = ORIENTED_EDGE('',*,*,#2845,.T.);
#2845 = EDGE_CURVE('',#2042,#2846,#2848,.T.);
#2846 = VERTEX_POINT('',#2847);
#2847 = CARTESIAN_POINT('',(-4.,-41.3,24.4));
#2848 = B_SPLINE_CURVE_WITH_KNOTS('',1,(#2849,#2850),.UNSPECIFIED.,.F.,
  .F.,(2,2),(0.,1.),.PIECEWISE_BEZIER_KNOTS.);
#2849 = CARTESIAN_POINT('',(-4.,-20.,24.4));
#2850 = CARTESIAN_POINT('',(-4.,-41.3,24.4));
#2851 = ORIENTED_EDGE('',*,*,#2852,.T.);
#2852 = EDGE_CURVE('',#2846,#2853,#2855,.T.);
#2853 = VERTEX_POINT('',#2854);
#2854 = CARTESIAN_POINT('',(4.,-41.3,24.4));
#2855 = B_SPLINE_CURVE_WITH_KNOTS('',7,(#2856,#2857,#2858,#2859,#2860,
    #2861,#2862,#2863),.UNSPECIFIED.,.F.,.F.,(8,8),(0.,8.),
  .PIECEWISE_BEZIER_KNOTS.);
#2856 = CARTESIAN_POINT('',(-4.,-41.3,24.4));
#2857 = CARTESIAN_POINT('',(-3.999990757929,-41.3,26.244125739496));
#2858 = CARTESIAN_POINT('',(-3.008116855567,-41.3,28.036351747356));
#2859 = CARTESIAN_POINT('',(-1.124862775953,-41.3,29.163706351234));
#2860 = CARTESIAN_POINT('',(1.12488664999,-41.3,29.16370071375));
#2861 = CARTESIAN_POINT('',(3.008135079668,-41.3,28.036336671667));
#2862 = CARTESIAN_POINT('',(4.,-41.3,26.244105692901));
#2863 = CARTESIAN_POINT('',(4.,-41.3,24.4));
#2864 = ORIENTED_EDGE('',*,*,#2865,.F.);
#2865 = EDGE_CURVE('',#2139,#2853,#2866,.T.);
#2866 = B_SPLINE_CURVE_WITH_KNOTS('',1,(#2867,#2868),.UNSPECIFIED.,.F.,
  .F.,(2,2),(0.,1.),.PIECEWISE_BEZIER_KNOTS.);
#2867 = CARTESIAN_POINT('',(4.,-20.,24.4));
#2868 = CARTESIAN_POINT('',(4.,-41.3,24.4));
#2869 = ORIENTED_EDGE('',*,*,#2161,.T.);
#2870 = FACE_BOUND('',#2871,.F.);
#2871 = EDGE_LOOP('',(#2872,#2886,#2941,#2953));
#2872 = ORIENTED_EDGE('',*,*,#2873,.F.);
#2873 = EDGE_CURVE('',#2874,#2876,#2878,.T.);
#2874 = VERTEX_POINT('',#2875);
#2875 = CARTESIAN_POINT('',(-2.5,-27.,27.522523628173));
#2876 = VERTEX_POINT('',#2877);
#2877 = CARTESIAN_POINT('',(-2.5,-30.,27.522523628173));
#2878 = B_SPLINE_CURVE_WITH_KNOTS('',6,(#2879,#2880,#2881,#2882,#2883,
    #2884,#2885),.UNSPECIFIED.,.F.,.F.,(7,7),(0.,1.),
  .PIECEWISE_BEZIER_KNOTS.);
#2879 = CARTESIAN_POINT('',(-2.5,-27.,27.522523628173));
#2880 = CARTESIAN_POINT('',(-2.5,-27.27903335891,27.522523628173));
#2881 = CARTESIAN_POINT('',(-2.5,-27.84267438304,27.522523628173));
#2882 = CARTESIAN_POINT('',(-2.5,-28.49988773139,27.522523628173));
#2883 = CARTESIAN_POINT('',(-2.5,-29.15484718024,27.522523628173));
#2884 = CARTESIAN_POINT('',(-2.5,-29.7151325657,27.522523628173));
#2885 = CARTESIAN_POINT('',(-2.5,-30.,27.522523628173));
#2886 = ORIENTED_EDGE('',*,*,#2887,.T.);
#2887 = EDGE_CURVE('',#2874,#2888,#2890,.T.);
#2888 = VERTEX_POINT('',#2889);
#2889 = CARTESIAN_POINT('',(2.5,-27.,27.522525582447));
#2890 = B_SPLINE_CURVE_WITH_KNOTS('',7,(#2891,#2892,#2893,#2894,#2895,
    #2896,#2897,#2898,#2899,#2900,#2901,#2902,#2903,#2904,#2905,#2906,
    #2907,#2908,#2909,#2910,#2911,#2912,#2913,#2914,#2915,#2916,#2917,
    #2918,#2919,#2920,#2921,#2922,#2923,#2924,#2925,#2926,#2927,#2928,
    #2929,#2930,#2931,#2932,#2933,#2934,#2935,#2936,#2937,#2938,#2939,
    #2940),.UNSPECIFIED.,.F.,.F.,(8,6,6,6,6,6,6,6,8),(0.,
    1.204999257302E-02,0.499986317176,0.750579284814,0.874924799368,
    0.937181778017,0.969489986692,0.985649021078,1.),.UNSPECIFIED.);
#2891 = CARTESIAN_POINT('',(-2.5,-27.,27.522523628173));
#2892 = CARTESIAN_POINT('',(-2.492732230188,-27.,27.528342543274));
#2893 = CARTESIAN_POINT('',(-2.485449152214,-27.,27.534141320067));
#2894 = CARTESIAN_POINT('',(-2.478150452093,-27.,27.539920217945));
#2895 = CARTESIAN_POINT('',(-2.470835988905,-27.,27.545679355688));
#2896 = CARTESIAN_POINT('',(-2.463505794792,-27.,27.551418711461));
#2897 = CARTESIAN_POINT('',(-2.456160074957,-27.,27.557138122817));
#2898 = CARTESIAN_POINT('',(-2.150738066921,-27.,27.793611625979));
#2899 = CARTESIAN_POINT('',(-1.82743226137,-27.,27.991515369821));
#2900 = CARTESIAN_POINT('',(-1.483336118964,-27.,28.153182881277));
#2901 = CARTESIAN_POINT('',(-1.123313521338,-27.,28.276158657293));
#2902 = CARTESIAN_POINT('',(-0.752479885717,-27.,28.35874954332));
#2903 = CARTESIAN_POINT('',(-0.376188243771,-27.,28.400026845718));
#2904 = CARTESIAN_POINT('',(0.193216873184,-27.,28.40002551955));
#2905 = CARTESIAN_POINT('',(0.386426910538,-27.,28.389137271172));
#2906 = CARTESIAN_POINT('',(0.578905167456,-27.,28.367361551604));
#2907 = CARTESIAN_POINT('',(0.769923058591,-27.,28.334758316499));
#2908 = CARTESIAN_POINT('',(0.958760481381,-27.,28.291446898646));
#2909 = CARTESIAN_POINT('',(1.144707916198,-27.,28.237605756642));
#2910 = CARTESIAN_POINT('',(1.417556795721,-27.,28.141648835854));
#2911 = CARTESIAN_POINT('',(1.507162802976,-27.,28.107291013505));
#2912 = CARTESIAN_POINT('',(1.595801832448,-27.,28.070427649408));
#2913 = CARTESIAN_POINT('',(1.683390582082,-27.,28.031090997981));
#2914 = CARTESIAN_POINT('',(1.769847163582,-27.,27.989316675177));
#2915 = CARTESIAN_POINT('',(1.855091102414,-27.,27.945143658488));
#2916 = CARTESIAN_POINT('',(1.981076317796,-27.,27.87531808602));
#2917 = CARTESIAN_POINT('',(2.0227855295,-27.,27.851431184044));
#2918 = CARTESIAN_POINT('',(2.064161071078,-27.,27.826958886033));
#2919 = CARTESIAN_POINT('',(2.105193154177,-27.,27.801906696684));
#2920 = CARTESIAN_POINT('',(2.145872103929,-27.,27.776280320374));
#2921 = CARTESIAN_POINT('',(2.18618835895,-27.,27.750085661156));
#2922 = CARTESIAN_POINT('',(2.246861436131,-27.,27.709443383134));
#2923 = CARTESIAN_POINT('',(2.26749018092,-27.,27.695406543377));
#2924 = CARTESIAN_POINT('',(2.288017385979,-27.,27.681219156151));
#2925 = CARTESIAN_POINT('',(2.308441740679,-27.,27.6668820881));
#2926 = CARTESIAN_POINT('',(2.328761943493,-27.,27.652396219847));
#2927 = CARTESIAN_POINT('',(2.348976701994,-27.,27.637762445993));
#2928 = CARTESIAN_POINT('',(2.379141816655,-27.,27.615589034226));
#2929 = CARTESIAN_POINT('',(2.389172726257,-27.,27.608159236469));
#2930 = CARTESIAN_POINT('',(2.399177299894,-27.,27.600692385836));
#2931 = CARTESIAN_POINT('',(2.409155376266,-27.,27.593188587138));
#2932 = CARTESIAN_POINT('',(2.419106794537,-27.,27.585647946011));
#2933 = CARTESIAN_POINT('',(2.429031394333,-27.,27.57807056892));
#2934 = CARTESIAN_POINT('',(2.447719179371,-27.,27.563694498439));
#2935 = CARTESIAN_POINT('',(2.456487847645,-27.,27.556903700734));
#2936 = CARTESIAN_POINT('',(2.465234597541,-27.,27.55008450661));
#2937 = CARTESIAN_POINT('',(2.47395917881,-27.,27.543237112213));
#2938 = CARTESIAN_POINT('',(2.482661513977,-27.,27.536361573262));
#2939 = CARTESIAN_POINT('',(2.491341698347,-27.,27.529457805051));
#2940 = CARTESIAN_POINT('',(2.5,-27.,27.522525582447));
#2941 = ORIENTED_EDGE('',*,*,#2942,.T.);
#2942 = EDGE_CURVE('',#2888,#2943,#2945,.T.);
#2943 = VERTEX_POINT('',#2944);
#2944 = CARTESIAN_POINT('',(2.5,-30.,27.522525582447));
#2945 = B_SPLINE_CURVE_WITH_KNOTS('',6,(#2946,#2947,#2948,#2949,#2950,
    #2951,#2952),.UNSPECIFIED.,.F.,.F.,(7,7),(0.,1.),
  .PIECEWISE_BEZIER_KNOTS.);
#2946 = CARTESIAN_POINT('',(2.5,-27.,27.522525582447));
#2947 = CARTESIAN_POINT('',(2.5,-27.27903335891,27.522525582447));
#2948 = CARTESIAN_POINT('',(2.5,-27.84267438304,27.522525582447));
#2949 = CARTESIAN_POINT('',(2.5,-28.49988773139,27.522525582447));
#2950 = CARTESIAN_POINT('',(2.5,-29.15484718024,27.522525582447));
#2951 = CARTESIAN_POINT('',(2.5,-29.7151325657,27.522525582447));
#2952 = CARTESIAN_POINT('',(2.5,-30.,27.522525582447));
#2953 = ORIENTED_EDGE('',*,*,#2954,.F.);
#2954 = EDGE_CURVE('',#2876,#2943,#2955,.T.);
#2955 = B_SPLINE_CURVE_WITH_KNOTS('',7,(#2956,#2957,#2958,#2959,#2960,
    #2961,#2962,#2963,#2964,#2965,#2966,#2967,#2968,#2969,#2970,#2971,
    #2972,#2973,#2974,#2975,#2976,#2977,#2978,#2979,#2980,#2981,#2982,
    #2983,#2984,#2985,#2986,#2987,#2988,#2989,#2990,#2991,#2992,#2993,
    #2994,#2995,#2996,#2997,#2998,#2999,#3000,#3001,#3002,#3003,#3004,
    #3005),.UNSPECIFIED.,.F.,.F.,(8,6,6,6,6,6,6,6,8),(0.,
    1.204999257302E-02,0.499986317176,0.750579284814,0.874924799368,
    0.937181778017,0.969489986692,0.985649021078,1.),.UNSPECIFIED.);
#2956 = CARTESIAN_POINT('',(-2.5,-30.,27.522523628173));
#2957 = CARTESIAN_POINT('',(-2.492732230188,-30.,27.528342543274));
#2958 = CARTESIAN_POINT('',(-2.485449152214,-30.,27.534141320067));
#2959 = CARTESIAN_POINT('',(-2.478150452093,-30.,27.539920217945));
#2960 = CARTESIAN_POINT('',(-2.470835988905,-30.,27.545679355688));
#2961 = CARTESIAN_POINT('',(-2.463505794792,-30.,27.551418711461));
#2962 = CARTESIAN_POINT('',(-2.456160074957,-30.,27.557138122817));
#2963 = CARTESIAN_POINT('',(-2.150738066921,-30.,27.793611625979));
#2964 = CARTESIAN_POINT('',(-1.82743226137,-30.,27.991515369821));
#2965 = CARTESIAN_POINT('',(-1.483336118964,-30.,28.153182881277));
#2966 = CARTESIAN_POINT('',(-1.123313521339,-30.,28.276158657293));
#2967 = CARTESIAN_POINT('',(-0.752479885716,-30.,28.35874954332));
#2968 = CARTESIAN_POINT('',(-0.376188243771,-30.,28.400026845718));
#2969 = CARTESIAN_POINT('',(0.193216873184,-30.,28.40002551955));
#2970 = CARTESIAN_POINT('',(0.386426910538,-30.,28.389137271172));
#2971 = CARTESIAN_POINT('',(0.578905167456,-30.,28.367361551604));
#2972 = CARTESIAN_POINT('',(0.769923058591,-30.,28.334758316499));
#2973 = CARTESIAN_POINT('',(0.958760481381,-30.,28.291446898646));
#2974 = CARTESIAN_POINT('',(1.144707916198,-30.,28.237605756642));
#2975 = CARTESIAN_POINT('',(1.417556795721,-30.,28.141648835854));
#2976 = CARTESIAN_POINT('',(1.507162802976,-30.,28.107291013505));
#2977 = CARTESIAN_POINT('',(1.595801832448,-30.,28.070427649408));
#2978 = CARTESIAN_POINT('',(1.683390582082,-30.,28.031090997981));
#2979 = CARTESIAN_POINT('',(1.769847163582,-30.,27.989316675177));
#2980 = CARTESIAN_POINT('',(1.855091102414,-30.,27.945143658488));
#2981 = CARTESIAN_POINT('',(1.981076317796,-30.,27.87531808602));
#2982 = CARTESIAN_POINT('',(2.0227855295,-30.,27.851431184044));
#2983 = CARTESIAN_POINT('',(2.064161071078,-30.,27.826958886033));
#2984 = CARTESIAN_POINT('',(2.105193154177,-30.,27.801906696684));
#2985 = CARTESIAN_POINT('',(2.145872103929,-30.,27.776280320374));
#2986 = CARTESIAN_POINT('',(2.18618835895,-30.,27.750085661156));
#2987 = CARTESIAN_POINT('',(2.246861436131,-30.,27.709443383134));
#2988 = CARTESIAN_POINT('',(2.26749018092,-30.,27.695406543377));
#2989 = CARTESIAN_POINT('',(2.288017385979,-30.,27.681219156151));
#2990 = CARTESIAN_POINT('',(2.308441740679,-30.,27.6668820881));
#2991 = CARTESIAN_POINT('',(2.328761943493,-30.,27.652396219847));
#2992 = CARTESIAN_POINT('',(2.348976701994,-30.,27.637762445993));
#2993 = CARTESIAN_POINT('',(2.379141816655,-30.,27.615589034226));
#2994 = CARTESIAN_POINT('',(2.389172726257,-30.,27.608159236469));
#2995 = CARTESIAN_POINT('',(2.399177299894,-30.,27.600692385836));
#2996 = CARTESIAN_POINT('',(2.409155376266,-30.,27.593188587138));
#2997 = CARTESIAN_POINT('',(2.419106794537,-30.,27.585647946011));
#2998 = CARTESIAN_POINT('',(2.429031394333,-30.,27.57807056892));
#2999 = CARTESIAN_POINT('',(2.447719179371,-30.,27.563694498439));
#3000 = CARTESIAN_POINT('',(2.456487847645,-30.,27.556903700734));
#3001 = CARTESIAN_POINT('',(2.465234597541,-30.,27.55008450661));
#3002 = CARTESIAN_POINT('',(2.47395917881,-30.,27.543237112213));
#3003 = CARTESIAN_POINT('',(2.482661513977,-30.,27.536361573262));
#3004 = CARTESIAN_POINT('',(2.491341698347,-30.,27.529457805051));
#3005 = CARTESIAN_POINT('',(2.5,-30.,27.522525582447));
#3006 = FACE_BOUND('',#3007,.F.);
#3007 = EDGE_LOOP('',(#3008,#3022,#3077,#3089));
#3008 = ORIENTED_EDGE('',*,*,#3009,.F.);
#3009 = EDGE_CURVE('',#3010,#3012,#3014,.T.);
#3010 = VERTEX_POINT('',#3011);
#3011 = CARTESIAN_POINT('',(-2.5,-35.,27.522523628173));
#3012 = VERTEX_POINT('',#3013);
#3013 = CARTESIAN_POINT('',(-2.5,-38.,27.522523628173));
#3014 = B_SPLINE_CURVE_WITH_KNOTS('',6,(#3015,#3016,#3017,#3018,#3019,
    #3020,#3021),.UNSPECIFIED.,.F.,.F.,(7,7),(0.,1.),
  .PIECEWISE_BEZIER_KNOTS.);
#3015 = CARTESIAN_POINT('',(-2.5,-35.,27.522523628173));
#3016 = CARTESIAN_POINT('',(-2.5,-35.4982877584,27.522523628173));
#3017 = CARTESIAN_POINT('',(-2.5,-35.95061732891,27.522523628173));
#3018 = CARTESIAN_POINT('',(-2.5,-36.51250722111,27.522523628173));
#3019 = CARTESIAN_POINT('',(-2.5,-37.24026235116,27.522523628173));
#3020 = CARTESIAN_POINT('',(-2.5,-37.96886233483,27.522523628173));
#3021 = CARTESIAN_POINT('',(-2.5,-38.,27.522523628173));
#3022 = ORIENTED_EDGE('',*,*,#3023,.T.);
#3023 = EDGE_CURVE('',#3010,#3024,#3026,.T.);
#3024 = VERTEX_POINT('',#3025);
#3025 = CARTESIAN_POINT('',(2.5,-35.,27.522525582447));
#3026 = B_SPLINE_CURVE_WITH_KNOTS('',7,(#3027,#3028,#3029,#3030,#3031,
    #3032,#3033,#3034,#3035,#3036,#3037,#3038,#3039,#3040,#3041,#3042,
    #3043,#3044,#3045,#3046,#3047,#3048,#3049,#3050,#3051,#3052,#3053,
    #3054,#3055,#3056,#3057,#3058,#3059,#3060,#3061,#3062,#3063,#3064,
    #3065,#3066,#3067,#3068,#3069,#3070,#3071,#3072,#3073,#3074,#3075,
    #3076),.UNSPECIFIED.,.F.,.F.,(8,6,6,6,6,6,6,6,8),(0.,
    1.204999257302E-02,0.499986317176,0.750579284814,0.874924799368,
    0.937181778017,0.969489986692,0.985649021078,1.),.UNSPECIFIED.);
#3027 = CARTESIAN_POINT('',(-2.5,-35.,27.522523628173));
#3028 = CARTESIAN_POINT('',(-2.492732230188,-35.,27.528342543274));
#3029 = CARTESIAN_POINT('',(-2.485449152214,-35.,27.534141320067));
#3030 = CARTESIAN_POINT('',(-2.478150452093,-35.,27.539920217945));
#3031 = CARTESIAN_POINT('',(-2.470835988905,-35.,27.545679355688));
#3032 = CARTESIAN_POINT('',(-2.463505794792,-35.,27.551418711461));
#3033 = CARTESIAN_POINT('',(-2.456160074957,-35.,27.557138122817));
#3034 = CARTESIAN_POINT('',(-2.150738066921,-35.,27.793611625979));
#3035 = CARTESIAN_POINT('',(-1.82743226137,-35.,27.991515369821));
#3036 = CARTESIAN_POINT('',(-1.483336118964,-35.,28.153182881277));
#3037 = CARTESIAN_POINT('',(-1.123313521339,-35.,28.276158657293));
#3038 = CARTESIAN_POINT('',(-0.752479885717,-35.,28.35874954332));
#3039 = CARTESIAN_POINT('',(-0.376188243771,-35.,28.400026845718));
#3040 = CARTESIAN_POINT('',(0.193216873184,-35.,28.40002551955));
#3041 = CARTESIAN_POINT('',(0.386426910538,-35.,28.389137271172));
#3042 = CARTESIAN_POINT('',(0.578905167456,-35.,28.367361551604));
#3043 = CARTESIAN_POINT('',(0.769923058591,-35.,28.334758316499));
#3044 = CARTESIAN_POINT('',(0.958760481381,-35.,28.291446898646));
#3045 = CARTESIAN_POINT('',(1.144707916198,-35.,28.237605756642));
#3046 = CARTESIAN_POINT('',(1.417556795721,-35.,28.141648835854));
#3047 = CARTESIAN_POINT('',(1.507162802976,-35.,28.107291013505));
#3048 = CARTESIAN_POINT('',(1.595801832448,-35.,28.070427649408));
#3049 = CARTESIAN_POINT('',(1.683390582082,-35.,28.031090997981));
#3050 = CARTESIAN_POINT('',(1.769847163582,-35.,27.989316675177));
#3051 = CARTESIAN_POINT('',(1.855091102414,-35.,27.945143658488));
#3052 = CARTESIAN_POINT('',(1.981076317796,-35.,27.87531808602));
#3053 = CARTESIAN_POINT('',(2.0227855295,-35.,27.851431184044));
#3054 = CARTESIAN_POINT('',(2.064161071078,-35.,27.826958886033));
#3055 = CARTESIAN_POINT('',(2.105193154177,-35.,27.801906696684));
#3056 = CARTESIAN_POINT('',(2.145872103929,-35.,27.776280320374));
#3057 = CARTESIAN_POINT('',(2.18618835895,-35.,27.750085661156));
#3058 = CARTESIAN_POINT('',(2.246861436131,-35.,27.709443383134));
#3059 = CARTESIAN_POINT('',(2.26749018092,-35.,27.695406543377));
#3060 = CARTESIAN_POINT('',(2.288017385979,-35.,27.681219156151));
#3061 = CARTESIAN_POINT('',(2.308441740679,-35.,27.6668820881));
#3062 = CARTESIAN_POINT('',(2.328761943493,-35.,27.652396219847));
#3063 = CARTESIAN_POINT('',(2.348976701994,-35.,27.637762445993));
#3064 = CARTESIAN_POINT('',(2.379141816655,-35.,27.615589034226));
#3065 = CARTESIAN_POINT('',(2.389172726257,-35.,27.608159236469));
#3066 = CARTESIAN_POINT('',(2.399177299894,-35.,27.600692385836));
#3067 = CARTESIAN_POINT('',(2.409155376266,-35.,27.593188587138));
#3068 = CARTESIAN_POINT('',(2.419106794537,-35.,27.585647946011));
#3069 = CARTESIAN_POINT('',(2.429031394333,-35.,27.57807056892));
#3070 = CARTESIAN_POINT('',(2.447719179371,-35.,27.563694498439));
#3071 = CARTESIAN_POINT('',(2.456487847645,-35.,27.556903700734));
#3072 = CARTESIAN_POINT('',(2.465234597541,-35.,27.55008450661));
#3073 = CARTESIAN_POINT('',(2.47395917881,-35.,27.543237112213));
#3074 = CARTESIAN_POINT('',(2.482661513977,-35.,27.536361573262));
#3075 = CARTESIAN_POINT('',(2.491341698347,-35.,27.529457805051));
#3076 = CARTESIAN_POINT('',(2.5,-35.,27.522525582447));
#3077 = ORIENTED_EDGE('',*,*,#3078,.T.);
#3078 = EDGE_CURVE('',#3024,#3079,#3081,.T.);
#3079 = VERTEX_POINT('',#3080);
#3080 = CARTESIAN_POINT('',(2.5,-38.,27.522525582447));
#3081 = B_SPLINE_CURVE_WITH_KNOTS('',6,(#3082,#3083,#3084,#3085,#3086,
    #3087,#3088),.UNSPECIFIED.,.F.,.F.,(7,7),(0.,1.),
  .PIECEWISE_BEZIER_KNOTS.);
#3082 = CARTESIAN_POINT('',(2.5,-35.,27.522525582447));
#3083 = CARTESIAN_POINT('',(2.5,-35.4982877584,27.522525582447));
#3084 = CARTESIAN_POINT('',(2.5,-35.95061732891,27.522525582447));
#3085 = CARTESIAN_POINT('',(2.5,-36.51250722111,27.522525582447));
#3086 = CARTESIAN_POINT('',(2.5,-37.24026235116,27.522525582447));
#3087 = CARTESIAN_POINT('',(2.5,-37.96886233483,27.522525582447));
#3088 = CARTESIAN_POINT('',(2.5,-38.,27.522525582447));
#3089 = ORIENTED_EDGE('',*,*,#3090,.F.);
#3090 = EDGE_CURVE('',#3012,#3079,#3091,.T.);
#3091 = B_SPLINE_CURVE_WITH_KNOTS('',7,(#3092,#3093,#3094,#3095,#3096,
    #3097,#3098,#3099,#3100,#3101,#3102,#3103,#3104,#3105,#3106,#3107,
    #3108,#3109,#3110,#3111,#3112,#3113,#3114,#3115,#3116,#3117,#3118,
    #3119,#3120,#3121,#3122,#3123,#3124,#3125,#3126,#3127,#3128,#3129,
    #3130,#3131,#3132,#3133,#3134,#3135,#3136,#3137,#3138,#3139,#3140,
    #3141),.UNSPECIFIED.,.F.,.F.,(8,6,6,6,6,6,6,6,8),(0.,
    1.204999257302E-02,0.499986317176,0.750579284814,0.874924799368,
    0.937181778017,0.969489986692,0.985649021078,1.),.UNSPECIFIED.);
#3092 = CARTESIAN_POINT('',(-2.5,-38.,27.522523628173));
#3093 = CARTESIAN_POINT('',(-2.492732230188,-38.,27.528342543274));
#3094 = CARTESIAN_POINT('',(-2.485449152214,-38.,27.534141320067));
#3095 = CARTESIAN_POINT('',(-2.478150452093,-38.,27.539920217945));
#3096 = CARTESIAN_POINT('',(-2.470835988905,-38.,27.545679355688));
#3097 = CARTESIAN_POINT('',(-2.463505794792,-38.,27.551418711461));
#3098 = CARTESIAN_POINT('',(-2.456160074957,-38.,27.557138122817));
#3099 = CARTESIAN_POINT('',(-2.150738066921,-38.,27.793611625979));
#3100 = CARTESIAN_POINT('',(-1.827432261369,-38.,27.991515369821));
#3101 = CARTESIAN_POINT('',(-1.483336118967,-38.,28.153182881276));
#3102 = CARTESIAN_POINT('',(-1.123313521336,-38.,28.276158657293));
#3103 = CARTESIAN_POINT('',(-0.752479885718,-38.,28.35874954332));
#3104 = CARTESIAN_POINT('',(-0.376188243771,-38.,28.400026845718));
#3105 = CARTESIAN_POINT('',(0.193216873184,-38.,28.40002551955));
#3106 = CARTESIAN_POINT('',(0.386426910538,-38.,28.389137271172));
#3107 = CARTESIAN_POINT('',(0.578905167456,-38.,28.367361551604));
#3108 = CARTESIAN_POINT('',(0.769923058591,-38.,28.334758316499));
#3109 = CARTESIAN_POINT('',(0.958760481381,-38.,28.291446898646));
#3110 = CARTESIAN_POINT('',(1.144707916198,-38.,28.237605756642));
#3111 = CARTESIAN_POINT('',(1.417556795721,-38.,28.141648835854));
#3112 = CARTESIAN_POINT('',(1.507162802976,-38.,28.107291013505));
#3113 = CARTESIAN_POINT('',(1.595801832448,-38.,28.070427649408));
#3114 = CARTESIAN_POINT('',(1.683390582082,-38.,28.031090997981));
#3115 = CARTESIAN_POINT('',(1.769847163582,-38.,27.989316675177));
#3116 = CARTESIAN_POINT('',(1.855091102414,-38.,27.945143658488));
#3117 = CARTESIAN_POINT('',(1.981076317796,-38.,27.87531808602));
#3118 = CARTESIAN_POINT('',(2.0227855295,-38.,27.851431184044));
#3119 = CARTESIAN_POINT('',(2.064161071078,-38.,27.826958886033));
#3120 = CARTESIAN_POINT('',(2.105193154177,-38.,27.801906696684));
#3121 = CARTESIAN_POINT('',(2.145872103929,-38.,27.776280320374));
#3122 = CARTESIAN_POINT('',(2.18618835895,-38.,27.750085661156));
#3123 = CARTESIAN_POINT('',(2.246861436131,-38.,27.709443383134));
#3124 = CARTESIAN_POINT('',(2.26749018092,-38.,27.695406543377));
#3125 = CARTESIAN_POINT('',(2.288017385979,-38.,27.681219156151));
#3126 = CARTESIAN_POINT('',(2.308441740679,-38.,27.6668820881));
#3127 = CARTESIAN_POINT('',(2.328761943493,-38.,27.652396219847));
#3128 = CARTESIAN_POINT('',(2.348976701994,-38.,27.637762445993));
#3129 = CARTESIAN_POINT('',(2.379141816655,-38.,27.615589034226));
#3130 = CARTESIAN_POINT('',(2.389172726257,-38.,27.608159236469));
#3131 = CARTESIAN_POINT('',(2.399177299894,-38.,27.600692385836));
#3132 = CARTESIAN_POINT('',(2.409155376266,-38.,27.593188587138));
#3133 = CARTESIAN_POINT('',(2.419106794537,-38.,27.585647946011));
#3134 = CARTESIAN_POINT('',(2.429031394333,-38.,27.57807056892));
#3135 = CARTESIAN_POINT('',(2.447719179371,-38.,27.563694498439));
#3136 = CARTESIAN_POINT('',(2.456487847645,-38.,27.556903700734));
#3137 = CARTESIAN_POINT('',(2.465234597541,-38.,27.55008450661));
#3138 = CARTESIAN_POINT('',(2.47395917881,-38.,27.543237112213));
#3139 = CARTESIAN_POINT('',(2.482661513977,-38.,27.536361573262));
#3140 = CARTESIAN_POINT('',(2.491341698347,-38.,27.529457805051));
#3141 = CARTESIAN_POINT('',(2.5,-38.,27.522525582447));
#3142 = B_SPLINE_SURFACE_WITH_KNOTS('',7,1,(
    (#3143,#3144)
    ,(#3145,#3146)
    ,(#3147,#3148)
    ,(#3149,#3150)
    ,(#3151,#3152)
    ,(#3153,#3154)
    ,(#3155,#3156)
    ,(#3157,#3158
    )),.UNSPECIFIED.,.F.,.F.,.F.,(8,8),(2,2),(0.,8.),(0.,1.),
  .PIECEWISE_BEZIER_KNOTS.);
#3143 = CARTESIAN_POINT('',(4.,-20.,24.4));
#3144 = CARTESIAN_POINT('',(4.,-41.3,24.4));
#3145 = CARTESIAN_POINT('',(4.,-20.,26.244105692901));
#3146 = CARTESIAN_POINT('',(4.,-41.3,26.244105692901));
#3147 = CARTESIAN_POINT('',(3.008135079668,-20.,28.036336671667));
#3148 = CARTESIAN_POINT('',(3.008135079668,-41.3,28.036336671667));
#3149 = CARTESIAN_POINT('',(1.12488664999,-20.,29.16370071375));
#3150 = CARTESIAN_POINT('',(1.12488664999,-41.3,29.16370071375));
#3151 = CARTESIAN_POINT('',(-1.124862775953,-20.,29.163706351234));
#3152 = CARTESIAN_POINT('',(-1.124862775953,-41.3,29.163706351234));
#3153 = CARTESIAN_POINT('',(-3.008116855567,-20.,28.036351747356));
#3154 = CARTESIAN_POINT('',(-3.008116855567,-41.3,28.036351747356));
#3155 = CARTESIAN_POINT('',(-3.999990757929,-20.,26.244125739496));
#3156 = CARTESIAN_POINT('',(-3.999990757929,-41.3,26.244125739496));
#3157 = CARTESIAN_POINT('',(-4.,-20.,24.4));
#3158 = CARTESIAN_POINT('',(-4.,-41.3,24.4));
#3159 = ADVANCED_FACE('',(#3160),#3169,.F.);
#3160 = FACE_BOUND('',#3161,.F.);
#3161 = EDGE_LOOP('',(#3162,#3163,#3164));
#3162 = ORIENTED_EDGE('',*,*,#2138,.T.);
#3163 = ORIENTED_EDGE('',*,*,#2865,.T.);
#3164 = ORIENTED_EDGE('',*,*,#3165,.T.);
#3165 = EDGE_CURVE('',#2853,#2107,#3166,.T.);
#3166 = B_SPLINE_CURVE_WITH_KNOTS('',1,(#3167,#3168),.UNSPECIFIED.,.F.,
  .F.,(2,2),(0.,5.),.PIECEWISE_BEZIER_KNOTS.);
#3167 = CARTESIAN_POINT('',(4.,-41.3,24.4));
#3168 = CARTESIAN_POINT('',(4.,-41.3,19.4));
#3169 = B_SPLINE_SURFACE_WITH_KNOTS('',1,1,(
    (#3170,#3171)
    ,(#3172,#3173
    )),.UNSPECIFIED.,.F.,.F.,.F.,(2,2),(2,2),(0.,5.),(0.,1.),
  .PIECEWISE_BEZIER_KNOTS.);
#3170 = CARTESIAN_POINT('',(4.,-20.,19.4));
#3171 = CARTESIAN_POINT('',(4.,-41.3,19.4));
#3172 = CARTESIAN_POINT('',(4.,-20.,24.4));
#3173 = CARTESIAN_POINT('',(4.,-41.3,24.4));
#3174 = ADVANCED_FACE('',(#3175,#3185),#3196,.T.);
#3175 = FACE_BOUND('',#3176,.F.);
#3176 = EDGE_LOOP('',(#3177,#3178,#3183,#3184));
#3177 = ORIENTED_EDGE('',*,*,#2852,.F.);
#3178 = ORIENTED_EDGE('',*,*,#3179,.T.);
#3179 = EDGE_CURVE('',#2846,#2084,#3180,.T.);
#3180 = B_SPLINE_CURVE_WITH_KNOTS('',1,(#3181,#3182),.UNSPECIFIED.,.F.,
  .F.,(2,2),(0.,5.),.PIECEWISE_BEZIER_KNOTS.);
#3181 = CARTESIAN_POINT('',(-4.,-41.3,24.4));
#3182 = CARTESIAN_POINT('',(-4.,-41.3,19.4));
#3183 = ORIENTED_EDGE('',*,*,#2106,.F.);
#3184 = ORIENTED_EDGE('',*,*,#3165,.F.);
#3185 = FACE_BOUND('',#3186,.F.);
#3186 = EDGE_LOOP('',(#3187));
#3187 = ORIENTED_EDGE('',*,*,#3188,.T.);
#3188 = EDGE_CURVE('',#3189,#3189,#3191,.T.);
#3189 = VERTEX_POINT('',#3190);
#3190 = CARTESIAN_POINT('',(1.,-41.3,24.4));
#3191 = CIRCLE('',#3192,1.);
#3192 = AXIS2_PLACEMENT_3D('',#3193,#3194,#3195);
#3193 = CARTESIAN_POINT('',(1.6E-14,-41.3,24.4));
#3194 = DIRECTION('',(-0.,1.,4.4E-16));
#3195 = DIRECTION('',(1.,0.,0.));
#3196 = PLANE('',#3197);
#3197 = AXIS2_PLACEMENT_3D('',#3198,#3199,#3200);
#3198 = CARTESIAN_POINT('',(2.89251102361E-06,-41.3,23.054313805416));
#3199 = DIRECTION('',(-1.E-17,1.,-4.E-17));
#3200 = DIRECTION('',(-1.094314127E-06,3.999998905683E-17,0.999999999999
    ));
#3201 = ADVANCED_FACE('',(#3202),#3207,.F.);
#3202 = FACE_BOUND('',#3203,.F.);
#3203 = EDGE_LOOP('',(#3204,#3205,#3206));
#3204 = ORIENTED_EDGE('',*,*,#2845,.F.);
#3205 = ORIENTED_EDGE('',*,*,#2083,.T.);
#3206 = ORIENTED_EDGE('',*,*,#3179,.F.);
#3207 = B_SPLINE_SURFACE_WITH_KNOTS('',1,1,(
    (#3208,#3209)
    ,(#3210,#3211
    )),.UNSPECIFIED.,.F.,.F.,.F.,(2,2),(2,2),(0.,5.),(0.,1.),
  .PIECEWISE_BEZIER_KNOTS.);
#3208 = CARTESIAN_POINT('',(-4.,-20.,24.4));
#3209 = CARTESIAN_POINT('',(-4.,-41.3,24.4));
#3210 = CARTESIAN_POINT('',(-4.,-20.,19.4));
#3211 = CARTESIAN_POINT('',(-4.,-41.3,19.4));
#3212 = ADVANCED_FACE('',(#3213,#3239),#3319,.T.);
#3213 = FACE_BOUND('',#3214,.T.);
#3214 = EDGE_LOOP('',(#3215,#3216,#3224,#3233));
#3215 = ORIENTED_EDGE('',*,*,#2382,.T.);
#3216 = ORIENTED_EDGE('',*,*,#3217,.F.);
#3217 = EDGE_CURVE('',#3218,#2367,#3220,.T.);
#3218 = VERTEX_POINT('',#3219);
#3219 = CARTESIAN_POINT('',(-4.,-45.,34.));
#3220 = LINE('',#3221,#3222);
#3221 = CARTESIAN_POINT('',(-4.,-45.,34.));
#3222 = VECTOR('',#3223,1.);
#3223 = DIRECTION('',(-1.,0.,0.));
#3224 = ORIENTED_EDGE('',*,*,#3225,.F.);
#3225 = EDGE_CURVE('',#3226,#3218,#3228,.T.);
#3226 = VERTEX_POINT('',#3227);
#3227 = CARTESIAN_POINT('',(4.,-45.,34.));
#3228 = CIRCLE('',#3229,4.);
#3229 = AXIS2_PLACEMENT_3D('',#3230,#3231,#3232);
#3230 = CARTESIAN_POINT('',(1.6E-14,-45.,34.));
#3231 = DIRECTION('',(-0.,-1.,-0.));
#3232 = DIRECTION('',(-1.,0.,0.));
#3233 = ORIENTED_EDGE('',*,*,#3234,.F.);
#3234 = EDGE_CURVE('',#2374,#3226,#3235,.T.);
#3235 = LINE('',#3236,#3237);
#3236 = CARTESIAN_POINT('',(11.8,-45.,34.));
#3237 = VECTOR('',#3238,1.);
#3238 = DIRECTION('',(-1.,0.,1.2E-16));
#3239 = FACE_BOUND('',#3240,.T.);
#3240 = EDGE_LOOP('',(#3241,#3299));
#3241 = ORIENTED_EDGE('',*,*,#3242,.T.);
#3242 = EDGE_CURVE('',#3243,#3245,#3247,.T.);
#3243 = VERTEX_POINT('',#3244);
#3244 = CARTESIAN_POINT('',(1.,-45.,43.6));
#3245 = VERTEX_POINT('',#3246);
#3246 = CARTESIAN_POINT('',(4.781385171263E-02,-45.,44.598856263726));
#3247 = B_SPLINE_CURVE_WITH_KNOTS('',8,(#3248,#3249,#3250,#3251,#3252,
    #3253,#3254,#3255,#3256,#3257,#3258,#3259,#3260,#3261,#3262,#3263,
    #3264,#3265,#3266,#3267,#3268,#3269,#3270,#3271,#3272,#3273,#3274,
    #3275,#3276,#3277,#3278,#3279,#3280,#3281,#3282,#3283,#3284,#3285,
    #3286,#3287,#3288,#3289,#3290,#3291,#3292,#3293,#3294,#3295,#3296,
    #3297,#3298),.UNSPECIFIED.,.F.,.F.,(9,7,7,7,7,7,7,9),(0.,
    0.17501065014,0.354496047025,0.459996156638,0.566490073503,
    0.674061715825,0.833973267022,1.),.UNSPECIFIED.);
#3248 = CARTESIAN_POINT('',(1.,-45.,43.6));
#3249 = CARTESIAN_POINT('',(1.,-45.,43.503262231752));
#3250 = CARTESIAN_POINT('',(0.989305078372,-45.,43.404564792475));
#3251 = CARTESIAN_POINT('',(0.967155739941,-45.,43.304849792436));
#3252 = CARTESIAN_POINT('',(0.932719045714,-45.,43.205478276494));
#3253 = CARTESIAN_POINT('',(0.885300836197,-45.,43.108283889676));
#3254 = CARTESIAN_POINT('',(0.824602371941,-45.,43.015494991037));
#3255 = CARTESIAN_POINT('',(0.75088410056,-45.,42.929772348622));
#3256 = CARTESIAN_POINT('',(0.578331597454,-45.,42.775840101988));
#3257 = CARTESIAN_POINT('',(0.478714565603,-45.,42.707965363936));
#3258 = CARTESIAN_POINT('',(0.36965341632,-45.,42.654191951136));
#3259 = CARTESIAN_POINT('',(0.254761616159,-45.,42.616358159403));
#3260 = CARTESIAN_POINT('',(0.137628235496,-45.,42.594967729811));
#3261 = CARTESIAN_POINT('',(2.165585887984E-02,-45.,42.589447726215));
#3262 = CARTESIAN_POINT('',(-9.016335385213E-02,-45.,42.598309707588));
#3263 = CARTESIAN_POINT('',(-0.257246534591,-45.,42.631598268528));
#3264 = CARTESIAN_POINT('',(-0.31717809539,-45.,42.648173987036));
#3265 = CARTESIAN_POINT('',(-0.374918412935,-45.,42.668677108978));
#3266 = CARTESIAN_POINT('',(-0.430259781009,-45.,42.692785113498));
#3267 = CARTESIAN_POINT('',(-0.48304791911,-45.,42.720189370181));
#3268 = CARTESIAN_POINT('',(-0.533172878578,-45.,42.75060504922));
#3269 = CARTESIAN_POINT('',(-0.580559227493,-45.,42.783779598374));
#3270 = CARTESIAN_POINT('',(-0.670171896607,-45.,42.855556458008));
#3271 = CARTESIAN_POINT('',(-0.712330458891,-45.,42.894195034297));
#3272 = CARTESIAN_POINT('',(-0.75157807389,-45.,42.935190902853));
#3273 = CARTESIAN_POINT('',(-0.78786331495,-45.,42.978340708851));
#3274 = CARTESIAN_POINT('',(-0.821136784407,-45.,43.023459432308));
#3275 = CARTESIAN_POINT('',(-0.851349261331,-45.,43.070378997391));
#3276 = CARTESIAN_POINT('',(-0.878447668654,-45.,43.118948414153));
#3277 = CARTESIAN_POINT('',(-0.926532134772,-45.,43.219629375337));
#3278 = CARTESIAN_POINT('',(-0.947446088874,-45.,43.271756221139));
#3279 = CARTESIAN_POINT('',(-0.965050360909,-45.,43.32528050274));
#3280 = CARTESIAN_POINT('',(-0.979263002726,-45.,43.380066117419));
#3281 = CARTESIAN_POINT('',(-0.989985187952,-45.,43.435972884402));
#3282 = CARTESIAN_POINT('',(-0.997102130214,-45.,43.492853955847));
#3283 = CARTESIAN_POINT('',(-1.000480210725,-45.,43.550554101472));
#3284 = CARTESIAN_POINT('',(-0.999187460175,-45.,43.69565664583));
#3285 = CARTESIAN_POINT('',(-0.989801294739,-45.,43.78377494572));
#3286 = CARTESIAN_POINT('',(-0.971302488431,-45.,43.872832070851));
#3287 = CARTESIAN_POINT('',(-0.943010466526,-45.,43.962052715782));
#3288 = CARTESIAN_POINT('',(-0.904240940197,-45.,44.050268183752));
#3289 = CARTESIAN_POINT('',(-0.854498191139,-45.,44.135945160131));
#3290 = CARTESIAN_POINT('',(-0.793595179912,-45.,44.217140556086));
#3291 = CARTESIAN_POINT('',(-0.648062745074,-45.,44.369091029933));
#3292 = CARTESIAN_POINT('',(-0.562410881747,-45.,44.439542001101));
#3293 = CARTESIAN_POINT('',(-0.467293522204,-45.,44.499067204583));
#3294 = CARTESIAN_POINT('',(-0.365646515468,-45.,44.545574657118));
#3295 = CARTESIAN_POINT('',(-0.260532317769,-45.,44.57826482171));
#3296 = CARTESIAN_POINT('',(-0.154858154146,-45.,44.597292131259));
#3297 = CARTESIAN_POINT('',(-5.130255288709E-02,-45.,44.603600827327));
#3298 = CARTESIAN_POINT('',(4.781385171263E-02,-45.,44.598856263726));
#3299 = ORIENTED_EDGE('',*,*,#3300,.T.);
#3300 = EDGE_CURVE('',#3245,#3243,#3301,.T.);
#3301 = B_SPLINE_CURVE_WITH_KNOTS('',6,(#3302,#3303,#3304,#3305,#3306,
    #3307,#3308,#3309,#3310,#3311,#3312,#3313,#3314,#3315,#3316,#3317,
    #3318),.UNSPECIFIED.,.F.,.F.,(7,5,5,7),(0.,0.290102530265,
    0.599137281206,1.),.UNSPECIFIED.);
#3302 = CARTESIAN_POINT('',(4.781385171263E-02,-45.,44.598856263726));
#3303 = CARTESIAN_POINT('',(0.129297955424,-45.,44.594955733696));
#3304 = CARTESIAN_POINT('',(0.208373650728,-45.,44.583175384612));
#3305 = CARTESIAN_POINT('',(0.284309903262,-45.,44.564296632035));
#3306 = CARTESIAN_POINT('',(0.35662707491,-45.,44.539077265238));
#3307 = CARTESIAN_POINT('',(0.425030922983,-45.,44.508177872652));
#3308 = CARTESIAN_POINT('',(0.557852818561,-45.,44.433649533284));
#3309 = CARTESIAN_POINT('',(0.621677762498,-45.,44.389344801321));
#3310 = CARTESIAN_POINT('',(0.680586516125,-45.,44.339799033814));
#3311 = CARTESIAN_POINT('',(0.734334969487,-45.,44.285526950007));
#3312 = CARTESIAN_POINT('',(0.782689496139,-45.,44.226989341427));
#3313 = CARTESIAN_POINT('',(0.880762404276,-45.,44.083610805975));
#3314 = CARTESIAN_POINT('',(0.926576017037,-45.,43.996182181725));
#3315 = CARTESIAN_POINT('',(0.962283214568,-45.,43.903125699229));
#3316 = CARTESIAN_POINT('',(0.987061074748,-45.,43.805319999629));
#3317 = CARTESIAN_POINT('',(1.,-45.,43.703839773066));
#3318 = CARTESIAN_POINT('',(1.,-45.,43.6));
#3319 = B_SPLINE_SURFACE_WITH_KNOTS('',6,6,(
    (#3320,#3321,#3322,#3323,#3324,#3325,#3326)
    ,(#3327,#3328,#3329,#3330,#3331,#3332,#3333)
    ,(#3334,#3335,#3336,#3337,#3338,#3339,#3340)
    ,(#3341,#3342,#3343,#3344,#3345,#3346,#3347)
    ,(#3348,#3349,#3350,#3351,#3352,#3353,#3354)
    ,(#3355,#3356,#3357,#3358,#3359,#3360,#3361)
    ,(#3362,#3363,#3364,#3365,#3366,#3367,#3368
  )),.UNSPECIFIED.,.F.,.F.,.F.,(7,7),(7,7),(-12.86233709205,
    12.834461774696),(-12.86233709205,12.834461774696),
  .PIECEWISE_BEZIER_KNOTS.);
#3320 = CARTESIAN_POINT('',(-10.01848266647,-45.,33.999999992261));
#3321 = CARTESIAN_POINT('',(-11.63103988459,-45.,37.028395544327));
#3322 = CARTESIAN_POINT('',(-11.38920909743,-45.,40.056794707367));
#3323 = CARTESIAN_POINT('',(-9.293045347967,-45.,43.085190699835));
#3324 = CARTESIAN_POINT('',(-5.342510808364,-45.,46.113585904118));
#3325 = CARTESIAN_POINT('',(0.462431643404,-45.,49.141983856884));
#3326 = CARTESIAN_POINT('',(8.12172484694,-45.,52.170381239414));
#3327 = CARTESIAN_POINT('',(-11.63103988459,-45.,30.971604448985));
#3328 = CARTESIAN_POINT('',(-13.24359539426,-45.,34.000000001052));
#3329 = CARTESIAN_POINT('',(-13.00176244483,-45.,37.028394474629));
#3330 = CARTESIAN_POINT('',(-10.90561024452,-45.,40.056792568284));
#3331 = CARTESIAN_POINT('',(-6.955074069312,-45.,43.085191379693));
#3332 = CARTESIAN_POINT('',(-1.150104641349,-45.,46.113587617086));
#3333 = CARTESIAN_POINT('',(6.50918249252,-45.,49.141984810707));
#3334 = CARTESIAN_POINT('',(-11.38920909743,-45.,27.943205291223));
#3335 = CARTESIAN_POINT('',(-13.00176244483,-44.99999999999,
    30.97160553275));
#3336 = CARTESIAN_POINT('',(-12.75970017489,-45.,34.00000000633));
#3337 = CARTESIAN_POINT('',(-10.66407737317,-45.,37.02835852608));
#3338 = CARTESIAN_POINT('',(-6.713075037115,-45.,40.056811794929));
#3339 = CARTESIAN_POINT('',(-0.908185971871,-45.,43.085191363068));
#3340 = CARTESIAN_POINT('',(6.751049084567,-45.,46.113588274299));
#3341 = CARTESIAN_POINT('',(-9.293045347967,-45.,24.914809300522));
#3342 = CARTESIAN_POINT('',(-10.90561024452,-45.,27.943207440864));
#3343 = CARTESIAN_POINT('',(-10.66407737317,-44.99999999999,
    30.971641488341));
#3344 = CARTESIAN_POINT('',(-8.567494489002,-45.,34.000000008099));
#3345 = CARTESIAN_POINT('',(-4.617035968641,-45.,37.028399993365));
#3346 = CARTESIAN_POINT('',(1.187662967851,-44.99999999999,
    40.056795009838));
#3347 = CARTESIAN_POINT('',(8.84697609023,-45.,43.085191226223));
#3348 = CARTESIAN_POINT('',(-5.342510808364,-45.,21.886414094491));
#3349 = CARTESIAN_POINT('',(-6.955074069313,-44.99999999999,
    24.914808627706));
#3350 = CARTESIAN_POINT('',(-6.713075037115,-45.,27.943188217751));
#3351 = CARTESIAN_POINT('',(-4.617035968642,-45.,30.971600021073));
#3352 = CARTESIAN_POINT('',(-0.66645587138,-45.,34.000000006351));
#3353 = CARTESIAN_POINT('',(5.138528128167,-45.,37.028392782301));
#3354 = CARTESIAN_POINT('',(12.797782242862,-45.,40.056789445341));
#3355 = CARTESIAN_POINT('',(0.462431643404,-45.,18.858016136467));
#3356 = CARTESIAN_POINT('',(-1.150104641349,-45.,21.886412385056));
#3357 = CARTESIAN_POINT('',(-0.908185971871,-44.99999999999,
    24.914808644349));
#3358 = CARTESIAN_POINT('',(1.187662967851,-45.,27.94320499935));
#3359 = CARTESIAN_POINT('',(5.138528128167,-45.,30.971607225135));
#3360 = CARTESIAN_POINT('',(10.943423165833,-45.,34.00000000109));
#3361 = CARTESIAN_POINT('',(18.602713132184,-45.,37.028395396016));
#3362 = CARTESIAN_POINT('',(8.12172484694,-45.,15.829618745165));
#3363 = CARTESIAN_POINT('',(6.50918249252,-45.,18.858015182663));
#3364 = CARTESIAN_POINT('',(6.751049084567,-45.,21.886411724349));
#3365 = CARTESIAN_POINT('',(8.846976090231,-45.,24.914808774191));
#3366 = CARTESIAN_POINT('',(12.797782242862,-45.,27.943210553326));
#3367 = CARTESIAN_POINT('',(18.602713132184,-45.,30.971604597392));
#3368 = CARTESIAN_POINT('',(26.262022047523,-45.,33.999999992318));
#3369 = ADVANCED_FACE('',(#3370),#3396,.F.);
#3370 = FACE_BOUND('',#3371,.F.);
#3371 = EDGE_LOOP('',(#3372,#3383,#3389,#3390));
#3372 = ORIENTED_EDGE('',*,*,#3373,.T.);
#3373 = EDGE_CURVE('',#3374,#3376,#3378,.T.);
#3374 = VERTEX_POINT('',#3375);
#3375 = CARTESIAN_POINT('',(-11.8,-45.,34.));
#3376 = VERTEX_POINT('',#3377);
#3377 = CARTESIAN_POINT('',(11.8,-45.,34.));
#3378 = CIRCLE('',#3379,11.8);
#3379 = AXIS2_PLACEMENT_3D('',#3380,#3381,#3382);
#3380 = CARTESIAN_POINT('',(1.6E-14,-45.,34.));
#3381 = DIRECTION('',(-0.,-1.,-0.));
#3382 = DIRECTION('',(-1.,0.,0.));
#3383 = ORIENTED_EDGE('',*,*,#3384,.T.);
#3384 = EDGE_CURVE('',#3376,#2374,#3385,.T.);
#3385 = LINE('',#3386,#3387);
#3386 = CARTESIAN_POINT('',(11.8,-45.,34.));
#3387 = VECTOR('',#3388,1.);
#3388 = DIRECTION('',(-1.,0.,1.2E-16));
#3389 = ORIENTED_EDGE('',*,*,#2373,.F.);
#3390 = ORIENTED_EDGE('',*,*,#3391,.T.);
#3391 = EDGE_CURVE('',#2367,#3374,#3392,.T.);
#3392 = LINE('',#3393,#3394);
#3393 = CARTESIAN_POINT('',(-4.,-45.,34.));
#3394 = VECTOR('',#3395,1.);
#3395 = DIRECTION('',(-1.,0.,0.));
#3396 = B_SPLINE_SURFACE_WITH_KNOTS('',7,8,(
    (#3397,#3398,#3399,#3400,#3401,#3402,#3403,#3404,#3405)
    ,(#3406,#3407,#3408,#3409,#3410,#3411,#3412,#3413,#3414)
    ,(#3415,#3416,#3417,#3418,#3419,#3420,#3421,#3422,#3423)
    ,(#3424,#3425,#3426,#3427,#3428,#3429,#3430,#3431,#3432)
    ,(#3433,#3434,#3435,#3436,#3437,#3438,#3439,#3440,#3441)
    ,(#3442,#3443,#3444,#3445,#3446,#3447,#3448,#3449,#3450)
    ,(#3451,#3452,#3453,#3454,#3455,#3456,#3457,#3458,#3459)
    ,(#3460,#3461,#3462,#3463,#3464,#3465,#3466,#3467,#3468
  )),.UNSPECIFIED.,.F.,.F.,.F.,(8,8),(9,9),(-12.98,12.98),(
    -11.59130372361,5.762740133402),.PIECEWISE_BEZIER_KNOTS.);
#3397 = CARTESIAN_POINT('',(-12.97999595723,-45.,21.169840187466));
#3398 = CARTESIAN_POINT('',(-12.97998386028,-45.,23.339095689006));
#3399 = CARTESIAN_POINT('',(-12.97994148041,-45.,25.508346753241));
#3400 = CARTESIAN_POINT('',(-12.98001171916,-44.99999999999,
    27.677607041567));
#3401 = CARTESIAN_POINT('',(-12.98006493002,-45.,29.846867067076));
#3402 = CARTESIAN_POINT('',(-12.9800215298,-44.99999999999,
    32.016120096491));
#3403 = CARTESIAN_POINT('',(-12.97996026875,-45.,34.185371443611));
#3404 = CARTESIAN_POINT('',(-12.98001215932,-45.,36.35463115427));
#3405 = CARTESIAN_POINT('',(-12.98004006371,-45.,38.523890082792));
#3406 = CARTESIAN_POINT('',(-9.271436172297,-45.,21.169841608284));
#3407 = CARTESIAN_POINT('',(-9.271419793558,-44.99999999999,
    23.339097416889));
#3408 = CARTESIAN_POINT('',(-9.271393440518,-45.,25.508351425542));
#3409 = CARTESIAN_POINT('',(-9.271326404007,-44.99999999999,
    27.677596508271));
#3410 = CARTESIAN_POINT('',(-9.271630905388,-45.,29.846878694096));
#3411 = CARTESIAN_POINT('',(-9.271372418664,-44.99999999999,
    32.016115790918));
#3412 = CARTESIAN_POINT('',(-9.271408415527,-45.,34.185371841694));
#3413 = CARTESIAN_POINT('',(-9.271435360457,-45.,36.354630692734));
#3414 = CARTESIAN_POINT('',(-9.271457477352,-45.,38.523889005937));
#3415 = CARTESIAN_POINT('',(-5.562902094438,-45.,21.169840919435));
#3416 = CARTESIAN_POINT('',(-5.562891746634,-45.,23.339097665161));
#3417 = CARTESIAN_POINT('',(-5.562815545823,-45.,25.508342131885));
#3418 = CARTESIAN_POINT('',(-5.562952077035,-44.99999999999,
    27.677628838225));
#3419 = CARTESIAN_POINT('',(-5.562882007657,-45.,29.84681291405));
#3420 = CARTESIAN_POINT('',(-5.562812363191,-44.99999999999,
    32.01615166153));
#3421 = CARTESIAN_POINT('',(-5.562984625696,-45.,34.185356470487));
#3422 = CARTESIAN_POINT('',(-5.562873109774,-45.,36.354631753404));
#3423 = CARTESIAN_POINT('',(-5.562863634884,-45.,38.523886331442));
#3424 = CARTESIAN_POINT('',(-1.854311049553,-45.,21.169840084191));
#3425 = CARTESIAN_POINT('',(-1.854307770993,-45.,23.339097518209));
#3426 = CARTESIAN_POINT('',(-1.854155534011,-45.,25.508349434028));
#3427 = CARTESIAN_POINT('',(-1.854529441279,-44.99999999999,
    27.677635822495));
#3428 = CARTESIAN_POINT('',(-1.853437616411,-45.,29.84685897925));
#3429 = CARTESIAN_POINT('',(-1.854716786298,-44.99999999999,
    32.01611168129));
#3430 = CARTESIAN_POINT('',(-1.85402934911,-45.,34.185389644506));
#3431 = CARTESIAN_POINT('',(-1.854151402488,-45.,36.354624391428));
#3432 = CARTESIAN_POINT('',(-1.854284972995,-45.,38.523884407216));
#3433 = CARTESIAN_POINT('',(1.854311049553,-45.,21.169840084192));
#3434 = CARTESIAN_POINT('',(1.854307770993,-44.99999999999,
    23.339097518204));
#3435 = CARTESIAN_POINT('',(1.85415553401,-45.,25.508349434051));
#3436 = CARTESIAN_POINT('',(1.854529441281,-44.99999999999,
    27.677635822438));
#3437 = CARTESIAN_POINT('',(1.853437616409,-45.,29.846858979339));
#3438 = CARTESIAN_POINT('',(1.8547167863,-45.,32.016111681201));
#3439 = CARTESIAN_POINT('',(1.85402934911,-45.,34.185389644571));
#3440 = CARTESIAN_POINT('',(1.854151402488,-44.99999999999,
    36.35462439141));
#3441 = CARTESIAN_POINT('',(1.854284972995,-45.,38.523884407215));
#3442 = CARTESIAN_POINT('',(5.562902094438,-45.,21.169840919435));
#3443 = CARTESIAN_POINT('',(5.562891746634,-45.,23.339097665165));
#3444 = CARTESIAN_POINT('',(5.562815545823,-45.,25.508342131865));
#3445 = CARTESIAN_POINT('',(5.562952077036,-44.99999999999,
    27.677628838276));
#3446 = CARTESIAN_POINT('',(5.562882007657,-45.,29.846812913974));
#3447 = CARTESIAN_POINT('',(5.562812363191,-44.99999999999,
    32.016151661599));
#3448 = CARTESIAN_POINT('',(5.562984625695,-45.,34.185356470445));
#3449 = CARTESIAN_POINT('',(5.562873109774,-45.,36.354631753415));
#3450 = CARTESIAN_POINT('',(5.562863634884,-45.,38.523886331442));
#3451 = CARTESIAN_POINT('',(9.271436172298,-45.,21.169841608284));
#3452 = CARTESIAN_POINT('',(9.271419793558,-45.,23.339097416888));
#3453 = CARTESIAN_POINT('',(9.271393440518,-45.,25.508351425549));
#3454 = CARTESIAN_POINT('',(9.271326404007,-44.99999999999,
    27.677596508255));
#3455 = CARTESIAN_POINT('',(9.271630905389,-45.,29.846878694121));
#3456 = CARTESIAN_POINT('',(9.271372418663,-44.99999999999,
    32.016115790895));
#3457 = CARTESIAN_POINT('',(9.271408415527,-45.,34.185371841706));
#3458 = CARTESIAN_POINT('',(9.271435360458,-45.,36.354630692732));
#3459 = CARTESIAN_POINT('',(9.271457477352,-45.,38.523889005939));
#3460 = CARTESIAN_POINT('',(12.979995957238,-45.,21.169840187465));
#3461 = CARTESIAN_POINT('',(12.979983860286,-45.,23.339095689005));
#3462 = CARTESIAN_POINT('',(12.979941480411,-45.,25.50834675324));
#3463 = CARTESIAN_POINT('',(12.98001171916,-44.99999999999,
    27.677607041567));
#3464 = CARTESIAN_POINT('',(12.980064930021,-45.,29.846867067076));
#3465 = CARTESIAN_POINT('',(12.980021529807,-44.99999999999,
    32.01612009649));
#3466 = CARTESIAN_POINT('',(12.979960268756,-45.,34.18537144361));
#3467 = CARTESIAN_POINT('',(12.980012159329,-45.,36.354631154272));
#3468 = CARTESIAN_POINT('',(12.980040063714,-45.,38.523890082795));
#3469 = ADVANCED_FACE('',(#3470),#3495,.T.);
#3470 = FACE_BOUND('',#3471,.T.);
#3471 = EDGE_LOOP('',(#3472,#3482,#3488,#3489));
#3472 = ORIENTED_EDGE('',*,*,#3473,.F.);
#3473 = EDGE_CURVE('',#3474,#3476,#3478,.T.);
#3474 = VERTEX_POINT('',#3475);
#3475 = CARTESIAN_POINT('',(-2.5,-27.,37.122498999199));
#3476 = VERTEX_POINT('',#3477);
#3477 = CARTESIAN_POINT('',(-2.5,-30.,37.122498999199));
#3478 = LINE('',#3479,#3480);
#3479 = CARTESIAN_POINT('',(-2.5,-20.,37.122498999199));
#3480 = VECTOR('',#3481,1.);
#3481 = DIRECTION('',(0.,-1.,2.2E-16));
#3482 = ORIENTED_EDGE('',*,*,#3483,.T.);
#3483 = EDGE_CURVE('',#3474,#2440,#3484,.T.);
#3484 = LINE('',#3485,#3486);
#3485 = CARTESIAN_POINT('',(-2.5,-27.,19.));
#3486 = VECTOR('',#3487,1.);
#3487 = DIRECTION('',(0.,0.,1.));
#3488 = ORIENTED_EDGE('',*,*,#2439,.T.);
#3489 = ORIENTED_EDGE('',*,*,#3490,.F.);
#3490 = EDGE_CURVE('',#3476,#2442,#3491,.T.);
#3491 = LINE('',#3492,#3493);
#3492 = CARTESIAN_POINT('',(-2.5,-30.,19.));
#3493 = VECTOR('',#3494,1.);
#3494 = DIRECTION('',(0.,0.,1.));
#3495 = PLANE('',#3496);
#3496 = AXIS2_PLACEMENT_3D('',#3497,#3498,#3499);
#3497 = CARTESIAN_POINT('',(-2.5,-27.,19.));
#3498 = DIRECTION('',(1.,0.,0.));
#3499 = DIRECTION('',(0.,-1.,0.));
#3500 = ADVANCED_FACE('',(#3501),#3520,.T.);
#3501 = FACE_BOUND('',#3502,.T.);
#3502 = EDGE_LOOP('',(#3503,#3512,#3513,#3514));
#3503 = ORIENTED_EDGE('',*,*,#3504,.T.);
#3504 = EDGE_CURVE('',#3505,#3476,#3507,.T.);
#3505 = VERTEX_POINT('',#3506);
#3506 = CARTESIAN_POINT('',(2.5,-30.,37.122498999199));
#3507 = CIRCLE('',#3508,4.);
#3508 = AXIS2_PLACEMENT_3D('',#3509,#3510,#3511);
#3509 = CARTESIAN_POINT('',(1.643E-14,-30.,34.));
#3510 = DIRECTION('',(0.,-1.,2.2E-16));
#3511 = DIRECTION('',(1.,0.,0.));
#3512 = ORIENTED_EDGE('',*,*,#3490,.T.);
#3513 = ORIENTED_EDGE('',*,*,#2520,.T.);
#3514 = ORIENTED_EDGE('',*,*,#3515,.F.);
#3515 = EDGE_CURVE('',#3505,#2509,#3516,.T.);
#3516 = LINE('',#3517,#3518);
#3517 = CARTESIAN_POINT('',(2.5,-30.,19.));
#3518 = VECTOR('',#3519,1.);
#3519 = DIRECTION('',(0.,0.,1.));
#3520 = PLANE('',#3521);
#3521 = AXIS2_PLACEMENT_3D('',#3522,#3523,#3524);
#3522 = CARTESIAN_POINT('',(-2.5,-30.,19.));
#3523 = DIRECTION('',(0.,1.,0.));
#3524 = DIRECTION('',(1.,0.,0.));
#3525 = ADVANCED_FACE('',(#3526),#3544,.T.);
#3526 = FACE_BOUND('',#3527,.T.);
#3527 = EDGE_LOOP('',(#3528,#3536,#3537,#3538));
#3528 = ORIENTED_EDGE('',*,*,#3529,.T.);
#3529 = EDGE_CURVE('',#3530,#3505,#3532,.T.);
#3530 = VERTEX_POINT('',#3531);
#3531 = CARTESIAN_POINT('',(2.5,-27.,37.122498999199));
#3532 = LINE('',#3533,#3534);
#3533 = CARTESIAN_POINT('',(2.5,-20.,37.122498999199));
#3534 = VECTOR('',#3535,1.);
#3535 = DIRECTION('',(0.,-1.,2.2E-16));
#3536 = ORIENTED_EDGE('',*,*,#3515,.T.);
#3537 = ORIENTED_EDGE('',*,*,#2508,.F.);
#3538 = ORIENTED_EDGE('',*,*,#3539,.F.);
#3539 = EDGE_CURVE('',#3530,#2454,#3540,.T.);
#3540 = LINE('',#3541,#3542);
#3541 = CARTESIAN_POINT('',(2.5,-27.,19.));
#3542 = VECTOR('',#3543,1.);
#3543 = DIRECTION('',(0.,0.,1.));
#3544 = PLANE('',#3545);
#3545 = AXIS2_PLACEMENT_3D('',#3546,#3547,#3548);
#3546 = CARTESIAN_POINT('',(2.5,-30.,19.));
#3547 = DIRECTION('',(-1.,0.,0.));
#3548 = DIRECTION('',(0.,1.,0.));
#3549 = ADVANCED_FACE('',(#3550),#3562,.T.);
#3550 = FACE_BOUND('',#3551,.T.);
#3551 = EDGE_LOOP('',(#3552,#3559,#3560,#3561));
#3552 = ORIENTED_EDGE('',*,*,#3553,.F.);
#3553 = EDGE_CURVE('',#3530,#3474,#3554,.T.);
#3554 = CIRCLE('',#3555,4.);
#3555 = AXIS2_PLACEMENT_3D('',#3556,#3557,#3558);
#3556 = CARTESIAN_POINT('',(1.643E-14,-27.,34.));
#3557 = DIRECTION('',(0.,-1.,2.2E-16));
#3558 = DIRECTION('',(1.,0.,0.));
#3559 = ORIENTED_EDGE('',*,*,#3539,.T.);
#3560 = ORIENTED_EDGE('',*,*,#2453,.F.);
#3561 = ORIENTED_EDGE('',*,*,#3483,.F.);
#3562 = PLANE('',#3563);
#3563 = AXIS2_PLACEMENT_3D('',#3564,#3565,#3566);
#3564 = CARTESIAN_POINT('',(2.5,-27.,19.));
#3565 = DIRECTION('',(0.,-1.,0.));
#3566 = DIRECTION('',(-1.,0.,0.));
#3567 = ADVANCED_FACE('',(#3568),#3593,.T.);
#3568 = FACE_BOUND('',#3569,.T.);
#3569 = EDGE_LOOP('',(#3570,#3580,#3586,#3587));
#3570 = ORIENTED_EDGE('',*,*,#3571,.F.);
#3571 = EDGE_CURVE('',#3572,#3574,#3576,.T.);
#3572 = VERTEX_POINT('',#3573);
#3573 = CARTESIAN_POINT('',(-2.5,-35.,37.122498999199));
#3574 = VERTEX_POINT('',#3575);
#3575 = CARTESIAN_POINT('',(-2.5,-38.,37.122498999199));
#3576 = LINE('',#3577,#3578);
#3577 = CARTESIAN_POINT('',(-2.5,-20.,37.122498999199));
#3578 = VECTOR('',#3579,1.);
#3579 = DIRECTION('',(0.,-1.,2.2E-16));
#3580 = ORIENTED_EDGE('',*,*,#3581,.T.);
#3581 = EDGE_CURVE('',#3572,#2576,#3582,.T.);
#3582 = LINE('',#3583,#3584);
#3583 = CARTESIAN_POINT('',(-2.5,-35.,19.));
#3584 = VECTOR('',#3585,1.);
#3585 = DIRECTION('',(0.,0.,1.));
#3586 = ORIENTED_EDGE('',*,*,#2575,.T.);
#3587 = ORIENTED_EDGE('',*,*,#3588,.F.);
#3588 = EDGE_CURVE('',#3574,#2578,#3589,.T.);
#3589 = LINE('',#3590,#3591);
#3590 = CARTESIAN_POINT('',(-2.5,-38.,19.));
#3591 = VECTOR('',#3592,1.);
#3592 = DIRECTION('',(0.,0.,1.));
#3593 = PLANE('',#3594);
#3594 = AXIS2_PLACEMENT_3D('',#3595,#3596,#3597);
#3595 = CARTESIAN_POINT('',(-2.5,-35.,19.));
#3596 = DIRECTION('',(1.,0.,0.));
#3597 = DIRECTION('',(0.,-1.,0.));
#3598 = ADVANCED_FACE('',(#3599),#3618,.T.);
#3599 = FACE_BOUND('',#3600,.T.);
#3600 = EDGE_LOOP('',(#3601,#3610,#3611,#3612));
#3601 = ORIENTED_EDGE('',*,*,#3602,.T.);
#3602 = EDGE_CURVE('',#3603,#3574,#3605,.T.);
#3603 = VERTEX_POINT('',#3604);
#3604 = CARTESIAN_POINT('',(2.5,-38.,37.122498999199));
#3605 = CIRCLE('',#3606,4.);
#3606 = AXIS2_PLACEMENT_3D('',#3607,#3608,#3609);
#3607 = CARTESIAN_POINT('',(1.643E-14,-38.,34.));
#3608 = DIRECTION('',(0.,-1.,2.2E-16));
#3609 = DIRECTION('',(1.,0.,0.));
#3610 = ORIENTED_EDGE('',*,*,#3588,.T.);
#3611 = ORIENTED_EDGE('',*,*,#2656,.T.);
#3612 = ORIENTED_EDGE('',*,*,#3613,.F.);
#3613 = EDGE_CURVE('',#3603,#2645,#3614,.T.);
#3614 = LINE('',#3615,#3616);
#3615 = CARTESIAN_POINT('',(2.5,-38.,19.));
#3616 = VECTOR('',#3617,1.);
#3617 = DIRECTION('',(0.,0.,1.));
#3618 = PLANE('',#3619);
#3619 = AXIS2_PLACEMENT_3D('',#3620,#3621,#3622);
#3620 = CARTESIAN_POINT('',(-2.5,-38.,19.));
#3621 = DIRECTION('',(0.,1.,0.));
#3622 = DIRECTION('',(1.,0.,0.));
#3623 = ADVANCED_FACE('',(#3624),#3642,.T.);
#3624 = FACE_BOUND('',#3625,.T.);
#3625 = EDGE_LOOP('',(#3626,#3634,#3635,#3636));
#3626 = ORIENTED_EDGE('',*,*,#3627,.T.);
#3627 = EDGE_CURVE('',#3628,#3603,#3630,.T.);
#3628 = VERTEX_POINT('',#3629);
#3629 = CARTESIAN_POINT('',(2.5,-35.,37.122498999199));
#3630 = LINE('',#3631,#3632);
#3631 = CARTESIAN_POINT('',(2.5,-20.,37.122498999199));
#3632 = VECTOR('',#3633,1.);
#3633 = DIRECTION('',(0.,-1.,2.2E-16));
#3634 = ORIENTED_EDGE('',*,*,#3613,.T.);
#3635 = ORIENTED_EDGE('',*,*,#2644,.F.);
#3636 = ORIENTED_EDGE('',*,*,#3637,.F.);
#3637 = EDGE_CURVE('',#3628,#2590,#3638,.T.);
#3638 = LINE('',#3639,#3640);
#3639 = CARTESIAN_POINT('',(2.5,-35.,19.));
#3640 = VECTOR('',#3641,1.);
#3641 = DIRECTION('',(0.,0.,1.));
#3642 = PLANE('',#3643);
#3643 = AXIS2_PLACEMENT_3D('',#3644,#3645,#3646);
#3644 = CARTESIAN_POINT('',(2.5,-38.,19.));
#3645 = DIRECTION('',(-1.,0.,0.));
#3646 = DIRECTION('',(0.,1.,0.));
#3647 = ADVANCED_FACE('',(#3648),#3660,.T.);
#3648 = FACE_BOUND('',#3649,.T.);
#3649 = EDGE_LOOP('',(#3650,#3657,#3658,#3659));
#3650 = ORIENTED_EDGE('',*,*,#3651,.F.);
#3651 = EDGE_CURVE('',#3628,#3572,#3652,.T.);
#3652 = CIRCLE('',#3653,4.);
#3653 = AXIS2_PLACEMENT_3D('',#3654,#3655,#3656);
#3654 = CARTESIAN_POINT('',(1.643E-14,-35.,34.));
#3655 = DIRECTION('',(0.,-1.,2.2E-16));
#3656 = DIRECTION('',(1.,0.,0.));
#3657 = ORIENTED_EDGE('',*,*,#3637,.T.);
#3658 = ORIENTED_EDGE('',*,*,#2589,.F.);
#3659 = ORIENTED_EDGE('',*,*,#3581,.F.);
#3660 = PLANE('',#3661);
#3661 = AXIS2_PLACEMENT_3D('',#3662,#3663,#3664);
#3662 = CARTESIAN_POINT('',(2.5,-35.,19.));
#3663 = DIRECTION('',(0.,-1.,0.));
#3664 = DIRECTION('',(-1.,0.,0.));
#3665 = ADVANCED_FACE('',(#3666),#3677,.F.);
#3666 = FACE_BOUND('',#3667,.F.);
#3667 = EDGE_LOOP('',(#3668,#3673,#3674,#3675,#3676));
#3668 = ORIENTED_EDGE('',*,*,#3669,.F.);
#3669 = EDGE_CURVE('',#2756,#3243,#3670,.T.);
#3670 = B_SPLINE_CURVE_WITH_KNOTS('',1,(#3671,#3672),.UNSPECIFIED.,.F.,
  .F.,(2,2),(0.,1.),.PIECEWISE_BEZIER_KNOTS.);
#3671 = CARTESIAN_POINT('',(1.,-41.3,43.6));
#3672 = CARTESIAN_POINT('',(1.,-48.,43.6));
#3673 = ORIENTED_EDGE('',*,*,#2755,.T.);
#3674 = ORIENTED_EDGE('',*,*,#3669,.T.);
#3675 = ORIENTED_EDGE('',*,*,#3242,.T.);
#3676 = ORIENTED_EDGE('',*,*,#3300,.T.);
#3677 = CYLINDRICAL_SURFACE('',#3678,1.);
#3678 = AXIS2_PLACEMENT_3D('',#3679,#3680,#3681);
#3679 = CARTESIAN_POINT('',(1.643E-14,-41.3,43.6));
#3680 = DIRECTION('',(0.,-1.,2.2E-16));
#3681 = DIRECTION('',(1.,0.,0.));
#3682 = ADVANCED_FACE('',(#3683,#3714,#3720,#3756,#3762),#3798,.F.);
#3683 = FACE_BOUND('',#3684,.F.);
#3684 = EDGE_LOOP('',(#3685,#3696,#3701,#3702,#3707,#3712,#3713));
#3685 = ORIENTED_EDGE('',*,*,#3686,.F.);
#3686 = EDGE_CURVE('',#3687,#3689,#3691,.T.);
#3687 = VERTEX_POINT('',#3688);
#3688 = CARTESIAN_POINT('',(-4.,-42.5,34.));
#3689 = VERTEX_POINT('',#3690);
#3690 = CARTESIAN_POINT('',(4.,-42.5,34.));
#3691 = CIRCLE('',#3692,4.);
#3692 = AXIS2_PLACEMENT_3D('',#3693,#3694,#3695);
#3693 = CARTESIAN_POINT('',(1.807E-14,-42.5,34.));
#3694 = DIRECTION('',(7.E-17,-1.,7.6E-16));
#3695 = DIRECTION('',(1.,7.E-17,0.));
#3696 = ORIENTED_EDGE('',*,*,#3697,.F.);
#3697 = EDGE_CURVE('',#3218,#3687,#3698,.T.);
#3698 = B_SPLINE_CURVE_WITH_KNOTS('',1,(#3699,#3700),.UNSPECIFIED.,.F.,
  .F.,(2,2),(0.,1.),.PIECEWISE_BEZIER_KNOTS.);
#3699 = CARTESIAN_POINT('',(-4.,-45.,34.));
#3700 = CARTESIAN_POINT('',(-4.,-42.5,34.));
#3701 = ORIENTED_EDGE('',*,*,#3225,.F.);
#3702 = ORIENTED_EDGE('',*,*,#3703,.T.);
#3703 = EDGE_CURVE('',#3226,#3689,#3704,.T.);
#3704 = B_SPLINE_CURVE_WITH_KNOTS('',1,(#3705,#3706),.UNSPECIFIED.,.F.,
  .F.,(2,2),(0.,1.),.PIECEWISE_BEZIER_KNOTS.);
#3705 = CARTESIAN_POINT('',(4.,-45.,34.));
#3706 = CARTESIAN_POINT('',(4.,-42.5,34.));
#3707 = ORIENTED_EDGE('',*,*,#3708,.F.);
#3708 = EDGE_CURVE('',#2801,#3689,#3709,.T.);
#3709 = B_SPLINE_CURVE_WITH_KNOTS('',1,(#3710,#3711),.UNSPECIFIED.,.F.,
  .F.,(2,2),(0.,22.5),.PIECEWISE_BEZIER_KNOTS.);
#3710 = CARTESIAN_POINT('',(4.,-20.,34.));
#3711 = CARTESIAN_POINT('',(4.,-42.5,34.));
#3712 = ORIENTED_EDGE('',*,*,#2800,.T.);
#3713 = ORIENTED_EDGE('',*,*,#3708,.T.);
#3714 = FACE_BOUND('',#3715,.F.);
#3715 = EDGE_LOOP('',(#3716,#3717,#3718,#3719));
#3716 = ORIENTED_EDGE('',*,*,#3473,.F.);
#3717 = ORIENTED_EDGE('',*,*,#3553,.F.);
#3718 = ORIENTED_EDGE('',*,*,#3529,.T.);
#3719 = ORIENTED_EDGE('',*,*,#3504,.T.);
#3720 = FACE_BOUND('',#3721,.F.);
#3721 = EDGE_LOOP('',(#3722,#3733,#3741,#3750));
#3722 = ORIENTED_EDGE('',*,*,#3723,.F.);
#3723 = EDGE_CURVE('',#3724,#3726,#3728,.T.);
#3724 = VERTEX_POINT('',#3725);
#3725 = CARTESIAN_POINT('',(-2.5,-27.,30.877501000801));
#3726 = VERTEX_POINT('',#3727);
#3727 = CARTESIAN_POINT('',(2.5,-27.,30.877501000801));
#3728 = CIRCLE('',#3729,4.);
#3729 = AXIS2_PLACEMENT_3D('',#3730,#3731,#3732);
#3730 = CARTESIAN_POINT('',(1.643E-14,-27.,34.));
#3731 = DIRECTION('',(0.,-1.,2.2E-16));
#3732 = DIRECTION('',(1.,0.,0.));
#3733 = ORIENTED_EDGE('',*,*,#3734,.T.);
#3734 = EDGE_CURVE('',#3724,#3735,#3737,.T.);
#3735 = VERTEX_POINT('',#3736);
#3736 = CARTESIAN_POINT('',(-2.5,-30.,30.877501000801));
#3737 = LINE('',#3738,#3739);
#3738 = CARTESIAN_POINT('',(-2.5,-20.,30.877501000801));
#3739 = VECTOR('',#3740,1.);
#3740 = DIRECTION('',(0.,-1.,2.2E-16));
#3741 = ORIENTED_EDGE('',*,*,#3742,.T.);
#3742 = EDGE_CURVE('',#3735,#3743,#3745,.T.);
#3743 = VERTEX_POINT('',#3744);
#3744 = CARTESIAN_POINT('',(2.5,-30.,30.877501000801));
#3745 = CIRCLE('',#3746,4.);
#3746 = AXIS2_PLACEMENT_3D('',#3747,#3748,#3749);
#3747 = CARTESIAN_POINT('',(1.643E-14,-30.,34.));
#3748 = DIRECTION('',(0.,-1.,2.2E-16));
#3749 = DIRECTION('',(1.,0.,0.));
#3750 = ORIENTED_EDGE('',*,*,#3751,.F.);
#3751 = EDGE_CURVE('',#3726,#3743,#3752,.T.);
#3752 = LINE('',#3753,#3754);
#3753 = CARTESIAN_POINT('',(2.5,-20.,30.877501000801));
#3754 = VECTOR('',#3755,1.);
#3755 = DIRECTION('',(0.,-1.,2.2E-16));
#3756 = FACE_BOUND('',#3757,.F.);
#3757 = EDGE_LOOP('',(#3758,#3759,#3760,#3761));
#3758 = ORIENTED_EDGE('',*,*,#3571,.F.);
#3759 = ORIENTED_EDGE('',*,*,#3651,.F.);
#3760 = ORIENTED_EDGE('',*,*,#3627,.T.);
#3761 = ORIENTED_EDGE('',*,*,#3602,.T.);
#3762 = FACE_BOUND('',#3763,.F.);
#3763 = EDGE_LOOP('',(#3764,#3775,#3783,#3792));
#3764 = ORIENTED_EDGE('',*,*,#3765,.F.);
#3765 = EDGE_CURVE('',#3766,#3768,#3770,.T.);
#3766 = VERTEX_POINT('',#3767);
#3767 = CARTESIAN_POINT('',(-2.5,-35.,30.877501000801));
#3768 = VERTEX_POINT('',#3769);
#3769 = CARTESIAN_POINT('',(2.5,-35.,30.877501000801));
#3770 = CIRCLE('',#3771,4.);
#3771 = AXIS2_PLACEMENT_3D('',#3772,#3773,#3774);
#3772 = CARTESIAN_POINT('',(1.643E-14,-35.,34.));
#3773 = DIRECTION('',(0.,-1.,2.2E-16));
#3774 = DIRECTION('',(1.,0.,0.));
#3775 = ORIENTED_EDGE('',*,*,#3776,.T.);
#3776 = EDGE_CURVE('',#3766,#3777,#3779,.T.);
#3777 = VERTEX_POINT('',#3778);
#3778 = CARTESIAN_POINT('',(-2.5,-38.,30.877501000801));
#3779 = LINE('',#3780,#3781);
#3780 = CARTESIAN_POINT('',(-2.5,-20.,30.877501000801));
#3781 = VECTOR('',#3782,1.);
#3782 = DIRECTION('',(0.,-1.,2.2E-16));
#3783 = ORIENTED_EDGE('',*,*,#3784,.T.);
#3784 = EDGE_CURVE('',#3777,#3785,#3787,.T.);
#3785 = VERTEX_POINT('',#3786);
#3786 = CARTESIAN_POINT('',(2.5,-38.,30.877501000801));
#3787 = CIRCLE('',#3788,4.);
#3788 = AXIS2_PLACEMENT_3D('',#3789,#3790,#3791);
#3789 = CARTESIAN_POINT('',(1.643E-14,-38.,34.));
#3790 = DIRECTION('',(0.,-1.,2.2E-16));
#3791 = DIRECTION('',(1.,0.,0.));
#3792 = ORIENTED_EDGE('',*,*,#3793,.F.);
#3793 = EDGE_CURVE('',#3768,#3785,#3794,.T.);
#3794 = LINE('',#3795,#3796);
#3795 = CARTESIAN_POINT('',(2.5,-20.,30.877501000801));
#3796 = VECTOR('',#3797,1.);
#3797 = DIRECTION('',(0.,-1.,2.2E-16));
#3798 = CYLINDRICAL_SURFACE('',#3799,4.);
#3799 = AXIS2_PLACEMENT_3D('',#3800,#3801,#3802);
#3800 = CARTESIAN_POINT('',(1.643E-14,-20.,34.));
#3801 = DIRECTION('',(0.,-1.,2.2E-16));
#3802 = DIRECTION('',(1.,0.,0.));
#3803 = ADVANCED_FACE('',(#3804),#3820,.T.);
#3804 = FACE_BOUND('',#3805,.T.);
#3805 = EDGE_LOOP('',(#3806,#3807,#3813,#3814));
#3806 = ORIENTED_EDGE('',*,*,#2873,.F.);
#3807 = ORIENTED_EDGE('',*,*,#3808,.T.);
#3808 = EDGE_CURVE('',#2874,#3724,#3809,.T.);
#3809 = LINE('',#3810,#3811);
#3810 = CARTESIAN_POINT('',(-2.5,-27.,19.));
#3811 = VECTOR('',#3812,1.);
#3812 = DIRECTION('',(0.,0.,1.));
#3813 = ORIENTED_EDGE('',*,*,#3734,.T.);
#3814 = ORIENTED_EDGE('',*,*,#3815,.F.);
#3815 = EDGE_CURVE('',#2876,#3735,#3816,.T.);
#3816 = LINE('',#3817,#3818);
#3817 = CARTESIAN_POINT('',(-2.5,-30.,19.));
#3818 = VECTOR('',#3819,1.);
#3819 = DIRECTION('',(0.,0.,1.));
#3820 = PLANE('',#3821);
#3821 = AXIS2_PLACEMENT_3D('',#3822,#3823,#3824);
#3822 = CARTESIAN_POINT('',(-2.5,-27.,19.));
#3823 = DIRECTION('',(1.,0.,0.));
#3824 = DIRECTION('',(0.,-1.,0.));
#3825 = ADVANCED_FACE('',(#3826),#3837,.T.);
#3826 = FACE_BOUND('',#3827,.T.);
#3827 = EDGE_LOOP('',(#3828,#3829,#3830,#3831));
#3828 = ORIENTED_EDGE('',*,*,#2954,.F.);
#3829 = ORIENTED_EDGE('',*,*,#3815,.T.);
#3830 = ORIENTED_EDGE('',*,*,#3742,.T.);
#3831 = ORIENTED_EDGE('',*,*,#3832,.F.);
#3832 = EDGE_CURVE('',#2943,#3743,#3833,.T.);
#3833 = LINE('',#3834,#3835);
#3834 = CARTESIAN_POINT('',(2.5,-30.,19.));
#3835 = VECTOR('',#3836,1.);
#3836 = DIRECTION('',(0.,0.,1.));
#3837 = PLANE('',#3838);
#3838 = AXIS2_PLACEMENT_3D('',#3839,#3840,#3841);
#3839 = CARTESIAN_POINT('',(-2.5,-30.,19.));
#3840 = DIRECTION('',(0.,1.,0.));
#3841 = DIRECTION('',(1.,0.,0.));
#3842 = ADVANCED_FACE('',(#3843),#3854,.T.);
#3843 = FACE_BOUND('',#3844,.T.);
#3844 = EDGE_LOOP('',(#3845,#3846,#3847,#3848));
#3845 = ORIENTED_EDGE('',*,*,#2942,.T.);
#3846 = ORIENTED_EDGE('',*,*,#3832,.T.);
#3847 = ORIENTED_EDGE('',*,*,#3751,.F.);
#3848 = ORIENTED_EDGE('',*,*,#3849,.F.);
#3849 = EDGE_CURVE('',#2888,#3726,#3850,.T.);
#3850 = LINE('',#3851,#3852);
#3851 = CARTESIAN_POINT('',(2.5,-27.,19.));
#3852 = VECTOR('',#3853,1.);
#3853 = DIRECTION('',(0.,0.,1.));
#3854 = PLANE('',#3855);
#3855 = AXIS2_PLACEMENT_3D('',#3856,#3857,#3858);
#3856 = CARTESIAN_POINT('',(2.5,-30.,19.));
#3857 = DIRECTION('',(-1.,0.,0.));
#3858 = DIRECTION('',(0.,1.,0.));
#3859 = ADVANCED_FACE('',(#3860),#3866,.T.);
#3860 = FACE_BOUND('',#3861,.T.);
#3861 = EDGE_LOOP('',(#3862,#3863,#3864,#3865));
#3862 = ORIENTED_EDGE('',*,*,#2887,.T.);
#3863 = ORIENTED_EDGE('',*,*,#3849,.T.);
#3864 = ORIENTED_EDGE('',*,*,#3723,.F.);
#3865 = ORIENTED_EDGE('',*,*,#3808,.F.);
#3866 = PLANE('',#3867);
#3867 = AXIS2_PLACEMENT_3D('',#3868,#3869,#3870);
#3868 = CARTESIAN_POINT('',(2.5,-27.,19.));
#3869 = DIRECTION('',(0.,-1.,0.));
#3870 = DIRECTION('',(-1.,0.,0.));
#3871 = ADVANCED_FACE('',(#3872),#3888,.T.);
#3872 = FACE_BOUND('',#3873,.T.);
#3873 = EDGE_LOOP('',(#3874,#3875,#3881,#3882));
#3874 = ORIENTED_EDGE('',*,*,#3009,.F.);
#3875 = ORIENTED_EDGE('',*,*,#3876,.T.);
#3876 = EDGE_CURVE('',#3010,#3766,#3877,.T.);
#3877 = LINE('',#3878,#3879);
#3878 = CARTESIAN_POINT('',(-2.5,-35.,19.));
#3879 = VECTOR('',#3880,1.);
#3880 = DIRECTION('',(0.,0.,1.));
#3881 = ORIENTED_EDGE('',*,*,#3776,.T.);
#3882 = ORIENTED_EDGE('',*,*,#3883,.F.);
#3883 = EDGE_CURVE('',#3012,#3777,#3884,.T.);
#3884 = LINE('',#3885,#3886);
#3885 = CARTESIAN_POINT('',(-2.5,-38.,19.));
#3886 = VECTOR('',#3887,1.);
#3887 = DIRECTION('',(0.,0.,1.));
#3888 = PLANE('',#3889);
#3889 = AXIS2_PLACEMENT_3D('',#3890,#3891,#3892);
#3890 = CARTESIAN_POINT('',(-2.5,-35.,19.));
#3891 = DIRECTION('',(1.,0.,0.));
#3892 = DIRECTION('',(0.,-1.,0.));
#3893 = ADVANCED_FACE('',(#3894),#3905,.T.);
#3894 = FACE_BOUND('',#3895,.T.);
#3895 = EDGE_LOOP('',(#3896,#3897,#3898,#3899));
#3896 = ORIENTED_EDGE('',*,*,#3090,.F.);
#3897 = ORIENTED_EDGE('',*,*,#3883,.T.);
#3898 = ORIENTED_EDGE('',*,*,#3784,.T.);
#3899 = ORIENTED_EDGE('',*,*,#3900,.F.);
#3900 = EDGE_CURVE('',#3079,#3785,#3901,.T.);
#3901 = LINE('',#3902,#3903);
#3902 = CARTESIAN_POINT('',(2.5,-38.,19.));
#3903 = VECTOR('',#3904,1.);
#3904 = DIRECTION('',(0.,0.,1.));
#3905 = PLANE('',#3906);
#3906 = AXIS2_PLACEMENT_3D('',#3907,#3908,#3909);
#3907 = CARTESIAN_POINT('',(-2.5,-38.,19.));
#3908 = DIRECTION('',(0.,1.,0.));
#3909 = DIRECTION('',(1.,0.,0.));
#3910 = ADVANCED_FACE('',(#3911),#3922,.T.);
#3911 = FACE_BOUND('',#3912,.T.);
#3912 = EDGE_LOOP('',(#3913,#3914,#3915,#3916));
#3913 = ORIENTED_EDGE('',*,*,#3078,.T.);
#3914 = ORIENTED_EDGE('',*,*,#3900,.T.);
#3915 = ORIENTED_EDGE('',*,*,#3793,.F.);
#3916 = ORIENTED_EDGE('',*,*,#3917,.F.);
#3917 = EDGE_CURVE('',#3024,#3768,#3918,.T.);
#3918 = LINE('',#3919,#3920);
#3919 = CARTESIAN_POINT('',(2.5,-35.,19.));
#3920 = VECTOR('',#3921,1.);
#3921 = DIRECTION('',(0.,0.,1.));
#3922 = PLANE('',#3923);
#3923 = AXIS2_PLACEMENT_3D('',#3924,#3925,#3926);
#3924 = CARTESIAN_POINT('',(2.5,-38.,19.));
#3925 = DIRECTION('',(-1.,0.,0.));
#3926 = DIRECTION('',(0.,1.,0.));
#3927 = ADVANCED_FACE('',(#3928),#3934,.T.);
#3928 = FACE_BOUND('',#3929,.T.);
#3929 = EDGE_LOOP('',(#3930,#3931,#3932,#3933));
#3930 = ORIENTED_EDGE('',*,*,#3023,.T.);
#3931 = ORIENTED_EDGE('',*,*,#3917,.T.);
#3932 = ORIENTED_EDGE('',*,*,#3765,.F.);
#3933 = ORIENTED_EDGE('',*,*,#3876,.F.);
#3934 = PLANE('',#3935);
#3935 = AXIS2_PLACEMENT_3D('',#3936,#3937,#3938);
#3936 = CARTESIAN_POINT('',(2.5,-35.,19.));
#3937 = DIRECTION('',(0.,-1.,0.));
#3938 = DIRECTION('',(-1.,0.,0.));
#3939 = ADVANCED_FACE('',(#3940),#3958,.F.);
#3940 = FACE_BOUND('',#3941,.T.);
#3941 = EDGE_LOOP('',(#3942,#3943,#3950,#3957));
#3942 = ORIENTED_EDGE('',*,*,#3188,.T.);
#3943 = ORIENTED_EDGE('',*,*,#3944,.T.);
#3944 = EDGE_CURVE('',#3189,#3945,#3947,.T.);
#3945 = VERTEX_POINT('',#3946);
#3946 = CARTESIAN_POINT('',(1.,-42.5,24.4));
#3947 = B_SPLINE_CURVE_WITH_KNOTS('',1,(#3948,#3949),.UNSPECIFIED.,.F.,
  .F.,(2,2),(0.,1.),.PIECEWISE_BEZIER_KNOTS.);
#3948 = CARTESIAN_POINT('',(1.,-41.3,24.4));
#3949 = CARTESIAN_POINT('',(1.,-48.,24.4));
#3950 = ORIENTED_EDGE('',*,*,#3951,.T.);
#3951 = EDGE_CURVE('',#3945,#3945,#3952,.T.);
#3952 = CIRCLE('',#3953,1.);
#3953 = AXIS2_PLACEMENT_3D('',#3954,#3955,#3956);
#3954 = CARTESIAN_POINT('',(1.643E-14,-42.5,24.4));
#3955 = DIRECTION('',(0.,-1.,-2.2E-16));
#3956 = DIRECTION('',(1.,0.,0.));
#3957 = ORIENTED_EDGE('',*,*,#3944,.F.);
#3958 = CYLINDRICAL_SURFACE('',#3959,1.);
#3959 = AXIS2_PLACEMENT_3D('',#3960,#3961,#3962);
#3960 = CARTESIAN_POINT('',(1.643E-14,-41.3,24.4));
#3961 = DIRECTION('',(-0.,-1.,-2.2E-16));
#3962 = DIRECTION('',(1.,0.,0.));
#3963 = ADVANCED_FACE('',(#3964),#3982,.T.);
#3964 = FACE_BOUND('',#3965,.T.);
#3965 = EDGE_LOOP('',(#3966,#3967,#3968,#3969,#3977));
#3966 = ORIENTED_EDGE('',*,*,#3384,.T.);
#3967 = ORIENTED_EDGE('',*,*,#3234,.T.);
#3968 = ORIENTED_EDGE('',*,*,#3703,.T.);
#3969 = ORIENTED_EDGE('',*,*,#3970,.F.);
#3970 = EDGE_CURVE('',#3971,#3689,#3973,.T.);
#3971 = VERTEX_POINT('',#3972);
#3972 = CARTESIAN_POINT('',(11.8,-42.5,34.));
#3973 = LINE('',#3974,#3975);
#3974 = CARTESIAN_POINT('',(11.8,-42.5,34.));
#3975 = VECTOR('',#3976,1.);
#3976 = DIRECTION('',(-1.,8.8E-16,1.2E-16));
#3977 = ORIENTED_EDGE('',*,*,#3978,.F.);
#3978 = EDGE_CURVE('',#3376,#3971,#3979,.T.);
#3979 = B_SPLINE_CURVE_WITH_KNOTS('',1,(#3980,#3981),.UNSPECIFIED.,.F.,
  .F.,(2,2),(0.,1.),.PIECEWISE_BEZIER_KNOTS.);
#3980 = CARTESIAN_POINT('',(11.8,-45.,34.));
#3981 = CARTESIAN_POINT('',(11.8,-42.5,34.));
#3982 = PLANE('',#3983);
#3983 = AXIS2_PLACEMENT_3D('',#3984,#3985,#3986);
#3984 = CARTESIAN_POINT('',(11.8,-42.5,34.));
#3985 = DIRECTION('',(-1.2E-16,0.,-1.));
#3986 = DIRECTION('',(-1.,8.8E-16,1.2E-16));
#3987 = ADVANCED_FACE('',(#3988),#4006,.T.);
#3988 = FACE_BOUND('',#3989,.T.);
#3989 = EDGE_LOOP('',(#3990,#3991,#3992,#3999,#4005));
#3990 = ORIENTED_EDGE('',*,*,#3217,.T.);
#3991 = ORIENTED_EDGE('',*,*,#3391,.T.);
#3992 = ORIENTED_EDGE('',*,*,#3993,.T.);
#3993 = EDGE_CURVE('',#3374,#3994,#3996,.T.);
#3994 = VERTEX_POINT('',#3995);
#3995 = CARTESIAN_POINT('',(-11.8,-42.5,34.));
#3996 = B_SPLINE_CURVE_WITH_KNOTS('',1,(#3997,#3998),.UNSPECIFIED.,.F.,
  .F.,(2,2),(0.,1.),.PIECEWISE_BEZIER_KNOTS.);
#3997 = CARTESIAN_POINT('',(-11.8,-45.,34.));
#3998 = CARTESIAN_POINT('',(-11.8,-42.5,34.));
#3999 = ORIENTED_EDGE('',*,*,#4000,.F.);
#4000 = EDGE_CURVE('',#3687,#3994,#4001,.T.);
#4001 = LINE('',#4002,#4003);
#4002 = CARTESIAN_POINT('',(-4.,-42.5,34.));
#4003 = VECTOR('',#4004,1.);
#4004 = DIRECTION('',(-1.,8.8E-16,0.));
#4005 = ORIENTED_EDGE('',*,*,#3697,.F.);
#4006 = PLANE('',#4007);
#4007 = AXIS2_PLACEMENT_3D('',#4008,#4009,#4010);
#4008 = CARTESIAN_POINT('',(-4.,-42.5,34.));
#4009 = DIRECTION('',(0.,0.,-1.));
#4010 = DIRECTION('',(-1.,8.8E-16,0.));
#4011 = ADVANCED_FACE('',(#4012),#4024,.F.);
#4012 = FACE_BOUND('',#4013,.T.);
#4013 = EDGE_LOOP('',(#4014,#4015,#4016,#4023));
#4014 = ORIENTED_EDGE('',*,*,#3373,.T.);
#4015 = ORIENTED_EDGE('',*,*,#3978,.T.);
#4016 = ORIENTED_EDGE('',*,*,#4017,.F.);
#4017 = EDGE_CURVE('',#3994,#3971,#4018,.T.);
#4018 = CIRCLE('',#4019,11.8);
#4019 = AXIS2_PLACEMENT_3D('',#4020,#4021,#4022);
#4020 = CARTESIAN_POINT('',(1.864E-14,-42.5,34.));
#4021 = DIRECTION('',(-8.8E-16,-1.,6.3E-16));
#4022 = DIRECTION('',(-1.,8.8E-16,0.));
#4023 = ORIENTED_EDGE('',*,*,#3993,.F.);
#4024 = CYLINDRICAL_SURFACE('',#4025,11.8);
#4025 = AXIS2_PLACEMENT_3D('',#4026,#4027,#4028);
#4026 = CARTESIAN_POINT('',(1.643E-14,-45.,34.));
#4027 = DIRECTION('',(0.,1.,2.2E-16));
#4028 = DIRECTION('',(-1.,0.,0.));
#4029 = ADVANCED_FACE('',(#4030,#4036),#4039,.T.);
#4030 = FACE_BOUND('',#4031,.T.);
#4031 = EDGE_LOOP('',(#4032,#4033,#4034,#4035));
#4032 = ORIENTED_EDGE('',*,*,#4017,.T.);
#4033 = ORIENTED_EDGE('',*,*,#3970,.T.);
#4034 = ORIENTED_EDGE('',*,*,#3686,.F.);
#4035 = ORIENTED_EDGE('',*,*,#4000,.T.);
#4036 = FACE_BOUND('',#4037,.T.);
#4037 = EDGE_LOOP('',(#4038));
#4038 = ORIENTED_EDGE('',*,*,#3951,.F.);
#4039 = PLANE('',#4040);
#4040 = AXIS2_PLACEMENT_3D('',#4041,#4042,#4043);
#4041 = CARTESIAN_POINT('',(4.15E-14,-42.5,29.846863486296));
#4042 = DIRECTION('',(-8.8E-16,-1.,6.3E-16));
#4043 = DIRECTION('',(1.,-8.8E-16,2.812E-14));
#4044 = MANIFOLD_SOLID_BREP('',#4045);
#4045 = CLOSED_SHELL('',(#4046,#4088,#4120,#4144,#4176,#4280,#4323,#4341
    ,#4372,#4396,#4420,#4437,#4468,#4492,#4516,#4533,#4558,#4570,#4582,
    #4641,#4672,#4696,#4720,#4744,#4768,#4785,#4810,#4835,#4844,#4863));
#4046 = ADVANCED_FACE('',(#4047),#4083,.F.);
#4047 = FACE_BOUND('',#4048,.T.);
#4048 = EDGE_LOOP('',(#4049,#4059,#4068,#4076));
#4049 = ORIENTED_EDGE('',*,*,#4050,.T.);
#4050 = EDGE_CURVE('',#4051,#4053,#4055,.T.);
#4051 = VERTEX_POINT('',#4052);
#4052 = CARTESIAN_POINT('',(4.000004900032,-39.3,44.833615236338));
#4053 = VERTEX_POINT('',#4054);
#4054 = CARTESIAN_POINT('',(4.000004900032,-41.1,44.833615236338));
#4055 = LINE('',#4056,#4057);
#4056 = CARTESIAN_POINT('',(4.000004900032,-39.3,44.833615236338));
#4057 = VECTOR('',#4058,1.);
#4058 = DIRECTION('',(0.,-1.,2.2E-16));
#4059 = ORIENTED_EDGE('',*,*,#4060,.T.);
#4060 = EDGE_CURVE('',#4053,#4061,#4063,.T.);
#4061 = VERTEX_POINT('',#4062);
#4062 = CARTESIAN_POINT('',(-4.,-41.1,44.833615236338));
#4063 = CIRCLE('',#4064,12.189770535985);
#4064 = AXIS2_PLACEMENT_3D('',#4065,#4066,#4067);
#4065 = CARTESIAN_POINT('',(2.4500157765E-06,-41.1,33.31882100805));
#4066 = DIRECTION('',(0.,-1.,0.));
#4067 = DIRECTION('',(1.,0.,0.));
#4068 = ORIENTED_EDGE('',*,*,#4069,.F.);
#4069 = EDGE_CURVE('',#4070,#4061,#4072,.T.);
#4070 = VERTEX_POINT('',#4071);
#4071 = CARTESIAN_POINT('',(-4.,-39.3,44.833615236338));
#4072 = LINE('',#4073,#4074);
#4073 = CARTESIAN_POINT('',(-4.,-39.3,44.833615236338));
#4074 = VECTOR('',#4075,1.);
#4075 = DIRECTION('',(0.,-1.,2.2E-16));
#4076 = ORIENTED_EDGE('',*,*,#4077,.F.);
#4077 = EDGE_CURVE('',#4051,#4070,#4078,.T.);
#4078 = CIRCLE('',#4079,12.189770535985);
#4079 = AXIS2_PLACEMENT_3D('',#4080,#4081,#4082);
#4080 = CARTESIAN_POINT('',(2.4500157765E-06,-39.3,33.31882100805));
#4081 = DIRECTION('',(0.,-1.,0.));
#4082 = DIRECTION('',(1.,0.,0.));
#4083 = CYLINDRICAL_SURFACE('',#4084,12.189770535985);
#4084 = AXIS2_PLACEMENT_3D('',#4085,#4086,#4087);
#4085 = CARTESIAN_POINT('',(2.4500157765E-06,-39.3,33.31882100805));
#4086 = DIRECTION('',(0.,1.,-2.2E-16));
#4087 = DIRECTION('',(1.,0.,0.));
#4088 = ADVANCED_FACE('',(#4089),#4115,.F.);
#4089 = FACE_BOUND('',#4090,.T.);
#4090 = EDGE_LOOP('',(#4091,#4099,#4100,#4108));
#4091 = ORIENTED_EDGE('',*,*,#4092,.T.);
#4092 = EDGE_CURVE('',#4093,#4061,#4095,.T.);
#4093 = VERTEX_POINT('',#4094);
#4094 = CARTESIAN_POINT('',(-4.,-41.1,46.233615236338));
#4095 = LINE('',#4096,#4097);
#4096 = CARTESIAN_POINT('',(-4.,-41.1,46.233615236338));
#4097 = VECTOR('',#4098,1.);
#4098 = DIRECTION('',(0.,0.,-1.));
#4099 = ORIENTED_EDGE('',*,*,#4060,.F.);
#4100 = ORIENTED_EDGE('',*,*,#4101,.T.);
#4101 = EDGE_CURVE('',#4053,#4102,#4104,.T.);
#4102 = VERTEX_POINT('',#4103);
#4103 = CARTESIAN_POINT('',(4.000004900032,-41.1,46.233613634184));
#4104 = LINE('',#4105,#4106);
#4105 = CARTESIAN_POINT('',(4.000004900032,-41.1,44.833615236338));
#4106 = VECTOR('',#4107,1.);
#4107 = DIRECTION('',(0.,0.,1.));
#4108 = ORIENTED_EDGE('',*,*,#4109,.F.);
#4109 = EDGE_CURVE('',#4093,#4102,#4110,.T.);
#4110 = CIRCLE('',#4111,12.870949527939);
#4111 = AXIS2_PLACEMENT_3D('',#4112,#4113,#4114);
#4112 = CARTESIAN_POINT('',(3.455E-14,-41.1,34.));
#4113 = DIRECTION('',(0.,1.,-0.));
#4114 = DIRECTION('',(-1.,0.,0.));
#4115 = PLANE('',#4116);
#4116 = AXIS2_PLACEMENT_3D('',#4117,#4118,#4119);
#4117 = CARTESIAN_POINT('',(2.14587562728E-06,-41.1,45.864457999618));
#4118 = DIRECTION('',(0.,1.,0.));
#4119 = DIRECTION('',(0.,0.,1.));
#4120 = ADVANCED_FACE('',(#4121),#4139,.F.);
#4121 = FACE_BOUND('',#4122,.F.);
#4122 = EDGE_LOOP('',(#4123,#4124,#4125,#4133));
#4123 = ORIENTED_EDGE('',*,*,#4050,.T.);
#4124 = ORIENTED_EDGE('',*,*,#4101,.T.);
#4125 = ORIENTED_EDGE('',*,*,#4126,.F.);
#4126 = EDGE_CURVE('',#4127,#4102,#4129,.T.);
#4127 = VERTEX_POINT('',#4128);
#4128 = CARTESIAN_POINT('',(4.000004900032,-39.3,46.233613634184));
#4129 = LINE('',#4130,#4131);
#4130 = CARTESIAN_POINT('',(4.000004900032,-39.3,46.233613634184));
#4131 = VECTOR('',#4132,1.);
#4132 = DIRECTION('',(0.,-1.,2.2E-16));
#4133 = ORIENTED_EDGE('',*,*,#4134,.T.);
#4134 = EDGE_CURVE('',#4127,#4051,#4135,.T.);
#4135 = LINE('',#4136,#4137);
#4136 = CARTESIAN_POINT('',(4.000004900032,-39.3,46.233613634184));
#4137 = VECTOR('',#4138,1.);
#4138 = DIRECTION('',(-1.86057341629E-06,0.,-0.999999999998));
#4139 = PLANE('',#4140);
#4140 = AXIS2_PLACEMENT_3D('',#4141,#4142,#4143);
#4141 = CARTESIAN_POINT('',(4.000004900032,-39.3,44.833615236338));
#4142 = DIRECTION('',(-1.,0.,0.));
#4143 = DIRECTION('',(0.,2.2E-16,1.));
#4144 = ADVANCED_FACE('',(#4145),#4171,.F.);
#4145 = FACE_BOUND('',#4146,.F.);
#4146 = EDGE_LOOP('',(#4147,#4155,#4156,#4164));
#4147 = ORIENTED_EDGE('',*,*,#4148,.F.);
#4148 = EDGE_CURVE('',#4070,#4149,#4151,.T.);
#4149 = VERTEX_POINT('',#4150);
#4150 = CARTESIAN_POINT('',(-4.,-39.3,43.6));
#4151 = LINE('',#4152,#4153);
#4152 = CARTESIAN_POINT('',(-4.,-39.3,46.233615236338));
#4153 = VECTOR('',#4154,1.);
#4154 = DIRECTION('',(1.7E-16,0.,-1.));
#4155 = ORIENTED_EDGE('',*,*,#4077,.F.);
#4156 = ORIENTED_EDGE('',*,*,#4157,.T.);
#4157 = EDGE_CURVE('',#4051,#4158,#4160,.T.);
#4158 = VERTEX_POINT('',#4159);
#4159 = CARTESIAN_POINT('',(4.,-39.3,43.6));
#4160 = LINE('',#4161,#4162);
#4161 = CARTESIAN_POINT('',(4.000004900032,-39.3,46.233613634184));
#4162 = VECTOR('',#4163,1.);
#4163 = DIRECTION('',(-1.86057341629E-06,0.,-0.999999999998));
#4164 = ORIENTED_EDGE('',*,*,#4165,.T.);
#4165 = EDGE_CURVE('',#4158,#4149,#4166,.T.);
#4166 = CIRCLE('',#4167,4.);
#4167 = AXIS2_PLACEMENT_3D('',#4168,#4169,#4170);
#4168 = CARTESIAN_POINT('',(1.709E-14,-39.3,43.6));
#4169 = DIRECTION('',(0.,1.,-0.));
#4170 = DIRECTION('',(-1.,0.,0.));
#4171 = PLANE('',#4172);
#4172 = AXIS2_PLACEMENT_3D('',#4173,#4174,#4175);
#4173 = CARTESIAN_POINT('',(8.0950136413E-07,-39.3,43.744603430445));
#4174 = DIRECTION('',(0.,1.,0.));
#4175 = DIRECTION('',(0.,0.,1.));
#4176 = ADVANCED_FACE('',(#4177,#4203,#4239),#4275,.T.);
#4177 = FACE_BOUND('',#4178,.F.);
#4178 = EDGE_LOOP('',(#4179,#4187,#4196,#4202));
#4179 = ORIENTED_EDGE('',*,*,#4180,.T.);
#4180 = EDGE_CURVE('',#4158,#4181,#4183,.T.);
#4181 = VERTEX_POINT('',#4182);
#4182 = CARTESIAN_POINT('',(4.,-20.,43.6));
#4183 = LINE('',#4184,#4185);
#4184 = CARTESIAN_POINT('',(4.,-39.3,43.6));
#4185 = VECTOR('',#4186,1.);
#4186 = DIRECTION('',(0.,1.,-2.2E-16));
#4187 = ORIENTED_EDGE('',*,*,#4188,.T.);
#4188 = EDGE_CURVE('',#4181,#4189,#4191,.T.);
#4189 = VERTEX_POINT('',#4190);
#4190 = CARTESIAN_POINT('',(-4.,-20.,43.6));
#4191 = CIRCLE('',#4192,4.);
#4192 = AXIS2_PLACEMENT_3D('',#4193,#4194,#4195);
#4193 = CARTESIAN_POINT('',(1.709E-14,-20.,43.6));
#4194 = DIRECTION('',(0.,1.,-0.));
#4195 = DIRECTION('',(-1.,0.,0.));
#4196 = ORIENTED_EDGE('',*,*,#4197,.F.);
#4197 = EDGE_CURVE('',#4149,#4189,#4198,.T.);
#4198 = LINE('',#4199,#4200);
#4199 = CARTESIAN_POINT('',(-4.,-39.3,43.6));
#4200 = VECTOR('',#4201,1.);
#4201 = DIRECTION('',(0.,1.,-2.2E-16));
#4202 = ORIENTED_EDGE('',*,*,#4165,.F.);
#4203 = FACE_BOUND('',#4204,.F.);
#4204 = EDGE_LOOP('',(#4205,#4215,#4224,#4232));
#4205 = ORIENTED_EDGE('',*,*,#4206,.F.);
#4206 = EDGE_CURVE('',#4207,#4209,#4211,.T.);
#4207 = VERTEX_POINT('',#4208);
#4208 = CARTESIAN_POINT('',(-2.5,-27.,40.477501000801));
#4209 = VERTEX_POINT('',#4210);
#4210 = CARTESIAN_POINT('',(-2.5,-30.,40.477501000801));
#4211 = LINE('',#4212,#4213);
#4212 = CARTESIAN_POINT('',(-2.5,-39.3,40.477501000801));
#4213 = VECTOR('',#4214,1.);
#4214 = DIRECTION('',(0.,-1.,2.2E-16));
#4215 = ORIENTED_EDGE('',*,*,#4216,.T.);
#4216 = EDGE_CURVE('',#4207,#4217,#4219,.T.);
#4217 = VERTEX_POINT('',#4218);
#4218 = CARTESIAN_POINT('',(2.5,-27.,40.477501000801));
#4219 = CIRCLE('',#4220,4.);
#4220 = AXIS2_PLACEMENT_3D('',#4221,#4222,#4223);
#4221 = CARTESIAN_POINT('',(1.75E-14,-27.,43.6));
#4222 = DIRECTION('',(0.,-1.,2.2E-16));
#4223 = DIRECTION('',(-1.,0.,0.));
#4224 = ORIENTED_EDGE('',*,*,#4225,.T.);
#4225 = EDGE_CURVE('',#4217,#4226,#4228,.T.);
#4226 = VERTEX_POINT('',#4227);
#4227 = CARTESIAN_POINT('',(2.5,-30.,40.477501000801));
#4228 = LINE('',#4229,#4230);
#4229 = CARTESIAN_POINT('',(2.5,-39.3,40.477501000801));
#4230 = VECTOR('',#4231,1.);
#4231 = DIRECTION('',(0.,-1.,2.2E-16));
#4232 = ORIENTED_EDGE('',*,*,#4233,.F.);
#4233 = EDGE_CURVE('',#4209,#4226,#4234,.T.);
#4234 = CIRCLE('',#4235,4.);
#4235 = AXIS2_PLACEMENT_3D('',#4236,#4237,#4238);
#4236 = CARTESIAN_POINT('',(1.75E-14,-30.,43.6));
#4237 = DIRECTION('',(0.,-1.,2.2E-16));
#4238 = DIRECTION('',(-1.,0.,0.));
#4239 = FACE_BOUND('',#4240,.F.);
#4240 = EDGE_LOOP('',(#4241,#4251,#4260,#4268));
#4241 = ORIENTED_EDGE('',*,*,#4242,.F.);
#4242 = EDGE_CURVE('',#4243,#4245,#4247,.T.);
#4243 = VERTEX_POINT('',#4244);
#4244 = CARTESIAN_POINT('',(-2.5,-35.,40.477501000801));
#4245 = VERTEX_POINT('',#4246);
#4246 = CARTESIAN_POINT('',(-2.5,-38.,40.477501000801));
#4247 = LINE('',#4248,#4249);
#4248 = CARTESIAN_POINT('',(-2.5,-39.3,40.477501000801));
#4249 = VECTOR('',#4250,1.);
#4250 = DIRECTION('',(0.,-1.,2.2E-16));
#4251 = ORIENTED_EDGE('',*,*,#4252,.T.);
#4252 = EDGE_CURVE('',#4243,#4253,#4255,.T.);
#4253 = VERTEX_POINT('',#4254);
#4254 = CARTESIAN_POINT('',(2.5,-35.,40.477501000801));
#4255 = CIRCLE('',#4256,4.);
#4256 = AXIS2_PLACEMENT_3D('',#4257,#4258,#4259);
#4257 = CARTESIAN_POINT('',(1.75E-14,-35.,43.6));
#4258 = DIRECTION('',(0.,-1.,2.2E-16));
#4259 = DIRECTION('',(-1.,0.,0.));
#4260 = ORIENTED_EDGE('',*,*,#4261,.T.);
#4261 = EDGE_CURVE('',#4253,#4262,#4264,.T.);
#4262 = VERTEX_POINT('',#4263);
#4263 = CARTESIAN_POINT('',(2.5,-38.,40.477501000801));
#4264 = LINE('',#4265,#4266);
#4265 = CARTESIAN_POINT('',(2.5,-39.3,40.477501000801));
#4266 = VECTOR('',#4267,1.);
#4267 = DIRECTION('',(0.,-1.,2.2E-16));
#4268 = ORIENTED_EDGE('',*,*,#4269,.F.);
#4269 = EDGE_CURVE('',#4245,#4262,#4270,.T.);
#4270 = CIRCLE('',#4271,4.);
#4271 = AXIS2_PLACEMENT_3D('',#4272,#4273,#4274);
#4272 = CARTESIAN_POINT('',(1.75E-14,-38.,43.6));
#4273 = DIRECTION('',(0.,-1.,2.2E-16));
#4274 = DIRECTION('',(-1.,0.,0.));
#4275 = CYLINDRICAL_SURFACE('',#4276,4.);
#4276 = AXIS2_PLACEMENT_3D('',#4277,#4278,#4279);
#4277 = CARTESIAN_POINT('',(1.75E-14,-39.3,43.6));
#4278 = DIRECTION('',(0.,-1.,2.2E-16));
#4279 = DIRECTION('',(-1.,0.,0.));
#4280 = ADVANCED_FACE('',(#4281,#4307),#4318,.T.);
#4281 = FACE_BOUND('',#4282,.T.);
#4282 = EDGE_LOOP('',(#4283,#4294,#4300,#4301));
#4283 = ORIENTED_EDGE('',*,*,#4284,.T.);
#4284 = EDGE_CURVE('',#4285,#4287,#4289,.T.);
#4285 = VERTEX_POINT('',#4286);
#4286 = CARTESIAN_POINT('',(-4.,-20.,46.233615236338));
#4287 = VERTEX_POINT('',#4288);
#4288 = CARTESIAN_POINT('',(4.000004900032,-20.,46.233613634184));
#4289 = CIRCLE('',#4290,12.870949527939);
#4290 = AXIS2_PLACEMENT_3D('',#4291,#4292,#4293);
#4291 = CARTESIAN_POINT('',(3.414E-14,-20.,34.));
#4292 = DIRECTION('',(0.,1.,-0.));
#4293 = DIRECTION('',(-1.,0.,0.));
#4294 = ORIENTED_EDGE('',*,*,#4295,.T.);
#4295 = EDGE_CURVE('',#4287,#4181,#4296,.T.);
#4296 = LINE('',#4297,#4298);
#4297 = CARTESIAN_POINT('',(4.000004900032,-20.,46.233613634184));
#4298 = VECTOR('',#4299,1.);
#4299 = DIRECTION('',(-1.86057341629E-06,0.,-0.999999999998));
#4300 = ORIENTED_EDGE('',*,*,#4188,.T.);
#4301 = ORIENTED_EDGE('',*,*,#4302,.F.);
#4302 = EDGE_CURVE('',#4285,#4189,#4303,.T.);
#4303 = LINE('',#4304,#4305);
#4304 = CARTESIAN_POINT('',(-4.,-20.,46.233615236338));
#4305 = VECTOR('',#4306,1.);
#4306 = DIRECTION('',(1.7E-16,0.,-1.));
#4307 = FACE_BOUND('',#4308,.T.);
#4308 = EDGE_LOOP('',(#4309));
#4309 = ORIENTED_EDGE('',*,*,#4310,.F.);
#4310 = EDGE_CURVE('',#4311,#4311,#4313,.T.);
#4311 = VERTEX_POINT('',#4312);
#4312 = CARTESIAN_POINT('',(-1.,-20.,43.6));
#4313 = CIRCLE('',#4314,1.);
#4314 = AXIS2_PLACEMENT_3D('',#4315,#4316,#4317);
#4315 = CARTESIAN_POINT('',(0.,-20.,43.6));
#4316 = DIRECTION('',(0.,1.,-0.));
#4317 = DIRECTION('',(-1.,0.,0.));
#4318 = PLANE('',#4319);
#4319 = AXIS2_PLACEMENT_3D('',#4320,#4321,#4322);
#4320 = CARTESIAN_POINT('',(8.0950136413E-07,-20.,43.744603430445));
#4321 = DIRECTION('',(0.,1.,0.));
#4322 = DIRECTION('',(0.,0.,1.));
#4323 = ADVANCED_FACE('',(#4324),#4336,.F.);
#4324 = FACE_BOUND('',#4325,.F.);
#4325 = EDGE_LOOP('',(#4326,#4332,#4333,#4334,#4335));
#4326 = ORIENTED_EDGE('',*,*,#4327,.T.);
#4327 = EDGE_CURVE('',#4127,#4287,#4328,.T.);
#4328 = LINE('',#4329,#4330);
#4329 = CARTESIAN_POINT('',(4.000004900032,-39.3,46.233613634184));
#4330 = VECTOR('',#4331,1.);
#4331 = DIRECTION('',(0.,1.,-2.2E-16));
#4332 = ORIENTED_EDGE('',*,*,#4295,.T.);
#4333 = ORIENTED_EDGE('',*,*,#4180,.F.);
#4334 = ORIENTED_EDGE('',*,*,#4157,.F.);
#4335 = ORIENTED_EDGE('',*,*,#4134,.F.);
#4336 = PLANE('',#4337);
#4337 = AXIS2_PLACEMENT_3D('',#4338,#4339,#4340);
#4338 = CARTESIAN_POINT('',(4.000004900032,-39.3,46.233613634184));
#4339 = DIRECTION('',(-0.999999999998,0.,1.86057341629E-06));
#4340 = DIRECTION('',(-1.86057341629E-06,-2.2E-16,-0.999999999998));
#4341 = ADVANCED_FACE('',(#4342),#4367,.F.);
#4342 = FACE_BOUND('',#4343,.F.);
#4343 = EDGE_LOOP('',(#4344,#4354,#4360,#4361));
#4344 = ORIENTED_EDGE('',*,*,#4345,.F.);
#4345 = EDGE_CURVE('',#4346,#4348,#4350,.T.);
#4346 = VERTEX_POINT('',#4347);
#4347 = CARTESIAN_POINT('',(-2.5,-27.,37.));
#4348 = VERTEX_POINT('',#4349);
#4349 = CARTESIAN_POINT('',(-2.5,-30.,37.));
#4350 = LINE('',#4351,#4352);
#4351 = CARTESIAN_POINT('',(-2.5,-27.,37.));
#4352 = VECTOR('',#4353,1.);
#4353 = DIRECTION('',(0.,-1.,0.));
#4354 = ORIENTED_EDGE('',*,*,#4355,.T.);
#4355 = EDGE_CURVE('',#4346,#4207,#4356,.T.);
#4356 = LINE('',#4357,#4358);
#4357 = CARTESIAN_POINT('',(-2.5,-27.,37.));
#4358 = VECTOR('',#4359,1.);
#4359 = DIRECTION('',(0.,0.,1.));
#4360 = ORIENTED_EDGE('',*,*,#4206,.T.);
#4361 = ORIENTED_EDGE('',*,*,#4362,.F.);
#4362 = EDGE_CURVE('',#4348,#4209,#4363,.T.);
#4363 = LINE('',#4364,#4365);
#4364 = CARTESIAN_POINT('',(-2.5,-30.,37.));
#4365 = VECTOR('',#4366,1.);
#4366 = DIRECTION('',(0.,0.,1.));
#4367 = PLANE('',#4368);
#4368 = AXIS2_PLACEMENT_3D('',#4369,#4370,#4371);
#4369 = CARTESIAN_POINT('',(-2.5,-27.,37.));
#4370 = DIRECTION('',(1.,0.,0.));
#4371 = DIRECTION('',(0.,-1.,0.));
#4372 = ADVANCED_FACE('',(#4373),#4391,.F.);
#4373 = FACE_BOUND('',#4374,.F.);
#4374 = EDGE_LOOP('',(#4375,#4383,#4384,#4385));
#4375 = ORIENTED_EDGE('',*,*,#4376,.F.);
#4376 = EDGE_CURVE('',#4348,#4377,#4379,.T.);
#4377 = VERTEX_POINT('',#4378);
#4378 = CARTESIAN_POINT('',(2.5,-30.,37.));
#4379 = LINE('',#4380,#4381);
#4380 = CARTESIAN_POINT('',(-2.5,-30.,37.));
#4381 = VECTOR('',#4382,1.);
#4382 = DIRECTION('',(1.,0.,0.));
#4383 = ORIENTED_EDGE('',*,*,#4362,.T.);
#4384 = ORIENTED_EDGE('',*,*,#4233,.T.);
#4385 = ORIENTED_EDGE('',*,*,#4386,.F.);
#4386 = EDGE_CURVE('',#4377,#4226,#4387,.T.);
#4387 = LINE('',#4388,#4389);
#4388 = CARTESIAN_POINT('',(2.5,-30.,37.));
#4389 = VECTOR('',#4390,1.);
#4390 = DIRECTION('',(0.,0.,1.));
#4391 = PLANE('',#4392);
#4392 = AXIS2_PLACEMENT_3D('',#4393,#4394,#4395);
#4393 = CARTESIAN_POINT('',(-2.5,-30.,37.));
#4394 = DIRECTION('',(0.,1.,0.));
#4395 = DIRECTION('',(1.,0.,0.));
#4396 = ADVANCED_FACE('',(#4397),#4415,.F.);
#4397 = FACE_BOUND('',#4398,.F.);
#4398 = EDGE_LOOP('',(#4399,#4407,#4408,#4409));
#4399 = ORIENTED_EDGE('',*,*,#4400,.F.);
#4400 = EDGE_CURVE('',#4377,#4401,#4403,.T.);
#4401 = VERTEX_POINT('',#4402);
#4402 = CARTESIAN_POINT('',(2.5,-27.,37.));
#4403 = LINE('',#4404,#4405);
#4404 = CARTESIAN_POINT('',(2.5,-30.,37.));
#4405 = VECTOR('',#4406,1.);
#4406 = DIRECTION('',(0.,1.,0.));
#4407 = ORIENTED_EDGE('',*,*,#4386,.T.);
#4408 = ORIENTED_EDGE('',*,*,#4225,.F.);
#4409 = ORIENTED_EDGE('',*,*,#4410,.F.);
#4410 = EDGE_CURVE('',#4401,#4217,#4411,.T.);
#4411 = LINE('',#4412,#4413);
#4412 = CARTESIAN_POINT('',(2.5,-27.,37.));
#4413 = VECTOR('',#4414,1.);
#4414 = DIRECTION('',(0.,0.,1.));
#4415 = PLANE('',#4416);
#4416 = AXIS2_PLACEMENT_3D('',#4417,#4418,#4419);
#4417 = CARTESIAN_POINT('',(2.5,-30.,37.));
#4418 = DIRECTION('',(-1.,0.,0.));
#4419 = DIRECTION('',(0.,1.,0.));
#4420 = ADVANCED_FACE('',(#4421),#4432,.F.);
#4421 = FACE_BOUND('',#4422,.F.);
#4422 = EDGE_LOOP('',(#4423,#4429,#4430,#4431));
#4423 = ORIENTED_EDGE('',*,*,#4424,.F.);
#4424 = EDGE_CURVE('',#4401,#4346,#4425,.T.);
#4425 = LINE('',#4426,#4427);
#4426 = CARTESIAN_POINT('',(2.5,-27.,37.));
#4427 = VECTOR('',#4428,1.);
#4428 = DIRECTION('',(-1.,0.,0.));
#4429 = ORIENTED_EDGE('',*,*,#4410,.T.);
#4430 = ORIENTED_EDGE('',*,*,#4216,.F.);
#4431 = ORIENTED_EDGE('',*,*,#4355,.F.);
#4432 = PLANE('',#4433);
#4433 = AXIS2_PLACEMENT_3D('',#4434,#4435,#4436);
#4434 = CARTESIAN_POINT('',(2.5,-27.,37.));
#4435 = DIRECTION('',(0.,-1.,0.));
#4436 = DIRECTION('',(-1.,0.,0.));
#4437 = ADVANCED_FACE('',(#4438),#4463,.F.);
#4438 = FACE_BOUND('',#4439,.F.);
#4439 = EDGE_LOOP('',(#4440,#4450,#4456,#4457));
#4440 = ORIENTED_EDGE('',*,*,#4441,.F.);
#4441 = EDGE_CURVE('',#4442,#4444,#4446,.T.);
#4442 = VERTEX_POINT('',#4443);
#4443 = CARTESIAN_POINT('',(-2.5,-35.,37.));
#4444 = VERTEX_POINT('',#4445);
#4445 = CARTESIAN_POINT('',(-2.5,-38.,37.));
#4446 = LINE('',#4447,#4448);
#4447 = CARTESIAN_POINT('',(-2.5,-35.,37.));
#4448 = VECTOR('',#4449,1.);
#4449 = DIRECTION('',(0.,-1.,0.));
#4450 = ORIENTED_EDGE('',*,*,#4451,.T.);
#4451 = EDGE_CURVE('',#4442,#4243,#4452,.T.);
#4452 = LINE('',#4453,#4454);
#4453 = CARTESIAN_POINT('',(-2.5,-35.,37.));
#4454 = VECTOR('',#4455,1.);
#4455 = DIRECTION('',(0.,0.,1.));
#4456 = ORIENTED_EDGE('',*,*,#4242,.T.);
#4457 = ORIENTED_EDGE('',*,*,#4458,.F.);
#4458 = EDGE_CURVE('',#4444,#4245,#4459,.T.);
#4459 = LINE('',#4460,#4461);
#4460 = CARTESIAN_POINT('',(-2.5,-38.,37.));
#4461 = VECTOR('',#4462,1.);
#4462 = DIRECTION('',(0.,0.,1.));
#4463 = PLANE('',#4464);
#4464 = AXIS2_PLACEMENT_3D('',#4465,#4466,#4467);
#4465 = CARTESIAN_POINT('',(-2.5,-35.,37.));
#4466 = DIRECTION('',(1.,0.,0.));
#4467 = DIRECTION('',(0.,-1.,0.));
#4468 = ADVANCED_FACE('',(#4469),#4487,.F.);
#4469 = FACE_BOUND('',#4470,.F.);
#4470 = EDGE_LOOP('',(#4471,#4479,#4480,#4481));
#4471 = ORIENTED_EDGE('',*,*,#4472,.F.);
#4472 = EDGE_CURVE('',#4444,#4473,#4475,.T.);
#4473 = VERTEX_POINT('',#4474);
#4474 = CARTESIAN_POINT('',(2.5,-38.,37.));
#4475 = LINE('',#4476,#4477);
#4476 = CARTESIAN_POINT('',(-2.5,-38.,37.));
#4477 = VECTOR('',#4478,1.);
#4478 = DIRECTION('',(1.,0.,0.));
#4479 = ORIENTED_EDGE('',*,*,#4458,.T.);
#4480 = ORIENTED_EDGE('',*,*,#4269,.T.);
#4481 = ORIENTED_EDGE('',*,*,#4482,.F.);
#4482 = EDGE_CURVE('',#4473,#4262,#4483,.T.);
#4483 = LINE('',#4484,#4485);
#4484 = CARTESIAN_POINT('',(2.5,-38.,37.));
#4485 = VECTOR('',#4486,1.);
#4486 = DIRECTION('',(0.,0.,1.));
#4487 = PLANE('',#4488);
#4488 = AXIS2_PLACEMENT_3D('',#4489,#4490,#4491);
#4489 = CARTESIAN_POINT('',(-2.5,-38.,37.));
#4490 = DIRECTION('',(0.,1.,0.));
#4491 = DIRECTION('',(1.,0.,0.));
#4492 = ADVANCED_FACE('',(#4493),#4511,.F.);
#4493 = FACE_BOUND('',#4494,.F.);
#4494 = EDGE_LOOP('',(#4495,#4503,#4504,#4505));
#4495 = ORIENTED_EDGE('',*,*,#4496,.F.);
#4496 = EDGE_CURVE('',#4473,#4497,#4499,.T.);
#4497 = VERTEX_POINT('',#4498);
#4498 = CARTESIAN_POINT('',(2.5,-35.,37.));
#4499 = LINE('',#4500,#4501);
#4500 = CARTESIAN_POINT('',(2.5,-38.,37.));
#4501 = VECTOR('',#4502,1.);
#4502 = DIRECTION('',(0.,1.,0.));
#4503 = ORIENTED_EDGE('',*,*,#4482,.T.);
#4504 = ORIENTED_EDGE('',*,*,#4261,.F.);
#4505 = ORIENTED_EDGE('',*,*,#4506,.F.);
#4506 = EDGE_CURVE('',#4497,#4253,#4507,.T.);
#4507 = LINE('',#4508,#4509);
#4508 = CARTESIAN_POINT('',(2.5,-35.,37.));
#4509 = VECTOR('',#4510,1.);
#4510 = DIRECTION('',(0.,0.,1.));
#4511 = PLANE('',#4512);
#4512 = AXIS2_PLACEMENT_3D('',#4513,#4514,#4515);
#4513 = CARTESIAN_POINT('',(2.5,-38.,37.));
#4514 = DIRECTION('',(-1.,0.,0.));
#4515 = DIRECTION('',(0.,1.,0.));
#4516 = ADVANCED_FACE('',(#4517),#4528,.F.);
#4517 = FACE_BOUND('',#4518,.F.);
#4518 = EDGE_LOOP('',(#4519,#4525,#4526,#4527));
#4519 = ORIENTED_EDGE('',*,*,#4520,.F.);
#4520 = EDGE_CURVE('',#4497,#4442,#4521,.T.);
#4521 = LINE('',#4522,#4523);
#4522 = CARTESIAN_POINT('',(2.5,-35.,37.));
#4523 = VECTOR('',#4524,1.);
#4524 = DIRECTION('',(-1.,0.,0.));
#4525 = ORIENTED_EDGE('',*,*,#4506,.T.);
#4526 = ORIENTED_EDGE('',*,*,#4252,.F.);
#4527 = ORIENTED_EDGE('',*,*,#4451,.F.);
#4528 = PLANE('',#4529);
#4529 = AXIS2_PLACEMENT_3D('',#4530,#4531,#4532);
#4530 = CARTESIAN_POINT('',(2.5,-35.,37.));
#4531 = DIRECTION('',(0.,-1.,0.));
#4532 = DIRECTION('',(-1.,0.,0.));
#4533 = ADVANCED_FACE('',(#4534),#4553,.F.);
#4534 = FACE_BOUND('',#4535,.F.);
#4535 = EDGE_LOOP('',(#4536,#4537,#4545,#4552));
#4536 = ORIENTED_EDGE('',*,*,#4310,.F.);
#4537 = ORIENTED_EDGE('',*,*,#4538,.T.);
#4538 = EDGE_CURVE('',#4311,#4539,#4541,.T.);
#4539 = VERTEX_POINT('',#4540);
#4540 = CARTESIAN_POINT('',(-1.,-21.8,43.6));
#4541 = LINE('',#4542,#4543);
#4542 = CARTESIAN_POINT('',(-1.,-20.,43.6));
#4543 = VECTOR('',#4544,1.);
#4544 = DIRECTION('',(0.,-1.,0.));
#4545 = ORIENTED_EDGE('',*,*,#4546,.T.);
#4546 = EDGE_CURVE('',#4539,#4539,#4547,.T.);
#4547 = CIRCLE('',#4548,1.);
#4548 = AXIS2_PLACEMENT_3D('',#4549,#4550,#4551);
#4549 = CARTESIAN_POINT('',(4.1E-16,-21.8,43.6));
#4550 = DIRECTION('',(0.,1.,-2.2E-16));
#4551 = DIRECTION('',(-1.,0.,0.));
#4552 = ORIENTED_EDGE('',*,*,#4538,.F.);
#4553 = CYLINDRICAL_SURFACE('',#4554,1.);
#4554 = AXIS2_PLACEMENT_3D('',#4555,#4556,#4557);
#4555 = CARTESIAN_POINT('',(4.1E-16,-20.,43.6));
#4556 = DIRECTION('',(0.,1.,-2.2E-16));
#4557 = DIRECTION('',(-1.,0.,0.));
#4558 = ADVANCED_FACE('',(#4559),#4565,.F.);
#4559 = FACE_BOUND('',#4560,.F.);
#4560 = EDGE_LOOP('',(#4561,#4562,#4563,#4564));
#4561 = ORIENTED_EDGE('',*,*,#4345,.T.);
#4562 = ORIENTED_EDGE('',*,*,#4376,.T.);
#4563 = ORIENTED_EDGE('',*,*,#4400,.T.);
#4564 = ORIENTED_EDGE('',*,*,#4424,.T.);
#4565 = PLANE('',#4566);
#4566 = AXIS2_PLACEMENT_3D('',#4567,#4568,#4569);
#4567 = CARTESIAN_POINT('',(0.,-32.5,37.));
#4568 = DIRECTION('',(0.,0.,1.));
#4569 = DIRECTION('',(1.,0.,0.));
#4570 = ADVANCED_FACE('',(#4571),#4577,.F.);
#4571 = FACE_BOUND('',#4572,.F.);
#4572 = EDGE_LOOP('',(#4573,#4574,#4575,#4576));
#4573 = ORIENTED_EDGE('',*,*,#4441,.T.);
#4574 = ORIENTED_EDGE('',*,*,#4472,.T.);
#4575 = ORIENTED_EDGE('',*,*,#4496,.T.);
#4576 = ORIENTED_EDGE('',*,*,#4520,.T.);
#4577 = PLANE('',#4578);
#4578 = AXIS2_PLACEMENT_3D('',#4579,#4580,#4581);
#4579 = CARTESIAN_POINT('',(0.,-32.5,37.));
#4580 = DIRECTION('',(0.,0.,1.));
#4581 = DIRECTION('',(1.,0.,0.));
#4582 = ADVANCED_FACE('',(#4583,#4633),#4636,.F.);
#4583 = FACE_BOUND('',#4584,.F.);
#4584 = EDGE_LOOP('',(#4585,#4595,#4603,#4611,#4619,#4627));
#4585 = ORIENTED_EDGE('',*,*,#4586,.T.);
#4586 = EDGE_CURVE('',#4587,#4589,#4591,.T.);
#4587 = VERTEX_POINT('',#4588);
#4588 = CARTESIAN_POINT('',(1.200657271308,-21.8,45.678382769279));
#4589 = VERTEX_POINT('',#4590);
#4590 = CARTESIAN_POINT('',(2.400540592042,-21.8,43.59985443976));
#4591 = LINE('',#4592,#4593);
#4592 = CARTESIAN_POINT('',(1.200657271308,-21.8,45.678382769279));
#4593 = VECTOR('',#4594,1.);
#4594 = DIRECTION('',(0.499951383639,0.,-0.866053470634));
#4595 = ORIENTED_EDGE('',*,*,#4596,.T.);
#4596 = EDGE_CURVE('',#4589,#4597,#4599,.T.);
#4597 = VERTEX_POINT('',#4598);
#4598 = CARTESIAN_POINT('',(1.200423916554,-21.8,41.521460837663));
#4599 = LINE('',#4600,#4601);
#4600 = CARTESIAN_POINT('',(2.400540592042,-21.8,43.59985443976));
#4601 = VECTOR('',#4602,1.);
#4602 = DIRECTION('',(-0.500048614786,0.,-0.865997334206));
#4603 = ORIENTED_EDGE('',*,*,#4604,.T.);
#4604 = EDGE_CURVE('',#4597,#4605,#4607,.T.);
#4605 = VERTEX_POINT('',#4606);
#4606 = CARTESIAN_POINT('',(-1.199576079662,-21.8,41.521595565093));
#4607 = LINE('',#4608,#4609);
#4608 = CARTESIAN_POINT('',(1.200423916554,-21.8,41.521460837663));
#4609 = VECTOR('',#4610,1.);
#4610 = DIRECTION('',(-0.999999998424,0.,5.613642932912E-05));
#4611 = ORIENTED_EDGE('',*,*,#4612,.T.);
#4612 = EDGE_CURVE('',#4605,#4613,#4615,.T.);
#4613 = VERTEX_POINT('',#4614);
#4614 = CARTESIAN_POINT('',(-2.399459400395,-21.8,43.600123894613));
#4615 = LINE('',#4616,#4617);
#4616 = CARTESIAN_POINT('',(-1.199576079662,-21.8,41.521595565093));
#4617 = VECTOR('',#4618,1.);
#4618 = DIRECTION('',(-0.499951383639,0.,0.866053470634));
#4619 = ORIENTED_EDGE('',*,*,#4620,.T.);
#4620 = EDGE_CURVE('',#4613,#4621,#4623,.T.);
#4621 = VERTEX_POINT('',#4622);
#4622 = CARTESIAN_POINT('',(-1.199342724908,-21.8,45.678517496709));
#4623 = LINE('',#4624,#4625);
#4624 = CARTESIAN_POINT('',(-2.399459400395,-21.8,43.600123894613));
#4625 = VECTOR('',#4626,1.);
#4626 = DIRECTION('',(0.500048614786,0.,0.865997334206));
#4627 = ORIENTED_EDGE('',*,*,#4628,.T.);
#4628 = EDGE_CURVE('',#4621,#4587,#4629,.T.);
#4629 = LINE('',#4630,#4631);
#4630 = CARTESIAN_POINT('',(-1.199342724908,-21.8,45.678517496709));
#4631 = VECTOR('',#4632,1.);
#4632 = DIRECTION('',(0.999999998424,0.,-5.6136429113E-05));
#4633 = FACE_BOUND('',#4634,.F.);
#4634 = EDGE_LOOP('',(#4635));
#4635 = ORIENTED_EDGE('',*,*,#4546,.F.);
#4636 = PLANE('',#4637);
#4637 = AXIS2_PLACEMENT_3D('',#4638,#4639,#4640);
#4638 = CARTESIAN_POINT('',(5.40595823222E-04,-21.8,43.599989167186));
#4639 = DIRECTION('',(0.,1.,0.));
#4640 = DIRECTION('',(0.,0.,1.));
#4641 = ADVANCED_FACE('',(#4642),#4667,.F.);
#4642 = FACE_BOUND('',#4643,.F.);
#4643 = EDGE_LOOP('',(#4644,#4652,#4660,#4666));
#4644 = ORIENTED_EDGE('',*,*,#4645,.T.);
#4645 = EDGE_CURVE('',#4587,#4646,#4648,.T.);
#4646 = VERTEX_POINT('',#4647);
#4647 = CARTESIAN_POINT('',(1.200657271308,-23.3,45.678382769279));
#4648 = LINE('',#4649,#4650);
#4649 = CARTESIAN_POINT('',(1.200657271308,-21.8,45.678382769279));
#4650 = VECTOR('',#4651,1.);
#4651 = DIRECTION('',(0.,-1.,0.));
#4652 = ORIENTED_EDGE('',*,*,#4653,.T.);
#4653 = EDGE_CURVE('',#4646,#4654,#4656,.T.);
#4654 = VERTEX_POINT('',#4655);
#4655 = CARTESIAN_POINT('',(2.400540592042,-23.3,43.59985443976));
#4656 = LINE('',#4657,#4658);
#4657 = CARTESIAN_POINT('',(1.200657271308,-23.3,45.678382769279));
#4658 = VECTOR('',#4659,1.);
#4659 = DIRECTION('',(0.499951383639,0.,-0.866053470634));
#4660 = ORIENTED_EDGE('',*,*,#4661,.F.);
#4661 = EDGE_CURVE('',#4589,#4654,#4662,.T.);
#4662 = LINE('',#4663,#4664);
#4663 = CARTESIAN_POINT('',(2.400540592042,-21.8,43.59985443976));
#4664 = VECTOR('',#4665,1.);
#4665 = DIRECTION('',(0.,-1.,0.));
#4666 = ORIENTED_EDGE('',*,*,#4586,.F.);
#4667 = PLANE('',#4668);
#4668 = AXIS2_PLACEMENT_3D('',#4669,#4670,#4671);
#4669 = CARTESIAN_POINT('',(1.200657271308,-21.8,45.678382769279));
#4670 = DIRECTION('',(0.866053470634,0.,0.499951383639));
#4671 = DIRECTION('',(0.499951383639,0.,-0.866053470634));
#4672 = ADVANCED_FACE('',(#4673),#4691,.F.);
#4673 = FACE_BOUND('',#4674,.F.);
#4674 = EDGE_LOOP('',(#4675,#4683,#4689,#4690));
#4675 = ORIENTED_EDGE('',*,*,#4676,.T.);
#4676 = EDGE_CURVE('',#4621,#4677,#4679,.T.);
#4677 = VERTEX_POINT('',#4678);
#4678 = CARTESIAN_POINT('',(-1.199342724908,-23.3,45.678517496709));
#4679 = LINE('',#4680,#4681);
#4680 = CARTESIAN_POINT('',(-1.199342724908,-21.8,45.678517496709));
#4681 = VECTOR('',#4682,1.);
#4682 = DIRECTION('',(0.,-1.,0.));
#4683 = ORIENTED_EDGE('',*,*,#4684,.T.);
#4684 = EDGE_CURVE('',#4677,#4646,#4685,.T.);
#4685 = LINE('',#4686,#4687);
#4686 = CARTESIAN_POINT('',(-1.199342724908,-23.3,45.678517496709));
#4687 = VECTOR('',#4688,1.);
#4688 = DIRECTION('',(0.999999998424,0.,-5.6136429113E-05));
#4689 = ORIENTED_EDGE('',*,*,#4645,.F.);
#4690 = ORIENTED_EDGE('',*,*,#4628,.F.);
#4691 = PLANE('',#4692);
#4692 = AXIS2_PLACEMENT_3D('',#4693,#4694,#4695);
#4693 = CARTESIAN_POINT('',(-1.199342724908,-21.8,45.678517496709));
#4694 = DIRECTION('',(5.613642911298E-05,0.,0.999999998424));
#4695 = DIRECTION('',(0.999999998424,0.,-5.613642911298E-05));
#4696 = ADVANCED_FACE('',(#4697),#4715,.F.);
#4697 = FACE_BOUND('',#4698,.F.);
#4698 = EDGE_LOOP('',(#4699,#4700,#4708,#4714));
#4699 = ORIENTED_EDGE('',*,*,#4661,.T.);
#4700 = ORIENTED_EDGE('',*,*,#4701,.T.);
#4701 = EDGE_CURVE('',#4654,#4702,#4704,.T.);
#4702 = VERTEX_POINT('',#4703);
#4703 = CARTESIAN_POINT('',(1.200423916554,-23.3,41.521460837663));
#4704 = LINE('',#4705,#4706);
#4705 = CARTESIAN_POINT('',(2.400540592042,-23.3,43.59985443976));
#4706 = VECTOR('',#4707,1.);
#4707 = DIRECTION('',(-0.500048614786,0.,-0.865997334206));
#4708 = ORIENTED_EDGE('',*,*,#4709,.F.);
#4709 = EDGE_CURVE('',#4597,#4702,#4710,.T.);
#4710 = LINE('',#4711,#4712);
#4711 = CARTESIAN_POINT('',(1.200423916554,-21.8,41.521460837663));
#4712 = VECTOR('',#4713,1.);
#4713 = DIRECTION('',(0.,-1.,0.));
#4714 = ORIENTED_EDGE('',*,*,#4596,.F.);
#4715 = PLANE('',#4716);
#4716 = AXIS2_PLACEMENT_3D('',#4717,#4718,#4719);
#4717 = CARTESIAN_POINT('',(2.400540592042,-21.8,43.59985443976));
#4718 = DIRECTION('',(0.865997334206,0.,-0.500048614786));
#4719 = DIRECTION('',(-0.500048614786,-0.,-0.865997334206));
#4720 = ADVANCED_FACE('',(#4721),#4739,.F.);
#4721 = FACE_BOUND('',#4722,.F.);
#4722 = EDGE_LOOP('',(#4723,#4731,#4737,#4738));
#4723 = ORIENTED_EDGE('',*,*,#4724,.T.);
#4724 = EDGE_CURVE('',#4613,#4725,#4727,.T.);
#4725 = VERTEX_POINT('',#4726);
#4726 = CARTESIAN_POINT('',(-2.399459400395,-23.3,43.600123894613));
#4727 = LINE('',#4728,#4729);
#4728 = CARTESIAN_POINT('',(-2.399459400395,-21.8,43.600123894613));
#4729 = VECTOR('',#4730,1.);
#4730 = DIRECTION('',(0.,-1.,0.));
#4731 = ORIENTED_EDGE('',*,*,#4732,.T.);
#4732 = EDGE_CURVE('',#4725,#4677,#4733,.T.);
#4733 = LINE('',#4734,#4735);
#4734 = CARTESIAN_POINT('',(-2.399459400395,-23.3,43.600123894613));
#4735 = VECTOR('',#4736,1.);
#4736 = DIRECTION('',(0.500048614786,0.,0.865997334206));
#4737 = ORIENTED_EDGE('',*,*,#4676,.F.);
#4738 = ORIENTED_EDGE('',*,*,#4620,.F.);
#4739 = PLANE('',#4740);
#4740 = AXIS2_PLACEMENT_3D('',#4741,#4742,#4743);
#4741 = CARTESIAN_POINT('',(-2.399459400395,-21.8,43.600123894613));
#4742 = DIRECTION('',(-0.865997334206,0.,0.500048614786));
#4743 = DIRECTION('',(0.500048614786,0.,0.865997334206));
#4744 = ADVANCED_FACE('',(#4745),#4763,.F.);
#4745 = FACE_BOUND('',#4746,.F.);
#4746 = EDGE_LOOP('',(#4747,#4748,#4756,#4762));
#4747 = ORIENTED_EDGE('',*,*,#4709,.T.);
#4748 = ORIENTED_EDGE('',*,*,#4749,.T.);
#4749 = EDGE_CURVE('',#4702,#4750,#4752,.T.);
#4750 = VERTEX_POINT('',#4751);
#4751 = CARTESIAN_POINT('',(-1.199576079662,-23.3,41.521595565093));
#4752 = LINE('',#4753,#4754);
#4753 = CARTESIAN_POINT('',(1.200423916554,-23.3,41.521460837663));
#4754 = VECTOR('',#4755,1.);
#4755 = DIRECTION('',(-0.999999998424,0.,5.613642932912E-05));
#4756 = ORIENTED_EDGE('',*,*,#4757,.F.);
#4757 = EDGE_CURVE('',#4605,#4750,#4758,.T.);
#4758 = LINE('',#4759,#4760);
#4759 = CARTESIAN_POINT('',(-1.199576079662,-21.8,41.521595565093));
#4760 = VECTOR('',#4761,1.);
#4761 = DIRECTION('',(0.,-1.,0.));
#4762 = ORIENTED_EDGE('',*,*,#4604,.F.);
#4763 = PLANE('',#4764);
#4764 = AXIS2_PLACEMENT_3D('',#4765,#4766,#4767);
#4765 = CARTESIAN_POINT('',(1.200423916554,-21.8,41.521460837663));
#4766 = DIRECTION('',(-5.613642932911E-05,-0.,-0.999999998424));
#4767 = DIRECTION('',(-0.999999998424,0.,5.613642932911E-05));
#4768 = ADVANCED_FACE('',(#4769),#4780,.F.);
#4769 = FACE_BOUND('',#4770,.F.);
#4770 = EDGE_LOOP('',(#4771,#4772,#4778,#4779));
#4771 = ORIENTED_EDGE('',*,*,#4757,.T.);
#4772 = ORIENTED_EDGE('',*,*,#4773,.T.);
#4773 = EDGE_CURVE('',#4750,#4725,#4774,.T.);
#4774 = LINE('',#4775,#4776);
#4775 = CARTESIAN_POINT('',(-1.199576079662,-23.3,41.521595565093));
#4776 = VECTOR('',#4777,1.);
#4777 = DIRECTION('',(-0.499951383639,0.,0.866053470634));
#4778 = ORIENTED_EDGE('',*,*,#4724,.F.);
#4779 = ORIENTED_EDGE('',*,*,#4612,.F.);
#4780 = PLANE('',#4781);
#4781 = AXIS2_PLACEMENT_3D('',#4782,#4783,#4784);
#4782 = CARTESIAN_POINT('',(-1.199576079662,-21.8,41.521595565093));
#4783 = DIRECTION('',(-0.866053470634,-0.,-0.499951383639));
#4784 = DIRECTION('',(-0.499951383639,0.,0.866053470634));
#4785 = ADVANCED_FACE('',(#4786,#4794),#4805,.T.);
#4786 = FACE_BOUND('',#4787,.T.);
#4787 = EDGE_LOOP('',(#4788,#4789,#4790,#4791,#4792,#4793));
#4788 = ORIENTED_EDGE('',*,*,#4653,.T.);
#4789 = ORIENTED_EDGE('',*,*,#4701,.T.);
#4790 = ORIENTED_EDGE('',*,*,#4749,.T.);
#4791 = ORIENTED_EDGE('',*,*,#4773,.T.);
#4792 = ORIENTED_EDGE('',*,*,#4732,.T.);
#4793 = ORIENTED_EDGE('',*,*,#4684,.T.);
#4794 = FACE_BOUND('',#4795,.T.);
#4795 = EDGE_LOOP('',(#4796));
#4796 = ORIENTED_EDGE('',*,*,#4797,.F.);
#4797 = EDGE_CURVE('',#4798,#4798,#4800,.T.);
#4798 = VERTEX_POINT('',#4799);
#4799 = CARTESIAN_POINT('',(-1.,-23.3,43.6));
#4800 = CIRCLE('',#4801,1.);
#4801 = AXIS2_PLACEMENT_3D('',#4802,#4803,#4804);
#4802 = CARTESIAN_POINT('',(4.1E-16,-23.3,43.6));
#4803 = DIRECTION('',(0.,1.,-2.2E-16));
#4804 = DIRECTION('',(-1.,0.,0.));
#4805 = PLANE('',#4806);
#4806 = AXIS2_PLACEMENT_3D('',#4807,#4808,#4809);
#4807 = CARTESIAN_POINT('',(5.40595823222E-04,-23.3,43.599989167186));
#4808 = DIRECTION('',(0.,1.,0.));
#4809 = DIRECTION('',(0.,0.,1.));
#4810 = ADVANCED_FACE('',(#4811),#4830,.F.);
#4811 = FACE_BOUND('',#4812,.F.);
#4812 = EDGE_LOOP('',(#4813,#4814,#4822,#4829));
#4813 = ORIENTED_EDGE('',*,*,#4797,.F.);
#4814 = ORIENTED_EDGE('',*,*,#4815,.T.);
#4815 = EDGE_CURVE('',#4798,#4816,#4818,.T.);
#4816 = VERTEX_POINT('',#4817);
#4817 = CARTESIAN_POINT('',(-1.,-23.5,43.6));
#4818 = LINE('',#4819,#4820);
#4819 = CARTESIAN_POINT('',(-1.,-20.,43.6));
#4820 = VECTOR('',#4821,1.);
#4821 = DIRECTION('',(0.,-1.,0.));
#4822 = ORIENTED_EDGE('',*,*,#4823,.T.);
#4823 = EDGE_CURVE('',#4816,#4816,#4824,.T.);
#4824 = CIRCLE('',#4825,1.);
#4825 = AXIS2_PLACEMENT_3D('',#4826,#4827,#4828);
#4826 = CARTESIAN_POINT('',(0.,-23.5,43.6));
#4827 = DIRECTION('',(0.,1.,-0.));
#4828 = DIRECTION('',(-1.,0.,0.));
#4829 = ORIENTED_EDGE('',*,*,#4815,.F.);
#4830 = CYLINDRICAL_SURFACE('',#4831,1.);
#4831 = AXIS2_PLACEMENT_3D('',#4832,#4833,#4834);
#4832 = CARTESIAN_POINT('',(4.1E-16,-20.,43.6));
#4833 = DIRECTION('',(0.,1.,-2.2E-16));
#4834 = DIRECTION('',(-1.,0.,0.));
#4835 = ADVANCED_FACE('',(#4836),#4839,.T.);
#4836 = FACE_BOUND('',#4837,.T.);
#4837 = EDGE_LOOP('',(#4838));
#4838 = ORIENTED_EDGE('',*,*,#4823,.T.);
#4839 = PLANE('',#4840);
#4840 = AXIS2_PLACEMENT_3D('',#4841,#4842,#4843);
#4841 = CARTESIAN_POINT('',(8.3E-16,-23.5,43.6));
#4842 = DIRECTION('',(0.,1.,0.));
#4843 = DIRECTION('',(0.,0.,1.));
#4844 = ADVANCED_FACE('',(#4845),#4858,.T.);
#4845 = FACE_BOUND('',#4846,.T.);
#4846 = EDGE_LOOP('',(#4847,#4853,#4854,#4855,#4856,#4857));
#4847 = ORIENTED_EDGE('',*,*,#4848,.F.);
#4848 = EDGE_CURVE('',#4285,#4093,#4849,.T.);
#4849 = LINE('',#4850,#4851);
#4850 = CARTESIAN_POINT('',(-4.,-39.3,46.233615236338));
#4851 = VECTOR('',#4852,1.);
#4852 = DIRECTION('',(0.,-1.,2.2E-16));
#4853 = ORIENTED_EDGE('',*,*,#4302,.T.);
#4854 = ORIENTED_EDGE('',*,*,#4197,.F.);
#4855 = ORIENTED_EDGE('',*,*,#4148,.F.);
#4856 = ORIENTED_EDGE('',*,*,#4069,.T.);
#4857 = ORIENTED_EDGE('',*,*,#4092,.F.);
#4858 = PLANE('',#4859);
#4859 = AXIS2_PLACEMENT_3D('',#4860,#4861,#4862);
#4860 = CARTESIAN_POINT('',(-4.,-30.50322020258,44.963587415585));
#4861 = DIRECTION('',(-1.,-0.,-0.));
#4862 = DIRECTION('',(0.,0.,-1.));
#4863 = ADVANCED_FACE('',(#4864),#4871,.T.);
#4864 = FACE_BOUND('',#4865,.T.);
#4865 = EDGE_LOOP('',(#4866,#4867,#4868,#4869,#4870));
#4866 = ORIENTED_EDGE('',*,*,#4284,.F.);
#4867 = ORIENTED_EDGE('',*,*,#4848,.T.);
#4868 = ORIENTED_EDGE('',*,*,#4109,.T.);
#4869 = ORIENTED_EDGE('',*,*,#4126,.F.);
#4870 = ORIENTED_EDGE('',*,*,#4327,.T.);
#4871 = CYLINDRICAL_SURFACE('',#4872,12.870949527939);
#4872 = AXIS2_PLACEMENT_3D('',#4873,#4874,#4875);
#4873 = CARTESIAN_POINT('',(3.455E-14,-39.3,34.));
#4874 = DIRECTION('',(0.,1.,-2.2E-16));
#4875 = DIRECTION('',(-1.,0.,0.));
#4876 = MANIFOLD_SOLID_BREP('',#4877);
#4877 = CLOSED_SHELL('',(#4878,#4920,#4952,#4976,#5008,#5112,#5155,#5173
    ,#5204,#5228,#5252,#5269,#5300,#5324,#5348,#5365,#5390,#5402,#5414,
    #5473,#5504,#5528,#5552,#5576,#5600,#5617,#5642,#5667,#5676,#5695));
#4878 = ADVANCED_FACE('',(#4879),#4915,.F.);
#4879 = FACE_BOUND('',#4880,.F.);
#4880 = EDGE_LOOP('',(#4881,#4891,#4900,#4908));
#4881 = ORIENTED_EDGE('',*,*,#4882,.T.);
#4882 = EDGE_CURVE('',#4883,#4885,#4887,.T.);
#4883 = VERTEX_POINT('',#4884);
#4884 = CARTESIAN_POINT('',(4.000004900032,-39.3,23.166384763662));
#4885 = VERTEX_POINT('',#4886);
#4886 = CARTESIAN_POINT('',(4.000004900032,-41.1,23.166384763662));
#4887 = LINE('',#4888,#4889);
#4888 = CARTESIAN_POINT('',(4.000004900032,-39.3,23.166384763662));
#4889 = VECTOR('',#4890,1.);
#4890 = DIRECTION('',(-0.,-1.,-2.2E-16));
#4891 = ORIENTED_EDGE('',*,*,#4892,.T.);
#4892 = EDGE_CURVE('',#4885,#4893,#4895,.T.);
#4893 = VERTEX_POINT('',#4894);
#4894 = CARTESIAN_POINT('',(-4.,-41.1,23.166384763662));
#4895 = CIRCLE('',#4896,12.189770535985);
#4896 = AXIS2_PLACEMENT_3D('',#4897,#4898,#4899);
#4897 = CARTESIAN_POINT('',(2.4500157765E-06,-41.1,34.68117899195));
#4898 = DIRECTION('',(-0.,1.,4.4E-16));
#4899 = DIRECTION('',(1.,0.,0.));
#4900 = ORIENTED_EDGE('',*,*,#4901,.F.);
#4901 = EDGE_CURVE('',#4902,#4893,#4904,.T.);
#4902 = VERTEX_POINT('',#4903);
#4903 = CARTESIAN_POINT('',(-4.,-39.3,23.166384763662));
#4904 = LINE('',#4905,#4906);
#4905 = CARTESIAN_POINT('',(-4.,-39.3,23.166384763662));
#4906 = VECTOR('',#4907,1.);
#4907 = DIRECTION('',(-0.,-1.,-2.2E-16));
#4908 = ORIENTED_EDGE('',*,*,#4909,.F.);
#4909 = EDGE_CURVE('',#4883,#4902,#4910,.T.);
#4910 = CIRCLE('',#4911,12.189770535985);
#4911 = AXIS2_PLACEMENT_3D('',#4912,#4913,#4914);
#4912 = CARTESIAN_POINT('',(2.4500157765E-06,-39.3,34.68117899195));
#4913 = DIRECTION('',(-0.,1.,4.4E-16));
#4914 = DIRECTION('',(1.,0.,0.));
#4915 = CYLINDRICAL_SURFACE('',#4916,12.189770535985);
#4916 = AXIS2_PLACEMENT_3D('',#4917,#4918,#4919);
#4917 = CARTESIAN_POINT('',(2.4500157765E-06,-39.3,34.68117899195));
#4918 = DIRECTION('',(0.,1.,2.2E-16));
#4919 = DIRECTION('',(1.,0.,0.));
#4920 = ADVANCED_FACE('',(#4921),#4947,.F.);
#4921 = FACE_BOUND('',#4922,.F.);
#4922 = EDGE_LOOP('',(#4923,#4931,#4932,#4940));
#4923 = ORIENTED_EDGE('',*,*,#4924,.T.);
#4924 = EDGE_CURVE('',#4925,#4893,#4927,.T.);
#4925 = VERTEX_POINT('',#4926);
#4926 = CARTESIAN_POINT('',(-4.,-41.1,21.766384763662));
#4927 = LINE('',#4928,#4929);
#4928 = CARTESIAN_POINT('',(-4.,-41.1,21.766384763662));
#4929 = VECTOR('',#4930,1.);
#4930 = DIRECTION('',(0.,-4.4E-16,1.));
#4931 = ORIENTED_EDGE('',*,*,#4892,.F.);
#4932 = ORIENTED_EDGE('',*,*,#4933,.T.);
#4933 = EDGE_CURVE('',#4885,#4934,#4936,.T.);
#4934 = VERTEX_POINT('',#4935);
#4935 = CARTESIAN_POINT('',(4.000004900032,-41.1,21.766386365816));
#4936 = LINE('',#4937,#4938);
#4937 = CARTESIAN_POINT('',(4.000004900032,-41.1,23.166384763662));
#4938 = VECTOR('',#4939,1.);
#4939 = DIRECTION('',(-0.,4.4E-16,-1.));
#4940 = ORIENTED_EDGE('',*,*,#4941,.F.);
#4941 = EDGE_CURVE('',#4925,#4934,#4942,.T.);
#4942 = CIRCLE('',#4943,12.870949527939);
#4943 = AXIS2_PLACEMENT_3D('',#4944,#4945,#4946);
#4944 = CARTESIAN_POINT('',(3.455E-14,-41.1,34.));
#4945 = DIRECTION('',(-0.,-1.,-4.4E-16));
#4946 = DIRECTION('',(-1.,0.,0.));
#4947 = PLANE('',#4948);
#4948 = AXIS2_PLACEMENT_3D('',#4949,#4950,#4951);
#4949 = CARTESIAN_POINT('',(2.14587562728E-06,-41.1,22.135542000382));
#4950 = DIRECTION('',(0.,1.,0.));
#4951 = DIRECTION('',(0.,0.,1.));
#4952 = ADVANCED_FACE('',(#4953),#4971,.F.);
#4953 = FACE_BOUND('',#4954,.T.);
#4954 = EDGE_LOOP('',(#4955,#4956,#4957,#4965));
#4955 = ORIENTED_EDGE('',*,*,#4882,.T.);
#4956 = ORIENTED_EDGE('',*,*,#4933,.T.);
#4957 = ORIENTED_EDGE('',*,*,#4958,.F.);
#4958 = EDGE_CURVE('',#4959,#4934,#4961,.T.);
#4959 = VERTEX_POINT('',#4960);
#4960 = CARTESIAN_POINT('',(4.000004900032,-39.3,21.766386365816));
#4961 = LINE('',#4962,#4963);
#4962 = CARTESIAN_POINT('',(4.000004900032,-39.3,21.766386365816));
#4963 = VECTOR('',#4964,1.);
#4964 = DIRECTION('',(-0.,-1.,-2.2E-16));
#4965 = ORIENTED_EDGE('',*,*,#4966,.T.);
#4966 = EDGE_CURVE('',#4959,#4883,#4967,.T.);
#4967 = LINE('',#4968,#4969);
#4968 = CARTESIAN_POINT('',(4.000004900032,-39.3,21.766386365816));
#4969 = VECTOR('',#4970,1.);
#4970 = DIRECTION('',(-1.86057341629E-06,-4.4E-16,0.999999999998));
#4971 = PLANE('',#4972);
#4972 = AXIS2_PLACEMENT_3D('',#4973,#4974,#4975);
#4973 = CARTESIAN_POINT('',(4.000004900032,-39.3,23.166384763662));
#4974 = DIRECTION('',(-1.,-0.,-0.));
#4975 = DIRECTION('',(0.,-2.2E-16,1.));
#4976 = ADVANCED_FACE('',(#4977),#5003,.F.);
#4977 = FACE_BOUND('',#4978,.T.);
#4978 = EDGE_LOOP('',(#4979,#4987,#4988,#4996));
#4979 = ORIENTED_EDGE('',*,*,#4980,.F.);
#4980 = EDGE_CURVE('',#4902,#4981,#4983,.T.);
#4981 = VERTEX_POINT('',#4982);
#4982 = CARTESIAN_POINT('',(-4.,-39.3,24.4));
#4983 = LINE('',#4984,#4985);
#4984 = CARTESIAN_POINT('',(-4.,-39.3,21.766384763662));
#4985 = VECTOR('',#4986,1.);
#4986 = DIRECTION('',(1.7E-16,-4.4E-16,1.));
#4987 = ORIENTED_EDGE('',*,*,#4909,.F.);
#4988 = ORIENTED_EDGE('',*,*,#4989,.T.);
#4989 = EDGE_CURVE('',#4883,#4990,#4992,.T.);
#4990 = VERTEX_POINT('',#4991);
#4991 = CARTESIAN_POINT('',(4.,-39.3,24.4));
#4992 = LINE('',#4993,#4994);
#4993 = CARTESIAN_POINT('',(4.000004900032,-39.3,21.766386365816));
#4994 = VECTOR('',#4995,1.);
#4995 = DIRECTION('',(-1.86057341629E-06,-4.4E-16,0.999999999998));
#4996 = ORIENTED_EDGE('',*,*,#4997,.T.);
#4997 = EDGE_CURVE('',#4990,#4981,#4998,.T.);
#4998 = CIRCLE('',#4999,4.);
#4999 = AXIS2_PLACEMENT_3D('',#5000,#5001,#5002);
#5000 = CARTESIAN_POINT('',(1.709E-14,-39.3,24.4));
#5001 = DIRECTION('',(-0.,-1.,-4.4E-16));
#5002 = DIRECTION('',(-1.,0.,0.));
#5003 = PLANE('',#5004);
#5004 = AXIS2_PLACEMENT_3D('',#5005,#5006,#5007);
#5005 = CARTESIAN_POINT('',(8.0950136413E-07,-39.3,24.255396569555));
#5006 = DIRECTION('',(0.,1.,0.));
#5007 = DIRECTION('',(0.,0.,1.));
#5008 = ADVANCED_FACE('',(#5009,#5035,#5071),#5107,.T.);
#5009 = FACE_BOUND('',#5010,.T.);
#5010 = EDGE_LOOP('',(#5011,#5019,#5028,#5034));
#5011 = ORIENTED_EDGE('',*,*,#5012,.T.);
#5012 = EDGE_CURVE('',#4990,#5013,#5015,.T.);
#5013 = VERTEX_POINT('',#5014);
#5014 = CARTESIAN_POINT('',(4.,-20.,24.4));
#5015 = LINE('',#5016,#5017);
#5016 = CARTESIAN_POINT('',(4.,-39.3,24.4));
#5017 = VECTOR('',#5018,1.);
#5018 = DIRECTION('',(0.,1.,2.2E-16));
#5019 = ORIENTED_EDGE('',*,*,#5020,.T.);
#5020 = EDGE_CURVE('',#5013,#5021,#5023,.T.);
#5021 = VERTEX_POINT('',#5022);
#5022 = CARTESIAN_POINT('',(-4.,-20.,24.4));
#5023 = CIRCLE('',#5024,4.);
#5024 = AXIS2_PLACEMENT_3D('',#5025,#5026,#5027);
#5025 = CARTESIAN_POINT('',(1.709E-14,-20.,24.4));
#5026 = DIRECTION('',(-0.,-1.,-4.4E-16));
#5027 = DIRECTION('',(-1.,0.,0.));
#5028 = ORIENTED_EDGE('',*,*,#5029,.F.);
#5029 = EDGE_CURVE('',#4981,#5021,#5030,.T.);
#5030 = LINE('',#5031,#5032);
#5031 = CARTESIAN_POINT('',(-4.,-39.3,24.4));
#5032 = VECTOR('',#5033,1.);
#5033 = DIRECTION('',(0.,1.,2.2E-16));
#5034 = ORIENTED_EDGE('',*,*,#4997,.F.);
#5035 = FACE_BOUND('',#5036,.T.);
#5036 = EDGE_LOOP('',(#5037,#5047,#5056,#5064));
#5037 = ORIENTED_EDGE('',*,*,#5038,.F.);
#5038 = EDGE_CURVE('',#5039,#5041,#5043,.T.);
#5039 = VERTEX_POINT('',#5040);
#5040 = CARTESIAN_POINT('',(-2.5,-27.,27.522498999199));
#5041 = VERTEX_POINT('',#5042);
#5042 = CARTESIAN_POINT('',(-2.5,-30.,27.522498999199));
#5043 = LINE('',#5044,#5045);
#5044 = CARTESIAN_POINT('',(-2.5,-39.3,27.522498999199));
#5045 = VECTOR('',#5046,1.);
#5046 = DIRECTION('',(-0.,-1.,-2.2E-16));
#5047 = ORIENTED_EDGE('',*,*,#5048,.T.);
#5048 = EDGE_CURVE('',#5039,#5049,#5051,.T.);
#5049 = VERTEX_POINT('',#5050);
#5050 = CARTESIAN_POINT('',(2.5,-27.,27.522498999199));
#5051 = CIRCLE('',#5052,4.);
#5052 = AXIS2_PLACEMENT_3D('',#5053,#5054,#5055);
#5053 = CARTESIAN_POINT('',(1.75E-14,-27.,24.4));
#5054 = DIRECTION('',(0.,1.,2.2E-16));
#5055 = DIRECTION('',(-1.,0.,0.));
#5056 = ORIENTED_EDGE('',*,*,#5057,.T.);
#5057 = EDGE_CURVE('',#5049,#5058,#5060,.T.);
#5058 = VERTEX_POINT('',#5059);
#5059 = CARTESIAN_POINT('',(2.5,-30.,27.522498999199));
#5060 = LINE('',#5061,#5062);
#5061 = CARTESIAN_POINT('',(2.5,-39.3,27.522498999199));
#5062 = VECTOR('',#5063,1.);
#5063 = DIRECTION('',(-0.,-1.,-2.2E-16));
#5064 = ORIENTED_EDGE('',*,*,#5065,.F.);
#5065 = EDGE_CURVE('',#5041,#5058,#5066,.T.);
#5066 = CIRCLE('',#5067,4.);
#5067 = AXIS2_PLACEMENT_3D('',#5068,#5069,#5070);
#5068 = CARTESIAN_POINT('',(1.75E-14,-30.,24.4));
#5069 = DIRECTION('',(0.,1.,2.2E-16));
#5070 = DIRECTION('',(-1.,0.,0.));
#5071 = FACE_BOUND('',#5072,.T.);
#5072 = EDGE_LOOP('',(#5073,#5083,#5092,#5100));
#5073 = ORIENTED_EDGE('',*,*,#5074,.F.);
#5074 = EDGE_CURVE('',#5075,#5077,#5079,.T.);
#5075 = VERTEX_POINT('',#5076);
#5076 = CARTESIAN_POINT('',(-2.5,-35.,27.522498999199));
#5077 = VERTEX_POINT('',#5078);
#5078 = CARTESIAN_POINT('',(-2.5,-38.,27.522498999199));
#5079 = LINE('',#5080,#5081);
#5080 = CARTESIAN_POINT('',(-2.5,-39.3,27.522498999199));
#5081 = VECTOR('',#5082,1.);
#5082 = DIRECTION('',(-0.,-1.,-2.2E-16));
#5083 = ORIENTED_EDGE('',*,*,#5084,.T.);
#5084 = EDGE_CURVE('',#5075,#5085,#5087,.T.);
#5085 = VERTEX_POINT('',#5086);
#5086 = CARTESIAN_POINT('',(2.5,-35.,27.522498999199));
#5087 = CIRCLE('',#5088,4.);
#5088 = AXIS2_PLACEMENT_3D('',#5089,#5090,#5091);
#5089 = CARTESIAN_POINT('',(1.75E-14,-35.,24.4));
#5090 = DIRECTION('',(0.,1.,2.2E-16));
#5091 = DIRECTION('',(-1.,0.,0.));
#5092 = ORIENTED_EDGE('',*,*,#5093,.T.);
#5093 = EDGE_CURVE('',#5085,#5094,#5096,.T.);
#5094 = VERTEX_POINT('',#5095);
#5095 = CARTESIAN_POINT('',(2.5,-38.,27.522498999199));
#5096 = LINE('',#5097,#5098);
#5097 = CARTESIAN_POINT('',(2.5,-39.3,27.522498999199));
#5098 = VECTOR('',#5099,1.);
#5099 = DIRECTION('',(-0.,-1.,-2.2E-16));
#5100 = ORIENTED_EDGE('',*,*,#5101,.F.);
#5101 = EDGE_CURVE('',#5077,#5094,#5102,.T.);
#5102 = CIRCLE('',#5103,4.);
#5103 = AXIS2_PLACEMENT_3D('',#5104,#5105,#5106);
#5104 = CARTESIAN_POINT('',(1.75E-14,-38.,24.4));
#5105 = DIRECTION('',(0.,1.,2.2E-16));
#5106 = DIRECTION('',(-1.,0.,0.));
#5107 = CYLINDRICAL_SURFACE('',#5108,4.);
#5108 = AXIS2_PLACEMENT_3D('',#5109,#5110,#5111);
#5109 = CARTESIAN_POINT('',(1.75E-14,-39.3,24.4));
#5110 = DIRECTION('',(-0.,-1.,-2.2E-16));
#5111 = DIRECTION('',(-1.,0.,0.));
#5112 = ADVANCED_FACE('',(#5113,#5139),#5150,.T.);
#5113 = FACE_BOUND('',#5114,.F.);
#5114 = EDGE_LOOP('',(#5115,#5126,#5132,#5133));
#5115 = ORIENTED_EDGE('',*,*,#5116,.T.);
#5116 = EDGE_CURVE('',#5117,#5119,#5121,.T.);
#5117 = VERTEX_POINT('',#5118);
#5118 = CARTESIAN_POINT('',(-4.,-20.,21.766384763662));
#5119 = VERTEX_POINT('',#5120);
#5120 = CARTESIAN_POINT('',(4.000004900032,-20.,21.766386365816));
#5121 = CIRCLE('',#5122,12.870949527939);
#5122 = AXIS2_PLACEMENT_3D('',#5123,#5124,#5125);
#5123 = CARTESIAN_POINT('',(3.414E-14,-20.,34.));
#5124 = DIRECTION('',(-0.,-1.,-4.4E-16));
#5125 = DIRECTION('',(-1.,0.,0.));
#5126 = ORIENTED_EDGE('',*,*,#5127,.T.);
#5127 = EDGE_CURVE('',#5119,#5013,#5128,.T.);
#5128 = LINE('',#5129,#5130);
#5129 = CARTESIAN_POINT('',(4.000004900032,-20.,21.766386365816));
#5130 = VECTOR('',#5131,1.);
#5131 = DIRECTION('',(-1.86057341629E-06,-4.4E-16,0.999999999998));
#5132 = ORIENTED_EDGE('',*,*,#5020,.T.);
#5133 = ORIENTED_EDGE('',*,*,#5134,.F.);
#5134 = EDGE_CURVE('',#5117,#5021,#5135,.T.);
#5135 = LINE('',#5136,#5137);
#5136 = CARTESIAN_POINT('',(-4.,-20.,21.766384763662));
#5137 = VECTOR('',#5138,1.);
#5138 = DIRECTION('',(1.7E-16,-4.4E-16,1.));
#5139 = FACE_BOUND('',#5140,.F.);
#5140 = EDGE_LOOP('',(#5141));
#5141 = ORIENTED_EDGE('',*,*,#5142,.F.);
#5142 = EDGE_CURVE('',#5143,#5143,#5145,.T.);
#5143 = VERTEX_POINT('',#5144);
#5144 = CARTESIAN_POINT('',(-1.,-20.,24.4));
#5145 = CIRCLE('',#5146,1.);
#5146 = AXIS2_PLACEMENT_3D('',#5147,#5148,#5149);
#5147 = CARTESIAN_POINT('',(0.,-20.,24.4));
#5148 = DIRECTION('',(-0.,-1.,-4.4E-16));
#5149 = DIRECTION('',(-1.,0.,0.));
#5150 = PLANE('',#5151);
#5151 = AXIS2_PLACEMENT_3D('',#5152,#5153,#5154);
#5152 = CARTESIAN_POINT('',(8.0950136413E-07,-20.,24.255396569555));
#5153 = DIRECTION('',(0.,1.,0.));
#5154 = DIRECTION('',(0.,0.,1.));
#5155 = ADVANCED_FACE('',(#5156),#5168,.F.);
#5156 = FACE_BOUND('',#5157,.T.);
#5157 = EDGE_LOOP('',(#5158,#5164,#5165,#5166,#5167));
#5158 = ORIENTED_EDGE('',*,*,#5159,.T.);
#5159 = EDGE_CURVE('',#4959,#5119,#5160,.T.);
#5160 = LINE('',#5161,#5162);
#5161 = CARTESIAN_POINT('',(4.000004900032,-39.3,21.766386365816));
#5162 = VECTOR('',#5163,1.);
#5163 = DIRECTION('',(0.,1.,2.2E-16));
#5164 = ORIENTED_EDGE('',*,*,#5127,.T.);
#5165 = ORIENTED_EDGE('',*,*,#5012,.F.);
#5166 = ORIENTED_EDGE('',*,*,#4989,.F.);
#5167 = ORIENTED_EDGE('',*,*,#4966,.F.);
#5168 = PLANE('',#5169);
#5169 = AXIS2_PLACEMENT_3D('',#5170,#5171,#5172);
#5170 = CARTESIAN_POINT('',(4.000004900032,-39.3,21.766386365816));
#5171 = DIRECTION('',(-0.999999999998,0.,-1.86057341629E-06));
#5172 = DIRECTION('',(1.86057341629E-06,2.2E-16,-0.999999999998));
#5173 = ADVANCED_FACE('',(#5174),#5199,.F.);
#5174 = FACE_BOUND('',#5175,.T.);
#5175 = EDGE_LOOP('',(#5176,#5186,#5192,#5193));
#5176 = ORIENTED_EDGE('',*,*,#5177,.F.);
#5177 = EDGE_CURVE('',#5178,#5180,#5182,.T.);
#5178 = VERTEX_POINT('',#5179);
#5179 = CARTESIAN_POINT('',(-2.5,-27.,31.));
#5180 = VERTEX_POINT('',#5181);
#5181 = CARTESIAN_POINT('',(-2.5,-30.,31.));
#5182 = LINE('',#5183,#5184);
#5183 = CARTESIAN_POINT('',(-2.5,-27.,31.));
#5184 = VECTOR('',#5185,1.);
#5185 = DIRECTION('',(-0.,-1.,-0.));
#5186 = ORIENTED_EDGE('',*,*,#5187,.T.);
#5187 = EDGE_CURVE('',#5178,#5039,#5188,.T.);
#5188 = LINE('',#5189,#5190);
#5189 = CARTESIAN_POINT('',(-2.5,-27.,31.));
#5190 = VECTOR('',#5191,1.);
#5191 = DIRECTION('',(-0.,-0.,-1.));
#5192 = ORIENTED_EDGE('',*,*,#5038,.T.);
#5193 = ORIENTED_EDGE('',*,*,#5194,.F.);
#5194 = EDGE_CURVE('',#5180,#5041,#5195,.T.);
#5195 = LINE('',#5196,#5197);
#5196 = CARTESIAN_POINT('',(-2.5,-30.,31.));
#5197 = VECTOR('',#5198,1.);
#5198 = DIRECTION('',(-0.,-0.,-1.));
#5199 = PLANE('',#5200);
#5200 = AXIS2_PLACEMENT_3D('',#5201,#5202,#5203);
#5201 = CARTESIAN_POINT('',(-2.5,-27.,31.));
#5202 = DIRECTION('',(1.,0.,0.));
#5203 = DIRECTION('',(0.,1.,0.));
#5204 = ADVANCED_FACE('',(#5205),#5223,.F.);
#5205 = FACE_BOUND('',#5206,.T.);
#5206 = EDGE_LOOP('',(#5207,#5215,#5216,#5217));
#5207 = ORIENTED_EDGE('',*,*,#5208,.F.);
#5208 = EDGE_CURVE('',#5180,#5209,#5211,.T.);
#5209 = VERTEX_POINT('',#5210);
#5210 = CARTESIAN_POINT('',(2.5,-30.,31.));
#5211 = LINE('',#5212,#5213);
#5212 = CARTESIAN_POINT('',(-2.5,-30.,31.));
#5213 = VECTOR('',#5214,1.);
#5214 = DIRECTION('',(1.,0.,0.));
#5215 = ORIENTED_EDGE('',*,*,#5194,.T.);
#5216 = ORIENTED_EDGE('',*,*,#5065,.T.);
#5217 = ORIENTED_EDGE('',*,*,#5218,.F.);
#5218 = EDGE_CURVE('',#5209,#5058,#5219,.T.);
#5219 = LINE('',#5220,#5221);
#5220 = CARTESIAN_POINT('',(2.5,-30.,31.));
#5221 = VECTOR('',#5222,1.);
#5222 = DIRECTION('',(-0.,-0.,-1.));
#5223 = PLANE('',#5224);
#5224 = AXIS2_PLACEMENT_3D('',#5225,#5226,#5227);
#5225 = CARTESIAN_POINT('',(-2.5,-30.,31.));
#5226 = DIRECTION('',(0.,1.,0.));
#5227 = DIRECTION('',(-1.,0.,0.));
#5228 = ADVANCED_FACE('',(#5229),#5247,.F.);
#5229 = FACE_BOUND('',#5230,.T.);
#5230 = EDGE_LOOP('',(#5231,#5239,#5240,#5241));
#5231 = ORIENTED_EDGE('',*,*,#5232,.F.);
#5232 = EDGE_CURVE('',#5209,#5233,#5235,.T.);
#5233 = VERTEX_POINT('',#5234);
#5234 = CARTESIAN_POINT('',(2.5,-27.,31.));
#5235 = LINE('',#5236,#5237);
#5236 = CARTESIAN_POINT('',(2.5,-30.,31.));
#5237 = VECTOR('',#5238,1.);
#5238 = DIRECTION('',(0.,1.,0.));
#5239 = ORIENTED_EDGE('',*,*,#5218,.T.);
#5240 = ORIENTED_EDGE('',*,*,#5057,.F.);
#5241 = ORIENTED_EDGE('',*,*,#5242,.F.);
#5242 = EDGE_CURVE('',#5233,#5049,#5243,.T.);
#5243 = LINE('',#5244,#5245);
#5244 = CARTESIAN_POINT('',(2.5,-27.,31.));
#5245 = VECTOR('',#5246,1.);
#5246 = DIRECTION('',(-0.,-0.,-1.));
#5247 = PLANE('',#5248);
#5248 = AXIS2_PLACEMENT_3D('',#5249,#5250,#5251);
#5249 = CARTESIAN_POINT('',(2.5,-30.,31.));
#5250 = DIRECTION('',(-1.,-0.,-0.));
#5251 = DIRECTION('',(0.,-1.,0.));
#5252 = ADVANCED_FACE('',(#5253),#5264,.F.);
#5253 = FACE_BOUND('',#5254,.T.);
#5254 = EDGE_LOOP('',(#5255,#5261,#5262,#5263));
#5255 = ORIENTED_EDGE('',*,*,#5256,.F.);
#5256 = EDGE_CURVE('',#5233,#5178,#5257,.T.);
#5257 = LINE('',#5258,#5259);
#5258 = CARTESIAN_POINT('',(2.5,-27.,31.));
#5259 = VECTOR('',#5260,1.);
#5260 = DIRECTION('',(-1.,-0.,-0.));
#5261 = ORIENTED_EDGE('',*,*,#5242,.T.);
#5262 = ORIENTED_EDGE('',*,*,#5048,.F.);
#5263 = ORIENTED_EDGE('',*,*,#5187,.F.);
#5264 = PLANE('',#5265);
#5265 = AXIS2_PLACEMENT_3D('',#5266,#5267,#5268);
#5266 = CARTESIAN_POINT('',(2.5,-27.,31.));
#5267 = DIRECTION('',(-0.,-1.,-0.));
#5268 = DIRECTION('',(1.,0.,0.));
#5269 = ADVANCED_FACE('',(#5270),#5295,.F.);
#5270 = FACE_BOUND('',#5271,.T.);
#5271 = EDGE_LOOP('',(#5272,#5282,#5288,#5289));
#5272 = ORIENTED_EDGE('',*,*,#5273,.F.);
#5273 = EDGE_CURVE('',#5274,#5276,#5278,.T.);
#5274 = VERTEX_POINT('',#5275);
#5275 = CARTESIAN_POINT('',(-2.5,-35.,31.));
#5276 = VERTEX_POINT('',#5277);
#5277 = CARTESIAN_POINT('',(-2.5,-38.,31.));
#5278 = LINE('',#5279,#5280);
#5279 = CARTESIAN_POINT('',(-2.5,-35.,31.));
#5280 = VECTOR('',#5281,1.);
#5281 = DIRECTION('',(-0.,-1.,-0.));
#5282 = ORIENTED_EDGE('',*,*,#5283,.T.);
#5283 = EDGE_CURVE('',#5274,#5075,#5284,.T.);
#5284 = LINE('',#5285,#5286);
#5285 = CARTESIAN_POINT('',(-2.5,-35.,31.));
#5286 = VECTOR('',#5287,1.);
#5287 = DIRECTION('',(-0.,-0.,-1.));
#5288 = ORIENTED_EDGE('',*,*,#5074,.T.);
#5289 = ORIENTED_EDGE('',*,*,#5290,.F.);
#5290 = EDGE_CURVE('',#5276,#5077,#5291,.T.);
#5291 = LINE('',#5292,#5293);
#5292 = CARTESIAN_POINT('',(-2.5,-38.,31.));
#5293 = VECTOR('',#5294,1.);
#5294 = DIRECTION('',(-0.,-0.,-1.));
#5295 = PLANE('',#5296);
#5296 = AXIS2_PLACEMENT_3D('',#5297,#5298,#5299);
#5297 = CARTESIAN_POINT('',(-2.5,-35.,31.));
#5298 = DIRECTION('',(1.,0.,0.));
#5299 = DIRECTION('',(0.,1.,0.));
#5300 = ADVANCED_FACE('',(#5301),#5319,.F.);
#5301 = FACE_BOUND('',#5302,.T.);
#5302 = EDGE_LOOP('',(#5303,#5311,#5312,#5313));
#5303 = ORIENTED_EDGE('',*,*,#5304,.F.);
#5304 = EDGE_CURVE('',#5276,#5305,#5307,.T.);
#5305 = VERTEX_POINT('',#5306);
#5306 = CARTESIAN_POINT('',(2.5,-38.,31.));
#5307 = LINE('',#5308,#5309);
#5308 = CARTESIAN_POINT('',(-2.5,-38.,31.));
#5309 = VECTOR('',#5310,1.);
#5310 = DIRECTION('',(1.,0.,0.));
#5311 = ORIENTED_EDGE('',*,*,#5290,.T.);
#5312 = ORIENTED_EDGE('',*,*,#5101,.T.);
#5313 = ORIENTED_EDGE('',*,*,#5314,.F.);
#5314 = EDGE_CURVE('',#5305,#5094,#5315,.T.);
#5315 = LINE('',#5316,#5317);
#5316 = CARTESIAN_POINT('',(2.5,-38.,31.));
#5317 = VECTOR('',#5318,1.);
#5318 = DIRECTION('',(-0.,-0.,-1.));
#5319 = PLANE('',#5320);
#5320 = AXIS2_PLACEMENT_3D('',#5321,#5322,#5323);
#5321 = CARTESIAN_POINT('',(-2.5,-38.,31.));
#5322 = DIRECTION('',(0.,1.,0.));
#5323 = DIRECTION('',(-1.,0.,0.));
#5324 = ADVANCED_FACE('',(#5325),#5343,.F.);
#5325 = FACE_BOUND('',#5326,.T.);
#5326 = EDGE_LOOP('',(#5327,#5335,#5336,#5337));
#5327 = ORIENTED_EDGE('',*,*,#5328,.F.);
#5328 = EDGE_CURVE('',#5305,#5329,#5331,.T.);
#5329 = VERTEX_POINT('',#5330);
#5330 = CARTESIAN_POINT('',(2.5,-35.,31.));
#5331 = LINE('',#5332,#5333);
#5332 = CARTESIAN_POINT('',(2.5,-38.,31.));
#5333 = VECTOR('',#5334,1.);
#5334 = DIRECTION('',(0.,1.,0.));
#5335 = ORIENTED_EDGE('',*,*,#5314,.T.);
#5336 = ORIENTED_EDGE('',*,*,#5093,.F.);
#5337 = ORIENTED_EDGE('',*,*,#5338,.F.);
#5338 = EDGE_CURVE('',#5329,#5085,#5339,.T.);
#5339 = LINE('',#5340,#5341);
#5340 = CARTESIAN_POINT('',(2.5,-35.,31.));
#5341 = VECTOR('',#5342,1.);
#5342 = DIRECTION('',(-0.,-0.,-1.));
#5343 = PLANE('',#5344);
#5344 = AXIS2_PLACEMENT_3D('',#5345,#5346,#5347);
#5345 = CARTESIAN_POINT('',(2.5,-38.,31.));
#5346 = DIRECTION('',(-1.,-0.,-0.));
#5347 = DIRECTION('',(0.,-1.,0.));
#5348 = ADVANCED_FACE('',(#5349),#5360,.F.);
#5349 = FACE_BOUND('',#5350,.T.);
#5350 = EDGE_LOOP('',(#5351,#5357,#5358,#5359));
#5351 = ORIENTED_EDGE('',*,*,#5352,.F.);
#5352 = EDGE_CURVE('',#5329,#5274,#5353,.T.);
#5353 = LINE('',#5354,#5355);
#5354 = CARTESIAN_POINT('',(2.5,-35.,31.));
#5355 = VECTOR('',#5356,1.);
#5356 = DIRECTION('',(-1.,-0.,-0.));
#5357 = ORIENTED_EDGE('',*,*,#5338,.T.);
#5358 = ORIENTED_EDGE('',*,*,#5084,.F.);
#5359 = ORIENTED_EDGE('',*,*,#5283,.F.);
#5360 = PLANE('',#5361);
#5361 = AXIS2_PLACEMENT_3D('',#5362,#5363,#5364);
#5362 = CARTESIAN_POINT('',(2.5,-35.,31.));
#5363 = DIRECTION('',(-0.,-1.,-0.));
#5364 = DIRECTION('',(1.,0.,0.));
#5365 = ADVANCED_FACE('',(#5366),#5385,.F.);
#5366 = FACE_BOUND('',#5367,.T.);
#5367 = EDGE_LOOP('',(#5368,#5369,#5377,#5384));
#5368 = ORIENTED_EDGE('',*,*,#5142,.F.);
#5369 = ORIENTED_EDGE('',*,*,#5370,.T.);
#5370 = EDGE_CURVE('',#5143,#5371,#5373,.T.);
#5371 = VERTEX_POINT('',#5372);
#5372 = CARTESIAN_POINT('',(-1.,-21.8,24.4));
#5373 = LINE('',#5374,#5375);
#5374 = CARTESIAN_POINT('',(-1.,-20.,24.4));
#5375 = VECTOR('',#5376,1.);
#5376 = DIRECTION('',(-0.,-1.,-0.));
#5377 = ORIENTED_EDGE('',*,*,#5378,.T.);
#5378 = EDGE_CURVE('',#5371,#5371,#5379,.T.);
#5379 = CIRCLE('',#5380,1.);
#5380 = AXIS2_PLACEMENT_3D('',#5381,#5382,#5383);
#5381 = CARTESIAN_POINT('',(4.1E-16,-21.8,24.4));
#5382 = DIRECTION('',(-0.,-1.,-2.2E-16));
#5383 = DIRECTION('',(-1.,0.,0.));
#5384 = ORIENTED_EDGE('',*,*,#5370,.F.);
#5385 = CYLINDRICAL_SURFACE('',#5386,1.);
#5386 = AXIS2_PLACEMENT_3D('',#5387,#5388,#5389);
#5387 = CARTESIAN_POINT('',(4.1E-16,-20.,24.4));
#5388 = DIRECTION('',(0.,1.,2.2E-16));
#5389 = DIRECTION('',(-1.,0.,0.));
#5390 = ADVANCED_FACE('',(#5391),#5397,.F.);
#5391 = FACE_BOUND('',#5392,.T.);
#5392 = EDGE_LOOP('',(#5393,#5394,#5395,#5396));
#5393 = ORIENTED_EDGE('',*,*,#5177,.T.);
#5394 = ORIENTED_EDGE('',*,*,#5208,.T.);
#5395 = ORIENTED_EDGE('',*,*,#5232,.T.);
#5396 = ORIENTED_EDGE('',*,*,#5256,.T.);
#5397 = PLANE('',#5398);
#5398 = AXIS2_PLACEMENT_3D('',#5399,#5400,#5401);
#5399 = CARTESIAN_POINT('',(0.,-32.5,31.));
#5400 = DIRECTION('',(-0.,-0.,-1.));
#5401 = DIRECTION('',(-1.,0.,0.));
#5402 = ADVANCED_FACE('',(#5403),#5409,.F.);
#5403 = FACE_BOUND('',#5404,.T.);
#5404 = EDGE_LOOP('',(#5405,#5406,#5407,#5408));
#5405 = ORIENTED_EDGE('',*,*,#5273,.T.);
#5406 = ORIENTED_EDGE('',*,*,#5304,.T.);
#5407 = ORIENTED_EDGE('',*,*,#5328,.T.);
#5408 = ORIENTED_EDGE('',*,*,#5352,.T.);
#5409 = PLANE('',#5410);
#5410 = AXIS2_PLACEMENT_3D('',#5411,#5412,#5413);
#5411 = CARTESIAN_POINT('',(0.,-32.5,31.));
#5412 = DIRECTION('',(-0.,-0.,-1.));
#5413 = DIRECTION('',(-1.,0.,0.));
#5414 = ADVANCED_FACE('',(#5415,#5465),#5468,.F.);
#5415 = FACE_BOUND('',#5416,.T.);
#5416 = EDGE_LOOP('',(#5417,#5427,#5435,#5443,#5451,#5459));
#5417 = ORIENTED_EDGE('',*,*,#5418,.T.);
#5418 = EDGE_CURVE('',#5419,#5421,#5423,.T.);
#5419 = VERTEX_POINT('',#5420);
#5420 = CARTESIAN_POINT('',(1.200657271308,-21.8,22.321617230721));
#5421 = VERTEX_POINT('',#5422);
#5422 = CARTESIAN_POINT('',(2.400540592042,-21.8,24.40014556024));
#5423 = LINE('',#5424,#5425);
#5424 = CARTESIAN_POINT('',(1.200657271308,-21.8,22.321617230721));
#5425 = VECTOR('',#5426,1.);
#5426 = DIRECTION('',(0.499951383639,0.,0.866053470634));
#5427 = ORIENTED_EDGE('',*,*,#5428,.T.);
#5428 = EDGE_CURVE('',#5421,#5429,#5431,.T.);
#5429 = VERTEX_POINT('',#5430);
#5430 = CARTESIAN_POINT('',(1.200423916554,-21.8,26.478539162337));
#5431 = LINE('',#5432,#5433);
#5432 = CARTESIAN_POINT('',(2.400540592042,-21.8,24.40014556024));
#5433 = VECTOR('',#5434,1.);
#5434 = DIRECTION('',(-0.500048614786,0.,0.865997334206));
#5435 = ORIENTED_EDGE('',*,*,#5436,.T.);
#5436 = EDGE_CURVE('',#5429,#5437,#5439,.T.);
#5437 = VERTEX_POINT('',#5438);
#5438 = CARTESIAN_POINT('',(-1.199576079662,-21.8,26.478404434907));
#5439 = LINE('',#5440,#5441);
#5440 = CARTESIAN_POINT('',(1.200423916554,-21.8,26.478539162337));
#5441 = VECTOR('',#5442,1.);
#5442 = DIRECTION('',(-0.999999998424,0.,-5.613642932908E-05));
#5443 = ORIENTED_EDGE('',*,*,#5444,.T.);
#5444 = EDGE_CURVE('',#5437,#5445,#5447,.T.);
#5445 = VERTEX_POINT('',#5446);
#5446 = CARTESIAN_POINT('',(-2.399459400395,-21.8,24.399876105387));
#5447 = LINE('',#5448,#5449);
#5448 = CARTESIAN_POINT('',(-1.199576079662,-21.8,26.478404434907));
#5449 = VECTOR('',#5450,1.);
#5450 = DIRECTION('',(-0.499951383639,0.,-0.866053470634));
#5451 = ORIENTED_EDGE('',*,*,#5452,.T.);
#5452 = EDGE_CURVE('',#5445,#5453,#5455,.T.);
#5453 = VERTEX_POINT('',#5454);
#5454 = CARTESIAN_POINT('',(-1.199342724908,-21.8,22.321482503291));
#5455 = LINE('',#5456,#5457);
#5456 = CARTESIAN_POINT('',(-2.399459400395,-21.8,24.399876105387));
#5457 = VECTOR('',#5458,1.);
#5458 = DIRECTION('',(0.500048614786,-0.,-0.865997334206));
#5459 = ORIENTED_EDGE('',*,*,#5460,.T.);
#5460 = EDGE_CURVE('',#5453,#5419,#5461,.T.);
#5461 = LINE('',#5462,#5463);
#5462 = CARTESIAN_POINT('',(-1.199342724908,-21.8,22.321482503291));
#5463 = VECTOR('',#5464,1.);
#5464 = DIRECTION('',(0.999999998424,0.,5.613642911296E-05));
#5465 = FACE_BOUND('',#5466,.T.);
#5466 = EDGE_LOOP('',(#5467));
#5467 = ORIENTED_EDGE('',*,*,#5378,.F.);
#5468 = PLANE('',#5469);
#5469 = AXIS2_PLACEMENT_3D('',#5470,#5471,#5472);
#5470 = CARTESIAN_POINT('',(5.40595823222E-04,-21.8,24.400010832814));
#5471 = DIRECTION('',(0.,1.,0.));
#5472 = DIRECTION('',(0.,0.,1.));
#5473 = ADVANCED_FACE('',(#5474),#5499,.F.);
#5474 = FACE_BOUND('',#5475,.T.);
#5475 = EDGE_LOOP('',(#5476,#5484,#5492,#5498));
#5476 = ORIENTED_EDGE('',*,*,#5477,.T.);
#5477 = EDGE_CURVE('',#5419,#5478,#5480,.T.);
#5478 = VERTEX_POINT('',#5479);
#5479 = CARTESIAN_POINT('',(1.200657271308,-23.3,22.321617230721));
#5480 = LINE('',#5481,#5482);
#5481 = CARTESIAN_POINT('',(1.200657271308,-21.8,22.321617230721));
#5482 = VECTOR('',#5483,1.);
#5483 = DIRECTION('',(-0.,-1.,-0.));
#5484 = ORIENTED_EDGE('',*,*,#5485,.T.);
#5485 = EDGE_CURVE('',#5478,#5486,#5488,.T.);
#5486 = VERTEX_POINT('',#5487);
#5487 = CARTESIAN_POINT('',(2.400540592042,-23.3,24.40014556024));
#5488 = LINE('',#5489,#5490);
#5489 = CARTESIAN_POINT('',(1.200657271308,-23.3,22.321617230721));
#5490 = VECTOR('',#5491,1.);
#5491 = DIRECTION('',(0.499951383639,0.,0.866053470634));
#5492 = ORIENTED_EDGE('',*,*,#5493,.F.);
#5493 = EDGE_CURVE('',#5421,#5486,#5494,.T.);
#5494 = LINE('',#5495,#5496);
#5495 = CARTESIAN_POINT('',(2.400540592042,-21.8,24.40014556024));
#5496 = VECTOR('',#5497,1.);
#5497 = DIRECTION('',(-0.,-1.,-0.));
#5498 = ORIENTED_EDGE('',*,*,#5418,.F.);
#5499 = PLANE('',#5500);
#5500 = AXIS2_PLACEMENT_3D('',#5501,#5502,#5503);
#5501 = CARTESIAN_POINT('',(1.200657271308,-21.8,22.321617230721));
#5502 = DIRECTION('',(0.866053470634,0.,-0.499951383639));
#5503 = DIRECTION('',(-0.499951383639,-0.,-0.866053470634));
#5504 = ADVANCED_FACE('',(#5505),#5523,.F.);
#5505 = FACE_BOUND('',#5506,.T.);
#5506 = EDGE_LOOP('',(#5507,#5515,#5521,#5522));
#5507 = ORIENTED_EDGE('',*,*,#5508,.T.);
#5508 = EDGE_CURVE('',#5453,#5509,#5511,.T.);
#5509 = VERTEX_POINT('',#5510);
#5510 = CARTESIAN_POINT('',(-1.199342724908,-23.3,22.321482503291));
#5511 = LINE('',#5512,#5513);
#5512 = CARTESIAN_POINT('',(-1.199342724908,-21.8,22.321482503291));
#5513 = VECTOR('',#5514,1.);
#5514 = DIRECTION('',(-0.,-1.,-0.));
#5515 = ORIENTED_EDGE('',*,*,#5516,.T.);
#5516 = EDGE_CURVE('',#5509,#5478,#5517,.T.);
#5517 = LINE('',#5518,#5519);
#5518 = CARTESIAN_POINT('',(-1.199342724908,-23.3,22.321482503291));
#5519 = VECTOR('',#5520,1.);
#5520 = DIRECTION('',(0.999999998424,0.,5.613642911296E-05));
#5521 = ORIENTED_EDGE('',*,*,#5477,.F.);
#5522 = ORIENTED_EDGE('',*,*,#5460,.F.);
#5523 = PLANE('',#5524);
#5524 = AXIS2_PLACEMENT_3D('',#5525,#5526,#5527);
#5525 = CARTESIAN_POINT('',(-1.199342724908,-21.8,22.321482503291));
#5526 = DIRECTION('',(5.613642911298E-05,0.,-0.999999998424));
#5527 = DIRECTION('',(-0.999999998424,-0.,-5.613642911298E-05));
#5528 = ADVANCED_FACE('',(#5529),#5547,.F.);
#5529 = FACE_BOUND('',#5530,.T.);
#5530 = EDGE_LOOP('',(#5531,#5532,#5540,#5546));
#5531 = ORIENTED_EDGE('',*,*,#5493,.T.);
#5532 = ORIENTED_EDGE('',*,*,#5533,.T.);
#5533 = EDGE_CURVE('',#5486,#5534,#5536,.T.);
#5534 = VERTEX_POINT('',#5535);
#5535 = CARTESIAN_POINT('',(1.200423916554,-23.3,26.478539162337));
#5536 = LINE('',#5537,#5538);
#5537 = CARTESIAN_POINT('',(2.400540592042,-23.3,24.40014556024));
#5538 = VECTOR('',#5539,1.);
#5539 = DIRECTION('',(-0.500048614786,0.,0.865997334206));
#5540 = ORIENTED_EDGE('',*,*,#5541,.F.);
#5541 = EDGE_CURVE('',#5429,#5534,#5542,.T.);
#5542 = LINE('',#5543,#5544);
#5543 = CARTESIAN_POINT('',(1.200423916554,-21.8,26.478539162337));
#5544 = VECTOR('',#5545,1.);
#5545 = DIRECTION('',(-0.,-1.,-0.));
#5546 = ORIENTED_EDGE('',*,*,#5428,.F.);
#5547 = PLANE('',#5548);
#5548 = AXIS2_PLACEMENT_3D('',#5549,#5550,#5551);
#5549 = CARTESIAN_POINT('',(2.400540592042,-21.8,24.40014556024));
#5550 = DIRECTION('',(0.865997334206,0.,0.500048614786));
#5551 = DIRECTION('',(0.500048614786,0.,-0.865997334206));
#5552 = ADVANCED_FACE('',(#5553),#5571,.F.);
#5553 = FACE_BOUND('',#5554,.T.);
#5554 = EDGE_LOOP('',(#5555,#5563,#5569,#5570));
#5555 = ORIENTED_EDGE('',*,*,#5556,.T.);
#5556 = EDGE_CURVE('',#5445,#5557,#5559,.T.);
#5557 = VERTEX_POINT('',#5558);
#5558 = CARTESIAN_POINT('',(-2.399459400395,-23.3,24.399876105387));
#5559 = LINE('',#5560,#5561);
#5560 = CARTESIAN_POINT('',(-2.399459400395,-21.8,24.399876105387));
#5561 = VECTOR('',#5562,1.);
#5562 = DIRECTION('',(-0.,-1.,-0.));
#5563 = ORIENTED_EDGE('',*,*,#5564,.T.);
#5564 = EDGE_CURVE('',#5557,#5509,#5565,.T.);
#5565 = LINE('',#5566,#5567);
#5566 = CARTESIAN_POINT('',(-2.399459400395,-23.3,24.399876105387));
#5567 = VECTOR('',#5568,1.);
#5568 = DIRECTION('',(0.500048614786,-0.,-0.865997334206));
#5569 = ORIENTED_EDGE('',*,*,#5508,.F.);
#5570 = ORIENTED_EDGE('',*,*,#5452,.F.);
#5571 = PLANE('',#5572);
#5572 = AXIS2_PLACEMENT_3D('',#5573,#5574,#5575);
#5573 = CARTESIAN_POINT('',(-2.399459400395,-21.8,24.399876105387));
#5574 = DIRECTION('',(-0.865997334206,-0.,-0.500048614786));
#5575 = DIRECTION('',(-0.500048614786,0.,0.865997334206));
#5576 = ADVANCED_FACE('',(#5577),#5595,.F.);
#5577 = FACE_BOUND('',#5578,.T.);
#5578 = EDGE_LOOP('',(#5579,#5580,#5588,#5594));
#5579 = ORIENTED_EDGE('',*,*,#5541,.T.);
#5580 = ORIENTED_EDGE('',*,*,#5581,.T.);
#5581 = EDGE_CURVE('',#5534,#5582,#5584,.T.);
#5582 = VERTEX_POINT('',#5583);
#5583 = CARTESIAN_POINT('',(-1.199576079662,-23.3,26.478404434907));
#5584 = LINE('',#5585,#5586);
#5585 = CARTESIAN_POINT('',(1.200423916554,-23.3,26.478539162337));
#5586 = VECTOR('',#5587,1.);
#5587 = DIRECTION('',(-0.999999998424,0.,-5.613642932908E-05));
#5588 = ORIENTED_EDGE('',*,*,#5589,.F.);
#5589 = EDGE_CURVE('',#5437,#5582,#5590,.T.);
#5590 = LINE('',#5591,#5592);
#5591 = CARTESIAN_POINT('',(-1.199576079662,-21.8,26.478404434907));
#5592 = VECTOR('',#5593,1.);
#5593 = DIRECTION('',(-0.,-1.,-0.));
#5594 = ORIENTED_EDGE('',*,*,#5436,.F.);
#5595 = PLANE('',#5596);
#5596 = AXIS2_PLACEMENT_3D('',#5597,#5598,#5599);
#5597 = CARTESIAN_POINT('',(1.200423916554,-21.8,26.478539162337));
#5598 = DIRECTION('',(-5.613642932911E-05,0.,0.999999998424));
#5599 = DIRECTION('',(0.999999998424,0.,5.613642932911E-05));
#5600 = ADVANCED_FACE('',(#5601),#5612,.F.);
#5601 = FACE_BOUND('',#5602,.T.);
#5602 = EDGE_LOOP('',(#5603,#5604,#5610,#5611));
#5603 = ORIENTED_EDGE('',*,*,#5589,.T.);
#5604 = ORIENTED_EDGE('',*,*,#5605,.T.);
#5605 = EDGE_CURVE('',#5582,#5557,#5606,.T.);
#5606 = LINE('',#5607,#5608);
#5607 = CARTESIAN_POINT('',(-1.199576079662,-23.3,26.478404434907));
#5608 = VECTOR('',#5609,1.);
#5609 = DIRECTION('',(-0.499951383639,0.,-0.866053470634));
#5610 = ORIENTED_EDGE('',*,*,#5556,.F.);
#5611 = ORIENTED_EDGE('',*,*,#5444,.F.);
#5612 = PLANE('',#5613);
#5613 = AXIS2_PLACEMENT_3D('',#5614,#5615,#5616);
#5614 = CARTESIAN_POINT('',(-1.199576079662,-21.8,26.478404434907));
#5615 = DIRECTION('',(-0.866053470634,0.,0.499951383639));
#5616 = DIRECTION('',(0.499951383639,0.,0.866053470634));
#5617 = ADVANCED_FACE('',(#5618,#5626),#5637,.T.);
#5618 = FACE_BOUND('',#5619,.F.);
#5619 = EDGE_LOOP('',(#5620,#5621,#5622,#5623,#5624,#5625));
#5620 = ORIENTED_EDGE('',*,*,#5485,.T.);
#5621 = ORIENTED_EDGE('',*,*,#5533,.T.);
#5622 = ORIENTED_EDGE('',*,*,#5581,.T.);
#5623 = ORIENTED_EDGE('',*,*,#5605,.T.);
#5624 = ORIENTED_EDGE('',*,*,#5564,.T.);
#5625 = ORIENTED_EDGE('',*,*,#5516,.T.);
#5626 = FACE_BOUND('',#5627,.F.);
#5627 = EDGE_LOOP('',(#5628));
#5628 = ORIENTED_EDGE('',*,*,#5629,.F.);
#5629 = EDGE_CURVE('',#5630,#5630,#5632,.T.);
#5630 = VERTEX_POINT('',#5631);
#5631 = CARTESIAN_POINT('',(-1.,-23.3,24.4));
#5632 = CIRCLE('',#5633,1.);
#5633 = AXIS2_PLACEMENT_3D('',#5634,#5635,#5636);
#5634 = CARTESIAN_POINT('',(4.1E-16,-23.3,24.4));
#5635 = DIRECTION('',(-0.,-1.,-2.2E-16));
#5636 = DIRECTION('',(-1.,0.,0.));
#5637 = PLANE('',#5638);
#5638 = AXIS2_PLACEMENT_3D('',#5639,#5640,#5641);
#5639 = CARTESIAN_POINT('',(5.40595823222E-04,-23.3,24.400010832814));
#5640 = DIRECTION('',(0.,1.,0.));
#5641 = DIRECTION('',(0.,0.,1.));
#5642 = ADVANCED_FACE('',(#5643),#5662,.F.);
#5643 = FACE_BOUND('',#5644,.T.);
#5644 = EDGE_LOOP('',(#5645,#5646,#5654,#5661));
#5645 = ORIENTED_EDGE('',*,*,#5629,.F.);
#5646 = ORIENTED_EDGE('',*,*,#5647,.T.);
#5647 = EDGE_CURVE('',#5630,#5648,#5650,.T.);
#5648 = VERTEX_POINT('',#5649);
#5649 = CARTESIAN_POINT('',(-1.,-23.5,24.4));
#5650 = LINE('',#5651,#5652);
#5651 = CARTESIAN_POINT('',(-1.,-20.,24.4));
#5652 = VECTOR('',#5653,1.);
#5653 = DIRECTION('',(-0.,-1.,-0.));
#5654 = ORIENTED_EDGE('',*,*,#5655,.T.);
#5655 = EDGE_CURVE('',#5648,#5648,#5656,.T.);
#5656 = CIRCLE('',#5657,1.);
#5657 = AXIS2_PLACEMENT_3D('',#5658,#5659,#5660);
#5658 = CARTESIAN_POINT('',(0.,-23.5,24.4));
#5659 = DIRECTION('',(-0.,-1.,-4.4E-16));
#5660 = DIRECTION('',(-1.,0.,0.));
#5661 = ORIENTED_EDGE('',*,*,#5647,.F.);
#5662 = CYLINDRICAL_SURFACE('',#5663,1.);
#5663 = AXIS2_PLACEMENT_3D('',#5664,#5665,#5666);
#5664 = CARTESIAN_POINT('',(4.1E-16,-20.,24.4));
#5665 = DIRECTION('',(0.,1.,2.2E-16));
#5666 = DIRECTION('',(-1.,0.,0.));
#5667 = ADVANCED_FACE('',(#5668),#5671,.T.);
#5668 = FACE_BOUND('',#5669,.F.);
#5669 = EDGE_LOOP('',(#5670));
#5670 = ORIENTED_EDGE('',*,*,#5655,.T.);
#5671 = PLANE('',#5672);
#5672 = AXIS2_PLACEMENT_3D('',#5673,#5674,#5675);
#5673 = CARTESIAN_POINT('',(8.3E-16,-23.5,24.4));
#5674 = DIRECTION('',(0.,1.,0.));
#5675 = DIRECTION('',(0.,0.,1.));
#5676 = ADVANCED_FACE('',(#5677),#5690,.T.);
#5677 = FACE_BOUND('',#5678,.F.);
#5678 = EDGE_LOOP('',(#5679,#5685,#5686,#5687,#5688,#5689));
#5679 = ORIENTED_EDGE('',*,*,#5680,.F.);
#5680 = EDGE_CURVE('',#5117,#4925,#5681,.T.);
#5681 = LINE('',#5682,#5683);
#5682 = CARTESIAN_POINT('',(-4.,-39.3,21.766384763662));
#5683 = VECTOR('',#5684,1.);
#5684 = DIRECTION('',(-0.,-1.,-2.2E-16));
#5685 = ORIENTED_EDGE('',*,*,#5134,.T.);
#5686 = ORIENTED_EDGE('',*,*,#5029,.F.);
#5687 = ORIENTED_EDGE('',*,*,#4980,.F.);
#5688 = ORIENTED_EDGE('',*,*,#4901,.T.);
#5689 = ORIENTED_EDGE('',*,*,#4924,.F.);
#5690 = PLANE('',#5691);
#5691 = AXIS2_PLACEMENT_3D('',#5692,#5693,#5694);
#5692 = CARTESIAN_POINT('',(-4.,-30.50322020258,23.036412584415));
#5693 = DIRECTION('',(-1.,0.,0.));
#5694 = DIRECTION('',(-0.,-0.,-1.));
#5695 = ADVANCED_FACE('',(#5696),#5703,.T.);
#5696 = FACE_BOUND('',#5697,.F.);
#5697 = EDGE_LOOP('',(#5698,#5699,#5700,#5701,#5702));
#5698 = ORIENTED_EDGE('',*,*,#5116,.F.);
#5699 = ORIENTED_EDGE('',*,*,#5680,.T.);
#5700 = ORIENTED_EDGE('',*,*,#4941,.T.);
#5701 = ORIENTED_EDGE('',*,*,#4958,.F.);
#5702 = ORIENTED_EDGE('',*,*,#5159,.T.);
#5703 = CYLINDRICAL_SURFACE('',#5704,12.870949527939);
#5704 = AXIS2_PLACEMENT_3D('',#5705,#5706,#5707);
#5705 = CARTESIAN_POINT('',(3.455E-14,-39.3,34.));
#5706 = DIRECTION('',(0.,1.,2.2E-16));
#5707 = DIRECTION('',(-1.,0.,0.));
#5708 = ( GEOMETRIC_REPRESENTATION_CONTEXT(3) 
GLOBAL_UNCERTAINTY_ASSIGNED_CONTEXT((#5712)) 
GLOBAL_UNIT_ASSIGNED_CONTEXT((#5709,#5710,#5711)) REPRESENTATION_CONTEXT
('Context #1','3D Context with UNIT and UNCERTAINTY') );
#5709 = ( LENGTH_UNIT() NAMED_UNIT(*) SI_UNIT(.MILLI.,.METRE.) );
#5710 = ( NAMED_UNIT(*) PLANE_ANGLE_UNIT() SI_UNIT($,.RADIAN.) );
#5711 = ( NAMED_UNIT(*) SI_UNIT($,.STERADIAN.) SOLID_ANGLE_UNIT() );
#5712 = UNCERTAINTY_MEASURE_WITH_UNIT(LENGTH_MEASURE(1.E-02),#5709,
  'distance_accuracy_value','confusion accuracy');
#5713 = PRODUCT_RELATED_PRODUCT_CATEGORY('part',$,(#7));
#5714 = MECHANICAL_DESIGN_GEOMETRIC_PRESENTATION_REPRESENTATION('',(
    #5715,#5726,#5735,#5744,#5753),#5708);
#5715 = STYLED_ITEM('color',(#5716),#15);
#5716 = PRESENTATION_STYLE_ASSIGNMENT((#5717,#5723));
#5717 = SURFACE_STYLE_USAGE(.BOTH.,#5718);
#5718 = SURFACE_SIDE_STYLE('',(#5719));
#5719 = SURFACE_STYLE_FILL_AREA(#5720);
#5720 = FILL_AREA_STYLE('',(#5721));
#5721 = FILL_AREA_STYLE_COLOUR('',#5722);
#5722 = COLOUR_RGB('',0.447058818107,0.474509808674,0.501960817233);
#5723 = CURVE_STYLE('',#5724,POSITIVE_LENGTH_MEASURE(0.1),#5725);
#5724 = DRAUGHTING_PRE_DEFINED_CURVE_FONT('continuous');
#5725 = COLOUR_RGB('',0.678431390124,0.709803936702,0.741176476869);
#5726 = STYLED_ITEM('color',(#5727),#1748);
#5727 = PRESENTATION_STYLE_ASSIGNMENT((#5728,#5733));
#5728 = SURFACE_STYLE_USAGE(.BOTH.,#5729);
#5729 = SURFACE_SIDE_STYLE('',(#5730));
#5730 = SURFACE_STYLE_FILL_AREA(#5731);
#5731 = FILL_AREA_STYLE('',(#5732));
#5732 = FILL_AREA_STYLE_COLOUR('',#5722);
#5733 = CURVE_STYLE('',#5734,POSITIVE_LENGTH_MEASURE(0.1),#5725);
#5734 = DRAUGHTING_PRE_DEFINED_CURVE_FONT('continuous');
#5735 = STYLED_ITEM('color',(#5736),#1910);
#5736 = PRESENTATION_STYLE_ASSIGNMENT((#5737,#5742));
#5737 = SURFACE_STYLE_USAGE(.BOTH.,#5738);
#5738 = SURFACE_SIDE_STYLE('',(#5739));
#5739 = SURFACE_STYLE_FILL_AREA(#5740);
#5740 = FILL_AREA_STYLE('',(#5741));
#5741 = FILL_AREA_STYLE_COLOUR('',#5722);
#5742 = CURVE_STYLE('',#5743,POSITIVE_LENGTH_MEASURE(0.1),#5725);
#5743 = DRAUGHTING_PRE_DEFINED_CURVE_FONT('continuous');
#5744 = STYLED_ITEM('color',(#5745),#4044);
#5745 = PRESENTATION_STYLE_ASSIGNMENT((#5746,#5751));
#5746 = SURFACE_STYLE_USAGE(.BOTH.,#5747);
#5747 = SURFACE_SIDE_STYLE('',(#5748));
#5748 = SURFACE_STYLE_FILL_AREA(#5749);
#5749 = FILL_AREA_STYLE('',(#5750));
#5750 = FILL_AREA_STYLE_COLOUR('',#5722);
#5751 = CURVE_STYLE('',#5752,POSITIVE_LENGTH_MEASURE(0.1),#5725);
#5752 = DRAUGHTING_PRE_DEFINED_CURVE_FONT('continuous');
#5753 = STYLED_ITEM('color',(#5754),#4876);
#5754 = PRESENTATION_STYLE_ASSIGNMENT((#5755,#5760));
#5755 = SURFACE_STYLE_USAGE(.BOTH.,#5756);
#5756 = SURFACE_SIDE_STYLE('',(#5757));
#5757 = SURFACE_STYLE_FILL_AREA(#5758);
#5758 = FILL_AREA_STYLE('',(#5759));
#5759 = FILL_AREA_STYLE_COLOUR('',#5722);
#5760 = CURVE_STYLE('',#5761,POSITIVE_LENGTH_MEASURE(0.1),#5725);
#5761 = DRAUGHTING_PRE_DEFINED_CURVE_FONT('continuous');
ENDSEC;
END-ISO-10303-21;
