ISO-10303-21;
HEADER;
FILE_DESCRIPTION(('FreeCAD Model'),'2;1');
FILE_NAME('Open CASCADE Shape Model','2026-08-17T08:44:36',(''),(''),
  'Open CASCADE STEP processor 7.8','FreeCAD','Unknown');
FILE_SCHEMA(('AUTOMOTIVE_DESIGN { 1 0 10303 214 1 1 1 1 }'));
ENDSEC;
DATA;
#1 = APPLICATION_PROTOCOL_DEFINITION('international standard',
  'automotive_design',2000,#2);
#2 = APPLICATION_CONTEXT(
  'core data for automotive mechanical design processes');
#3 = SHAPE_DEFINITION_REPRESENTATION(#4,#10);
#4 = PRODUCT_DEFINITION_SHAPE('','',#5);
#5 = PRODUCT_DEFINITION('design','',#6,#9);
#6 = PRODUCT_DEFINITION_FORMATION('','',#7);
#7 = PRODUCT('GenaeTopScrewCut','GenaeTopScrewCut','',(#8));
#8 = PRODUCT_CONTEXT('',#2,'mechanical');
#9 = PRODUCT_DEFINITION_CONTEXT('part definition',#2,'design');
#10 = ADVANCED_BREP_SHAPE_REPRESENTATION('',(#11,#15),#9983);
#11 = AXIS2_PLACEMENT_3D('',#12,#13,#14);
#12 = CARTESIAN_POINT('',(0.,0.,0.));
#13 = DIRECTION('',(0.,0.,1.));
#14 = DIRECTION('',(1.,0.,-0.));
#15 = MANIFOLD_SOLID_BREP('',#16);
#16 = CLOSED_SHELL('',(#17,#3208,#3326,#3504,#3650,#3717,#3858,#4092,
    #4208,#4339,#4371,#4395,#4419,#4443,#4467,#4491,#4515,#4539,#4564,
    #7443,#7468,#7609,#7621,#7646,#7716,#7802,#7852,#7938,#8042,#8074,
    #8099,#8123,#8147,#8171,#8195,#8219,#8243,#8267,#8291,#8308,#8406,
    #8431,#8456,#8541,#8600,#8656,#8686,#8729,#8765,#8795,#8825,#8878,
    #8896,#8921,#8946,#8958,#8976,#9005,#9028,#9051,#9074,#9097,#9114,
    #9145,#9169,#9193,#9217,#9241,#9258,#9293,#9305,#9330,#9355,#9384,
    #9407,#9430,#9456,#9491,#9505,#9521,#9537,#9549,#9608,#9667,#9698,
    #9722,#9746,#9770,#9794,#9811,#9842,#9866,#9890,#9914,#9938,#9955,
    #9969));
#17 = ADVANCED_FACE('',(#18),#451,.F.);
#18 = FACE_BOUND('',#19,.F.);
#19 = EDGE_LOOP('',(#20,#29,#87,#190,#248,#267,#323,#348,#395));
#20 = ORIENTED_EDGE('',*,*,#21,.T.);
#21 = EDGE_CURVE('',#22,#24,#26,.T.);
#22 = VERTEX_POINT('',#23);
#23 = CARTESIAN_POINT('',(21.432320065044,-83.01790673675,
    10.111752467343));
#24 = VERTEX_POINT('',#25);
#25 = CARTESIAN_POINT('',(36.050876187305,-60.59360939225,-21.0689525551
    ));
#26 = B_SPLINE_CURVE_WITH_KNOTS('',1,(#27,#28),.UNSPECIFIED.,.F.,.F.,(2,
    2),(0.,41.094861724927),.PIECEWISE_BEZIER_KNOTS.);
#27 = CARTESIAN_POINT('',(21.432320065044,-83.01790673675,
    10.111752467343));
#28 = CARTESIAN_POINT('',(36.050876187305,-60.59360939225,-21.0689525551
    ));
#29 = ORIENTED_EDGE('',*,*,#30,.T.);
#30 = EDGE_CURVE('',#24,#31,#33,.T.);
#31 = VERTEX_POINT('',#32);
#32 = CARTESIAN_POINT('',(45.323498739478,-35.26416136191,2.470971174259
    ));
#33 = B_SPLINE_CURVE_WITH_KNOTS('',4,(#34,#35,#36,#37,#38,#39,#40,#41,
    #42,#43,#44,#45,#46,#47,#48,#49,#50,#51,#52,#53,#54,#55,#56,#57,#58,
    #59,#60,#61,#62,#63,#64,#65,#66,#67,#68,#69,#70,#71,#72,#73,#74,#75,
    #76,#77,#78,#79,#80,#81,#82,#83,#84,#85,#86),.UNSPECIFIED.,.F.,.F.,(
    5,3,3,3,3,3,3,3,3,3,3,3,3,3,3,3,3,5),(0.,1.958181671658,
    3.926480215025,5.905460376132,7.891920778478,9.882455752675,
    11.873533476751,13.86156362833,15.788040109463,15.844631624211,
    18.332621853815,20.830328858064,23.336357998115,25.851787883291,
    28.349516726627,30.838417627704,33.319418325186,35.80070496095),
  .UNSPECIFIED.);
#34 = CARTESIAN_POINT('',(36.050876187305,-60.59360939225,-21.0689525551
    ));
#35 = CARTESIAN_POINT('',(36.177671731902,-60.24724986567,
    -20.74706331263));
#36 = CARTESIAN_POINT('',(36.304467276499,-59.90089033909,
    -20.42517407016));
#37 = CARTESIAN_POINT('',(36.431262821095,-59.55453081251,
    -20.10328482769));
#38 = CARTESIAN_POINT('',(36.685508994685,-58.86002230592,
    -19.45784331413));
#39 = CARTESIAN_POINT('',(36.812959623677,-58.51187332592,
    -19.13429104303));
#40 = CARTESIAN_POINT('',(36.94041025267,-58.16372434591,-18.81073877194
    ));
#41 = CARTESIAN_POINT('',(37.196003163304,-57.46553704125,
    -18.16187836721));
#42 = CARTESIAN_POINT('',(37.324145444945,-57.1154987166,-17.83657023358
    ));
#43 = CARTESIAN_POINT('',(37.452287726586,-56.76546039195,
    -17.51126209995));
#44 = CARTESIAN_POINT('',(37.709056648022,-56.0640606515,-16.85941621787
    ));
#45 = CARTESIAN_POINT('',(37.837683287818,-55.71269923571,
    -16.53287846942));
#46 = CARTESIAN_POINT('',(37.966309927614,-55.36133781992,
    -16.20634072098));
#47 = CARTESIAN_POINT('',(38.223827042561,-54.65789428566,
    -15.55259543902));
#48 = CARTESIAN_POINT('',(38.352717517712,-54.30581216719,
    -15.22538790551));
#49 = CARTESIAN_POINT('',(38.481607992862,-53.95373004872,-14.898180372)
  );
#50 = CARTESIAN_POINT('',(38.739424087129,-53.24946981119,
    -14.24367608682));
#51 = CARTESIAN_POINT('',(38.868349706244,-52.89729169213,
    -13.91637933516));
#52 = CARTESIAN_POINT('',(38.997275325359,-52.54511357308,
    -13.58908258349));
#53 = CARTESIAN_POINT('',(39.254929228163,-51.84129638391,
    -12.93499004533));
#54 = CARTESIAN_POINT('',(39.383657511852,-51.4896573138,-12.60819425883
    ));
#55 = CARTESIAN_POINT('',(39.512385795541,-51.13801824368,
    -12.28139847233));
#56 = CARTESIAN_POINT('',(39.765856659612,-50.44562760203,
    -11.63792519664));
#57 = CARTESIAN_POINT('',(39.890599239993,-50.1048760305,-11.32124770746
    ));
#58 = CARTESIAN_POINT('',(40.015341820374,-49.76412445896,
    -11.00457021828));
#59 = CARTESIAN_POINT('',(40.143748796167,-49.4133630857,-10.67859011939
    ));
#60 = CARTESIAN_POINT('',(40.147413191578,-49.40335328399,
    -10.66928750969));
#61 = CARTESIAN_POINT('',(40.151077586989,-49.39334348227,
    -10.65998489999));
#62 = CARTESIAN_POINT('',(40.315843518933,-48.94326260312,
    -10.24170221359));
#63 = CARTESIAN_POINT('',(40.476945055465,-48.50319152568,
    -9.832722136884));
#64 = CARTESIAN_POINT('',(40.638046591998,-48.06312044824,
    -9.423742060178));
#65 = CARTESIAN_POINT('',(40.960878842503,-47.18125960837,
    -8.604184646779));
#66 = CARTESIAN_POINT('',(41.122609556477,-46.73946984593,
    -8.193607310087));
#67 = CARTESIAN_POINT('',(41.28434027045,-46.29768008349,-7.783029973394
    ));
#68 = CARTESIAN_POINT('',(41.608340570635,-45.41262855474,
    -6.960507293135));
#69 = CARTESIAN_POINT('',(41.770610156847,-44.96936678842,
    -6.548561949567));
#70 = CARTESIAN_POINT('',(41.932879743059,-44.52610502211,-6.136616606)
  );
#71 = CARTESIAN_POINT('',(42.258027629483,-43.63791870319,-5.31118060835
    ));
#72 = CARTESIAN_POINT('',(42.420905929695,-43.19299415059,
    -4.897689954268));
#73 = CARTESIAN_POINT('',(42.583784229906,-42.74806959798,
    -4.484199300186));
#74 = CARTESIAN_POINT('',(42.908394658209,-41.86135142008,
    -3.660127719466));
#75 = CARTESIAN_POINT('',(43.070126786299,-41.41955779479,
    -3.249546792827));
#76 = CARTESIAN_POINT('',(43.23185891439,-40.9777641695,-2.838965866188)
  );
#77 = CARTESIAN_POINT('',(43.554751546517,-40.09573838889,
    -2.019255165113));
#78 = CARTESIAN_POINT('',(43.715912050553,-39.65550623358,
    -1.610125390677));
#79 = CARTESIAN_POINT('',(43.87707255459,-39.21527407827,-1.200995616241
    ));
#80 = CARTESIAN_POINT('',(44.198882011241,-38.33620714094,
    -0.384034716309));
#81 = CARTESIAN_POINT('',(44.359530963856,-37.89737235893,
    2.37964091884E-02));
#82 = CARTESIAN_POINT('',(44.520179916471,-37.45853757691,0.431627534685
    ));
#83 = CARTESIAN_POINT('',(44.841496336684,-36.58081743665,1.247336788701
    ));
#84 = CARTESIAN_POINT('',(45.002163804282,-36.1419320784,1.655214917221)
  );
#85 = CARTESIAN_POINT('',(45.16283127188,-35.70304672016,2.06309304574)
  );
#86 = CARTESIAN_POINT('',(45.323498739478,-35.26416136191,2.470971174259
    ));
#87 = ORIENTED_EDGE('',*,*,#88,.T.);
#88 = EDGE_CURVE('',#31,#89,#91,.T.);
#89 = VERTEX_POINT('',#90);
#90 = CARTESIAN_POINT('',(10.405685746748,-53.89749009958,
    43.733456983982));
#91 = B_SPLINE_CURVE_WITH_KNOTS('',7,(#92,#93,#94,#95,#96,#97,#98,#99,
    #100,#101,#102,#103,#104,#105,#106,#107,#108,#109,#110,#111,#112,
    #113,#114,#115,#116,#117,#118,#119,#120,#121,#122,#123,#124,#125,
    #126,#127,#128,#129,#130,#131,#132,#133,#134,#135,#136,#137,#138,
    #139,#140,#141,#142,#143,#144,#145,#146,#147,#148,#149,#150,#151,
    #152,#153,#154,#155,#156,#157,#158,#159,#160,#161,#162,#163,#164,
    #165,#166,#167,#168,#169,#170,#171,#172,#173,#174,#175,#176,#177,
    #178,#179,#180,#181,#182,#183,#184,#185,#186,#187,#188,#189),
  .UNSPECIFIED.,.F.,.F.,(8,6,6,6,6,6,6,6,6,6,6,6,6,6,6,6,8),(0.,
    7.058344829156E-02,0.141077107043,0.211671098841,0.282206476559,
    0.352998267738,0.42362415625,0.494540175891,0.565333954322,
    0.619117883116,0.672999140525,0.727005548881,0.781171706945,
    0.835539969372,0.890156985853,0.945069299592,1.),.UNSPECIFIED.);
#92 = CARTESIAN_POINT('',(45.323498739478,-35.26416136191,2.470971174259
    ));
#93 = CARTESIAN_POINT('',(44.896708499559,-35.59229823272,2.734472819435
    ));
#94 = CARTESIAN_POINT('',(44.470510571292,-35.91832572966,3.001541114991
    ));
#95 = CARTESIAN_POINT('',(44.044949978472,-36.24221895789,3.272196702468
    ));
#96 = CARTESIAN_POINT('',(43.620071848865,-36.56395115477,3.546458590634
    ));
#97 = CARTESIAN_POINT('',(43.195920898313,-36.88349380506,3.824344337364
    ));
#98 = CARTESIAN_POINT('',(42.772540914834,-37.20081675622,4.105870231501
    ));
#99 = CARTESIAN_POINT('',(41.927945162888,-37.83055913989,4.675869965346
    ));
#100 = CARTESIAN_POINT('',(41.506725643727,-38.14298449798,
    4.964334714488));
#101 = CARTESIAN_POINT('',(41.086365217079,-38.45313202274,
    5.256460058995));
#102 = CARTESIAN_POINT('',(40.666892654978,-38.7609701404,5.55226157523)
  );
#103 = CARTESIAN_POINT('',(40.248370260011,-39.06646169384,
    5.851749871984));
#104 = CARTESIAN_POINT('',(39.830825170891,-39.36957195919,
    6.154938538235));
#105 = CARTESIAN_POINT('',(38.997191667515,-39.97138061196,
    6.769174442655));
#106 = CARTESIAN_POINT('',(38.581104895436,-40.2700721967,7.080232350403
    ));
#107 = CARTESIAN_POINT('',(38.166092270756,-40.56629831987,7.39502233563
    ));
#108 = CARTESIAN_POINT('',(37.752184695672,-40.86002011959,
    7.713555767715));
#109 = CARTESIAN_POINT('',(37.339447830883,-41.15119388452,
    8.035839576719));
#110 = CARTESIAN_POINT('',(36.927901888662,-41.43977829331,
    8.361884521652));
#111 = CARTESIAN_POINT('',(36.107646303465,-42.01143801815,
    9.021235248069));
#112 = CARTESIAN_POINT('',(35.698933012596,-42.2945178482,9.35453490317)
  );
#113 = CARTESIAN_POINT('',(35.291504908647,-42.57492152653,
    9.691603697697));
#114 = CARTESIAN_POINT('',(34.885411702239,-42.85260175012,
    10.032447910915));
#115 = CARTESIAN_POINT('',(34.480698856755,-43.12750961894,
    10.377073328473));
#116 = CARTESIAN_POINT('',(34.077407841032,-43.39959458432,
    10.725485231349));
#117 = CARTESIAN_POINT('',(33.272310888437,-43.93899117508,
    11.431169759805));
#118 = CARTESIAN_POINT('',(32.870514794562,-44.20628182377,
    11.788469934537));
#119 = CARTESIAN_POINT('',(32.470249748727,-44.47062209211,
    12.149591915421));
#120 = CARTESIAN_POINT('',(32.071564849015,-44.73195640666,
    12.51453865081));
#121 = CARTESIAN_POINT('',(31.674509977431,-44.99022703318,
    12.88331196872));
#122 = CARTESIAN_POINT('',(31.279135799907,-45.24537407668,
    13.255912576824));
#123 = CARTESIAN_POINT('',(30.49277434411,-45.74870644279,
    14.007885459329));
#124 = CARTESIAN_POINT('',(30.101779515391,-45.99690658891,
    14.387239576591));
#125 = CARTESIAN_POINT('',(29.712561094889,-46.24187422801,
    14.770402014875));
#126 = CARTESIAN_POINT('',(29.325172070005,-46.48354536713,
    15.157370803617));
#127 = CARTESIAN_POINT('',(28.939666600787,-46.72185371211,
    15.548142401061));
#128 = CARTESIAN_POINT('',(28.556100019933,-46.95673066756,
    15.942711694255));
#129 = CARTESIAN_POINT('',(27.791390089928,-47.42043044951,
    16.741068734485));
#130 = CARTESIAN_POINT('',(27.410263166961,-47.64922443287,
    17.144887338487));
#131 = CARTESIAN_POINT('',(27.031205294667,-47.8744154295,17.55252108478
    ));
#132 = CARTESIAN_POINT('',(26.654275103983,-48.09592921495,
    17.963960930458));
#133 = CARTESIAN_POINT('',(26.279532626003,-48.31368919783,
    18.379195515996));
#134 = CARTESIAN_POINT('',(25.907039291983,-48.52761641977,
    18.798211165246));
#135 = CARTESIAN_POINT('',(25.167314758333,-48.94728074741,
    19.643043880852));
#136 = CARTESIAN_POINT('',(24.80007562029,-49.15303129783,
    20.068847656868));
#137 = CARTESIAN_POINT('',(24.435202087007,-49.35480044788,
    20.498387078564));
#138 = CARTESIAN_POINT('',(24.072757754957,-49.55250503264,
    20.931643114159));
#139 = CARTESIAN_POINT('',(23.712807831888,-49.74605965774,
    21.368593582315));
#140 = CARTESIAN_POINT('',(23.355418719418,-49.93537687591,
    21.809212899435));
#141 = CARTESIAN_POINT('',(22.731136104172,-50.26090959963,
    22.590987249531));
#142 = CARTESIAN_POINT('',(22.463131411414,-50.3989544938,
    22.930603339845));
#143 = CARTESIAN_POINT('',(22.196674368029,-50.53446290351,
    23.272307343182));
#144 = CARTESIAN_POINT('',(21.931791010333,-50.66739487907,
    23.616084699699));
#145 = CARTESIAN_POINT('',(21.668520800618,-50.7977104434,
    23.961921080411));
#146 = CARTESIAN_POINT('',(21.406883876353,-50.92536810392,
    24.309797913944));
#147 = CARTESIAN_POINT('',(20.886478930665,-51.17551175064,
    25.010230543356));
#148 = CARTESIAN_POINT('',(20.627715573823,-51.29798793646,
    25.362793321877));
#149 = CARTESIAN_POINT('',(20.370657816315,-51.41771375809,
    25.717367507531));
#150 = CARTESIAN_POINT('',(20.115337118111,-51.53464721741,
    26.073932836438));
#151 = CARTESIAN_POINT('',(19.861785203699,-51.64874601203,
    26.432467282572));
#152 = CARTESIAN_POINT('',(19.610034062088,-51.75996753529,
    26.792947057761));
#153 = CARTESIAN_POINT('',(19.109617342863,-51.9768217635,
    27.518587919954));
#154 = CARTESIAN_POINT('',(18.860960195111,-52.0824410762,
    27.883757798628));
#155 = CARTESIAN_POINT('',(18.614177000659,-52.18508356604,
    28.250830506278));
#156 = CARTESIAN_POINT('',(18.369300333732,-52.2847060561,
    28.619778245779));
#157 = CARTESIAN_POINT('',(18.126362845681,-52.38126544079,
    28.990571164312));
#158 = CARTESIAN_POINT('',(17.885397264976,-52.47471868585,
    29.363177353362));
#159 = CARTESIAN_POINT('',(17.406768689648,-52.65559408182,
    30.113055769896));
#160 = CARTESIAN_POINT('',(17.169117439045,-52.74299782524,
    30.490338436071));
#161 = CARTESIAN_POINT('',(16.933515773727,-52.82719067505,
    30.869376547354));
#162 = CARTESIAN_POINT('',(16.699996634825,-52.90812982202,
    31.250133513278));
#163 = CARTESIAN_POINT('',(16.468592776274,-52.98577303133,
    31.632570452796));
#164 = CARTESIAN_POINT('',(16.239336764811,-53.06007864251,
    32.016646194287));
#165 = CARTESIAN_POINT('',(15.784338053895,-53.20219714689,
    32.789427440267));
#166 = CARTESIAN_POINT('',(15.558610396879,-53.26998515769,
    33.178145239359));
#167 = CARTESIAN_POINT('',(15.335110915353,-53.33432793545,
    33.568426251955));
#168 = CARTESIAN_POINT('',(15.113871953791,-53.39518503652,
    33.960223665111));
#169 = CARTESIAN_POINT('',(14.894925294719,-53.45251724002,
    34.353488273815));
#170 = CARTESIAN_POINT('',(14.678302158719,-53.50628654785,
    34.748168480985));
#171 = CARTESIAN_POINT('',(14.248783879118,-53.6068553659,
    35.542064137503));
#172 = CARTESIAN_POINT('',(14.035910074959,-53.65362220076,
    35.941292194624));
#173 = CARTESIAN_POINT('',(13.82544285628,-53.69671940375,36.34183964052
    ));
#174 = CARTESIAN_POINT('',(13.617412245538,-53.73611161959,
    36.743649432951));
#175 = CARTESIAN_POINT('',(13.411847223309,-53.7717654232,
    37.146662315758));
#176 = CARTESIAN_POINT('',(13.208775728294,-53.80364931973,
    37.550816818854));
#177 = CARTESIAN_POINT('',(12.806589257977,-53.85997002306,
    38.363472657525));
#178 = CARTESIAN_POINT('',(12.607501368987,-53.88436594786,
    38.771985980833));
#179 = CARTESIAN_POINT('',(12.410988330162,-53.90489151141,
    39.181524369924));
#180 = CARTESIAN_POINT('',(12.217075927186,-53.92151931834,
    39.592021304779));
#181 = CARTESIAN_POINT('',(12.025788391606,-53.93422458549,
    40.003408603587));
#182 = CARTESIAN_POINT('',(11.837148400833,-53.94298514183,
    40.415616422746));
#183 = CARTESIAN_POINT('',(11.465143469405,-53.952579343,41.241668356716
    ));
#184 = CARTESIAN_POINT('',(11.281780097043,-53.95341053873,
    41.655513475707));
#185 = CARTESIAN_POINT('',(11.10110807502,-53.95025553343,42.07003691378
    ));
#186 = CARTESIAN_POINT('',(10.923146516669,-53.94309788034,
    42.485166317347));
#187 = CARTESIAN_POINT('',(10.747912534693,-53.93192416824,
    42.900828679285));
#188 = CARTESIAN_POINT('',(10.575421241162,-53.91672402142,
    43.316950338933));
#189 = CARTESIAN_POINT('',(10.405685747515,-53.89749009966,
    43.733456982101));
#190 = ORIENTED_EDGE('',*,*,#191,.T.);
#191 = EDGE_CURVE('',#89,#192,#194,.T.);
#192 = VERTEX_POINT('',#193);
#193 = CARTESIAN_POINT('',(10.447471444211,-54.1,43.534957577719));
#194 = B_SPLINE_CURVE_WITH_KNOTS('',4,(#195,#196,#197,#198,#199,#200,
    #201,#202,#203,#204,#205,#206,#207,#208,#209,#210,#211,#212,#213,
    #214,#215,#216,#217,#218,#219,#220,#221,#222,#223,#224,#225,#226,
    #227,#228,#229,#230,#231,#232,#233,#234,#235,#236,#237,#238,#239,
    #240,#241,#242,#243,#244,#245,#246,#247),.UNSPECIFIED.,.F.,.F.,(5,3,
    3,3,3,3,3,3,3,3,3,3,3,3,3,3,3,5),(0.,6.930831776833E-02,
    0.138608648591,0.208129651147,0.277897239412,0.348159260451,
    0.418158696015,0.487925674262,0.557421239568,0.559001977009,
    0.61281310959,0.668343584583,0.723959185623,0.779559626351,
    0.835046254464,0.890323941405,0.945303265011,1.),.UNSPECIFIED.);
#195 = CARTESIAN_POINT('',(10.405685746748,-53.89749009958,
    43.733456983982));
#196 = CARTESIAN_POINT('',(10.521690534991,-54.46270711338,
    43.179433494676));
#197 = CARTESIAN_POINT('',(10.642222116079,-55.02745029596,
    42.625874452865));
#198 = CARTESIAN_POINT('',(10.767290542014,-55.59169027468,
    42.072808649497));
#199 = CARTESIAN_POINT('',(11.02650857865,-56.71903859806,
    40.967786265999));
#200 = CARTESIAN_POINT('',(11.160657140765,-57.2821470608,40.41582957013
    ));
#201 = CARTESIAN_POINT('',(11.299363927143,-57.84469218263,
    39.864425058807));
#202 = CARTESIAN_POINT('',(11.586374930889,-58.97038319462,
    38.761027165405));
#203 = CARTESIAN_POINT('',(11.734708302183,-59.53352528867,
    38.20903750426));
#204 = CARTESIAN_POINT('',(11.887653917349,-60.09603799021,
    37.657664771175));
#205 = CARTESIAN_POINT('',(12.203355858947,-61.22173295556,
    36.554263002708));
#206 = CARTESIAN_POINT('',(12.366145058357,-61.784910512,36.002238581468
    ));
#207 = CARTESIAN_POINT('',(12.533606850003,-62.34738912913,
    35.450899257791));
#208 = CARTESIAN_POINT('',(12.879125602797,-63.47486212078,
    34.345754674954));
#209 = CARTESIAN_POINT('',(13.057249238943,-64.03984606852,
    33.791959636074));
#210 = CARTESIAN_POINT('',(13.240142450972,-64.60405255339,
    33.238926663249));
#211 = CARTESIAN_POINT('',(13.61479967009,-65.72873375098,
    32.136518585946));
#212 = CARTESIAN_POINT('',(13.806527969381,-66.28921452374,
    31.587137541442));
#213 = CARTESIAN_POINT('',(14.003022996898,-66.84885297786,
    31.038582134347));
#214 = CARTESIAN_POINT('',(14.40491311864,-67.9645164659,29.945013180402
    ));
#215 = CARTESIAN_POINT('',(14.610276488804,-68.52054732124,
    29.399993927418));
#216 = CARTESIAN_POINT('',(14.820409717198,-69.0756688147,
    28.855866027358));
#217 = CARTESIAN_POINT('',(15.249416750952,-70.18186174688,
    27.771580074942));
#218 = CARTESIAN_POINT('',(15.46825337119,-70.73294053333,
    27.231414820362));
#219 = CARTESIAN_POINT('',(15.691859415241,-71.28304230633,
    26.692207230521));
#220 = CARTESIAN_POINT('',(15.925449292846,-71.84461764252,
    26.141753299255));
#221 = CARTESIAN_POINT('',(15.930647253645,-71.85710761878,
    26.129512990405));
#222 = CARTESIAN_POINT('',(15.935844034392,-71.86958828191,
    26.117262674896));
#223 = CARTESIAN_POINT('',(16.117976778795,-72.30677446416,
    25.687840502792));
#224 = CARTESIAN_POINT('',(16.295371432932,-72.72509829785,
    25.264366204123));
#225 = CARTESIAN_POINT('',(16.473012194106,-73.13694269924,
    24.834689839578));
#226 = CARTESIAN_POINT('',(16.83402557467,-73.96043568157,
    23.949211035464));
#227 = CARTESIAN_POINT('',(17.017399959314,-74.37165745708,
    23.493012571238));
#228 = CARTESIAN_POINT('',(17.200563479187,-74.77577782118,
    23.03042771573));
#229 = CARTESIAN_POINT('',(17.566256101267,-75.5702159442,
    22.091983049058));
#230 = CARTESIAN_POINT('',(17.748783779025,-75.96051150032,
    21.616104088024));
#231 = CARTESIAN_POINT('',(17.930605249046,-76.3434747019,
    21.134036618561));
#232 = CARTESIAN_POINT('',(18.292278447195,-77.09441703121,
    20.157874796173));
#233 = CARTESIAN_POINT('',(18.472130685894,-77.46240013462,
    19.663783892531));
#234 = CARTESIAN_POINT('',(18.650769381161,-77.82283791123,
    19.163724875383));
#235 = CARTESIAN_POINT('',(19.004736487375,-78.5276729782,
    18.152928417648));
#236 = CARTESIAN_POINT('',(19.180070928107,-78.87210153138,
    17.642215084937));
#237 = CARTESIAN_POINT('',(19.353678859642,-79.20878896452,
    17.125779249772));
#238 = CARTESIAN_POINT('',(19.696266199365,-79.86520421543,
    16.083661367812));
#239 = CARTESIAN_POINT('',(19.86526059911,-80.18499108522,
    15.558021629771));
#240 = CARTESIAN_POINT('',(20.032017135335,-80.496858028,15.026933367014
    ));
#241 = CARTESIAN_POINT('',(20.359635061684,-81.1028623262,
    13.957005134588));
#242 = CARTESIAN_POINT('',(20.52052346508,-81.39708628392,
    13.418222651761));
#243 = CARTESIAN_POINT('',(20.678672370614,-81.68322900928,
    12.874297176481));
#244 = CARTESIAN_POINT('',(20.988163883606,-82.23766528255,
    11.77925521067));
#245 = CARTESIAN_POINT('',(21.139537382538,-82.5060430392,11.22819022188
    ));
#246 = CARTESIAN_POINT('',(21.287676374841,-82.76616749757,
    10.672305204646));
#247 = CARTESIAN_POINT('',(21.432320065044,-83.01790673675,
    10.111752467343));
#248 = ORIENTED_EDGE('',*,*,#249,.F.);
#249 = EDGE_CURVE('',#250,#192,#252,.T.);
#250 = VERTEX_POINT('',#251);
#251 = CARTESIAN_POINT('',(14.722956061812,-54.1,34.3));
#252 = B_SPLINE_CURVE_WITH_KNOTS('',7,(#253,#254,#255,#256,#257,#258,
    #259,#260,#261,#262,#263,#264,#265,#266),.UNSPECIFIED.,.F.,.F.,(8,6,
    8),(0.,6.590672798641E-02,1.),.UNSPECIFIED.);
#253 = CARTESIAN_POINT('',(14.722956061812,-54.1,34.3));
#254 = CARTESIAN_POINT('',(14.693709680193,-54.1,34.358140513333));
#255 = CARTESIAN_POINT('',(14.651046804347,-54.1,34.443006458662));
#256 = CARTESIAN_POINT('',(14.605132919117,-54.1,34.534504957163));
#257 = CARTESIAN_POINT('',(14.561753483043,-54.1,34.621118348441));
#258 = CARTESIAN_POINT('',(14.522392446322,-54.1,34.699818452566));
#259 = CARTESIAN_POINT('',(14.48432990914,-54.1,34.775985440763));
#260 = CARTESIAN_POINT('',(13.823229136716,-54.1,36.101280697499));
#261 = CARTESIAN_POINT('',(13.217777897763,-54.1,37.342186796856));
#262 = CARTESIAN_POINT('',(12.626594023196,-54.1,38.584764688699));
#263 = CARTESIAN_POINT('',(12.051782924864,-54.1,39.827412709562));
#264 = CARTESIAN_POINT('',(11.495541045802,-54.1,41.068218299968));
#265 = CARTESIAN_POINT('',(10.960074488846,-54.1,42.304929879401));
#266 = CARTESIAN_POINT('',(10.447471444211,-54.1,43.534957577719));
#267 = ORIENTED_EDGE('',*,*,#268,.T.);
#268 = EDGE_CURVE('',#250,#269,#271,.T.);
#269 = VERTEX_POINT('',#270);
#270 = CARTESIAN_POINT('',(13.694211805854,-58.1,34.3));
#271 = B_SPLINE_CURVE_WITH_KNOTS('',8,(#272,#273,#274,#275,#276,#277,
    #278,#279,#280,#281,#282,#283,#284,#285,#286,#287,#288,#289,#290,
    #291,#292,#293,#294,#295,#296,#297,#298,#299,#300,#301,#302,#303,
    #304,#305,#306,#307,#308,#309,#310,#311,#312,#313,#314,#315,#316,
    #317,#318,#319,#320,#321,#322),.UNSPECIFIED.,.F.,.F.,(9,7,7,7,7,7,7,
    9),(0.,0.106023274896,0.40460483548,0.480238406514,0.720972758386,
    0.86213771506,0.92883358441,1.),.UNSPECIFIED.);
#272 = CARTESIAN_POINT('',(14.722956061812,-54.1,34.3));
#273 = CARTESIAN_POINT('',(14.714003003739,-54.12966575368,34.3));
#274 = CARTESIAN_POINT('',(14.699612206117,-54.17742905045,34.3));
#275 = CARTESIAN_POINT('',(14.683286359858,-54.23185490487,34.3));
#276 = CARTESIAN_POINT('',(14.667319595066,-54.28547817081,34.3));
#277 = CARTESIAN_POINT('',(14.652687299419,-54.33481707645,34.3));
#278 = CARTESIAN_POINT('',(14.639301178379,-54.38012915632,34.3));
#279 = CARTESIAN_POINT('',(14.625946090648,-54.42545779002,34.3));
#280 = CARTESIAN_POINT('',(14.566657340864,-54.62776548921,34.3));
#281 = CARTESIAN_POINT('',(14.523393090273,-54.77731268962,34.3));
#282 = CARTESIAN_POINT('',(14.480574782517,-54.92716766182,34.3));
#283 = CARTESIAN_POINT('',(14.43815277018,-55.07739248369,34.3));
#284 = CARTESIAN_POINT('',(14.396072836955,-55.22805240404,34.3));
#285 = CARTESIAN_POINT('',(14.354278835217,-55.37921218488,34.3));
#286 = CARTESIAN_POINT('',(14.312715323592,-55.53093244367,34.3));
#287 = CARTESIAN_POINT('',(14.260846957218,-55.7218535443,34.3));
#288 = CARTESIAN_POINT('',(14.250357117343,-55.76050447101,34.3));
#289 = CARTESIAN_POINT('',(14.239934828942,-55.79911875621,34.3));
#290 = CARTESIAN_POINT('',(14.229602127239,-55.83766691683,34.3));
#291 = CARTESIAN_POINT('',(14.219349720095,-55.87616183866,34.3));
#292 = CARTESIAN_POINT('',(14.209157769452,-55.91463060894,34.3));
#293 = CARTESIAN_POINT('',(14.199016672784,-55.95308634883,34.3));
#294 = CARTESIAN_POINT('',(14.156899736722,-56.11376713374,34.3));
#295 = CARTESIAN_POINT('',(14.125499277249,-56.23572446604,34.3));
#296 = CARTESIAN_POINT('',(14.094700106653,-56.35744146345,34.3));
#297 = CARTESIAN_POINT('',(14.064454428566,-56.47898685958,34.3));
#298 = CARTESIAN_POINT('',(14.034714202988,-56.60042745825,34.3));
#299 = CARTESIAN_POINT('',(14.005432339551,-56.7218268907,34.3));
#300 = CARTESIAN_POINT('',(13.976563890772,-56.84324437285,34.3));
#301 = CARTESIAN_POINT('',(13.931357009786,-57.03597382335,34.3));
#302 = CARTESIAN_POINT('',(13.914774697722,-57.10723861229,34.3));
#303 = CARTESIAN_POINT('',(13.898311822,-57.17853862727,34.3));
#304 = CARTESIAN_POINT('',(13.881960385796,-57.24988386377,34.3));
#305 = CARTESIAN_POINT('',(13.865712882591,-57.32128351484,34.3));
#306 = CARTESIAN_POINT('',(13.849562296169,-57.39274597109,34.3));
#307 = CARTESIAN_POINT('',(13.833502100621,-57.46427882069,34.3));
#308 = CARTESIAN_POINT('',(13.809978193303,-57.56972226835,34.3));
#309 = CARTESIAN_POINT('',(13.802443783294,-57.6035961416,34.3));
#310 = CARTESIAN_POINT('',(13.794922204023,-57.63751231039,34.3));
#311 = CARTESIAN_POINT('',(13.787412668943,-57.67147253109,34.3));
#312 = CARTESIAN_POINT('',(13.779914431253,-57.70547847526,34.3));
#313 = CARTESIAN_POINT('',(13.772426783897,-57.73953172959,34.3));
#314 = CARTESIAN_POINT('',(13.764949059563,-57.77363379597,34.3));
#315 = CARTESIAN_POINT('',(13.749511601739,-57.84422757535,34.3));
#316 = CARTESIAN_POINT('',(13.74155385398,-57.88069999017,34.3));
#317 = CARTESIAN_POINT('',(13.73362403395,-57.91718546727,34.3));
#318 = CARTESIAN_POINT('',(13.725716465176,-57.95369041869,34.3));
#319 = CARTESIAN_POINT('',(13.717817397068,-57.99022976873,34.3));
#320 = CARTESIAN_POINT('',(13.709919253811,-58.02681118548,34.3));
#321 = CARTESIAN_POINT('',(13.702034883264,-58.06341931243,34.3));
#322 = CARTESIAN_POINT('',(13.694211805854,-58.1,34.3));
#323 = ORIENTED_EDGE('',*,*,#324,.T.);
#324 = EDGE_CURVE('',#269,#325,#327,.T.);
#325 = VERTEX_POINT('',#326);
#326 = CARTESIAN_POINT('',(13.514502838108,-59.,34.3));
#327 = B_SPLINE_CURVE_WITH_KNOTS('',7,(#328,#329,#330,#331,#332,#333,
    #334,#335,#336,#337,#338,#339,#340,#341,#342,#343,#344,#345,#346,
    #347),.UNSPECIFIED.,.F.,.F.,(8,6,6,8),(0.,0.206690241212,
    0.582275845835,1.),.UNSPECIFIED.);
#328 = CARTESIAN_POINT('',(13.694211805854,-58.1,34.3));
#329 = CARTESIAN_POINT('',(13.688439442237,-58.12699155574,34.3));
#330 = CARTESIAN_POINT('',(13.682699226917,-58.15397007468,34.3));
#331 = CARTESIAN_POINT('',(13.676991080801,-58.18093424777,34.3));
#332 = CARTESIAN_POINT('',(13.671314731344,-58.20788366532,34.3));
#333 = CARTESIAN_POINT('',(13.665669712553,-58.23481881697,34.3));
#334 = CARTESIAN_POINT('',(13.660055364983,-58.2617410917,34.3));
#335 = CARTESIAN_POINT('',(13.644322950762,-58.33755514428,34.3));
#336 = CARTESIAN_POINT('',(13.634285645317,-58.38636427064,34.3));
#337 = CARTESIAN_POINT('',(13.624354229415,-58.43509041437,34.3));
#338 = CARTESIAN_POINT('',(13.614524190915,-58.48374345331,34.3));
#339 = CARTESIAN_POINT('',(13.604791195525,-58.53233288571,34.3));
#340 = CARTESIAN_POINT('',(13.595151086802,-58.58086783025,34.3));
#341 = CARTESIAN_POINT('',(13.574977095596,-58.68328643128,34.3));
#342 = CARTESIAN_POINT('',(13.56474003181,-58.73575916549,34.3));
#343 = CARTESIAN_POINT('',(13.554537347178,-58.78849752875,34.3));
#344 = CARTESIAN_POINT('',(13.544243391273,-58.84217351423,34.3));
#345 = CARTESIAN_POINT('',(13.533935398163,-58.89642647116,34.3));
#346 = CARTESIAN_POINT('',(13.523876201553,-58.94984983416,34.3));
#347 = CARTESIAN_POINT('',(13.514502838108,-59.,34.3));
#348 = ORIENTED_EDGE('',*,*,#349,.T.);
#349 = EDGE_CURVE('',#325,#350,#352,.T.);
#350 = VERTEX_POINT('',#351);
#351 = CARTESIAN_POINT('',(12.89562428919,-63.52154122598,34.3));
#352 = B_SPLINE_CURVE_WITH_KNOTS('',6,(#353,#354,#355,#356,#357,#358,
    #359,#360,#361,#362,#363,#364,#365,#366,#367,#368,#369,#370,#371,
    #372,#373,#374,#375,#376,#377,#378,#379,#380,#381,#382,#383,#384,
    #385,#386,#387,#388,#389,#390,#391,#392,#393,#394),.UNSPECIFIED.,.F.
  ,.F.,(7,5,5,5,5,5,5,5,7),(0.,6.067781770465E-02,0.28786389158,
    0.364201544163,0.615522899059,0.799340874366,0.845459292257,
    0.92233236201,1.),.UNSPECIFIED.);
#353 = CARTESIAN_POINT('',(13.514502838108,-59.,34.3));
#354 = CARTESIAN_POINT('',(13.506008261598,-59.04544840528,34.3));
#355 = CARTESIAN_POINT('',(13.497576505992,-59.09089551699,34.3));
#356 = CARTESIAN_POINT('',(13.489205439342,-59.13634359147,34.3));
#357 = CARTESIAN_POINT('',(13.480892915149,-59.18179535122,34.3));
#358 = CARTESIAN_POINT('',(13.472636889643,-59.22725340842,34.3));
#359 = CARTESIAN_POINT('',(13.433728557361,-59.44295167815,34.3));
#360 = CARTESIAN_POINT('',(13.403787926387,-59.61329987154,34.3));
#361 = CARTESIAN_POINT('',(13.374514888751,-59.78387981987,34.3));
#362 = CARTESIAN_POINT('',(13.345836219643,-59.95477088616,34.3));
#363 = CARTESIAN_POINT('',(13.31770811978,-60.12601473474,34.3));
#364 = CARTESIAN_POINT('',(13.280850156196,-60.35527347912,34.3));
#365 = CARTESIAN_POINT('',(13.271669631999,-60.4129406921,34.3));
#366 = CARTESIAN_POINT('',(13.26241512366,-60.47080278678,34.3));
#367 = CARTESIAN_POINT('',(13.253432762259,-60.52846086405,34.3));
#368 = CARTESIAN_POINT('',(13.244538719629,-60.58612802258,34.3));
#369 = CARTESIAN_POINT('',(13.206911870735,-60.83349022332,34.3));
#370 = CARTESIAN_POINT('',(13.179389973221,-61.02287605198,34.3));
#371 = CARTESIAN_POINT('',(13.153038958384,-61.21211557661,34.3));
#372 = CARTESIAN_POINT('',(13.127718920466,-61.40136740673,34.3));
#373 = CARTESIAN_POINT('',(13.103328637617,-61.59074105031,34.3));
#374 = CARTESIAN_POINT('',(13.062619330736,-61.91892567472,34.3));
#375 = CARTESIAN_POINT('',(13.04589195466,-62.057655407,34.3));
#376 = CARTESIAN_POINT('',(13.02961375121,-62.19649881705,34.3));
#377 = CARTESIAN_POINT('',(13.013777959497,-62.33546044862,34.3));
#378 = CARTESIAN_POINT('',(12.998392744323,-62.47452847016,34.3));
#379 = CARTESIAN_POINT('',(12.979741524116,-62.64858483411,34.3));
#380 = CARTESIAN_POINT('',(12.976029364842,-62.68351119117,34.3));
#381 = CARTESIAN_POINT('',(12.972346404956,-62.71845236942,34.3));
#382 = CARTESIAN_POINT('',(12.968693194423,-62.75340721289,34.3));
#383 = CARTESIAN_POINT('',(12.965070355876,-62.7883744034,34.3));
#384 = CARTESIAN_POINT('',(12.955491595139,-62.88165607883,34.3));
#385 = CARTESIAN_POINT('',(12.949588658636,-62.9399760294,34.3));
#386 = CARTESIAN_POINT('',(12.9438235492,-62.99824884468,34.3));
#387 = CARTESIAN_POINT('',(12.93813392681,-63.05654247551,34.3));
#388 = CARTESIAN_POINT('',(12.932553629674,-63.11482627885,34.3));
#389 = CARTESIAN_POINT('',(12.921517797274,-63.23204096077,34.3));
#390 = CARTESIAN_POINT('',(12.91622918539,-63.28924032602,34.3));
#391 = CARTESIAN_POINT('',(12.910937311031,-63.34737183698,34.3));
#392 = CARTESIAN_POINT('',(12.90561002398,-63.40692990536,34.3));
#393 = CARTESIAN_POINT('',(12.900403918204,-63.46625741395,34.3));
#394 = CARTESIAN_POINT('',(12.89562428919,-63.52154122598,34.3));
#395 = ORIENTED_EDGE('',*,*,#396,.T.);
#396 = EDGE_CURVE('',#350,#22,#397,.T.);
#397 = B_SPLINE_CURVE_WITH_KNOTS('',4,(#398,#399,#400,#401,#402,#403,
    #404,#405,#406,#407,#408,#409,#410,#411,#412,#413,#414,#415,#416,
    #417,#418,#419,#420,#421,#422,#423,#424,#425,#426,#427,#428,#429,
    #430,#431,#432,#433,#434,#435,#436,#437,#438,#439,#440,#441,#442,
    #443,#444,#445,#446,#447,#448,#449,#450),.UNSPECIFIED.,.F.,.F.,(5,3,
    3,3,3,3,3,3,3,3,3,3,3,3,3,3,3,5),(0.,6.930831776833E-02,
    0.138608648591,0.208129651147,0.277897239412,0.348159260451,
    0.418158696015,0.487925674262,0.557421239568,0.559001977009,
    0.61281310959,0.668343584583,0.723959185623,0.779559626351,
    0.835046254464,0.890323941405,0.945303265011,1.),.UNSPECIFIED.);
#398 = CARTESIAN_POINT('',(10.405685746748,-53.89749009958,
    43.733456983982));
#399 = CARTESIAN_POINT('',(10.521690534991,-54.46270711338,
    43.179433494676));
#400 = CARTESIAN_POINT('',(10.642222116079,-55.02745029596,
    42.625874452865));
#401 = CARTESIAN_POINT('',(10.767290542014,-55.59169027468,
    42.072808649497));
#402 = CARTESIAN_POINT('',(11.02650857865,-56.71903859806,
    40.967786265999));
#403 = CARTESIAN_POINT('',(11.160657140765,-57.2821470608,40.41582957013
    ));
#404 = CARTESIAN_POINT('',(11.299363927143,-57.84469218263,
    39.864425058807));
#405 = CARTESIAN_POINT('',(11.586374930889,-58.97038319462,
    38.761027165405));
#406 = CARTESIAN_POINT('',(11.734708302183,-59.53352528867,
    38.20903750426));
#407 = CARTESIAN_POINT('',(11.887653917349,-60.09603799021,
    37.657664771175));
#408 = CARTESIAN_POINT('',(12.203355858947,-61.22173295556,
    36.554263002708));
#409 = CARTESIAN_POINT('',(12.366145058357,-61.784910512,36.002238581468
    ));
#410 = CARTESIAN_POINT('',(12.533606850003,-62.34738912913,
    35.450899257791));
#411 = CARTESIAN_POINT('',(12.879125602797,-63.47486212078,
    34.345754674954));
#412 = CARTESIAN_POINT('',(13.057249238943,-64.03984606852,
    33.791959636074));
#413 = CARTESIAN_POINT('',(13.240142450972,-64.60405255339,
    33.238926663249));
#414 = CARTESIAN_POINT('',(13.61479967009,-65.72873375098,
    32.136518585946));
#415 = CARTESIAN_POINT('',(13.806527969381,-66.28921452374,
    31.587137541442));
#416 = CARTESIAN_POINT('',(14.003022996898,-66.84885297786,
    31.038582134347));
#417 = CARTESIAN_POINT('',(14.40491311864,-67.9645164659,29.945013180402
    ));
#418 = CARTESIAN_POINT('',(14.610276488804,-68.52054732124,
    29.399993927418));
#419 = CARTESIAN_POINT('',(14.820409717198,-69.0756688147,
    28.855866027358));
#420 = CARTESIAN_POINT('',(15.249416750952,-70.18186174688,
    27.771580074942));
#421 = CARTESIAN_POINT('',(15.46825337119,-70.73294053333,
    27.231414820362));
#422 = CARTESIAN_POINT('',(15.691859415241,-71.28304230633,
    26.692207230521));
#423 = CARTESIAN_POINT('',(15.925449292846,-71.84461764252,
    26.141753299255));
#424 = CARTESIAN_POINT('',(15.930647253645,-71.85710761878,
    26.129512990405));
#425 = CARTESIAN_POINT('',(15.935844034392,-71.86958828191,
    26.117262674896));
#426 = CARTESIAN_POINT('',(16.117976778795,-72.30677446416,
    25.687840502792));
#427 = CARTESIAN_POINT('',(16.295371432932,-72.72509829785,
    25.264366204123));
#428 = CARTESIAN_POINT('',(16.473012194106,-73.13694269924,
    24.834689839578));
#429 = CARTESIAN_POINT('',(16.83402557467,-73.96043568157,
    23.949211035464));
#430 = CARTESIAN_POINT('',(17.017399959314,-74.37165745708,
    23.493012571238));
#431 = CARTESIAN_POINT('',(17.200563479187,-74.77577782118,
    23.03042771573));
#432 = CARTESIAN_POINT('',(17.566256101267,-75.5702159442,
    22.091983049058));
#433 = CARTESIAN_POINT('',(17.748783779025,-75.96051150032,
    21.616104088024));
#434 = CARTESIAN_POINT('',(17.930605249046,-76.3434747019,
    21.134036618561));
#435 = CARTESIAN_POINT('',(18.292278447195,-77.09441703121,
    20.157874796173));
#436 = CARTESIAN_POINT('',(18.472130685894,-77.46240013462,
    19.663783892531));
#437 = CARTESIAN_POINT('',(18.650769381161,-77.82283791123,
    19.163724875383));
#438 = CARTESIAN_POINT('',(19.004736487375,-78.5276729782,
    18.152928417648));
#439 = CARTESIAN_POINT('',(19.180070928107,-78.87210153138,
    17.642215084937));
#440 = CARTESIAN_POINT('',(19.353678859642,-79.20878896452,
    17.125779249772));
#441 = CARTESIAN_POINT('',(19.696266199365,-79.86520421543,
    16.083661367812));
#442 = CARTESIAN_POINT('',(19.86526059911,-80.18499108522,
    15.558021629771));
#443 = CARTESIAN_POINT('',(20.032017135335,-80.496858028,15.026933367014
    ));
#444 = CARTESIAN_POINT('',(20.359635061684,-81.1028623262,
    13.957005134588));
#445 = CARTESIAN_POINT('',(20.52052346508,-81.39708628392,
    13.418222651761));
#446 = CARTESIAN_POINT('',(20.678672370614,-81.68322900928,
    12.874297176481));
#447 = CARTESIAN_POINT('',(20.988163883606,-82.23766528255,
    11.77925521067));
#448 = CARTESIAN_POINT('',(21.139537382538,-82.5060430392,11.22819022188
    ));
#449 = CARTESIAN_POINT('',(21.287676374841,-82.76616749757,
    10.672305204646));
#450 = CARTESIAN_POINT('',(21.432320065044,-83.01790673675,
    10.111752467343));
#451 = B_SPLINE_SURFACE_WITH_KNOTS('',4,6,(
    (#452,#453,#454,#455,#456,#457,#458,#459,#460,#461,#462,#463,#464
      ,#465,#466,#467,#468,#469,#470,#471,#472,#473,#474,#475,#476,#477
      ,#478,#479,#480,#481,#482,#483,#484,#485,#486,#487,#488,#489,#490
      ,#491,#492,#493,#494,#495,#496,#497,#498,#499,#500,#501,#502,#503)
    ,(#504,#505,#506,#507,#508,#509,#510,#511,#512,#513,#514,#515,#516
      ,#517,#518,#519,#520,#521,#522,#523,#524,#525,#526,#527,#528,#529
      ,#530,#531,#532,#533,#534,#535,#536,#537,#538,#539,#540,#541,#542
      ,#543,#544,#545,#546,#547,#548,#549,#550,#551,#552,#553,#554,#555)
    ,(#556,#557,#558,#559,#560,#561,#562,#563,#564,#565,#566,#567,#568
      ,#569,#570,#571,#572,#573,#574,#575,#576,#577,#578,#579,#580,#581
      ,#582,#583,#584,#585,#586,#587,#588,#589,#590,#591,#592,#593,#594
      ,#595,#596,#597,#598,#599,#600,#601,#602,#603,#604,#605,#606,#607)
    ,(#608,#609,#610,#611,#612,#613,#614,#615,#616,#617,#618,#619,#620
      ,#621,#622,#623,#624,#625,#626,#627,#628,#629,#630,#631,#632,#633
      ,#634,#635,#636,#637,#638,#639,#640,#641,#642,#643,#644,#645,#646
      ,#647,#648,#649,#650,#651,#652,#653,#654,#655,#656,#657,#658,#659)
    ,(#660,#661,#662,#663,#664,#665,#666,#667,#668,#669,#670,#671,#672
      ,#673,#674,#675,#676,#677,#678,#679,#680,#681,#682,#683,#684,#685
      ,#686,#687,#688,#689,#690,#691,#692,#693,#694,#695,#696,#697,#698
      ,#699,#700,#701,#702,#703,#704,#705,#706,#707,#708,#709,#710,#711)
    ,(#712,#713,#714,#715,#716,#717,#718,#719,#720,#721,#722,#723,#724
      ,#725,#726,#727,#728,#729,#730,#731,#732,#733,#734,#735,#736,#737
      ,#738,#739,#740,#741,#742,#743,#744,#745,#746,#747,#748,#749,#750
      ,#751,#752,#753,#754,#755,#756,#757,#758,#759,#760,#761,#762,#763)
    ,(#764,#765,#766,#767,#768,#769,#770,#771,#772,#773,#774,#775,#776
      ,#777,#778,#779,#780,#781,#782,#783,#784,#785,#786,#787,#788,#789
      ,#790,#791,#792,#793,#794,#795,#796,#797,#798,#799,#800,#801,#802
      ,#803,#804,#805,#806,#807,#808,#809,#810,#811,#812,#813,#814,#815)
    ,(#816,#817,#818,#819,#820,#821,#822,#823,#824,#825,#826,#827,#828
      ,#829,#830,#831,#832,#833,#834,#835,#836,#837,#838,#839,#840,#841
      ,#842,#843,#844,#845,#846,#847,#848,#849,#850,#851,#852,#853,#854
      ,#855,#856,#857,#858,#859,#860,#861,#862,#863,#864,#865,#866,#867)
    ,(#868,#869,#870,#871,#872,#873,#874,#875,#876,#877,#878,#879,#880
      ,#881,#882,#883,#884,#885,#886,#887,#888,#889,#890,#891,#892,#893
      ,#894,#895,#896,#897,#898,#899,#900,#901,#902,#903,#904,#905,#906
      ,#907,#908,#909,#910,#911,#912,#913,#914,#915,#916,#917,#918,#919)
    ,(#920,#921,#922,#923,#924,#925,#926,#927,#928,#929,#930,#931,#932
      ,#933,#934,#935,#936,#937,#938,#939,#940,#941,#942,#943,#944,#945
      ,#946,#947,#948,#949,#950,#951,#952,#953,#954,#955,#956,#957,#958
      ,#959,#960,#961,#962,#963,#964,#965,#966,#967,#968,#969,#970,#971)
    ,(#972,#973,#974,#975,#976,#977,#978,#979,#980,#981,#982,#983,#984
      ,#985,#986,#987,#988,#989,#990,#991,#992,#993,#994,#995,#996,#997
      ,#998,#999,#1000,#1001,#1002,#1003,#1004,#1005,#1006,#1007,#1008
      ,#1009,#1010,#1011,#1012,#1013,#1014,#1015,#1016,#1017,#1018,#1019
      ,#1020,#1021,#1022,#1023)
    ,(#1024,#1025,#1026,#1027,#1028,#1029,#1030,#1031,#1032,#1033,#1034
      ,#1035,#1036,#1037,#1038,#1039,#1040,#1041,#1042,#1043,#1044,#1045
      ,#1046,#1047,#1048,#1049,#1050,#1051,#1052,#1053,#1054,#1055,#1056
      ,#1057,#1058,#1059,#1060,#1061,#1062,#1063,#1064,#1065,#1066,#1067
      ,#1068,#1069,#1070,#1071,#1072,#1073,#1074,#1075)
    ,(#1076,#1077,#1078,#1079,#1080,#1081,#1082,#1083,#1084,#1085,#1086
      ,#1087,#1088,#1089,#1090,#1091,#1092,#1093,#1094,#1095,#1096,#1097
      ,#1098,#1099,#1100,#1101,#1102,#1103,#1104,#1105,#1106,#1107,#1108
      ,#1109,#1110,#1111,#1112,#1113,#1114,#1115,#1116,#1117,#1118,#1119
      ,#1120,#1121,#1122,#1123,#1124,#1125,#1126,#1127)
    ,(#1128,#1129,#1130,#1131,#1132,#1133,#1134,#1135,#1136,#1137,#1138
      ,#1139,#1140,#1141,#1142,#1143,#1144,#1145,#1146,#1147,#1148,#1149
      ,#1150,#1151,#1152,#1153,#1154,#1155,#1156,#1157,#1158,#1159,#1160
      ,#1161,#1162,#1163,#1164,#1165,#1166,#1167,#1168,#1169,#1170,#1171
      ,#1172,#1173,#1174,#1175,#1176,#1177,#1178,#1179)
    ,(#1180,#1181,#1182,#1183,#1184,#1185,#1186,#1187,#1188,#1189,#1190
      ,#1191,#1192,#1193,#1194,#1195,#1196,#1197,#1198,#1199,#1200,#1201
      ,#1202,#1203,#1204,#1205,#1206,#1207,#1208,#1209,#1210,#1211,#1212
      ,#1213,#1214,#1215,#1216,#1217,#1218,#1219,#1220,#1221,#1222,#1223
      ,#1224,#1225,#1226,#1227,#1228,#1229,#1230,#1231)
    ,(#1232,#1233,#1234,#1235,#1236,#1237,#1238,#1239,#1240,#1241,#1242
      ,#1243,#1244,#1245,#1246,#1247,#1248,#1249,#1250,#1251,#1252,#1253
      ,#1254,#1255,#1256,#1257,#1258,#1259,#1260,#1261,#1262,#1263,#1264
      ,#1265,#1266,#1267,#1268,#1269,#1270,#1271,#1272,#1273,#1274,#1275
      ,#1276,#1277,#1278,#1279,#1280,#1281,#1282,#1283)
    ,(#1284,#1285,#1286,#1287,#1288,#1289,#1290,#1291,#1292,#1293,#1294
      ,#1295,#1296,#1297,#1298,#1299,#1300,#1301,#1302,#1303,#1304,#1305
      ,#1306,#1307,#1308,#1309,#1310,#1311,#1312,#1313,#1314,#1315,#1316
      ,#1317,#1318,#1319,#1320,#1321,#1322,#1323,#1324,#1325,#1326,#1327
      ,#1328,#1329,#1330,#1331,#1332,#1333,#1334,#1335)
    ,(#1336,#1337,#1338,#1339,#1340,#1341,#1342,#1343,#1344,#1345,#1346
      ,#1347,#1348,#1349,#1350,#1351,#1352,#1353,#1354,#1355,#1356,#1357
      ,#1358,#1359,#1360,#1361,#1362,#1363,#1364,#1365,#1366,#1367,#1368
      ,#1369,#1370,#1371,#1372,#1373,#1374,#1375,#1376,#1377,#1378,#1379
      ,#1380,#1381,#1382,#1383,#1384,#1385,#1386,#1387)
    ,(#1388,#1389,#1390,#1391,#1392,#1393,#1394,#1395,#1396,#1397,#1398
      ,#1399,#1400,#1401,#1402,#1403,#1404,#1405,#1406,#1407,#1408,#1409
      ,#1410,#1411,#1412,#1413,#1414,#1415,#1416,#1417,#1418,#1419,#1420
      ,#1421,#1422,#1423,#1424,#1425,#1426,#1427,#1428,#1429,#1430,#1431
      ,#1432,#1433,#1434,#1435,#1436,#1437,#1438,#1439)
    ,(#1440,#1441,#1442,#1443,#1444,#1445,#1446,#1447,#1448,#1449,#1450
      ,#1451,#1452,#1453,#1454,#1455,#1456,#1457,#1458,#1459,#1460,#1461
      ,#1462,#1463,#1464,#1465,#1466,#1467,#1468,#1469,#1470,#1471,#1472
      ,#1473,#1474,#1475,#1476,#1477,#1478,#1479,#1480,#1481,#1482,#1483
      ,#1484,#1485,#1486,#1487,#1488,#1489,#1490,#1491)
    ,(#1492,#1493,#1494,#1495,#1496,#1497,#1498,#1499,#1500,#1501,#1502
      ,#1503,#1504,#1505,#1506,#1507,#1508,#1509,#1510,#1511,#1512,#1513
      ,#1514,#1515,#1516,#1517,#1518,#1519,#1520,#1521,#1522,#1523,#1524
      ,#1525,#1526,#1527,#1528,#1529,#1530,#1531,#1532,#1533,#1534,#1535
      ,#1536,#1537,#1538,#1539,#1540,#1541,#1542,#1543)
    ,(#1544,#1545,#1546,#1547,#1548,#1549,#1550,#1551,#1552,#1553,#1554
      ,#1555,#1556,#1557,#1558,#1559,#1560,#1561,#1562,#1563,#1564,#1565
      ,#1566,#1567,#1568,#1569,#1570,#1571,#1572,#1573,#1574,#1575,#1576
      ,#1577,#1578,#1579,#1580,#1581,#1582,#1583,#1584,#1585,#1586,#1587
      ,#1588,#1589,#1590,#1591,#1592,#1593,#1594,#1595)
    ,(#1596,#1597,#1598,#1599,#1600,#1601,#1602,#1603,#1604,#1605,#1606
      ,#1607,#1608,#1609,#1610,#1611,#1612,#1613,#1614,#1615,#1616,#1617
      ,#1618,#1619,#1620,#1621,#1622,#1623,#1624,#1625,#1626,#1627,#1628
      ,#1629,#1630,#1631,#1632,#1633,#1634,#1635,#1636,#1637,#1638,#1639
      ,#1640,#1641,#1642,#1643,#1644,#1645,#1646,#1647)
    ,(#1648,#1649,#1650,#1651,#1652,#1653,#1654,#1655,#1656,#1657,#1658
      ,#1659,#1660,#1661,#1662,#1663,#1664,#1665,#1666,#1667,#1668,#1669
      ,#1670,#1671,#1672,#1673,#1674,#1675,#1676,#1677,#1678,#1679,#1680
      ,#1681,#1682,#1683,#1684,#1685,#1686,#1687,#1688,#1689,#1690,#1691
      ,#1692,#1693,#1694,#1695,#1696,#1697,#1698,#1699)
    ,(#1700,#1701,#1702,#1703,#1704,#1705,#1706,#1707,#1708,#1709,#1710
      ,#1711,#1712,#1713,#1714,#1715,#1716,#1717,#1718,#1719,#1720,#1721
      ,#1722,#1723,#1724,#1725,#1726,#1727,#1728,#1729,#1730,#1731,#1732
      ,#1733,#1734,#1735,#1736,#1737,#1738,#1739,#1740,#1741,#1742,#1743
      ,#1744,#1745,#1746,#1747,#1748,#1749,#1750,#1751)
    ,(#1752,#1753,#1754,#1755,#1756,#1757,#1758,#1759,#1760,#1761,#1762
      ,#1763,#1764,#1765,#1766,#1767,#1768,#1769,#1770,#1771,#1772,#1773
      ,#1774,#1775,#1776,#1777,#1778,#1779,#1780,#1781,#1782,#1783,#1784
      ,#1785,#1786,#1787,#1788,#1789,#1790,#1791,#1792,#1793,#1794,#1795
      ,#1796,#1797,#1798,#1799,#1800,#1801,#1802,#1803)
    ,(#1804,#1805,#1806,#1807,#1808,#1809,#1810,#1811,#1812,#1813,#1814
      ,#1815,#1816,#1817,#1818,#1819,#1820,#1821,#1822,#1823,#1824,#1825
      ,#1826,#1827,#1828,#1829,#1830,#1831,#1832,#1833,#1834,#1835,#1836
      ,#1837,#1838,#1839,#1840,#1841,#1842,#1843,#1844,#1845,#1846,#1847
      ,#1848,#1849,#1850,#1851,#1852,#1853,#1854,#1855)
    ,(#1856,#1857,#1858,#1859,#1860,#1861,#1862,#1863,#1864,#1865,#1866
      ,#1867,#1868,#1869,#1870,#1871,#1872,#1873,#1874,#1875,#1876,#1877
      ,#1878,#1879,#1880,#1881,#1882,#1883,#1884,#1885,#1886,#1887,#1888
      ,#1889,#1890,#1891,#1892,#1893,#1894,#1895,#1896,#1897,#1898,#1899
      ,#1900,#1901,#1902,#1903,#1904,#1905,#1906,#1907)
    ,(#1908,#1909,#1910,#1911,#1912,#1913,#1914,#1915,#1916,#1917,#1918
      ,#1919,#1920,#1921,#1922,#1923,#1924,#1925,#1926,#1927,#1928,#1929
      ,#1930,#1931,#1932,#1933,#1934,#1935,#1936,#1937,#1938,#1939,#1940
      ,#1941,#1942,#1943,#1944,#1945,#1946,#1947,#1948,#1949,#1950,#1951
      ,#1952,#1953,#1954,#1955,#1956,#1957,#1958,#1959)
    ,(#1960,#1961,#1962,#1963,#1964,#1965,#1966,#1967,#1968,#1969,#1970
      ,#1971,#1972,#1973,#1974,#1975,#1976,#1977,#1978,#1979,#1980,#1981
      ,#1982,#1983,#1984,#1985,#1986,#1987,#1988,#1989,#1990,#1991,#1992
      ,#1993,#1994,#1995,#1996,#1997,#1998,#1999,#2000,#2001,#2002,#2003
      ,#2004,#2005,#2006,#2007,#2008,#2009,#2010,#2011)
    ,(#2012,#2013,#2014,#2015,#2016,#2017,#2018,#2019,#2020,#2021,#2022
      ,#2023,#2024,#2025,#2026,#2027,#2028,#2029,#2030,#2031,#2032,#2033
      ,#2034,#2035,#2036,#2037,#2038,#2039,#2040,#2041,#2042,#2043,#2044
      ,#2045,#2046,#2047,#2048,#2049,#2050,#2051,#2052,#2053,#2054,#2055
      ,#2056,#2057,#2058,#2059,#2060,#2061,#2062,#2063)
    ,(#2064,#2065,#2066,#2067,#2068,#2069,#2070,#2071,#2072,#2073,#2074
      ,#2075,#2076,#2077,#2078,#2079,#2080,#2081,#2082,#2083,#2084,#2085
      ,#2086,#2087,#2088,#2089,#2090,#2091,#2092,#2093,#2094,#2095,#2096
      ,#2097,#2098,#2099,#2100,#2101,#2102,#2103,#2104,#2105,#2106,#2107
      ,#2108,#2109,#2110,#2111,#2112,#2113,#2114,#2115)
    ,(#2116,#2117,#2118,#2119,#2120,#2121,#2122,#2123,#2124,#2125,#2126
      ,#2127,#2128,#2129,#2130,#2131,#2132,#2133,#2134,#2135,#2136,#2137
      ,#2138,#2139,#2140,#2141,#2142,#2143,#2144,#2145,#2146,#2147,#2148
      ,#2149,#2150,#2151,#2152,#2153,#2154,#2155,#2156,#2157,#2158,#2159
      ,#2160,#2161,#2162,#2163,#2164,#2165,#2166,#2167)
    ,(#2168,#2169,#2170,#2171,#2172,#2173,#2174,#2175,#2176,#2177,#2178
      ,#2179,#2180,#2181,#2182,#2183,#2184,#2185,#2186,#2187,#2188,#2189
      ,#2190,#2191,#2192,#2193,#2194,#2195,#2196,#2197,#2198,#2199,#2200
      ,#2201,#2202,#2203,#2204,#2205,#2206,#2207,#2208,#2209,#2210,#2211
      ,#2212,#2213,#2214,#2215,#2216,#2217,#2218,#2219)
    ,(#2220,#2221,#2222,#2223,#2224,#2225,#2226,#2227,#2228,#2229,#2230
      ,#2231,#2232,#2233,#2234,#2235,#2236,#2237,#2238,#2239,#2240,#2241
      ,#2242,#2243,#2244,#2245,#2246,#2247,#2248,#2249,#2250,#2251,#2252
      ,#2253,#2254,#2255,#2256,#2257,#2258,#2259,#2260,#2261,#2262,#2263
      ,#2264,#2265,#2266,#2267,#2268,#2269,#2270,#2271)
    ,(#2272,#2273,#2274,#2275,#2276,#2277,#2278,#2279,#2280,#2281,#2282
      ,#2283,#2284,#2285,#2286,#2287,#2288,#2289,#2290,#2291,#2292,#2293
      ,#2294,#2295,#2296,#2297,#2298,#2299,#2300,#2301,#2302,#2303,#2304
      ,#2305,#2306,#2307,#2308,#2309,#2310,#2311,#2312,#2313,#2314,#2315
      ,#2316,#2317,#2318,#2319,#2320,#2321,#2322,#2323)
    ,(#2324,#2325,#2326,#2327,#2328,#2329,#2330,#2331,#2332,#2333,#2334
      ,#2335,#2336,#2337,#2338,#2339,#2340,#2341,#2342,#2343,#2344,#2345
      ,#2346,#2347,#2348,#2349,#2350,#2351,#2352,#2353,#2354,#2355,#2356
      ,#2357,#2358,#2359,#2360,#2361,#2362,#2363,#2364,#2365,#2366,#2367
      ,#2368,#2369,#2370,#2371,#2372,#2373,#2374,#2375)
    ,(#2376,#2377,#2378,#2379,#2380,#2381,#2382,#2383,#2384,#2385,#2386
      ,#2387,#2388,#2389,#2390,#2391,#2392,#2393,#2394,#2395,#2396,#2397
      ,#2398,#2399,#2400,#2401,#2402,#2403,#2404,#2405,#2406,#2407,#2408
      ,#2409,#2410,#2411,#2412,#2413,#2414,#2415,#2416,#2417,#2418,#2419
      ,#2420,#2421,#2422,#2423,#2424,#2425,#2426,#2427)
    ,(#2428,#2429,#2430,#2431,#2432,#2433,#2434,#2435,#2436,#2437,#2438
      ,#2439,#2440,#2441,#2442,#2443,#2444,#2445,#2446,#2447,#2448,#2449
      ,#2450,#2451,#2452,#2453,#2454,#2455,#2456,#2457,#2458,#2459,#2460
      ,#2461,#2462,#2463,#2464,#2465,#2466,#2467,#2468,#2469,#2470,#2471
      ,#2472,#2473,#2474,#2475,#2476,#2477,#2478,#2479)
    ,(#2480,#2481,#2482,#2483,#2484,#2485,#2486,#2487,#2488,#2489,#2490
      ,#2491,#2492,#2493,#2494,#2495,#2496,#2497,#2498,#2499,#2500,#2501
      ,#2502,#2503,#2504,#2505,#2506,#2507,#2508,#2509,#2510,#2511,#2512
      ,#2513,#2514,#2515,#2516,#2517,#2518,#2519,#2520,#2521,#2522,#2523
      ,#2524,#2525,#2526,#2527,#2528,#2529,#2530,#2531)
    ,(#2532,#2533,#2534,#2535,#2536,#2537,#2538,#2539,#2540,#2541,#2542
      ,#2543,#2544,#2545,#2546,#2547,#2548,#2549,#2550,#2551,#2552,#2553
      ,#2554,#2555,#2556,#2557,#2558,#2559,#2560,#2561,#2562,#2563,#2564
      ,#2565,#2566,#2567,#2568,#2569,#2570,#2571,#2572,#2573,#2574,#2575
      ,#2576,#2577,#2578,#2579,#2580,#2581,#2582,#2583)
    ,(#2584,#2585,#2586,#2587,#2588,#2589,#2590,#2591,#2592,#2593,#2594
      ,#2595,#2596,#2597,#2598,#2599,#2600,#2601,#2602,#2603,#2604,#2605
      ,#2606,#2607,#2608,#2609,#2610,#2611,#2612,#2613,#2614,#2615,#2616
      ,#2617,#2618,#2619,#2620,#2621,#2622,#2623,#2624,#2625,#2626,#2627
      ,#2628,#2629,#2630,#2631,#2632,#2633,#2634,#2635)
    ,(#2636,#2637,#2638,#2639,#2640,#2641,#2642,#2643,#2644,#2645,#2646
      ,#2647,#2648,#2649,#2650,#2651,#2652,#2653,#2654,#2655,#2656,#2657
      ,#2658,#2659,#2660,#2661,#2662,#2663,#2664,#2665,#2666,#2667,#2668
      ,#2669,#2670,#2671,#2672,#2673,#2674,#2675,#2676,#2677,#2678,#2679
      ,#2680,#2681,#2682,#2683,#2684,#2685,#2686,#2687)
    ,(#2688,#2689,#2690,#2691,#2692,#2693,#2694,#2695,#2696,#2697,#2698
      ,#2699,#2700,#2701,#2702,#2703,#2704,#2705,#2706,#2707,#2708,#2709
      ,#2710,#2711,#2712,#2713,#2714,#2715,#2716,#2717,#2718,#2719,#2720
      ,#2721,#2722,#2723,#2724,#2725,#2726,#2727,#2728,#2729,#2730,#2731
      ,#2732,#2733,#2734,#2735,#2736,#2737,#2738,#2739)
    ,(#2740,#2741,#2742,#2743,#2744,#2745,#2746,#2747,#2748,#2749,#2750
      ,#2751,#2752,#2753,#2754,#2755,#2756,#2757,#2758,#2759,#2760,#2761
      ,#2762,#2763,#2764,#2765,#2766,#2767,#2768,#2769,#2770,#2771,#2772
      ,#2773,#2774,#2775,#2776,#2777,#2778,#2779,#2780,#2781,#2782,#2783
      ,#2784,#2785,#2786,#2787,#2788,#2789,#2790,#2791)
    ,(#2792,#2793,#2794,#2795,#2796,#2797,#2798,#2799,#2800,#2801,#2802
      ,#2803,#2804,#2805,#2806,#2807,#2808,#2809,#2810,#2811,#2812,#2813
      ,#2814,#2815,#2816,#2817,#2818,#2819,#2820,#2821,#2822,#2823,#2824
      ,#2825,#2826,#2827,#2828,#2829,#2830,#2831,#2832,#2833,#2834,#2835
      ,#2836,#2837,#2838,#2839,#2840,#2841,#2842,#2843)
    ,(#2844,#2845,#2846,#2847,#2848,#2849,#2850,#2851,#2852,#2853,#2854
      ,#2855,#2856,#2857,#2858,#2859,#2860,#2861,#2862,#2863,#2864,#2865
      ,#2866,#2867,#2868,#2869,#2870,#2871,#2872,#2873,#2874,#2875,#2876
      ,#2877,#2878,#2879,#2880,#2881,#2882,#2883,#2884,#2885,#2886,#2887
      ,#2888,#2889,#2890,#2891,#2892,#2893,#2894,#2895)
    ,(#2896,#2897,#2898,#2899,#2900,#2901,#2902,#2903,#2904,#2905,#2906
      ,#2907,#2908,#2909,#2910,#2911,#2912,#2913,#2914,#2915,#2916,#2917
      ,#2918,#2919,#2920,#2921,#2922,#2923,#2924,#2925,#2926,#2927,#2928
      ,#2929,#2930,#2931,#2932,#2933,#2934,#2935,#2936,#2937,#2938,#2939
      ,#2940,#2941,#2942,#2943,#2944,#2945,#2946,#2947)
    ,(#2948,#2949,#2950,#2951,#2952,#2953,#2954,#2955,#2956,#2957,#2958
      ,#2959,#2960,#2961,#2962,#2963,#2964,#2965,#2966,#2967,#2968,#2969
      ,#2970,#2971,#2972,#2973,#2974,#2975,#2976,#2977,#2978,#2979,#2980
      ,#2981,#2982,#2983,#2984,#2985,#2986,#2987,#2988,#2989,#2990,#2991
      ,#2992,#2993,#2994,#2995,#2996,#2997,#2998,#2999)
    ,(#3000,#3001,#3002,#3003,#3004,#3005,#3006,#3007,#3008,#3009,#3010
      ,#3011,#3012,#3013,#3014,#3015,#3016,#3017,#3018,#3019,#3020,#3021
      ,#3022,#3023,#3024,#3025,#3026,#3027,#3028,#3029,#3030,#3031,#3032
      ,#3033,#3034,#3035,#3036,#3037,#3038,#3039,#3040,#3041,#3042,#3043
      ,#3044,#3045,#3046,#3047,#3048,#3049,#3050,#3051)
    ,(#3052,#3053,#3054,#3055,#3056,#3057,#3058,#3059,#3060,#3061,#3062
      ,#3063,#3064,#3065,#3066,#3067,#3068,#3069,#3070,#3071,#3072,#3073
      ,#3074,#3075,#3076,#3077,#3078,#3079,#3080,#3081,#3082,#3083,#3084
      ,#3085,#3086,#3087,#3088,#3089,#3090,#3091,#3092,#3093,#3094,#3095
      ,#3096,#3097,#3098,#3099,#3100,#3101,#3102,#3103)
    ,(#3104,#3105,#3106,#3107,#3108,#3109,#3110,#3111,#3112,#3113,#3114
      ,#3115,#3116,#3117,#3118,#3119,#3120,#3121,#3122,#3123,#3124,#3125
      ,#3126,#3127,#3128,#3129,#3130,#3131,#3132,#3133,#3134,#3135,#3136
      ,#3137,#3138,#3139,#3140,#3141,#3142,#3143,#3144,#3145,#3146,#3147
      ,#3148,#3149,#3150,#3151,#3152,#3153,#3154,#3155)
    ,(#3156,#3157,#3158,#3159,#3160,#3161,#3162,#3163,#3164,#3165,#3166
      ,#3167,#3168,#3169,#3170,#3171,#3172,#3173,#3174,#3175,#3176,#3177
      ,#3178,#3179,#3180,#3181,#3182,#3183,#3184,#3185,#3186,#3187,#3188
      ,#3189,#3190,#3191,#3192,#3193,#3194,#3195,#3196,#3197,#3198,#3199
      ,#3200,#3201,#3202,#3203,#3204,#3205,#3206,#3207
  )),.UNSPECIFIED.,.F.,.F.,.F.,(5,3,3,3,3,3,3,3,3,3,3,3,3,3,3,3,3,5),(7,
    5,5,5,5,5,5,5,5,5,7),(0.,1.958181671658,3.926480215025,
    5.905460376132,7.891920778478,9.882455752675,11.873533476751,
    13.86156362833,15.788040109463,15.844631624211,18.332621853815,
    20.830328858064,23.336357998115,25.851787883291,28.349516726627,
    30.838417627704,33.319418325186,35.80070496095),(0.,2.515916896415,
    5.123046198418,7.852620984697,10.713044003567,13.764777279224,
    17.052829924549,20.718002616593,24.835649938627,32.334935030017,
    41.094861724927),.UNSPECIFIED.);
#452 = CARTESIAN_POINT('',(36.050876187305,-60.59360939225,
    -21.0689525551));
#453 = CARTESIAN_POINT('',(35.901712882351,-60.82242010893,
    -20.75079411503));
#454 = CARTESIAN_POINT('',(35.752549577397,-61.05123082562,
    -20.43263567496));
#455 = CARTESIAN_POINT('',(35.603386272442,-61.2800415423,
    -20.11447723488));
#456 = CARTESIAN_POINT('',(35.454222967488,-61.50885225898,
    -19.79631879481));
#457 = CARTESIAN_POINT('',(35.305059662534,-61.73766297566,
    -19.47816035474));
#458 = CARTESIAN_POINT('',(35.001325265154,-62.20357974498,
    -18.83030891369));
#459 = CARTESIAN_POINT('',(34.846754172729,-62.44068579762,
    -18.50061591272));
#460 = CARTESIAN_POINT('',(34.692183080304,-62.67779185025,
    -18.17092291174));
#461 = CARTESIAN_POINT('',(34.537611987878,-62.91489790289,
    -17.84122991076));
#462 = CARTESIAN_POINT('',(34.383040895453,-63.15200395553,
    -17.51153690978));
#463 = CARTESIAN_POINT('',(34.06663918103,-63.63735189723,
    -16.83666666654));
#464 = CARTESIAN_POINT('',(33.904808559032,-63.88559378629,
    -16.49148942428));
#465 = CARTESIAN_POINT('',(33.742977937035,-64.13383567535,
    -16.14631218202));
#466 = CARTESIAN_POINT('',(33.581147315037,-64.38207756441,
    -15.80113493976));
#467 = CARTESIAN_POINT('',(33.419316693039,-64.63031945347,
    -15.4559576975));
#468 = CARTESIAN_POINT('',(33.087897738585,-65.13870325814,
    -14.74905637488));
#469 = CARTESIAN_POINT('',(32.918309406128,-65.39884517376,
    -14.38733229451));
#470 = CARTESIAN_POINT('',(32.748721073672,-65.65898708937,
    -14.02560821415));
#471 = CARTESIAN_POINT('',(32.579132741215,-65.91912900498,
    -13.66388413379));
#472 = CARTESIAN_POINT('',(32.409544408759,-66.1792709206,
    -13.30216005342));
#473 = CARTESIAN_POINT('',(32.059025369933,-66.7169535129,
    -12.55451913301));
#474 = CARTESIAN_POINT('',(31.878094663563,-66.99449418959,
    -12.16860229296));
#475 = CARTESIAN_POINT('',(31.697163957193,-67.27203486628,
    -11.7826854529));
#476 = CARTESIAN_POINT('',(31.516233250823,-67.54957554297,
    -11.39676861285));
#477 = CARTESIAN_POINT('',(31.335302544454,-67.82711621966,
    -11.0108517728));
#478 = CARTESIAN_POINT('',(30.959430264243,-68.40368969959,
    -10.2091335595));
#479 = CARTESIAN_POINT('',(30.764488690402,-68.70272250283,
    -9.793332186256));
#480 = CARTESIAN_POINT('',(30.569547116561,-69.00175530608,
    -9.377530813008));
#481 = CARTESIAN_POINT('',(30.37460554272,-69.30078810932,
    -8.961729439759));
#482 = CARTESIAN_POINT('',(30.179663968878,-69.59982091256,
    -8.54592806651));
#483 = CARTESIAN_POINT('',(29.767422184227,-70.23218379981,
    -7.666635380033));
#484 = CARTESIAN_POINT('',(29.550121973416,-70.56551388382,
    -7.203144066805));
#485 = CARTESIAN_POINT('',(29.332821762605,-70.89884396782,
    -6.739652753577));
#486 = CARTESIAN_POINT('',(29.115521551794,-71.23217405182,
    -6.276161440348));
#487 = CARTESIAN_POINT('',(28.898221340983,-71.56550413583,
    -5.81267012712));
#488 = CARTESIAN_POINT('',(28.43679467112,-72.27331472677,
    -4.828468352187));
#489 = CARTESIAN_POINT('',(28.192668212068,-72.64779523372,
    -4.307757890483));
#490 = CARTESIAN_POINT('',(27.948541753016,-73.02227574066,
    -3.787047428778));
#491 = CARTESIAN_POINT('',(27.704415293964,-73.3967562476,
    -3.266336967073));
#492 = CARTESIAN_POINT('',(27.460288834912,-73.77123675455,
    -2.745626505369));
#493 = CARTESIAN_POINT('',(26.771545882119,-74.82774169513,
    -1.27656959799));
#494 = CARTESIAN_POINT('',(26.326929388379,-75.50976612877,
    -0.328223152316));
#495 = CARTESIAN_POINT('',(25.882312894638,-76.19179056241,
    0.620123293358));
#496 = CARTESIAN_POINT('',(25.437696400898,-76.87381499604,
    1.568469739033));
#497 = CARTESIAN_POINT('',(24.993079907157,-77.55583942968,
    2.516816184707));
#498 = CARTESIAN_POINT('',(24.029106188688,-79.03453767556,
    4.572927603208));
#499 = CARTESIAN_POINT('',(23.509748963959,-79.8312114878,5.680692576035
    ));
#500 = CARTESIAN_POINT('',(22.99039173923,-80.62788530004,6.788457548862
    ));
#501 = CARTESIAN_POINT('',(22.471034514501,-81.42455911227,
    7.896222521689));
#502 = CARTESIAN_POINT('',(21.951677289773,-82.22123292451,
    9.003987494516));
#503 = CARTESIAN_POINT('',(21.432320065044,-83.01790673675,
    10.111752467343));
#504 = CARTESIAN_POINT('',(36.177671731902,-60.24724986567,
    -20.74706331263));
#505 = CARTESIAN_POINT('',(36.025471936379,-60.48127727186,
    -20.42905823829));
#506 = CARTESIAN_POINT('',(35.873283852861,-60.71526237173,
    -20.11098153979));
#507 = CARTESIAN_POINT('',(35.721108414045,-60.94920477413,
    -19.79283294936));
#508 = CARTESIAN_POINT('',(35.568946539555,-61.18310402603,
    -19.47461219658));
#509 = CARTESIAN_POINT('',(35.416799135943,-61.41695961249,
    -19.15631900833));
#510 = CARTESIAN_POINT('',(35.104603114889,-61.88965506842,
    -18.5089550618));
#511 = CARTESIAN_POINT('',(34.946887616869,-62.13177644778,
    -18.17900083703));
#512 = CARTESIAN_POINT('',(34.789189615383,-62.37384967846,
    -17.84896822741));
#513 = CARTESIAN_POINT('',(34.631510103219,-62.61587405444,
    -17.51885692701));
#514 = CARTESIAN_POINT('',(34.473850071049,-62.85784880481,
    -17.18866663102));
#515 = CARTESIAN_POINT('',(34.148725796365,-63.34962046413,
    -16.51353545942));
#516 = CARTESIAN_POINT('',(33.983595506788,-63.60269729722,
    -16.16770886197));
#517 = CARTESIAN_POINT('',(33.818488791487,-63.8557178595,
    -15.82179499438));
#518 = CARTESIAN_POINT('',(33.653406795156,-64.10868111838,
    -15.47579351527));
#519 = CARTESIAN_POINT('',(33.488350672243,-64.36158596722,
    -15.12970409077));
#520 = CARTESIAN_POINT('',(33.147937694853,-64.87595494457,
    -14.42167409482));
#521 = CARTESIAN_POINT('',(32.974915480062,-65.14069799765,
    -14.05884676017));
#522 = CARTESIAN_POINT('',(32.801924300589,-65.4053742512,-13.6959221143
    ));
#523 = CARTESIAN_POINT('',(32.6289655206,-65.66998225895,-13.33289979984
    ));
#524 = CARTESIAN_POINT('',(32.456040528265,-65.93452048655,
    -12.9697794783));
#525 = CARTESIAN_POINT('',(32.096209812394,-66.47763768875,
    -12.21998629148));
#526 = CARTESIAN_POINT('',(31.911640940641,-66.75949156694,
    -11.83242173823));
#527 = CARTESIAN_POINT('',(31.727113853581,-67.04126220134,
    -11.44474488063));
#528 = CARTESIAN_POINT('',(31.542630310987,-67.32294750692,
    -11.0569553708));
#529 = CARTESIAN_POINT('',(31.358192117164,-67.6045452834,
    -10.66905290258));
#530 = CARTESIAN_POINT('',(30.972618734591,-68.18582134828,
    -9.86392055492));
#531 = CARTESIAN_POINT('',(30.773823125344,-68.48876995659,
    -9.445794369024));
#532 = CARTESIAN_POINT('',(30.575084624339,-68.7916113687,
    -9.027536420185));
#533 = CARTESIAN_POINT('',(30.376405619846,-69.09434252999,
    -8.609146463691));
#534 = CARTESIAN_POINT('',(30.177788575123,-69.39696022758,
    -8.190624343662));
#535 = CARTESIAN_POINT('',(29.755311241065,-70.03299548033,
    -7.30627729567));
#536 = CARTESIAN_POINT('',(29.53379858652,-70.36966946828,
    -6.839542208816));
#537 = CARTESIAN_POINT('',(29.312369591524,-70.70619361623,
    -6.372642744836));
#538 = CARTESIAN_POINT('',(29.091027911769,-71.04256300216,
    -5.905579004639));
#539 = CARTESIAN_POINT('',(28.869777334834,-71.37877245917,
    -5.438351299042));
#540 = CARTESIAN_POINT('',(28.397544122754,-72.08865591043,
    -4.446854954572));
#541 = CARTESIAN_POINT('',(28.148918393091,-72.46557133024,
    -3.921665395247));
#542 = CARTESIAN_POINT('',(27.900418126098,-72.84227042391,
    -3.396270359444));
#543 = CARTESIAN_POINT('',(27.652049109023,-73.21874513373,
    -2.870671060257));
#544 = CARTESIAN_POINT('',(27.403817339575,-73.59498703882,
    -2.34486921202));
#545 = CARTESIAN_POINT('',(26.699649725118,-74.64979746099,
    -0.862482414068));
#546 = CARTESIAN_POINT('',(26.246378244712,-75.3310910515,
    9.544453575834E-02));
#547 = CARTESIAN_POINT('',(25.793619673115,-76.01153066218,
    1.054022070585));
#548 = CARTESIAN_POINT('',(25.341413857657,-76.69105961784,
    2.013229251467));
#549 = CARTESIAN_POINT('',(24.889801994808,-77.36961868475,
    2.973036471302));
#550 = CARTESIAN_POINT('',(23.909313623318,-78.83473506967,
    5.054184188754));
#551 = CARTESIAN_POINT('',(23.383000009236,-79.62420215043,6.17660751623
    ));
#552 = CARTESIAN_POINT('',(22.857618341304,-80.41216963661,
    7.299729082234));
#553 = CARTESIAN_POINT('',(22.333233506899,-81.19854285068,
    8.423462708782));
#554 = CARTESIAN_POINT('',(21.809904098791,-81.983232882,9.547699688545)
  );
#555 = CARTESIAN_POINT('',(21.287676374841,-82.76616749757,
    10.672305204646));
#556 = CARTESIAN_POINT('',(36.304467276499,-59.90089033909,
    -20.42517407016));
#557 = CARTESIAN_POINT('',(36.149162455071,-60.13997001873,
    -20.10741388548));
#558 = CARTESIAN_POINT('',(35.993881057654,-60.37896508572,
    -19.78951045246));
#559 = CARTESIAN_POINT('',(35.838624949642,-60.61787475778,
    -19.4714632356));
#560 = CARTESIAN_POINT('',(35.683395970281,-60.85669812884,
    -19.15327169404));
#561 = CARTESIAN_POINT('',(35.528195932676,-61.095434169,-18.83493528154
    ));
#562 = CARTESIAN_POINT('',(35.207469752612,-61.57474389549,
    -18.18815035344));
#563 = CARTESIAN_POINT('',(35.046541313663,-61.82171618551,
    -17.85802642881));
#564 = CARTESIAN_POINT('',(34.88564786778,-62.06859217817,
    -17.52774573447));
#565 = CARTESIAN_POINT('',(34.724791400542,-62.31537046142,
    -17.19730765857));
#566 = CARTESIAN_POINT('',(34.563973893292,-62.56204949346,
    -16.86671159148));
#567 = CARTESIAN_POINT('',(34.230058523013,-63.06008045434,
    -16.19141101544));
#568 = CARTESIAN_POINT('',(34.06156003052,-63.31782781541,
    -15.84502658674));
#569 = CARTESIAN_POINT('',(33.893108686581,-63.57546263485,
    -15.49846761774));
#570 = CARTESIAN_POINT('',(33.724706780582,-63.83298284749,
    -15.15173342569));
#571 = CARTESIAN_POINT('',(33.556356621417,-64.09038624004,
    -14.80482334288));
#572 = CARTESIAN_POINT('',(33.206881085756,-64.61057597399,
    -14.09575619753));
#573 = CARTESIAN_POINT('',(33.030356453295,-64.87975574848,
    -13.73191713252));
#574 = CARTESIAN_POINT('',(32.85389389147,-65.14880192391,
    -13.36788344505));
#575 = CARTESIAN_POINT('',(32.677496128615,-65.41771160772,
    -13.00365442043));
#576 = CARTESIAN_POINT('',(32.501165941066,-65.68648173125,
    -12.63922938164));
#577 = CARTESIAN_POINT('',(32.131955012815,-66.23486912728,
    -11.88737545233));
#578 = CARTESIAN_POINT('',(31.943679440342,-66.52087179091,
    -11.49825470981));
#579 = CARTESIAN_POINT('',(31.755487437257,-66.80670796696,
    -11.10890935858));
#580 = CARTESIAN_POINT('',(31.567382523103,-67.09237348536,
    -10.7193387029));
#581 = CARTESIAN_POINT('',(31.379368306492,-67.37786394557,
    -10.32954213043));
#582 = CARTESIAN_POINT('',(30.984025286222,-67.96367817935,
    -9.521087172332));
#583 = CARTESIAN_POINT('',(30.781307106233,-68.27037817665,
    -9.10072769771));
#584 = CARTESIAN_POINT('',(30.57870314273,-68.57686378157,
    -8.680104697204));
#585 = CARTESIAN_POINT('',(30.376218172249,-68.88312888485,
    -8.259217681389));
#586 = CARTESIAN_POINT('',(30.173857121308,-69.18916706071,
    -7.838066338501));
#587 = CARTESIAN_POINT('',(29.74107570251,-69.82871026291,
    -6.948756452918));
#588 = CARTESIAN_POINT('',(29.515282068896,-70.16856373875,
    -6.47886911636));
#589 = CARTESIAN_POINT('',(29.289655754378,-70.50811753458,
    -6.008653025553));
#590 = CARTESIAN_POINT('',(29.064204070345,-70.84736180636,
    -5.53810838231));
#591 = CARTESIAN_POINT('',(28.83893459195,-71.18628622032,
    -5.067235808266));
#592 = CARTESIAN_POINT('',(28.355826302317,-71.89807811584,
    -4.068536418183));
#593 = CARTESIAN_POINT('',(28.102632766709,-72.27726403245,
    -3.538959285161));
#594 = CARTESIAN_POINT('',(27.849690156438,-72.65601729677,
    -3.008971199182));
#595 = CARTESIAN_POINT('',(27.597010046006,-73.03432179342,
    -2.478574586435));
#596 = CARTESIAN_POINT('',(27.344604430827,-73.4121606806,
    -1.947772875588));
#597 = CARTESIAN_POINT('',(26.62494361937,-74.46511216828,
    -0.452147710987));
#598 = CARTESIAN_POINT('',(26.162948616963,-75.14551049959,
    0.515268219069));
#599 = CARTESIAN_POINT('',(25.701979432174,-75.82420087126,
    1.483985319125));
#600 = CARTESIAN_POINT('',(25.242115759663,-76.50106993289,
    2.453961711291));
#601 = CARTESIAN_POINT('',(24.783439992371,-77.175999217,3.425138181364)
  );
#602 = CARTESIAN_POINT('',(23.786368432525,-78.62736932491,
    5.531230673844));
#603 = CARTESIAN_POINT('',(23.253029893755,-79.40946525813,
    6.668220832047));
#604 = CARTESIAN_POINT('',(22.721555247283,-80.18856200217,
    7.806607467305));
#605 = CARTESIAN_POINT('',(22.192074267868,-80.96447020201,
    8.946218223651));
#606 = CARTESIAN_POINT('',(21.664704141046,-81.73701203636,
    10.086835686428));
#607 = CARTESIAN_POINT('',(21.139537382538,-82.5060430392,11.22819022188
    ));
#608 = CARTESIAN_POINT('',(36.431262821095,-59.55453081251,
    -20.10328482769));
#609 = CARTESIAN_POINT('',(36.272789552065,-59.79850093622,
    -19.78586404304));
#610 = CARTESIAN_POINT('',(36.114351419051,-60.04234414095,
    -19.46822838586));
#611 = CARTESIAN_POINT('',(35.955951220142,-60.28605925329,
    -19.15037705292));
#612 = CARTESIAN_POINT('',(35.797591714212,-60.52964491413,
    -18.83230923294));
#613 = CARTESIAN_POINT('',(35.639275620915,-60.77309957862,
    -18.51402410656));
#614 = CARTESIAN_POINT('',(35.309955860143,-61.2588617463,
    -17.86791270726));
#615 = CARTESIAN_POINT('',(35.145751058566,-61.51052311759,
    -17.53771359312));
#616 = CARTESIAN_POINT('',(34.981598746588,-61.76204004285,
    -17.20727932442));
#617 = CARTESIAN_POINT('',(34.817501902577,-62.013410404,-16.87660898338
    ));
#618 = CARTESIAN_POINT('',(34.653463498549,-62.26463188833,
    -16.54570165556));
#619 = CARTESIAN_POINT('',(34.310693610975,-62.76876032139,
    -15.87032618545));
#620 = CARTESIAN_POINT('',(34.138763493869,-63.03101638106,
    -15.52347843585));
#621 = CARTESIAN_POINT('',(33.966904099593,-63.29310362827,
    -15.1763688758));
#622 = CARTESIAN_POINT('',(33.795118862226,-63.55501896529,
    -14.82899648118));
#623 = CARTESIAN_POINT('',(33.623411245111,-63.81675907218,
    -14.48136025042));
#624 = CARTESIAN_POINT('',(33.264809729482,-64.34260773337,
    -13.77135046603));
#625 = CARTESIAN_POINT('',(33.084719257652,-64.61606239988,
    -13.40659418101));
#626 = CARTESIAN_POINT('',(32.904721891776,-64.88931666781,
    -13.04154596232));
#627 = CARTESIAN_POINT('',(32.724821724355,-65.16236619831,
    -12.67620473789));
#628 = CARTESIAN_POINT('',(32.545022919894,-65.43520638838,
    -12.3105694922));
#629 = CARTESIAN_POINT('',(32.166368357564,-65.98870214887,
    -11.55674933077));
#630 = CARTESIAN_POINT('',(31.974322662673,-66.27869176857,
    -11.16616690935));
#631 = CARTESIAN_POINT('',(31.782402321865,-66.56843165688,
    -10.77524757485));
#632 = CARTESIAN_POINT('',(31.590612614453,-66.85791555873,
    -10.38399028368));
#633 = CARTESIAN_POINT('',(31.398958953355,-67.14713687329,
    -9.992394117331));
#634 = CARTESIAN_POINT('',(30.993782873689,-67.73732744658,
    -9.180711059146));
#635 = CARTESIAN_POINT('',(30.787078701259,-68.04761700351,
    -8.758212806161));
#636 = CARTESIAN_POINT('',(30.580545853559,-68.35758497186,
    -8.335319264349));
#637 = CARTESIAN_POINT('',(30.374191495392,-68.66722218774,
    -7.912029699574));
#638 = CARTESIAN_POINT('',(30.168023016535,-68.97651901251,
    -7.48834364419));
#639 = CARTESIAN_POINT('',(29.724874091297,-69.61940833476,
    -6.594165431376));
#640 = CARTESIAN_POINT('',(29.494736056915,-69.96227946911,
    -6.121220355477));
#641 = CARTESIAN_POINT('',(29.264849001177,-70.30470108345,
    -5.647782148204));
#642 = CARTESIAN_POINT('',(29.035223891167,-70.64665841171,
    -5.173851112277));
#643 = CARTESIAN_POINT('',(28.805872089615,-70.98813595323,
    -4.699428180148));
#644 = CARTESIAN_POINT('',(28.311825300729,-71.70167446363,
    -3.693620254813));
#645 = CARTESIAN_POINT('',(28.054000537478,-72.08296904767,
    -3.159750058455));
#646 = CARTESIAN_POINT('',(27.796552162231,-72.46361465327,
    -2.625263432663));
#647 = CARTESIAN_POINT('',(27.539497536742,-72.84358710737,
    -2.090164016717));
#648 = CARTESIAN_POINT('',(27.282854654134,-73.22286114724,
    -1.554456953621));
#649 = CARTESIAN_POINT('',(26.547637223978,-74.27379187107,
    -4.568793273291E-02));
#650 = CARTESIAN_POINT('',(26.076855277872,-74.95313311381,
    0.931122467191));
#651 = CARTESIAN_POINT('',(25.607612058193,-75.62991241708,
    1.909884622114));
#652 = CARTESIAN_POINT('',(25.14002710693,-76.3039597553,2.890535715204)
  );
#653 = CARTESIAN_POINT('',(24.674224013496,-76.97509742723,
    3.872986925152));
#654 = CARTESIAN_POINT('',(23.660505843596,-78.41255942874,
    6.003929682299));
#655 = CARTESIAN_POINT('',(23.120078958438,-79.18712238505,
    7.155392160866));
#656 = CARTESIAN_POINT('',(22.582447911728,-79.95718655758,
    8.308949355017));
#657 = CARTESIAN_POINT('',(22.047807365604,-80.72246791382,9.4643427308)
  );
#658 = CARTESIAN_POINT('',(21.516333098369,-81.48269972182,
    10.621246166228));
#659 = CARTESIAN_POINT('',(20.988163883606,-82.23766528255,
    11.77925521067));
#660 = CARTESIAN_POINT('',(36.685508994685,-58.86002230592,
    -19.45784331413));
#661 = CARTESIAN_POINT('',(36.518267892894,-59.11010033377,
    -19.13643987644));
#662 = CARTESIAN_POINT('',(36.351073639124,-59.36000913631,
    -18.81474994205));
#663 = CARTESIAN_POINT('',(36.183929964162,-59.609747149,-18.49277243998
    ));
#664 = CARTESIAN_POINT('',(36.016840546505,-59.85931255968,
    -18.17050628852));
#665 = CARTESIAN_POINT('',(35.849809012358,-60.10870330857,
    -17.84795039519));
#666 = CARTESIAN_POINT('',(35.50629628572,-60.60213537749,
    -17.19819047163));
#667 = CARTESIAN_POINT('',(35.333215736357,-60.85970329013,
    -16.86359411494));
#668 = CARTESIAN_POINT('',(35.160205173126,-61.11707860806,
    -16.52868421881));
#669 = CARTESIAN_POINT('',(34.987268567184,-61.37425850717,
    -16.19345955958));
#670 = CARTESIAN_POINT('',(34.81440988122,-61.63123990386,
    -15.85791891797));
#671 = CARTESIAN_POINT('',(34.457186091193,-62.14268326916,
    -15.17814650073));
#672 = CARTESIAN_POINT('',(34.276224964316,-62.4106654875,
    -14.82651337717));
#673 = CARTESIAN_POINT('',(34.095358134545,-62.67842262256,
    -14.47453117302));
#674 = CARTESIAN_POINT('',(33.914590180654,-62.94595054403,
    -14.12219852277));
#675 = CARTESIAN_POINT('',(33.733925720431,-63.21324482532,-13.769514091
    ));
#676 = CARTESIAN_POINT('',(33.360598839674,-63.7459698738,
    -13.05423961451));
#677 = CARTESIAN_POINT('',(33.171343143318,-64.0249168924,
    -12.68424405644));
#678 = CARTESIAN_POINT('',(32.982211588234,-64.3035967129,
    -12.31385925346));
#679 = CARTESIAN_POINT('',(32.793209631089,-64.58200355016,
    -11.94308377616));
#680 = CARTESIAN_POINT('',(32.604342824557,-64.86013126684,
    -11.57191627053));
#681 = CARTESIAN_POINT('',(32.210645242991,-65.41995285184,
    -10.81180782392));
#682 = CARTESIAN_POINT('',(32.009230040524,-65.71514688768,
    -10.41544167053));
#683 = CARTESIAN_POINT('',(31.807981976835,-66.01000794833,
    -10.01862629971));
#684 = CARTESIAN_POINT('',(31.606908091006,-66.30452769369,
    -9.621360319987));
#685 = CARTESIAN_POINT('',(31.406015600264,-66.59869732267,
    -9.223642506696));
#686 = CARTESIAN_POINT('',(30.985407076044,-67.19448169554,
    -8.404409295374));
#687 = CARTESIAN_POINT('',(30.769117526016,-67.50957827215,
    -7.975450210968));
#688 = CARTESIAN_POINT('',(30.553056408961,-67.82424606399,
    -7.545964074793));
#689 = CARTESIAN_POINT('',(30.33723327795,-68.13847285255,
    -7.115949908001));
#690 = CARTESIAN_POINT('',(30.121657986019,-68.45224578628,
    -6.685407087063));
#691 = CARTESIAN_POINT('',(29.662542169184,-69.09969868867,
    -5.782038493962));
#692 = CARTESIAN_POINT('',(29.422460348875,-69.44680494159,
    -5.301713625664));
#693 = CARTESIAN_POINT('',(29.18271316676,-69.7933118345,-4.820731248867
    ));
#694 = CARTESIAN_POINT('',(28.943315245615,-70.13919967931,
    -4.339091767198));
#695 = CARTESIAN_POINT('',(28.704281735747,-70.48444780846,
    -3.856796423927));
#696 = CARTESIAN_POINT('',(28.193697062452,-71.20095039381,
    -2.839557910284));
#697 = CARTESIAN_POINT('',(27.925641686398,-71.58557110534,
    -2.297072597532));
#698 = CARTESIAN_POINT('',(27.658088161017,-71.96932651229,
    -1.753765378868));
#699 = CARTESIAN_POINT('',(27.391059635315,-72.35218438389,
    -1.209641106667));
#700 = CARTESIAN_POINT('',(27.124580100119,-72.73411103654,
    -0.664706638265));
#701 = CARTESIAN_POINT('',(26.368206666107,-73.78423845658,
    0.861528291968));
#702 = CARTESIAN_POINT('',(25.883038391143,-74.46374007081,
    1.852055214818));
#703 = CARTESIAN_POINT('',(25.399921751416,-75.13982576575,
    2.845184477665));
#704 = CARTESIAN_POINT('',(24.919016136243,-75.81226884062,
    3.840832324736));
#705 = CARTESIAN_POINT('',(24.44048633151,-76.48083236045,4.838880327618
    ));
#706 = CARTESIAN_POINT('',(23.404522166397,-77.90560371563,
    6.998995402488));
#707 = CARTESIAN_POINT('',(22.851407549695,-78.67385115509,
    8.169252254477));
#708 = CARTESIAN_POINT('',(22.302020717589,-79.43610021618,
    9.342302060577));
#709 = CARTESIAN_POINT('',(21.756621219597,-80.19197218888,
    10.517800108855));
#710 = CARTESIAN_POINT('',(21.215443426791,-80.94111143059,
    11.695311569992));
#711 = CARTESIAN_POINT('',(20.678672370614,-81.68322900928,
    12.874297176481));
#712 = CARTESIAN_POINT('',(36.812959623677,-58.51187332592,
    -19.13429104303));
#713 = CARTESIAN_POINT('',(36.642404378382,-58.76652855244,
    -18.81339960423));
#714 = CARTESIAN_POINT('',(36.471907693113,-59.02097224732,
    -18.49215004455));
#715 = CARTESIAN_POINT('',(36.301474231353,-59.2752024549,
    -18.17054102528));
#716 = CARTESIAN_POINT('',(36.131108591225,-59.52921690995,
    -17.84857119426));
#717 = CARTESIAN_POINT('',(35.960815305484,-59.78301303778,
    -17.52623918591));
#718 = CARTESIAN_POINT('',(35.608563302236,-60.28258430248,
    -16.87732539001));
#719 = CARTESIAN_POINT('',(35.432060694342,-60.544528051,-16.54282644268
    ));
#720 = CARTESIAN_POINT('',(35.255645569115,-60.80623105614,
    -16.20793557106));
#721 = CARTESIAN_POINT('',(35.079322890498,-61.06768978775,
    -15.87265124556));
#722 = CARTESIAN_POINT('',(34.903097611853,-61.32890039133,
    -15.53697194207));
#723 = CARTESIAN_POINT('',(34.536873608631,-61.84612798342,
    -14.85729722962));
#724 = CARTESIAN_POINT('',(34.352335161238,-62.11830565496,
    -14.50537338404));
#725 = CARTESIAN_POINT('',(34.167914585228,-62.3902019724,
    -14.15301318771));
#726 = CARTESIAN_POINT('',(33.983617604067,-62.66181177284,
    -13.80021493375));
#727 = CARTESIAN_POINT('',(33.799449989993,-62.93312952307,
    -13.44697695289));
#728 = CARTESIAN_POINT('',(33.416851433365,-63.47120025339,
    -12.73093243623));
#729 = CARTESIAN_POINT('',(33.223884201738,-63.75410891862,
    -12.36019225702));
#730 = CARTESIAN_POINT('',(33.031072146702,-64.03668358622,
    -11.98896552168));
#731 = CARTESIAN_POINT('',(32.838422089089,-64.31891702477,
    -11.61725044344));
#732 = CARTESIAN_POINT('',(32.645940969743,-64.60080156261,
    -11.24504532978));
#733 = CARTESIAN_POINT('',(32.242654058196,-65.16541826666,
    -10.48314324992));
#734 = CARTESIAN_POINT('',(32.03732303741,-65.46428601316,
    -10.08548801649));
#735 = CARTESIAN_POINT('',(31.832200940094,-65.76273754068,
    -9.687271261265));
#736 = CARTESIAN_POINT('',(31.627296565106,-66.0607624241,
    -9.288491244909));
#737 = CARTESIAN_POINT('',(31.422618933975,-66.35834966202,-8.8891464366
    ));
#738 = CARTESIAN_POINT('',(30.992031654457,-66.95819712901,
    -8.066857724063));
#739 = CARTESIAN_POINT('',(30.771610416087,-67.27657001985,
    -7.63593246016));
#740 = CARTESIAN_POINT('',(30.551474718932,-67.59440692972,
    -7.204348381544));
#741 = CARTESIAN_POINT('',(30.331636504334,-67.91169258549,
    -6.772104264657));
#742 = CARTESIAN_POINT('',(30.112108088584,-68.22841092273,
    -6.339199330089));
#743 = CARTESIAN_POINT('',(29.642479069407,-68.87889669978,
    -5.431135008623));
#744 = CARTESIAN_POINT('',(29.397907152429,-69.22870736581,
    -4.947924999848));
#745 = CARTESIAN_POINT('',(29.153753533192,-69.57776883182,
    -4.463893105451));
#746 = CARTESIAN_POINT('',(28.910036490168,-69.92605648772,
    -3.979039829963));
#747 = CARTESIAN_POINT('',(28.66677496124,-70.27354449904,
    -3.493366727473));
#748 = CARTESIAN_POINT('',(28.145106092791,-70.99148045387,
    -2.469192277443));
#749 = CARTESIAN_POINT('',(27.872273793192,-71.37789658743,
    -1.922586500221));
#750 = CARTESIAN_POINT('',(27.600068806933,-71.76323109025,
    -1.374953340608));
#751 = CARTESIAN_POINT('',(27.328520070272,-72.14744367391,
    -0.826298864075));
#752 = CARTESIAN_POINT('',(27.057657571746,-72.53049223386,
    -0.27663164229));
#753 = CARTESIAN_POINT('',(26.285581823132,-73.57828564464,
    1.262574545366));
#754 = CARTESIAN_POINT('',(25.791480908567,-74.25641692491,
    2.262323339218));
#755 = CARTESIAN_POINT('',(25.299944538048,-74.93027830605,
    3.265325058068));
#756 = CARTESIAN_POINT('',(24.811171948221,-75.59958641211,
    4.271475007196));
#757 = CARTESIAN_POINT('',(24.325369121444,-76.26404507436,
    5.280625151089));
#758 = CARTESIAN_POINT('',(23.272612650375,-77.67459507776,7.46541789176
    ));
#759 = CARTESIAN_POINT('',(22.712263991384,-78.4349962949,8.649974465249
    ));
#760 = CARTESIAN_POINT('',(22.156575063138,-79.18789953909,
    9.838022231376));
#761 = CARTESIAN_POINT('',(21.605870302535,-79.93283142278,
    11.029130300225));
#762 = CARTESIAN_POINT('',(21.060442673415,-80.66934739274,
    12.222755135148));
#763 = CARTESIAN_POINT('',(20.52052346508,-81.39708628392,
    13.418222651761));
#764 = CARTESIAN_POINT('',(36.94041025267,-58.16372434591,
    -18.81073877194));
#765 = CARTESIAN_POINT('',(36.766487148226,-58.42279831557,
    -18.49046017501));
#766 = CARTESIAN_POINT('',(36.592634315813,-58.68161844726,
    -18.16975183304));
#767 = CARTESIAN_POINT('',(36.418857351611,-58.94018239418,
    -17.84861213955));
#768 = CARTESIAN_POINT('',(36.245161773367,-59.19848743808,
    -17.52703947196));
#769 = CARTESIAN_POINT('',(36.071553020389,-59.45653048931,
    -17.20503219158));
#770 = CARTESIAN_POINT('',(35.710508024886,-59.96208249425,
    -16.55706536633));
#771 = CARTESIAN_POINT('',(35.530529642818,-60.22824362312,
    -16.22276467135));
#772 = CARTESIAN_POINT('',(35.35065623995,-60.49411585993,
    -15.88799366722));
#773 = CARTESIAN_POINT('',(35.170893773013,-60.75969496849,
    -15.55275051844));
#774 = CARTESIAN_POINT('',(34.991248186044,-61.02497632344,
    -15.21703339608));
#775 = CARTESIAN_POINT('',(34.61597025398,-61.54782968677,
    -14.53755723141));
#776 = CARTESIAN_POINT('',(34.427800770428,-61.82404435597,
    -14.18544350677));
#777 = CARTESIAN_POINT('',(34.239772732535,-62.09992140025,
    -13.83280616125));
#778 = CARTESIAN_POINT('',(34.05189300846,-62.37545462415,
    -13.47964314658));
#779 = CARTESIAN_POINT('',(33.86416852489,-62.65063738778,
    -13.12595245962));
#780 = CARTESIAN_POINT('',(33.472244576746,-63.1938953444,
    -12.40923874578));
#781 = CARTESIAN_POINT('',(33.275512094204,-63.48060720071,
    -12.03785478842));
#782 = CARTESIAN_POINT('',(33.078965823571,-63.76691825988,
    -11.6658869637));
#783 = CARTESIAN_POINT('',(32.882613949846,-64.05281984419,
    -11.29333312751));
#784 = CARTESIAN_POINT('',(32.686464802042,-64.33830274763,
    -10.92019124882));
#785 = CARTESIAN_POINT('',(32.273534844869,-64.90755611521,
    -10.15659637868));
#786 = CARTESIAN_POINT('',(32.064234290119,-65.20993911684,
    -9.757752908207));
#787 = CARTESIAN_POINT('',(31.855184443534,-65.51182265569,
    -9.358235611569));
#788 = CARTESIAN_POINT('',(31.646395863741,-65.81319422162,
    -8.958042401575));
#789 = CARTESIAN_POINT('',(31.437879376577,-66.11404061296,
    -8.557171441236));
#790 = CARTESIAN_POINT('',(30.997259626117,-66.71779271853,
    -7.731928070474));
#791 = CARTESIAN_POINT('',(30.77265298376,-67.03928346805,
    -7.299137470063));
#792 = CARTESIAN_POINT('',(30.548388990862,-67.36013104042,
    -6.865556291995));
#793 = CARTESIAN_POINT('',(30.324481977031,-67.68031710787,
    -6.431183068003));
#794 = CARTESIAN_POINT('',(30.100946721819,-67.99982239306,
    -5.996016862794));
#795 = CARTESIAN_POINT('',(29.620750784657,-68.65318258924,
    -5.083357655952));
#796 = CARTESIAN_POINT('',(29.371635055364,-69.00553921285,
    -4.59736334969));
#797 = CARTESIAN_POINT('',(29.123021283361,-69.35699679644,
    -4.110382780681));
#798 = CARTESIAN_POINT('',(28.874931402813,-69.70752580788,
    -3.622416554365));
#799 = CARTESIAN_POINT('',(28.627388139181,-70.05709524583,
    -3.133466535644));
#800 = CARTESIAN_POINT('',(28.094581359934,-70.77630611461,
    -2.102456992217));
#801 = CARTESIAN_POINT('',(27.816918421144,-71.16435921466,
    -1.551831593513));
#802 = CARTESIAN_POINT('',(27.540008258364,-71.55111435782,
    -0.999973335942));
#803 = CARTESIAN_POINT('',(27.263885595101,-71.93652319799,
    -0.446889498064));
#804 = CARTESIAN_POINT('',(26.988586417598,-72.32053520972,
    0.107409634114));
#805 = CARTESIAN_POINT('',(26.200754638739,-73.3658361557,1.659486236203
    ));
#806 = CARTESIAN_POINT('',(25.697667368928,-74.04243864646,
    2.668356058069));
#807 = CARTESIAN_POINT('',(25.197657551972,-74.71391725827,
    3.681129389931));
#808 = CARTESIAN_POINT('',(24.700964271848,-75.37993193998,
    4.697680598128));
#809 = CARTESIAN_POINT('',(24.207834707383,-76.04012728913,
    5.717832040042));
#810 = CARTESIAN_POINT('',(23.138232214713,-77.4362974852,7.927201603524
    ));
#811 = CARTESIAN_POINT('',(22.570595797788,-78.18869402448,
    9.125957055523));
#812 = CARTESIAN_POINT('',(22.008551057759,-78.93209299623,
    10.328901938688));
#813 = CARTESIAN_POINT('',(21.4524873189,-79.66592633539,11.535519185119
    ));
#814 = CARTESIAN_POINT('',(20.90275613782,-80.38966057805,12.74515655084
    ));
#815 = CARTESIAN_POINT('',(20.359635061684,-81.1028623262,
    13.957005134588));
#816 = CARTESIAN_POINT('',(37.196003163304,-57.46553704125,
    -18.16187836721));
#817 = CARTESIAN_POINT('',(37.012930399621,-57.7297799106,
    -17.83817658047));
#818 = CARTESIAN_POINT('',(36.829939619973,-57.99372663565,
    -17.51397342452));
#819 = CARTESIAN_POINT('',(36.64703735324,-58.25737447847,
    -17.18926702512));
#820 = CARTESIAN_POINT('',(36.464230036791,-58.52072026777,
    -16.86405548928));
#821 = CARTESIAN_POINT('',(36.281524016484,-58.78376039895,
    -16.53833690518));
#822 = CARTESIAN_POINT('',(35.905904228637,-59.29604330069,
    -15.8872810189));
#823 = CARTESIAN_POINT('',(35.716668272304,-59.56717196645,
    -15.54914254459));
#824 = CARTESIAN_POINT('',(35.527554791704,-59.83796359148,
    -15.21045537627));
#825 = CARTESIAN_POINT('',(35.338570736359,-60.10841323356,
    -14.87121737251));
#826 = CARTESIAN_POINT('',(35.149723040974,-60.37851549641,
    -14.53142639959));
#827 = CARTESIAN_POINT('',(34.75960937998,-60.90774478754,
    -13.84811275101));
#828 = CARTESIAN_POINT('',(34.562027060178,-61.18874661096,
    -13.49177311565));
#829 = CARTESIAN_POINT('',(34.364609760311,-61.46935453864,
    -13.13482258925));
#830 = CARTESIAN_POINT('',(34.167365493233,-61.74956134253,
    -12.77725878218));
#831 = CARTESIAN_POINT('',(33.970302340077,-62.02935927612,
    -12.41907935744));
#832 = CARTESIAN_POINT('',(33.563271200327,-62.57855461559,
    -11.69766041472));
#833 = CARTESIAN_POINT('',(33.35699166678,-62.86981981954,
    -11.32159664753));
#834 = CARTESIAN_POINT('',(33.150929380461,-63.16061742683,
    -10.94485170176));
#835 = CARTESIAN_POINT('',(32.945093890533,-63.45093731345,
    -10.56742307593));
#836 = CARTESIAN_POINT('',(32.73949491418,-63.74076873906,
    -10.18930840051));
#837 = CARTESIAN_POINT('',(32.311140111293,-64.3154089267,
    -9.419984708427));
#838 = CARTESIAN_POINT('',(32.092088222489,-64.62205734002,
    -9.015916969206));
#839 = CARTESIAN_POINT('',(31.873328826543,-64.92812304676,
    -8.61106309947));
#840 = CARTESIAN_POINT('',(31.654874241856,-65.23359145175,
    -8.205420664152));
#841 = CARTESIAN_POINT('',(31.436737098569,-65.53844715306,
    -7.798987520098));
#842 = CARTESIAN_POINT('',(30.980303077076,-66.14685405376,
    -6.966753459426));
#843 = CARTESIAN_POINT('',(30.745729230642,-66.47221281852,
    -6.52806149082));
#844 = CARTESIAN_POINT('',(30.511555141911,-66.79682120994,
    -6.088447181616));
#845 = CARTESIAN_POINT('',(30.277797528758,-67.12065784561,
    -5.647908818833));
#846 = CARTESIAN_POINT('',(30.044473633994,-67.44370023533,
    -5.206445311296));
#847 = CARTESIAN_POINT('',(29.547928978755,-68.10068500719,
    -4.285155187393));
#848 = CARTESIAN_POINT('',(29.288487637058,-68.45633774492,
    -3.792340551959));
#849 = CARTESIAN_POINT('',(29.029631912199,-68.81094160263,
    -3.298375276653));
#850 = CARTESIAN_POINT('',(28.771387394037,-69.16446212617,
    -2.803260067821));
#851 = CARTESIAN_POINT('',(28.513780595611,-69.5168631473,
    -2.306997101185));
#852 = CARTESIAN_POINT('',(27.964054105476,-70.23809908658,
    -1.265116432675));
#853 = CARTESIAN_POINT('',(27.675778727406,-70.62853930967,
    -0.706435380804));
#854 = CARTESIAN_POINT('',(27.388381588013,-71.01746524974,
    -0.146315993588));
#855 = CARTESIAN_POINT('',(27.101903198057,-71.40482050297,
    0.415233237319));
#856 = CARTESIAN_POINT('',(26.816385541489,-71.79054612302,
    0.978200311577));
#857 = CARTESIAN_POINT('',(26.007015932295,-72.83410476076,
    2.547183359785));
#858 = CARTESIAN_POINT('',(25.489160507148,-73.50992861856,
    3.569210241349));
#859 = CARTESIAN_POINT('',(24.974895443666,-74.1797746176,4.595791217909
    ));
#860 = CARTESIAN_POINT('',(24.464499673153,-74.84324603152,5.62677971686
    ));
#861 = CARTESIAN_POINT('',(23.95826157091,-75.4999282241,6.661968488481)
  );
#862 = CARTESIAN_POINT('',(22.866031256549,-76.8824687694,8.899950906461
    ));
#863 = CARTESIAN_POINT('',(22.285325281601,-77.62761078739,
    10.116941268656));
#864 = CARTESIAN_POINT('',(21.711142929697,-78.36225564325,
    11.338819300544));
#865 = CARTESIAN_POINT('',(21.143938412493,-79.08574059441,
    12.564981756243));
#866 = CARTESIAN_POINT('',(20.584121879364,-79.79744326634,
    13.794667684446));
#867 = CARTESIAN_POINT('',(20.032017135335,-80.496858028,15.026933367014
    ));
#868 = CARTESIAN_POINT('',(37.324145444945,-57.1154987166,
    -17.83657023358));
#869 = CARTESIAN_POINT('',(37.137576198868,-57.38385143417,
    -17.51366658445));
#870 = CARTESIAN_POINT('',(36.951100648832,-57.65186570113,
    -17.19018994194));
#871 = CARTESIAN_POINT('',(36.764726256412,-57.91953838838,
    -16.86613816406));
#872 = CARTESIAN_POINT('',(36.578460378603,-58.18686587161,
    -16.54150908739));
#873 = CARTESIAN_POINT('',(36.392310267813,-58.45384403128,
    -16.21630052699));
#874 = CARTESIAN_POINT('',(36.007768864467,-58.97179877835,
    -15.5663769071));
#875 = CARTESIAN_POINT('',(35.814928510714,-59.24683592955,
    -15.22862198088));
#876 = CARTESIAN_POINT('',(35.622228129229,-59.52148789133,
    -14.89023997579));
#877 = CARTESIAN_POINT('',(35.42967566232,-59.79574901547,
    -14.55122844449));
#878 = CARTESIAN_POINT('',(35.237279035366,-60.06961313477,
    -14.21158494842));
#879 = CARTESIAN_POINT('',(34.837982822286,-60.60415930223,
    -13.52865514336));
#880 = CARTESIAN_POINT('',(34.63664084308,-60.88888922841,-13.1723109247
    ));
#881 = CARTESIAN_POINT('',(34.435487458085,-61.17316898802,
    -12.81526854485));
#882 = CARTESIAN_POINT('',(34.234531824849,-61.45699032045,
    -12.4575252728));
#883 = CARTESIAN_POINT('',(34.033783178952,-61.74034437253,
    -12.09907843769));
#884 = CARTESIAN_POINT('',(33.617298024442,-62.29441804338,
    -11.37717559353));
#885 = CARTESIAN_POINT('',(33.407124616736,-62.58917754352,
    -11.00065334392));
#886 = CARTESIAN_POINT('',(33.197199491575,-62.88340264747,
    -10.62335260452));
#887 = CARTESIAN_POINT('',(32.987533562291,-63.17708178493,
    -10.24527051647));
#888 = CARTESIAN_POINT('',(32.778137934234,-63.47020268124,
    -9.866404371763));
#889 = CARTESIAN_POINT('',(32.340011462477,-64.04917063749,
    -9.095573185144));
#890 = CARTESIAN_POINT('',(32.116861416464,-64.35902541103,
    -8.690502504607));
#891 = CARTESIAN_POINT('',(31.894045648004,-64.66821423419,
    -8.284533389196));
#892 = CARTESIAN_POINT('',(31.671578235267,-64.97672042679,
    -7.877663055976));
#893 = CARTESIAN_POINT('',(31.449473612703,-65.2845263866,
    -7.469889055631));
#894 = CARTESIAN_POINT('',(30.982878497023,-65.89652903097,
    -6.634885632471));
#895 = CARTESIAN_POINT('',(30.743990623358,-66.22469675951,
    -6.194513623094));
#896 = CARTESIAN_POINT('',(30.505559615638,-66.55200691851,
    -5.753087510176));
#897 = CARTESIAN_POINT('',(30.267604580008,-66.87843507095,
    -5.310605336025));
#898 = CARTESIAN_POINT('',(30.030145222537,-67.20395551372,
    -4.867065853584));
#899 = CARTESIAN_POINT('',(29.522905026068,-67.8635058098,
    -3.941366140043));
#900 = CARTESIAN_POINT('',(29.258791248812,-68.2213956102,
    -3.445952502859));
#901 = CARTESIAN_POINT('',(28.995346747942,-68.57808669057,
    -2.949223848679));
#902 = CARTESIAN_POINT('',(28.732600769012,-68.93353967475,
    -2.451180984755));
#903 = CARTESIAN_POINT('',(28.470583612637,-69.2877132276,
    -1.951826397626));
#904 = CARTESIAN_POINT('',(27.90959058846,-70.00991518591,
    -0.903295931456));
#905 = CARTESIAN_POINT('',(27.616355947955,-70.40168348059,
    -0.340780553843));
#906 = CARTESIAN_POINT('',(27.324125008795,-70.79172116609,
    0.223378635596));
#907 = CARTESIAN_POINT('',(27.032944068992,-71.17996378091,
    0.789171932109));
#908 = CARTESIAN_POINT('',(26.742861110203,-71.56634395782,
    1.356585621023));
#909 = CARTESIAN_POINT('',(25.91760684752,-72.60710123587,2.938253787926
    ));
#910 = CARTESIAN_POINT('',(25.390636443883,-73.28108740925,
    3.969216401766));
#911 = CARTESIAN_POINT('',(24.867769310719,-73.94824174405,
    5.005383695602));
#912 = CARTESIAN_POINT('',(24.349324226664,-74.60811083871,
    6.046588157885));
#913 = CARTESIAN_POINT('',(23.835630763487,-75.26022082328,
    7.092592931789));
#914 = CARTESIAN_POINT('',(22.726425804281,-76.62807266633,
    9.354966876843));
#915 = CARTESIAN_POINT('',(22.138303448156,-77.36490111156,
    10.585970821811));
#916 = CARTESIAN_POINT('',(21.557636661223,-78.08973280007,11.822560675)
  );
#917 = CARTESIAN_POINT('',(20.984944542518,-78.80181031179,
    13.064047012543));
#918 = CARTESIAN_POINT('',(20.420695834185,-79.50042236152,
    14.309560175805));
#919 = CARTESIAN_POINT('',(19.86526059911,-80.18499108522,
    15.558021629771));
#920 = CARTESIAN_POINT('',(37.452287726586,-56.76546039195,
    -17.51126209995));
#921 = CARTESIAN_POINT('',(37.262178118439,-57.03776766505,
    -17.18926342225));
#922 = CARTESIAN_POINT('',(37.072173918337,-57.30969418122,
    -16.86662012699));
#923 = CARTESIAN_POINT('',(36.882283520554,-57.58123642023,
    -16.54332980446));
#924 = CARTESIAN_POINT('',(36.692515201707,-57.85239030471,
    -16.21939002077));
#925 = CARTESIAN_POINT('',(36.502877120758,-58.12315120017,
    -15.89479831789));
#926 = CARTESIAN_POINT('',(36.109370222235,-58.6466224999,
    -15.24611379821));
#927 = CARTESIAN_POINT('',(35.912881591387,-58.92541284384,
    -14.9088492539));
#928 = CARTESIAN_POINT('',(35.716550429339,-59.2037698497,
    -14.57087924586));
#929 = CARTESIAN_POINT('',(35.520385671189,-59.4816871632,
    -14.23220102083));
#930 = CARTESIAN_POINT('',(35.324396232989,-59.75915784626,
    -13.89281183544));
#931 = CARTESIAN_POINT('',(34.915873588147,-60.29886559737,
    -13.21037270772));
#932 = CARTESIAN_POINT('',(34.710728069859,-60.58716833362,
    -12.85413073956));
#933 = CARTESIAN_POINT('',(34.50579472006,-60.87496463248,
    -12.49710334007));
#934 = CARTESIAN_POINT('',(34.301083840989,-61.16224520076,
    -12.13928743686));
#935 = CARTESIAN_POINT('',(34.096605822674,-61.44900007864,
    -11.78068002521));
#936 = CARTESIAN_POINT('',(33.670622773727,-62.0077967882,
    -11.05840011342));
#937 = CARTESIAN_POINT('',(33.456511612184,-62.30589529182,
    -10.68152621522));
#938 = CARTESIAN_POINT('',(33.242679768505,-62.60339259974,-10.303776516
    ));
#939 = CARTESIAN_POINT('',(33.029139520187,-62.90027569536,
    -9.925147799562));
#940 = CARTESIAN_POINT('',(32.815903360751,-63.19653076969,
    -9.545637019369));
#941 = CARTESIAN_POINT('',(32.367961340447,-63.77967120186,
    -8.773405172037));
#942 = CARTESIAN_POINT('',(32.140669257549,-64.09257704293,
    -8.367438384003));
#943 = CARTESIAN_POINT('',(31.913753236897,-64.40473368984,
    -7.960460856734));
#944 = CARTESIAN_POINT('',(31.687229116434,-64.71612237736,
    -7.552469459431));
#945 = CARTESIAN_POINT('',(31.461113134915,-65.02672330299,
    -7.143461436612));
#946 = CARTESIAN_POINT('',(30.984313045372,-65.64216639834,
    -6.305795484783));
#947 = CARTESIAN_POINT('',(30.741067264798,-65.97298779797,
    -5.863850268453));
#948 = CARTESIAN_POINT('',(30.498335458413,-66.30284443186,
    -5.420719185639));
#949 = CARTESIAN_POINT('',(30.25613912063,-66.63170880838,
    -4.976400033938));
#950 = CARTESIAN_POINT('',(30.014500420775,-66.95955201152,
    -4.530891410411));
#951 = CARTESIAN_POINT('',(29.496520803398,-67.62151253913,
    -3.60088894105));
#952 = CARTESIAN_POINT('',(29.227690710907,-67.98148410951,
    -3.102983135935));
#953 = CARTESIAN_POINT('',(28.959613554349,-68.34010711985,
    -2.603597936698));
#954 = CARTESIAN_POINT('',(28.692322234974,-68.69733727198,-2.1027342515
    ));
#955 = CARTESIAN_POINT('',(28.425850840973,-69.05312806387,
    -1.600394877697));
#956 = CARTESIAN_POINT('',(27.853547403076,-69.77614074853,
    -0.545321447685));
#957 = CARTESIAN_POINT('',(27.555309620459,-70.1690818221,
    2.092142185472E-02));
#958 = CARTESIAN_POINT('',(27.258201001856,-70.56007596035,
    0.589013579697));
#959 = CARTESIAN_POINT('',(26.962273632529,-70.94905064409,
    1.158944107998));
#960 = CARTESIAN_POINT('',(26.667581491843,-71.33593008517,
    1.730697577751));
#961 = CARTESIAN_POINT('',(25.826398695993,-72.37373071083,
    3.324944029532));
#962 = CARTESIAN_POINT('',(25.290269434189,-73.04572390711,4.36473554183
    ));
#963 = CARTESIAN_POINT('',(24.758756351667,-73.71003128498,
    5.410382319123));
#964 = CARTESIAN_POINT('',(24.232218074392,-74.36614276769,
    6.461695910918));
#965 = CARTESIAN_POINT('',(23.711025370606,-75.01352525156,
    7.518409853289));
#966 = CARTESIAN_POINT('',(22.584801886878,-76.36653309969,
    9.805068491599));
#967 = CARTESIAN_POINT('',(21.989219269897,-77.09489267947,
    11.049979185521));
#968 = CARTESIAN_POINT('',(21.402024168259,-77.80975590794,
    12.301174026193));
#969 = CARTESIAN_POINT('',(20.823800568377,-78.51027068752,
    13.557877411762));
#970 = CARTESIAN_POINT('',(20.255075805164,-79.19563682237,
    14.819110976266));
#971 = CARTESIAN_POINT('',(19.696266199365,-79.86520421543,
    16.083661367812));
#972 = CARTESIAN_POINT('',(37.709056648022,-56.0640606515,
    -16.85941621787));
#973 = CARTESIAN_POINT('',(37.509480803691,-56.34061136318,
    -16.53459819013));
#974 = CARTESIAN_POINT('',(37.310022079411,-56.6167390116,
    -16.20906392064));
#975 = CARTESIAN_POINT('',(37.110689802152,-56.89243968538,
    -15.88281073197));
#976 = CARTESIAN_POINT('',(36.911493168155,-57.16770885414,
    -15.55583591979));
#977 = CARTESIAN_POINT('',(36.712441242933,-57.44254136844,
    -15.22813675295));
#978 = CARTESIAN_POINT('',(36.304042975121,-57.97181810385,-14.576967012
    ));
#979 = CARTESIAN_POINT('',(36.097980193063,-58.25465052357,
    -14.23646852811));
#980 = CARTESIAN_POINT('',(35.89209237634,-58.53700145653,
    -13.89518619564));
#981 = CARTESIAN_POINT('',(35.686389452836,-58.81886384243,
    -13.5531169554));
#982 = CARTESIAN_POINT('',(35.480881329276,-59.10022997229,
    -13.21025775921));
#983 = CARTESIAN_POINT('',(35.057206378559,-59.64538819008,
    -12.52458498734));
#984 = CARTESIAN_POINT('',(34.842331447076,-59.93755261943,
    -12.16472094822));
#985 = CARTESIAN_POINT('',(34.627692258359,-60.22915434057,
    -11.80398420762));
#986 = CARTESIAN_POINT('',(34.41330025934,-60.52018302773,
    -11.44237135177));
#987 = CARTESIAN_POINT('',(34.199166994494,-60.81062761445,
    -11.07987904209));
#988 = CARTESIAN_POINT('',(33.757760176997,-61.37443624574,
    -10.35349774119));
#989 = CARTESIAN_POINT('',(33.533785387504,-61.6761626359,
    -9.972547872927));
#990 = CARTESIAN_POINT('',(33.310120951193,-61.97722103081,
    -9.590624892409));
#991 = CARTESIAN_POINT('',(33.086780509729,-62.27759696763,
    -9.207725226087));
#992 = CARTESIAN_POINT('',(32.863777944799,-62.577275103,-8.823845488934
    ));
#993 = CARTESIAN_POINT('',(32.400094501835,-63.16487689413,
    -8.046488659409));
#994 = CARTESIAN_POINT('',(32.162734507939,-63.48112268577,
    -7.635901442396));
#995 = CARTESIAN_POINT('',(31.925792360982,-63.79653603945,
    -7.224191181791));
#996 = CARTESIAN_POINT('',(31.68928565868,-64.11109610491,
    -6.811354398925));
#997 = CARTESIAN_POINT('',(31.453232444093,-64.42478087939,
    -6.397388032152));
#998 = CARTESIAN_POINT('',(30.960301506573,-65.04395330876,
    -5.553335230174));
#999 = CARTESIAN_POINT('',(30.706771944978,-65.37771726251,
    -5.10609248541));
#1000 = CARTESIAN_POINT('',(30.453813465815,-65.71040925434,
    -4.657532111221));
#1001 = CARTESIAN_POINT('',(30.201449951764,-66.04199873796,
    -4.20765166049));
#1002 = CARTESIAN_POINT('',(29.949706035412,-66.37245358451,
    -3.756449574397));
#1003 = CARTESIAN_POINT('',(29.415061123015,-67.03711322669,
    -2.818420027736));
#1004 = CARTESIAN_POINT('',(29.135588841175,-67.39945545008,
    -2.314297733209));
#1005 = CARTESIAN_POINT('',(28.856953154816,-67.76029927342,
    -1.808531667437));
#1006 = CARTESIAN_POINT('',(28.579190620883,-68.11959547653,
    -1.301122839485));
#1007 = CARTESIAN_POINT('',(28.302339115143,-68.47729239049,
    -0.792074357527));
#1008 = CARTESIAN_POINT('',(27.712799389414,-69.20140468453,
    0.273266357807));
#1009 = CARTESIAN_POINT('',(27.403632590572,-69.59580742003,
    0.846961040752));
#1010 = CARTESIAN_POINT('',(27.095720418412,-69.98804689406,
    1.422710488479));
#1011 = CARTESIAN_POINT('',(26.789120745447,-70.37804252975,
    2.000502570047));
#1012 = CARTESIAN_POINT('',(26.483893548751,-70.76571011804,
    2.580320142118));
#1013 = CARTESIAN_POINT('',(25.620856345621,-71.80084297434,
    4.190869200257));
#1014 = CARTESIAN_POINT('',(25.069642351536,-72.47113207655,
    5.243213932492));
#1015 = CARTESIAN_POINT('',(24.523557445543,-73.13288138052,
    6.302064514723));
#1016 = CARTESIAN_POINT('',(23.983000100936,-73.78552413432,
    7.367211557511));
#1017 = CARTESIAN_POINT('',(23.448382282427,-74.42846800052,
    8.438358989828));
#1018 = CARTESIAN_POINT('',(22.299214400063,-75.76692073676,
    10.753026642874));
#1019 = CARTESIAN_POINT('',(21.690245648114,-76.48710033412,
    12.015568407231));
#1020 = CARTESIAN_POINT('',(21.090596357657,-77.19228398559,
    13.285092556865));
#1021 = CARTESIAN_POINT('',(20.500915402485,-77.88152491606,
    14.560737311941));
#1022 = CARTESIAN_POINT('',(19.921788710277,-78.55393401906,
    15.841415599167));
#1023 = CARTESIAN_POINT('',(19.353678859642,-79.20878896452,
    17.125779249772));
#1024 = CARTESIAN_POINT('',(37.837683287818,-55.71269923571,
    -16.53287846942));
#1025 = CARTESIAN_POINT('',(37.63446712279,-55.9928990623,
    -16.20916999189));
#1026 = CARTESIAN_POINT('',(37.431379789819,-56.27263351929,
    -15.88467364844));
#1027 = CARTESIAN_POINT('',(37.228431548569,-56.5518983042,
    -15.55938649388));
#1028 = CARTESIAN_POINT('',(37.025632514909,-56.83068843357,
    -15.23330555347));
#1029 = CARTESIAN_POINT('',(36.822992660901,-57.10899824305,
    -14.90642782294));
#1030 = CARTESIAN_POINT('',(36.405528939287,-57.64348609046,
    -14.25670176097));
#1031 = CARTESIAN_POINT('',(36.195717921507,-57.92976626231,
    -13.91689823776));
#1032 = CARTESIAN_POINT('',(35.986099365594,-58.21551679871,
    -13.57623248112));
#1033 = CARTESIAN_POINT('',(35.776684192223,-58.50072993334,
    -13.23470112593));
#1034 = CARTESIAN_POINT('',(35.567483298791,-58.78539718633,
    -12.8923008192));
#1035 = CARTESIAN_POINT('',(35.134481957684,-59.33541154714,
    -12.20732330344));
#1036 = CARTESIAN_POINT('',(34.915703528494,-59.63084334592,
    -11.84776609361));
#1037 = CARTESIAN_POINT('',(34.697184416346,-59.92565616568,
    -11.48724891215));
#1038 = CARTESIAN_POINT('',(34.478937212866,-60.21983864806,
    -11.12576800392));
#1039 = CARTESIAN_POINT('',(34.260974616976,-60.51337861995,
    -10.76331969648));
#1040 = CARTESIAN_POINT('',(33.809969946415,-61.08160484931,
    -10.03676590673));
#1041 = CARTESIAN_POINT('',(33.58195744446,-61.38636480233,
    -9.655668968647));
#1042 = CARTESIAN_POINT('',(33.354286331004,-61.69038996058,
    -9.273501607089));
#1043 = CARTESIAN_POINT('',(33.12697161188,-61.99366441493,
    -8.890259891148));
#1044 = CARTESIAN_POINT('',(32.900028556943,-62.29617128768,
    -8.505940097292));
#1045 = CARTESIAN_POINT('',(32.426429606807,-62.8876401141,
    -7.727387185833));
#1046 = CARTESIAN_POINT('',(32.184827617398,-63.20663153264,
    -7.316108440101));
#1047 = CARTESIAN_POINT('',(31.943685259624,-63.52470726943,
    -6.903594346417));
#1048 = CARTESIAN_POINT('',(31.703021890969,-63.84184438918,
    -6.489841078246));
#1049 = CARTESIAN_POINT('',(31.462857358801,-64.15801868885,
    -6.074845267777));
#1050 = CARTESIAN_POINT('',(30.959621488791,-64.78032612857,
    -5.228334515907));
#1051 = CARTESIAN_POINT('',(30.701634061662,-65.11643831278,
    -4.779723142969));
#1052 = CARTESIAN_POINT('',(30.444274825207,-65.45137133887,
    -4.329662377662));
#1053 = CARTESIAN_POINT('',(30.187570050376,-65.78509160594,
    -3.878149528159));
#1054 = CARTESIAN_POINT('',(29.931546833014,-66.11756377222,
    -3.425182879758));
#1055 = CARTESIAN_POINT('',(29.386062541083,-66.7843282053,
    -2.483055156055));
#1056 = CARTESIAN_POINT('',(29.101773985381,-67.14844675804,
    -1.976645272375));
#1057 = CARTESIAN_POINT('',(28.818405684708,-67.51091707073,
    -1.468427240324));
#1058 = CARTESIAN_POINT('',(28.535997851704,-67.87168500116,
    -0.958402169877));
#1059 = CARTESIAN_POINT('',(28.254592149711,-68.23069371352,
    -0.446573480022));
#1060 = CARTESIAN_POINT('',(27.653642051636,-68.95531129327,
    0.625105620375));
#1061 = CARTESIAN_POINT('',(27.339372152056,-69.35058136704,
    1.202323216468));
#1062 = CARTESIAN_POINT('',(27.026482341826,-69.74347185318,
    1.78180105382));
#1063 = CARTESIAN_POINT('',(26.715036280711,-70.13389411715,
    2.363525788399));
#1064 = CARTESIAN_POINT('',(26.405099943491,-70.52175552899,
    2.94747856253));
#1065 = CARTESIAN_POINT('',(25.526034248568,-71.55362629227,
    4.570401326768));
#1066 = CARTESIAN_POINT('',(24.96556143769,-72.22161697674,
    5.631370378684));
#1067 = CARTESIAN_POINT('',(24.410730623712,-72.88021388316,
    6.699495865593));
#1068 = CARTESIAN_POINT('',(23.861980127259,-73.52879358438,
    7.774547459117));
#1069 = CARTESIAN_POINT('',(23.319763109514,-74.16670450924,
    8.856199481121));
#1070 = CARTESIAN_POINT('',(22.153476744002,-75.49000780992,
    11.194947248645));
#1071 = CARTESIAN_POINT('',(21.536947772572,-76.20141310121,
    12.471191183179));
#1072 = CARTESIAN_POINT('',(20.930670208783,-76.89632285201,
    13.755115741516));
#1073 = CARTESIAN_POINT('',(20.335357813807,-77.57369560971,
    15.045772965841));
#1074 = CARTESIAN_POINT('',(19.751655108092,-78.23255335719,
    16.34196707553));
#1075 = CARTESIAN_POINT('',(19.180070928107,-78.87210153138,
    17.642215084937));
#1076 = CARTESIAN_POINT('',(37.966309927614,-55.36133781992,
    -16.20634072098));
#1077 = CARTESIAN_POINT('',(37.759419588768,-55.64503497475,
    -15.88385399959));
#1078 = CARTESIAN_POINT('',(37.552669793983,-55.92822445366,
    -15.5605077881));
#1079 = CARTESIAN_POINT('',(37.346071735622,-56.21090156301,
    -15.23629887359));
#1080 = CARTESIAN_POINT('',(37.139636449176,-56.49306086634,
    -14.91122401088));
#1081 = CARTESIAN_POINT('',(36.933374813261,-56.77469618431,
    -14.58527992257));
#1082 = CARTESIAN_POINT('',(36.506811784723,-57.31424335708,
    -13.93710974552));
#1083 = CARTESIAN_POINT('',(36.293218678099,-57.60381949437,
    -13.59811338893));
#1084 = CARTESIAN_POINT('',(36.079835529876,-57.89281784754,
    -13.25817641405));
#1085 = CARTESIAN_POINT('',(35.866674253516,-58.18122994424,
    -12.91729514984));
#1086 = CARTESIAN_POINT('',(35.65374673709,-58.4690465337,
    -12.57546593849));
#1087 = CARTESIAN_POINT('',(35.211385152474,-59.02376525086,
    -11.89129588478));
#1088 = CARTESIAN_POINT('',(34.988669372454,-59.3223126324,
    -11.53215771017));
#1089 = CARTESIAN_POINT('',(34.766236483753,-59.62018476411,
    -11.17197229378));
#1090 = CARTESIAN_POINT('',(34.54410022269,-59.91736925504,
    -10.81073553909));
#1091 = CARTESIAN_POINT('',(34.322274442635,-60.21385282544,
    -10.44844343982));
#1092 = CARTESIAN_POINT('',(33.861638065889,-60.7863448662,
    -9.721829367153));
#1093 = CARTESIAN_POINT('',(33.62955399835,-61.09398659541,
    -9.340697565184));
#1094 = CARTESIAN_POINT('',(33.397842354628,-61.40082673034,
    -8.958398028518));
#1095 = CARTESIAN_POINT('',(33.166519504722,-61.70684791554,
    -8.574926468888));
#1096 = CARTESIAN_POINT('',(32.935602106657,-62.01203173902,
    -8.19027882426));
#1097 = CARTESIAN_POINT('',(32.452053796226,-62.60721581406,
    -7.410642036797));
#1098 = CARTESIAN_POINT('',(32.206175958184,-62.92880107283,
    -6.998783968276));
#1099 = CARTESIAN_POINT('',(31.960799536471,-63.24938740606,
    -6.585578247443));
#1100 = CARTESIAN_POINT('',(31.715945648342,-63.56894979343,
    -6.171020699897));
#1101 = CARTESIAN_POINT('',(31.471635945472,-63.88746183162,
    -5.755107651663));
#1102 = CARTESIAN_POINT('',(30.95806128985,-64.51275249502,
    -4.906251155832));
#1103 = CARTESIAN_POINT('',(30.695582144065,-64.85106112302,
    -4.456383360649));
#1104 = CARTESIAN_POINT('',(30.433788297197,-65.18808339672,
    -4.004934410155));
#1105 = CARTESIAN_POINT('',(30.172708408465,-65.52378266056,
    -3.551901367812));
#1106 = CARTESIAN_POINT('',(29.91237203697,-65.85812035992,
    -3.097282363033));
#1107 = CARTESIAN_POINT('',(29.356014512384,-66.52683779723,
    -2.151168668218));
#1108 = CARTESIAN_POINT('',(29.066875829698,-66.89258089264,
    -1.642583401315));
#1109 = CARTESIAN_POINT('',(28.77874106159,-67.25652590801,
    -1.132025608917));
#1110 = CARTESIAN_POINT('',(28.491654076393,-67.61861377909,
    -0.619496501904));
#1111 = CARTESIAN_POINT('',(28.205660325027,-67.97878250318,
    -0.104999810083));
#1112 = CARTESIAN_POINT('',(27.593266001484,-68.70375358199,
    0.972905469447));
#1113 = CARTESIAN_POINT('',(27.273859148044,-69.09973920735,
    1.553533772757));
#1114 = CARTESIAN_POINT('',(26.955957846623,-69.49312891894,
    2.136627793805));
#1115 = CARTESIAN_POINT('',(26.639631544236,-69.88382602453,
    2.722172975463));
#1116 = CARTESIAN_POINT('',(26.324952213371,-70.27172947324,
    3.310148745724));
#1117 = CARTESIAN_POINT('',(25.429824173534,-71.30018635683,
    4.945333010131));
#1118 = CARTESIAN_POINT('',(24.86005869274,-71.9657268369,6.014814175795
    ));
#1119 = CARTESIAN_POINT('',(24.296448117657,-72.6210195591,
    7.092102361454));
#1120 = CARTESIAN_POINT('',(23.739470616236,-73.26538442108,
    8.176946299782));
#1121 = CARTESIAN_POINT('',(23.189620546133,-73.89811061793,
    9.268990705543));
#1122 = CARTESIAN_POINT('',(22.006181844351,-75.20611269639,
    11.631706381615));
#1123 = CARTESIAN_POINT('',(21.382058800319,-75.90859189493,
    12.921540280395));
#1124 = CARTESIAN_POINT('',(20.769119110076,-76.59307595839,
    14.219753041506));
#1125 = CARTESIAN_POINT('',(20.168141422175,-77.25842875666,
    15.525310529149));
#1126 = CARTESIAN_POINT('',(19.579828849832,-77.90358336195,
    16.836908255371));
#1127 = CARTESIAN_POINT('',(19.004736487375,-78.5276729782,
    18.152928417648));
#1128 = CARTESIAN_POINT('',(38.223827042561,-54.65789428566,
    -15.55259543902));
#1129 = CARTESIAN_POINT('',(38.007232664394,-54.94492554529,
    -15.22794075629));
#1130 = CARTESIAN_POINT('',(37.790790542293,-55.23140682267,
    -14.90235495929));
#1131 = CARTESIAN_POINT('',(37.574512801318,-55.51733303304,
    -14.57583456734));
#1132 = CARTESIAN_POINT('',(37.358411396585,-55.80269828688,
    -14.24837606485));
#1133 = CARTESIAN_POINT('',(37.142498113259,-56.08749588992,
    -13.91997590129));
#1134 = CARTESIAN_POINT('',(36.700805912295,-56.63193916459,
    -13.26997189167));
#1135 = CARTESIAN_POINT('',(36.477400851325,-56.9246480439,
    -12.92839298422));
#1136 = CARTESIAN_POINT('',(36.254223245288,-57.21673099041,
    -12.58579507361));
#1137 = CARTESIAN_POINT('',(36.031286000438,-57.50817882573,
    -12.24217418291));
#1138 = CARTESIAN_POINT('',(35.808601995514,-57.79898152821,
    -11.89752634946));
#1139 = CARTESIAN_POINT('',(35.350850301885,-58.35824137828,
    -11.21077404031));
#1140 = CARTESIAN_POINT('',(35.118167305534,-58.65974111916,
    -10.84866518344));
#1141 = CARTESIAN_POINT('',(34.885790774778,-58.96050933938,
    -10.48542181465));
#1142 = CARTESIAN_POINT('',(34.653735590629,-59.26053261542,
    -10.12103949603));
#1143 = CARTESIAN_POINT('',(34.422016760906,-59.55979656089,
    -9.755513887446));
#1144 = CARTESIAN_POINT('',(33.945718812472,-60.13639118962,
    -9.025449814371));
#1145 = CARTESIAN_POINT('',(33.703533313846,-60.44675147159,
    -8.640893431038));
#1146 = CARTESIAN_POINT('',(33.461751274356,-60.75624335975,
    -8.255072001783));
#1147 = CARTESIAN_POINT('',(33.220390428166,-61.06484805237,
    -7.867980880984));
#1148 = CARTESIAN_POINT('',(32.97946882147,-61.37254560312,
    -7.479615668103));
#1149 = CARTESIAN_POINT('',(32.479941285242,-61.97128170335,
    -6.695505287155));
#1150 = CARTESIAN_POINT('',(32.223757733064,-62.29529757892,
    -6.279678178364));
#1151 = CARTESIAN_POINT('',(31.968117381909,-62.61823128515,
    -5.862391112903));
#1152 = CARTESIAN_POINT('',(31.713043108803,-62.9400557167,
    -5.443639568502));
#1153 = CARTESIAN_POINT('',(31.458558369728,-63.26074226997,
    -5.023419565022));
#1154 = CARTESIAN_POINT('',(30.928615062992,-63.88885293362,
    -4.16882760775));
#1155 = CARTESIAN_POINT('',(30.655614333048,-64.22919478198,
    -3.714313672842));
#1156 = CARTESIAN_POINT('',(30.383356010265,-64.56814307983,
    -3.25808681968));
#1157 = CARTESIAN_POINT('',(30.111871142128,-64.90565811702,
    -2.800143867014));
#1158 = CARTESIAN_POINT('',(29.841191751,-65.241698126,-2.340482788377)
  );
#1159 = CARTESIAN_POINT('',(29.267931128256,-65.91220534411,
    -1.386993404971));
#1160 = CARTESIAN_POINT('',(28.967912453083,-66.27940975877,
    -0.872843037364));
#1161 = CARTESIAN_POINT('',(28.668981352038,-66.64466625337,
    -0.356555767138));
#1162 = CARTESIAN_POINT('',(28.371185349144,-67.00791084166,
    0.161867093921));
#1163 = CARTESIAN_POINT('',(28.074573682902,-67.36907635405,
    0.682421505189));
#1164 = CARTESIAN_POINT('',(27.44470526839,-68.09423770847,
    1.769942681332));
#1165 = CARTESIAN_POINT('',(27.114131595588,-68.49077566199,
    2.357371409341));
#1166 = CARTESIAN_POINT('',(26.785188937472,-68.88450137559,
    2.947471331564));
#1167 = CARTESIAN_POINT('',(26.457952528311,-69.27531009936,
    3.540226677782));
#1168 = CARTESIAN_POINT('',(26.132500338298,-69.66309236151,
    4.135615161654));
#1169 = CARTESIAN_POINT('',(25.215280088044,-70.68797214197,
    5.78645064371));
#1170 = CARTESIAN_POINT('',(24.630192071832,-71.3508991942,
    6.867833640605));
#1171 = CARTESIAN_POINT('',(24.05177187014,-72.00272450873,
    7.957674242492));
#1172 = CARTESIAN_POINT('',(23.480537498249,-72.64271130803,
    9.055700243105));
#1173 = CARTESIAN_POINT('',(22.917024510287,-73.27008955344,
    10.161526750104));
#1174 = CARTESIAN_POINT('',(21.710403606732,-74.56262718624,
    12.551600052205));
#1175 = CARTESIAN_POINT('',(21.072656624594,-75.25601706859,
    13.858413632711));
#1176 = CARTESIAN_POINT('',(20.447024942395,-75.92991222128,
    15.174304314077));
#1177 = CARTESIAN_POINT('',(19.834352096066,-76.58308183668,
    16.498151782518));
#1178 = CARTESIAN_POINT('',(19.235399791592,-77.21437007635,
    17.828542842754));
#1179 = CARTESIAN_POINT('',(18.650769381161,-77.82283791123,
    19.163724875383));
#1180 = CARTESIAN_POINT('',(38.352717517712,-54.30581216719,
    -15.22538790551));
#1181 = CARTESIAN_POINT('',(38.132379003179,-54.59604098014,
    -14.90217702011));
#1182 = CARTESIAN_POINT('',(37.912204456718,-54.88567750453,
    -14.57796339626));
#1183 = CARTESIAN_POINT('',(37.692206936086,-55.17471626443,
    -14.25274328555));
#1184 = CARTESIAN_POINT('',(37.472399316021,-55.4631509173,
    -13.92651290194));
#1185 = CARTESIAN_POINT('',(37.252794288241,-55.75097425392,
    -13.5992684218));
#1186 = CARTESIAN_POINT('',(36.801932817806,-56.30017707903,
    -12.95104233829));
#1187 = CARTESIAN_POINT('',(36.574675705444,-56.59588214887,
    -12.61049263864));
#1188 = CARTESIAN_POINT('',(36.34766354455,-56.89091313723,
    -12.26884555098));
#1189 = CARTESIAN_POINT('',(36.120910234164,-57.1852601597,
    -11.92609679244));
#1190 = CARTESIAN_POINT('',(35.8944296437,-57.47891242373,
    -11.58224209557));
#1191 = CARTESIAN_POINT('',(35.427247744014,-58.04257685524,
    -10.89651928966));
#1192 = CARTESIAN_POINT('',(35.190557434287,-58.34689240397,
    -10.5350515092));
#1193 = CARTESIAN_POINT('',(34.954197164431,-58.65042016122,
    -10.17236194666));
#1194 = CARTESIAN_POINT('',(34.718182960153,-58.95314567089,
    -9.808445822783));
#1195 = CARTESIAN_POINT('',(34.482530983717,-59.25505343995,
    -9.443298463552));
#1196 = CARTESIAN_POINT('',(33.996531366552,-59.83561410516,
    -8.713396148745));
#1197 = CARTESIAN_POINT('',(33.750204339794,-60.14855638841,
    -8.329026942718));
#1198 = CARTESIAN_POINT('',(33.504311807491,-60.46056347833,
    -7.943295379543));
#1199 = CARTESIAN_POINT('',(33.258872867972,-60.77161512689,
    -7.556196456243));
#1200 = CARTESIAN_POINT('',(33.013906955602,-61.08168985344,
    -7.167725433779));
#1201 = CARTESIAN_POINT('',(32.504360096533,-61.68384142738,
    -6.382753218016));
#1202 = CARTESIAN_POINT('',(32.243830733174,-62.01015136827,
    -5.966568827625));
#1203 = CARTESIAN_POINT('',(31.983886355533,-62.33529589602,
    -5.548812176204));
#1204 = CARTESIAN_POINT('',(31.724551600407,-62.65924582027,
    -5.129478393618));
#1205 = CARTESIAN_POINT('',(31.465851728082,-62.98197033714,
    -4.708563193561));
#1206 = CARTESIAN_POINT('',(30.925499673188,-63.61276444956,
    -3.851847533517));
#1207 = CARTESIAN_POINT('',(30.647937262041,-63.95500296679,
    -3.396299217553));
#1208 = CARTESIAN_POINT('',(30.371174366298,-64.29574073733,
    -2.938906220393));
#1209 = CARTESIAN_POINT('',(30.095244421712,-64.63493499638,
    -2.479665116075));
#1210 = CARTESIAN_POINT('',(29.820181913905,-64.97254076352,
    -2.018573722249));
#1211 = CARTESIAN_POINT('',(29.235978095959,-65.64470121094,
    -1.06132040892));
#1212 = CARTESIAN_POINT('',(28.931039331256,-66.01323039336,
    -0.545216699279));
#1213 = CARTESIAN_POINT('',(28.627271800228,-66.37966181572,
    -2.681170989485E-02));
#1214 = CARTESIAN_POINT('',(28.324726682595,-66.74392656975,
    0.493893146541));
#1215 = CARTESIAN_POINT('',(28.023457004432,-67.10595231896,
    1.016893518586));
#1216 = CARTESIAN_POINT('',(27.382074401906,-67.83116739751,
    2.110418832674));
#1217 = CARTESIAN_POINT('',(27.046293812697,-68.22812112771,
    2.70103622671));
#1218 = CARTESIAN_POINT('',(26.712269700843,-68.62204629185,
    3.29453029144));
#1219 = CARTESIAN_POINT('',(26.380083087863,-69.01283008231,
    3.890884043549));
#1220 = CARTESIAN_POINT('',(26.049817941658,-69.40035460641,
    4.490073482361));
#1221 = CARTESIAN_POINT('',(25.116465383942,-70.42152073228,
    6.152948423398));
#1222 = CARTESIAN_POINT('',(24.522014735269,-71.08169780519,
    7.242621492853));
#1223 = CARTESIAN_POINT('',(23.934744809924,-71.72991916057,8.3414027523
    ));
#1224 = CARTESIAN_POINT('',(23.355213470519,-72.36539134571,
    9.448999056529));
#1225 = CARTESIAN_POINT('',(22.783997467652,-72.9872850882,
    10.564995906096));
#1226 = CARTESIAN_POINT('',(21.56015426528,-74.26422172386,
    12.978815075556));
#1227 = CARTESIAN_POINT('',(20.914743247993,-74.94838573855,
    14.298996579119));
#1228 = CARTESIAN_POINT('',(20.282379476793,-75.61155542899,
    15.62895342207));
#1229 = CARTESIAN_POINT('',(19.663971374993,-76.25240531003,
    16.96747911264));
#1230 = CARTESIAN_POINT('',(19.060339241343,-76.8696906326,
    18.31305174822));
#1231 = CARTESIAN_POINT('',(18.472130685894,-77.46240013462,
    19.663783892531));
#1232 = CARTESIAN_POINT('',(38.481607992862,-53.95373004872,
    -14.898180372));
#1233 = CARTESIAN_POINT('',(38.257501546996,-54.24700846741,
    -14.57653030576));
#1234 = CARTESIAN_POINT('',(38.033570781205,-54.53965229121,
    -14.2538058769));
#1235 = CARTESIAN_POINT('',(37.809829685946,-54.83165565306,
    -13.93000306925));
#1236 = CARTESIAN_POINT('',(37.586292055579,-55.12301175737,
    -13.60511782636));
#1237 = CARTESIAN_POINT('',(37.362971488376,-55.41371288,-13.27914605148
    ));
#1238 = CARTESIAN_POINT('',(36.9029169535,-55.96752730796,-12.6328149159
    ));
#1239 = CARTESIAN_POINT('',(36.671783994779,-56.26608062074,
    -12.29341144589));
#1240 = CARTESIAN_POINT('',(36.440913484058,-56.56391170338,
    -11.95283220301));
#1241 = CARTESIAN_POINT('',(36.210320313168,-56.86100996542,
    -11.61107259848));
#1242 = CARTESIAN_POINT('',(35.980019342193,-57.15736384341,
    -11.26812806002));
#1243 = CARTESIAN_POINT('',(35.503383441481,-57.72528490876,
    -10.58355177917));
#1244 = CARTESIAN_POINT('',(35.262662023408,-58.03226831776,
    -10.22284209695));
#1245 = CARTESIAN_POINT('',(35.022294219484,-58.33840766445,
    -9.860823362514));
#1246 = CARTESIAN_POINT('',(34.782297200107,-58.64368746018,
    -9.497490455202));
#1247 = CARTESIAN_POINT('',(34.542688281989,-58.94809110524,
    -9.132838367159));
#1248 = CARTESIAN_POINT('',(34.046963201123,-59.53246985936,
    -8.403214832454));
#1249 = CARTESIAN_POINT('',(33.796470851265,-59.8478461963,
    -8.019149825565));
#1250 = CARTESIAN_POINT('',(33.546444031179,-60.16222054038,
    -7.633625150304));
#1251 = CARTESIAN_POINT('',(33.296903203363,-60.47557119731,
    -7.246635446338));
#1252 = CARTESIAN_POINT('',(33.047869190349,-60.78787515208,
    -6.858175636124));
#1253 = CARTESIAN_POINT('',(32.528279213469,-61.39329425213,
    -6.072458607379));
#1254 = CARTESIAN_POINT('',(32.263380243961,-61.72175031076,
    -5.656033957222));
#1255 = CARTESIAN_POINT('',(31.999108044864,-62.04895771244,
    -5.237924741674));
#1256 = CARTESIAN_POINT('',(31.735489012748,-62.37488518181,
    -4.818125742736));
#1257 = CARTESIAN_POINT('',(31.472550212205,-62.6994997147,
    -4.396632367937));
#1258 = CARTESIAN_POINT('',(30.921765614182,-63.3328293283,
    -3.537910026953));
#1259 = CARTESIAN_POINT('',(30.639617726863,-63.67681656682,
    -3.081444351767));
#1260 = CARTESIAN_POINT('',(30.358326463191,-64.01919586246,
    -2.623002232442));
#1261 = CARTESIAN_POINT('',(30.077927647188,-64.35992139578,
    -2.162579998306));
#1262 = CARTESIAN_POINT('',(29.798458227733,-64.69894497349,
    -1.700175311124));
#1263 = CARTESIAN_POINT('',(29.203287419615,-65.37261070265,
    -0.739275089706));
#1264 = CARTESIAN_POINT('',(28.893404770413,-65.74231670525,
    -0.221335059865));
#1265 = CARTESIAN_POINT('',(28.584777014433,-66.10977510778,
    0.299070626845));
#1266 = CARTESIAN_POINT('',(28.277458987091,-66.47491207996,
    0.821940456824));
#1267 = CARTESIAN_POINT('',(27.971507502039,-66.8376501184,
    1.347269767812));
#1268 = CARTESIAN_POINT('',(27.318586916528,-67.56277097351,
    2.446682198011));
#1269 = CARTESIAN_POINT('',(26.977575615944,-67.9599925328,
    3.040371236242));
#1270 = CARTESIAN_POINT('',(26.638446255383,-68.35396919988,
    3.637142421645));
#1271 = CARTESIAN_POINT('',(26.301285643614,-68.74458010946,
    4.236977557811));
#1272 = CARTESIAN_POINT('',(25.966183746248,-69.13169894794,
    4.839850929731));
#1273 = CARTESIAN_POINT('',(25.016675086102,-70.14900347161,
    6.514648307915));
#1274 = CARTESIAN_POINT('',(24.412838009997,-70.80628261762,
    7.612494428096));
#1275 = CARTESIAN_POINT('',(23.81669456603,-71.45075206628,8.72009932327
    ));
#1276 = CARTESIAN_POINT('',(23.228842464142,-72.08156168967,
    9.837148909281));
#1277 = CARTESIAN_POINT('',(22.649899651401,-72.69782298166,
    10.963199079583));
#1278 = CARTESIAN_POINT('',(21.408810355243,-73.95901067259,
    13.400647094568));
#1279 = CARTESIAN_POINT('',(20.755711507837,-74.63380087203,
    14.734079499355));
#1280 = CARTESIAN_POINT('',(20.116591852667,-75.28609715263,
    16.077985482057));
#1281 = CARTESIAN_POINT('',(19.492424700426,-75.91447935174,
    17.431072372923));
#1282 = CARTESIAN_POINT('',(18.884088942631,-76.51761380963,
    18.791709562014));
#1283 = CARTESIAN_POINT('',(18.292278447195,-77.09441703121,
    20.157874796173));
#1284 = CARTESIAN_POINT('',(38.739424087129,-53.24946981119,
    -14.24367608682));
#1285 = CARTESIAN_POINT('',(38.50545663976,-53.54519428451,
    -13.92055205215));
#1286 = CARTESIAN_POINT('',(38.271676584472,-53.8402418566,
    -13.59628203069));
#1287 = CARTESIAN_POINT('',(38.038098844417,-54.13460626929,
    -13.27086173853));
#1288 = CARTESIAN_POINT('',(37.804738133581,-54.42828027394,
    -12.94428684877));
#1289 = CARTESIAN_POINT('',(37.571608956786,-54.72125563145,
    -12.61655299154));
#1290 = CARTESIAN_POINT('',(37.096268287303,-55.27907811114,
    -11.96908201632));
#1291 = CARTESIAN_POINT('',(36.855166412054,-55.57987611576,
    -11.62778998836));
#1292 = CARTESIAN_POINT('',(36.614344481338,-55.87990374155,
    -11.28524380267));
#1293 = CARTESIAN_POINT('',(36.373818379775,-56.17914969204,
    -10.94143856455));
#1294 = CARTESIAN_POINT('',(36.133603958122,-56.47760163288,
    -10.5963693969));
#1295 = CARTESIAN_POINT('',(35.641420986216,-57.04917578097,
    -9.909904853533));
#1296 = CARTESIAN_POINT('',(35.39057538963,-57.35822349912,
    -9.546918481967));
#1297 = CARTESIAN_POINT('',(35.140106981469,-57.66637088415,
    -9.182535788032));
#1298 = CARTESIAN_POINT('',(34.890034076825,-57.97360141481,
    -8.8167513097));
#1299 = CARTESIAN_POINT('',(34.640375146857,-58.27989738476,
    -8.449559705255));
#1300 = CARTESIAN_POINT('',(34.128831532122,-58.86749067666,
    -7.717180163062));
#1301 = CARTESIAN_POINT('',(33.868080788996,-59.18469751618,
    -7.330384567722));
#1302 = CARTESIAN_POINT('',(33.60782661096,-59.50083556332,
    -6.942031992785));
#1303 = CARTESIAN_POINT('',(33.348090824678,-59.8158816775,
    -6.552116720562));
#1304 = CARTESIAN_POINT('',(33.088895640852,-60.12981130936,
    -6.160633335009));
#1305 = CARTESIAN_POINT('',(32.553169475993,-60.73789438443,
    -5.371136705692));
#1306 = CARTESIAN_POINT('',(32.277807830168,-61.06789300967,
    -4.951437008178));
#1307 = CARTESIAN_POINT('',(32.003114739447,-61.39655973418,
    -4.529940440914));
#1308 = CARTESIAN_POINT('',(31.729118360173,-61.72386119755,
    -4.106641438034));
#1309 = CARTESIAN_POINT('',(31.455847561244,-62.04976219535,
    -3.681535100902));
#1310 = CARTESIAN_POINT('',(30.888537349926,-62.68502375902,
    -2.81777129139));
#1311 = CARTESIAN_POINT('',(30.595710916266,-63.03015616771,
    -2.357353469392));
#1312 = CARTESIAN_POINT('',(30.303798214497,-63.37357343733,
    -1.894827440313));
#1313 = CARTESIAN_POINT('',(30.012837456909,-63.71522669382,
    -1.430189288767));
#1314 = CARTESIAN_POINT('',(29.722868055637,-64.05506453098,
    -0.963436520641));
#1315 = CARTESIAN_POINT('',(29.110637187181,-64.72963199076,
    4.145396456741E-03));
#1316 = CARTESIAN_POINT('',(28.78971758331,-65.09991126242,
    0.526956534088));
#1317 = CARTESIAN_POINT('',(28.470136532211,-65.46779309401,
    1.052397705713));
#1318 = CARTESIAN_POINT('',(28.151952524992,-65.83319873323,
    1.580467296825));
#1319 = CARTESIAN_POINT('',(27.835226162882,-66.19604550979,
    2.111160334347));
#1320 = CARTESIAN_POINT('',(27.16467452422,-66.92046859033,
    3.219494668247));
#1321 = CARTESIAN_POINT('',(26.812339442092,-67.3173544276,
    3.819290138263));
#1322 = CARTESIAN_POINT('',(26.462011762655,-67.71077904652,
    4.422373231928));
#1323 = CARTESIAN_POINT('',(26.113784081931,-68.10061352409,
    5.028724539741));
#1324 = CARTESIAN_POINT('',(25.767752363235,-68.48672312583,
    5.638316632358));
#1325 = CARTESIAN_POINT('',(24.795994530491,-69.4995624962,
    7.328071235279));
#1326 = CARTESIAN_POINT('',(24.176677956787,-70.15334016419,
    8.437125193777));
#1327 = CARTESIAN_POINT('',(23.56556792403,-70.79345415501,
    9.556588512267));
#1328 = CARTESIAN_POINT('',(22.96330198949,-71.41899766555,
    10.68612616765));
#1329 = CARTESIAN_POINT('',(22.370539296708,-72.02902295591,
    11.825264446277));
#1330 = CARTESIAN_POINT('',(21.106110836595,-73.273858151,
    14.289376094377));
#1331 = CARTESIAN_POINT('',(20.439231088902,-73.93867098409,
    15.639094187978));
#1332 = CARTESIAN_POINT('',(19.787262479595,-74.57949030373,
    16.999984098021));
#1333 = CARTESIAN_POINT('',(19.151243206745,-75.19480126979,
    18.370666976773));
#1334 = CARTESIAN_POINT('',(18.532110754638,-75.78318131187,
    19.749403506964));
#1335 = CARTESIAN_POINT('',(17.930605249046,-76.3434747019,
    21.134036618561));
#1336 = CARTESIAN_POINT('',(38.868349706244,-52.89729169213,
    -13.91637933516));
#1337 = CARTESIAN_POINT('',(38.630575026064,-53.19577392614,
    -13.59505362264));
#1338 = CARTESIAN_POINT('',(38.392999449971,-53.4935369526,
    -13.27251029915));
#1339 = CARTESIAN_POINT('',(38.155638833812,-53.79057412218,
    -12.94874481304));
#1340 = CARTESIAN_POINT('',(37.918508811199,-54.08687773323,
    -12.62375256699));
#1341 = CARTESIAN_POINT('',(37.681624793504,-54.38243903169,
    -12.297528918));
#1342 = CARTESIAN_POINT('',(37.197051758105,-54.94458126918,
    -11.6521903937));
#1343 = CARTESIAN_POINT('',(36.952034735019,-55.24793567169,
    -11.31228209837));
#1344 = CARTESIAN_POINT('',(36.707315153001,-55.55047154671,
    -10.97104126044));
#1345 = CARTESIAN_POINT('',(36.462909889457,-55.85217689171,
    -10.62846267931));
#1346 = CARTESIAN_POINT('',(36.218835785818,-56.15303860146,
    -10.28454117306));
#1347 = CARTESIAN_POINT('',(35.717159511409,-56.72857753834,
    -9.599460657749));
#1348 = CARTESIAN_POINT('',(35.462243505001,-57.04000127171,
    -9.237469887413));
#1349 = CARTESIAN_POINT('',(35.207728261295,-57.35046840114,
    -8.87399552456));
#1350 = CARTESIAN_POINT('',(34.953633240076,-57.6599613728,
    -8.509031765785));
#1351 = CARTESIAN_POINT('',(34.699978066951,-57.96846137371,
    -8.142572935515));
#1352 = CARTESIAN_POINT('',(34.178669687038,-58.55958090946,
    -7.41070967641));
#1353 = CARTESIAN_POINT('',(33.913714319336,-58.87892995762,
    -7.024455783195));
#1354 = CARTESIAN_POINT('',(33.649286552041,-59.19714341388,
    -6.636547599159));
#1355 = CARTESIAN_POINT('',(33.385409575985,-59.51419669136,
    -6.246979049257));
#1356 = CARTESIAN_POINT('',(33.122106990039,-59.83006370639,
    -5.85574437894));
#1357 = CARTESIAN_POINT('',(32.576298405894,-60.44112246253,
    -5.065740439629));
#1358 = CARTESIAN_POINT('',(32.296527852442,-60.77297536045,
    -4.646037985335));
#1359 = CARTESIAN_POINT('',(32.01746763879,-61.10341311385,
    -4.224426356932));
#1360 = CARTESIAN_POINT('',(31.73914768105,-61.43240027729,
    -3.800899640686));
#1361 = CARTESIAN_POINT('',(31.461598652425,-61.75989944606,
    -3.375452631798));
#1362 = CARTESIAN_POINT('',(30.883816596504,-62.39740466586,
    -2.509919644335));
#1363 = CARTESIAN_POINT('',(30.586365385196,-62.74399395079,
    -2.048821966101));
#1364 = CARTESIAN_POINT('',(30.289885014021,-63.08876090045,
    -1.585484317844));
#1365 = CARTESIAN_POINT('',(29.994416083539,-63.43165358617,
    -1.119902539466));
#1366 = CARTESIAN_POINT('',(29.700000469143,-63.77261738885,
    -0.652073980971));
#1367 = CARTESIAN_POINT('',(29.076763309039,-64.44839828531,
    0.318917341228));
#1368 = CARTESIAN_POINT('',(28.750860519193,-64.8195625321,
    0.843327296074));
#1369 = CARTESIAN_POINT('',(28.426379941666,-65.18817949881,
    1.370531662037));
#1370 = CARTESIAN_POINT('',(28.103383723262,-65.55416551113,
    1.900528723705));
#1371 = CARTESIAN_POINT('',(27.781936252785,-65.91743273188,
    2.433313197184));
#1372 = CARTESIAN_POINT('',(27.099807329664,-66.64146974391,
    3.547297144207));
#1373 = CARTESIAN_POINT('',(26.742202234684,-67.03833156523,
    4.149926755431));
#1374 = CARTESIAN_POINT('',(26.386730005063,-67.43151584204,
    4.756049466783));
#1375 = CARTESIAN_POINT('',(26.033489024075,-67.82088559368,
    5.365644655666));
#1376 = CARTESIAN_POINT('',(25.682581252742,-68.20629766474,
    5.978683178404));
#1377 = CARTESIAN_POINT('',(24.69462801609,-69.21498358787,
    7.680122715484));
#1378 = CARTESIAN_POINT('',(24.065885713479,-69.86557148391,
    8.797112221722));
#1379 = CARTESIAN_POINT('',(23.445862860624,-70.50164172295,
    9.925161672952));
#1380 = CARTESIAN_POINT('',(22.835236862124,-71.12223082669,
    11.06391510713));
#1381 = CARTESIAN_POINT('',(22.234708057992,-71.7263318215,
    12.212869203506));
#1382 = CARTESIAN_POINT('',(20.952994202617,-72.95512622682,
    14.700372194144));
#1383 = CARTESIAN_POINT('',(20.278387323329,-73.6102733996,
    16.063103685982));
#1384 = CARTESIAN_POINT('',(19.619623528576,-74.23992746436,
    17.437705232789));
#1385 = CARTESIAN_POINT('',(18.977805903808,-74.84247890343,
    18.82271180885));
#1386 = CARTESIAN_POINT('',(18.35393052608,-75.41641623578,
    20.216275389565));
#1387 = CARTESIAN_POINT('',(17.748783779025,-75.96051150032,
    21.616104088024));
#1388 = CARTESIAN_POINT('',(38.997275325359,-52.54511357308,
    -13.58908258349));
#1389 = CARTESIAN_POINT('',(38.755679565158,-52.84620979611,
    -13.26967653642));
#1390 = CARTESIAN_POINT('',(38.514294621048,-53.14654450527,
    -12.94898125422));
#1391 = CARTESIAN_POINT('',(38.273137281576,-53.4461106601,
    -12.62699191747));
#1392 = CARTESIAN_POINT('',(38.032224099975,-53.74490010588,
    -12.30370365842));
#1393 = CARTESIAN_POINT('',(37.79157139417,-54.04290357364,
    -11.97911156097));
#1394 = CARTESIAN_POINT('',(37.297752145644,-54.60922179727,
    -11.3360268309));
#1395 = CARTESIAN_POINT('',(37.048806127511,-54.91498882603,
    -10.9976236115));
#1396 = CARTESIAN_POINT('',(36.80017504698,-55.2198891786,
    -10.65780946464));
#1397 = CARTESIAN_POINT('',(36.551876774244,-55.52391014646,
    -10.31657888381));
#1398 = CARTESIAN_POINT('',(36.303929141408,-55.82703785347,
    -9.973926382253));
#1399 = CARTESIAN_POINT('',(35.792745717286,-56.40639780749,
    -9.290351238293));
#1400 = CARTESIAN_POINT('',(35.533745453847,-56.72005378442,
    -8.929477412489));
#1401 = CARTESIAN_POINT('',(35.275169527385,-57.03269688659,
    -8.56703272402));
#1402 = CARTESIAN_POINT('',(35.01703854238,-57.34430852759,
    -8.203011028105));
#1403 = CARTESIAN_POINT('',(34.759373278886,-57.65486878779,
    -7.837406315313));
#1404 = CARTESIAN_POINT('',(34.228286286586,-58.24937079574,
    -7.106180682599));
#1405 = CARTESIAN_POINT('',(33.959112447096,-58.57071828088,
    -6.720589834812));
#1406 = CARTESIAN_POINT('',(33.690497243333,-58.8908633746,
    -6.333247384979));
#1407 = CARTESIAN_POINT('',(33.422465230293,-59.20978004374,
    -5.944146900699));
#1408 = CARTESIAN_POINT('',(33.155041395015,-59.52744067027,
    -5.553282288923));
#1409 = CARTESIAN_POINT('',(32.599136544373,-60.14133133583,
    -4.762892382919));
#1410 = CARTESIAN_POINT('',(32.314943236085,-60.47489473478,
    -4.343308515147));
#1411 = CARTESIAN_POINT('',(32.031502052291,-60.80695974541,
    -3.921703168908));
#1412 = CARTESIAN_POINT('',(31.748844668873,-61.13748883725,
    -3.498070082599));
#1413 = CARTESIAN_POINT('',(31.467003563344,-61.46644240533,
    -3.072403745258));
#1414 = CARTESIAN_POINT('',(30.878735815608,-62.1060475096,
    -2.205222923145));
#1415 = CARTESIAN_POINT('',(30.576645979441,-62.45394989912,
    -1.743566731979));
#1416 = CARTESIAN_POINT('',(30.275584091651,-62.79992275717,
    -1.279538807846));
#1417 = CARTESIAN_POINT('',(29.975593141064,-63.14391110046,
    -0.813134745939));
#1418 = CARTESIAN_POINT('',(29.676717466334,-63.485857097,
    -0.344351740378));
#1419 = CARTESIAN_POINT('',(29.042460167371,-64.16270765848,
    0.629927643622));
#1420 = CARTESIAN_POINT('',(28.711560344339,-64.53461310874,
    1.155815072378));
#1421 = CARTESIAN_POINT('',(28.382166393173,-64.90382143892,
    1.684661289377));
#1422 = CARTESIAN_POINT('',(28.054344116373,-65.27024405268,
    2.216464478299));
#1423 = CARTESIAN_POINT('',(27.728161690321,-65.63378794596,
    2.751219044432));
#1424 = CARTESIAN_POINT('',(27.034441635529,-66.35729511783,
    3.870731261277));
#1425 = CARTESIAN_POINT('',(26.671552680486,-66.75398915153,
    4.476073670407));
#1426 = CARTESIAN_POINT('',(26.310922053471,-67.14678931459,
    5.085114656142));
#1427 = CARTESIAN_POINT('',(25.952653925008,-67.53555056863,
    5.697832382793));
#1428 = CARTESIAN_POINT('',(25.596856253827,-67.92012133736,
    6.314195992349));
#1429 = CARTESIAN_POINT('',(24.592693766058,-68.92451004159,
    8.027199120286));
#1430 = CARTESIAN_POINT('',(23.954511887329,-69.57176439402,
    9.152002830962));
#1431 = CARTESIAN_POINT('',(23.325562367165,-70.20364710962,
    10.288517071629));
#1432 = CARTESIAN_POINT('',(22.706562457495,-70.81913803491,
    11.4363649413));
#1433 = CARTESIAN_POINT('',(22.098253694802,-71.41717096251,
    12.59501351212));
#1434 = CARTESIAN_POINT('',(20.799240596954,-72.62978080639,
    15.105786501995));
#1435 = CARTESIAN_POINT('',(20.116892738861,-73.27511854722,
    16.481410048767));
#1436 = CARTESIAN_POINT('',(19.451319911452,-73.89346358543,
    17.869601889037));
#1437 = CARTESIAN_POINT('',(18.803690087556,-74.48311172585,
    19.268810819104));
#1438 = CARTESIAN_POINT('',(18.175057936997,-75.04246257681,
    20.67708010704));
#1439 = CARTESIAN_POINT('',(17.566256101267,-75.5702159442,
    22.091983049058));
#1440 = CARTESIAN_POINT('',(39.254929228163,-51.84129638391,
    -12.93499004533));
#1441 = CARTESIAN_POINT('',(39.003396834451,-52.14397711565,
    -12.61484150843));
#1442 = CARTESIAN_POINT('',(38.752086968835,-52.44585402718,
    -12.29333211223));
#1443 = CARTESIAN_POINT('',(38.501017352557,-52.74691968692,
    -11.97045676956));
#1444 = CARTESIAN_POINT('',(38.250205458478,-53.04716548711,
    -11.64621034224));
#1445 = CARTESIAN_POINT('',(37.999668511072,-53.34658164383,
    -11.32058764106));
#1446 = CARTESIAN_POINT('',(37.490487495929,-53.91604637327,
    -10.67709454994));
#1447 = CARTESIAN_POINT('',(37.23149692926,-54.22319654794,
    -10.33753425118));
#1448 = CARTESIAN_POINT('',(36.972838796724,-54.52943189775,
    -9.996484640128));
#1449 = CARTESIAN_POINT('',(36.714531961307,-54.83473900814,
    -9.653939904306));
#1450 = CARTESIAN_POINT('',(36.456595245783,-55.13910323207,
    -9.309894252169));
#1451 = CARTESIAN_POINT('',(35.929789118458,-55.7212547229,
    -8.625162324287));
#1452 = CARTESIAN_POINT('',(35.660589044496,-56.03611346306,
    -8.262743287739));
#1453 = CARTESIAN_POINT('',(35.391836881788,-56.34990305764,
    -7.898666118377));
#1454 = CARTESIAN_POINT('',(35.123554379508,-56.66260388765,
    -7.532924330044));
#1455 = CARTESIAN_POINT('',(34.855763472155,-56.97419492683,
    -7.165511579452));
#1456 = CARTESIAN_POINT('',(34.308782313976,-57.57104992663,
    -6.432261417852));
#1457 = CARTESIAN_POINT('',(34.029274449209,-57.89336636843,
    -6.044671460216));
#1458 = CARTESIAN_POINT('',(33.750356255486,-58.21441361929,
    -5.655232589308));
#1459 = CARTESIAN_POINT('',(33.472053651971,-58.53416419974,
    -5.263938015375));
#1460 = CARTESIAN_POINT('',(33.194393013872,-58.85258895746,
    -4.870781306861));
#1461 = CARTESIAN_POINT('',(32.622276343242,-59.4682820521,
    -4.077343278888));
#1462 = CARTESIAN_POINT('',(32.327544726628,-59.80252647174,
    -3.655215842361));
#1463 = CARTESIAN_POINT('',(32.033607019201,-60.13518925927,
    -3.230954623008));
#1464 = CARTESIAN_POINT('',(31.740496656617,-60.4662307992,
    -2.804553011359));
#1465 = CARTESIAN_POINT('',(31.448247920691,-60.79560928625,
    -2.376005190287));
#1466 = CARTESIAN_POINT('',(30.84337892765,-61.43628479467,
    -1.504514378248));
#1467 = CARTESIAN_POINT('',(30.530534913134,-61.78447080845,
    -1.039637518871));
#1468 = CARTESIAN_POINT('',(30.218775955238,-62.13062009456,
    -0.572257163585));
#1469 = CARTESIAN_POINT('',(29.908147431056,-62.47467461508,
    -0.102368662872));
#1470 = CARTESIAN_POINT('',(29.598696142501,-62.81657332516,
    0.370030945032));
#1471 = CARTESIAN_POINT('',(28.94730315119,-63.49346407133,
    1.350260546109));
#1472 = CARTESIAN_POINT('',(28.60529074148,-63.86508124473,
    1.880287604054));
#1473 = CARTESIAN_POINT('',(28.264867863186,-64.23385145805,
    2.413437827365));
#1474 = CARTESIAN_POINT('',(27.9261039745,-64.59968119292,2.949709298819
    ));
#1475 = CARTESIAN_POINT('',(27.58907103938,-64.96247227839,
    3.489096112883));
#1476 = CARTESIAN_POINT('',(26.877644299428,-65.68442012978,
    4.616798754827));
#1477 = CARTESIAN_POINT('',(26.503355930833,-66.07991689554,
    5.227516117139));
#1478 = CARTESIAN_POINT('',(26.131451352933,-66.4713034645,
    5.842137532535));
#1479 = CARTESIAN_POINT('',(25.762040523504,-66.85842674062,
    6.460639952231));
#1480 = CARTESIAN_POINT('',(25.395237398985,-67.24112672669,
    7.082990803882));
#1481 = CARTESIAN_POINT('',(24.368750106608,-68.2401887317,
    8.810219677954));
#1482 = CARTESIAN_POINT('',(23.715013098271,-68.88308006018,
    9.945499748344));
#1483 = CARTESIAN_POINT('',(23.071021357307,-69.50974577202,
    11.093140933725));
#1484 = CARTESIAN_POINT('',(22.437531982977,-70.11910903853,
    12.252745394166));
#1485 = CARTESIAN_POINT('',(21.815327708233,-70.71004441858,
    13.42375059471));
#1486 = CARTESIAN_POINT('',(20.492899814422,-71.9054402207,
    15.960455739098));
#1487 = CARTESIAN_POINT('',(19.796695424033,-72.53993904925,
    17.351633496081));
#1488 = CARTESIAN_POINT('',(19.118198010477,-73.14594558058,
    18.75607778509));
#1489 = CARTESIAN_POINT('',(18.458640433963,-73.72166094203,
    20.172151224441));
#1490 = CARTESIAN_POINT('',(17.819135957082,-74.26539583127,
    21.597788374875));
#1491 = CARTESIAN_POINT('',(17.200563479187,-74.77577782118,
    23.03042771573));
#1492 = CARTESIAN_POINT('',(39.383657511852,-51.4896573138,
    -12.60819425883));
#1493 = CARTESIAN_POINT('',(39.128295439948,-51.79467039031,
    -12.29021623328));
#1494 = CARTESIAN_POINT('',(38.873167608146,-52.0988373403,
    -11.97080572423));
#1495 = CARTESIAN_POINT('',(38.618292670384,-52.40215034103,
    -11.64995737681));
#1496 = CARTESIAN_POINT('',(38.363689019147,-52.7046003317,
    -11.32766578239));
#1497 = CARTESIAN_POINT('',(38.10937478546,-53.00617701346,
    -11.00392547865));
#1498 = CARTESIAN_POINT('',(37.59093895902,-53.57953608479,
    -10.36293702764));
#1499 = CARTESIAN_POINT('',(37.328010799133,-53.88881724144,
    -10.0251326507));
#1500 = CARTESIAN_POINT('',(37.065432569914,-54.19713542456,
    -9.685760576606));
#1501 = CARTESIAN_POINT('',(36.803224127135,-54.50447651356,
    -9.344814686966));
#1502 = CARTESIAN_POINT('',(36.541405284244,-54.81082509048,
    -9.002288885416));
#1503 = CARTESIAN_POINT('',(36.005083409035,-55.39651595421,
    -8.319313174779));
#1504 = CARTESIAN_POINT('',(35.731790479871,-55.71332529367,
    -7.958261928653));
#1505 = CARTESIAN_POINT('',(35.458969036237,-56.02900921673,
    -7.595465279565));
#1506 = CARTESIAN_POINT('',(35.186641972,-56.34354707183,-7.23091639998)
  );
#1507 = CARTESIAN_POINT('',(34.914832376109,-56.65691672605,
    -6.864608612756));
#1508 = CARTESIAN_POINT('',(34.358064007372,-57.2568725538,
    -6.132246923436));
#1509 = CARTESIAN_POINT('',(34.074329072647,-57.58090578833,
    -5.745570857117));
#1510 = CARTESIAN_POINT('',(33.791214844285,-57.90360303239,
    -5.356948566302));
#1511 = CARTESIAN_POINT('',(33.508748605616,-58.22493536024,
    -4.966372903881));
#1512 = CARTESIAN_POINT('',(33.226958120015,-58.54487208521,
    -4.573837099796));
#1513 = CARTESIAN_POINT('',(32.644736584718,-59.16311544501,
    -3.78026395102));
#1514 = CARTESIAN_POINT('',(32.345573615097,-59.49878872143,
    -3.358505946905));
#1515 = CARTESIAN_POINT('',(32.047246339357,-59.83279712194,
    -2.934501855605));
#1516 = CARTESIAN_POINT('',(31.749789952925,-60.16509894602,
    -2.508244719783));
#1517 = CARTESIAN_POINT('',(31.453240541925,-60.49565018813,
    -2.079728416146));
#1518 = CARTESIAN_POINT('',(30.837877258899,-61.13814393677,
    -1.206840615347));
#1519 = CARTESIAN_POINT('',(30.520386021353,-61.48736141087,
    -0.741656088928));
#1520 = CARTESIAN_POINT('',(30.204036948671,-61.83443496112,
    -0.273836303656));
#1521 = CARTESIAN_POINT('',(29.888877806214,-62.17930349496,
    0.196623634698));
#1522 = CARTESIAN_POINT('',(29.574957859154,-62.52190275464,
    0.669726843778));
#1523 = CARTESIAN_POINT('',(28.912536130814,-63.19958152159,
    1.652993660765));
#1524 = CARTESIAN_POINT('',(28.565518089748,-63.5716582542,
    2.184247346732));
#1525 = CARTESIAN_POINT('',(28.220173239645,-63.94073818673,
    2.71878857519));
#1526 = CARTESIAN_POINT('',(27.876574694393,-64.30672287879,
    3.256615328007));
#1527 = CARTESIAN_POINT('',(27.534798205526,-64.66950899254,
    3.797721388837));
#1528 = CARTESIAN_POINT('',(26.811771735734,-65.39064535951,
    4.930701454712));
#1529 = CARTESIAN_POINT('',(26.432190908905,-65.7856926934,5.54388076904
    ));
#1530 = CARTESIAN_POINT('',(26.055119335441,-66.17641350435,
    6.16116961293));
#1531 = CARTESIAN_POINT('',(25.680672760367,-66.56264663862,
    6.782543724505));
#1532 = CARTESIAN_POINT('',(25.308971137829,-66.9442236781,
    7.407968817085));
#1533 = CARTESIAN_POINT('',(24.266265996165,-67.93870681996,
    9.146510436125));
#1534 = CARTESIAN_POINT('',(23.603080813539,-68.57798296058,
    10.289353865063));
#1535 = CARTESIAN_POINT('',(22.950153807096,-69.20017950473,
    11.445208993992));
#1536 = CARTESIAN_POINT('',(22.308281923425,-69.80416294853,
    12.613657044036));
#1537 = CARTESIAN_POINT('',(21.678289091951,-70.38874861711,
    13.794105873136));
#1538 = CARTESIAN_POINT('',(20.338553357496,-71.56767821355,
    16.35383017087));
#1539 = CARTESIAN_POINT('',(19.634599390131,-72.19208596588,
    17.757649136898));
#1540 = CARTESIAN_POINT('',(18.949284345748,-72.78650182642,
    19.17543287348));
#1541 = CARTESIAN_POINT('',(18.283905971936,-73.34903224497,
    20.605457820947));
#1542 = CARTESIAN_POINT('',(17.639636124053,-73.87789900856,
    22.045549832713));
#1543 = CARTESIAN_POINT('',(17.017399959314,-74.37165745708,
    23.493012571238));
#1544 = CARTESIAN_POINT('',(39.512385795541,-51.13801824368,
    -12.28139847233));
#1545 = CARTESIAN_POINT('',(39.253189910842,-51.44522442162,
    -11.96571618148));
#1546 = CARTESIAN_POINT('',(38.99423997825,-51.75154216669,
    -11.64852978296));
#1547 = CARTESIAN_POINT('',(38.735555584401,-52.05696326505,
    -11.32983365414));
#1548 = CARTESIAN_POINT('',(38.477156041402,-52.36147820285,
    -11.00962211598));
#1549 = CARTESIAN_POINT('',(38.219060386831,-52.66507616629,
    -10.68788943302));
#1550 = CARTESIAN_POINT('',(37.69136561449,-53.24219033614,
    -10.0495308455));
#1551 = CARTESIAN_POINT('',(37.424495726783,-53.55346323142,
    -9.713607613736));
#1552 = CARTESIAN_POINT('',(37.157993266277,-53.86372500449,
    -9.376038299952));
#1553 = CARTESIAN_POINT('',(36.891879081533,-54.17296082872,
    -9.036816479852));
#1554 = CARTESIAN_POINT('',(36.626173976671,-54.48115451529,
    -8.695935752247));
#1555 = CARTESIAN_POINT('',(36.080332218975,-55.07024550854,
    -8.014841482214));
#1556 = CARTESIAN_POINT('',(35.802942300005,-55.38886620395,
    -7.655283249868));
#1557 = CARTESIAN_POINT('',(35.526047440842,-55.70630521213,
    -7.293892344413));
#1558 = CARTESIAN_POINT('',(35.249671680046,-56.02254084896,
    -6.930661596936));
#1559 = CARTESIAN_POINT('',(34.973839261013,-56.33754987486,
    -6.565583996436));
#1560 = CARTESIAN_POINT('',(34.407279547114,-56.94046728719,
    -5.834236002755));
#1561 = CARTESIAN_POINT('',(34.119313407829,-57.26607807109,
    -5.448599051112));
#1562 = CARTESIAN_POINT('',(33.831999010224,-57.590286065,
    -5.060918563749));
#1563 = CARTESIAN_POINT('',(33.545365001796,-57.91306089689,
    -4.671187036198));
#1564 = CARTESIAN_POINT('',(33.259440534091,-58.23437034575,
    -4.279397359901));
#1565 = CARTESIAN_POINT('',(32.667109999522,-58.85502472735,
    -3.48581431368));
#1566 = CARTESIAN_POINT('',(32.363511542292,-59.19198761718,
    -3.064550965336));
#1567 = CARTESIAN_POINT('',(32.060790563636,-59.5272023873,
    -2.640929225447));
#1568 = CARTESIAN_POINT('',(31.758984018754,-59.86062525218,
    -2.21494178881));
#1569 = CARTESIAN_POINT('',(31.458129798074,-60.19221000598,
    -1.786582225968));
#1570 = CARTESIAN_POINT('',(30.83226809046,-60.83638275149,
    -0.912422659768));
#1571 = CARTESIAN_POINT('',(30.510125495282,-61.18649244255,
    -0.447055689663));
#1572 = CARTESIAN_POINT('',(30.18918217321,-61.53435101358,
    2.107830223626E-02));
#1573 = CARTESIAN_POINT('',(29.869488277875,-61.87989431737,
    0.491984454872));
#1574 = CARTESIAN_POINT('',(29.551095537706,-62.2230548833,0.96566604177
    ));
#1575 = CARTESIAN_POINT('',(28.877640937735,-62.90138242766,
    1.951844851309));
#1576 = CARTESIAN_POINT('',(28.525613130709,-63.27377947613,
    2.484199941939));
#1577 = CARTESIAN_POINT('',(28.175342174194,-63.64302988451,
    3.020006952185));
#1578 = CARTESIAN_POINT('',(27.826904837772,-64.00903029039,
    3.559263763008));
#1579 = CARTESIAN_POINT('',(27.480380660555,-64.37167218905,
    4.101963847244));
#1580 = CARTESIAN_POINT('',(26.745750326318,-65.09185782825,
    5.240096113693));
#1581 = CARTESIAN_POINT('',(26.360872906654,-65.48631648691,
    5.855612156679));
#1582 = CARTESIAN_POINT('',(25.978630203021,-65.87623229649,
    6.475443205704));
#1583 = CARTESIAN_POINT('',(25.599143747699,-66.26143604555,
    7.099563785799));
#1584 = CARTESIAN_POINT('',(25.222539492539,-66.64175089509,
    7.727937895948));
#1585 = CARTESIAN_POINT('',(24.163612366984,-67.63151593043,
    9.477667036598));
#1586 = CARTESIAN_POINT('',(23.490974875466,-68.26703763982,
    10.627948600726));
#1587 = CARTESIAN_POINT('',(22.829108468941,-68.88462577292,
    11.791892449843));
#1588 = CARTESIAN_POINT('',(22.178849941326,-69.48309015066,
    12.969058866132));
#1589 = CARTESIAN_POINT('',(21.541064418518,-70.06118686441,
    14.15882610043));
#1590 = CARTESIAN_POINT('',(20.184016708817,-71.22351101181,
    16.741444328152));
#1591 = CARTESIAN_POINT('',(19.472309029872,-71.83768844457,
    18.157779279867));
#1592 = CARTESIAN_POINT('',(18.780172220059,-72.42037439094,
    19.588777240663));
#1593 = CARTESIAN_POINT('',(18.108968914345,-72.96958062323,
    21.032628472888));
#1594 = CARTESIAN_POINT('',(17.459929560857,-73.48344001782,
    22.487050122628));
#1595 = CARTESIAN_POINT('',(16.83402557467,-73.96043568157,
    23.949211035464));
#1596 = CARTESIAN_POINT('',(39.765856659612,-50.44562760203,
    -11.63792519664));
#1597 = CARTESIAN_POINT('',(39.496897911602,-50.75362453559,
    -11.32233074146));
#1598 = CARTESIAN_POINT('',(39.228196827704,-51.06069072997,
    -11.00516055443));
#1599 = CARTESIAN_POINT('',(38.959773927251,-51.36681758016,
    -10.68640874519));
#1600 = CARTESIAN_POINT('',(38.691649441975,-51.6719951193,
    -10.36606936425));
#1601 = CARTESIAN_POINT('',(38.423843316005,-51.97621201863,
    -10.04413640305));
#1602 = CARTESIAN_POINT('',(37.880960547248,-52.55567894121,
    -9.406199779969));
#1603 = CARTESIAN_POINT('',(37.604219881204,-52.86754122933,
    -9.069949794346));
#1604 = CARTESIAN_POINT('',(37.327864138895,-53.17834424656,
    -8.731975341846));
#1605 = CARTESIAN_POINT('',(37.05191516167,-53.48807246024,
    -8.392269692254));
#1606 = CARTESIAN_POINT('',(36.776394744322,-53.79670891066,
    -8.05082613956));
#1607 = CARTESIAN_POINT('',(36.215104053623,-54.38779768765,
    -7.369405411097));
#1608 = CARTESIAN_POINT('',(35.927688094332,-54.70682739321,
    -7.009132293498));
#1609 = CARTESIAN_POINT('',(35.640790769125,-55.02461914073,
    -6.646939232641));
#1610 = CARTESIAN_POINT('',(35.354437261253,-55.34115021349,
    -6.282818718238));
#1611 = CARTESIAN_POINT('',(35.068652968562,-55.65639626529,
    -5.916763405431));
#1612 = CARTESIAN_POINT('',(34.486372858986,-56.2608729164,
    -5.184221208356));
#1613 = CARTESIAN_POINT('',(34.188246464624,-56.58665890389,
    -4.797415472355));
#1614 = CARTESIAN_POINT('',(33.89080284726,-56.91097530185,
    -4.408468889409));
#1615 = CARTESIAN_POINT('',(33.594072018559,-57.23379029199,
    -4.017373597696));
#1616 = CARTESIAN_POINT('',(33.298084518234,-57.55507011895,
    -3.624122150153));
#1617 = CARTESIAN_POINT('',(32.689715933878,-58.17673317656,
    -2.828321307455));
#1618 = CARTESIAN_POINT('',(32.375752938522,-58.51358333401,
    -2.405344715847));
#1619 = CARTESIAN_POINT('',(32.062709206435,-58.84860212796,
    -1.979897428336));
#1620 = CARTESIAN_POINT('',(31.750623452586,-59.18174368784,
    -1.55197179185));
#1621 = CARTESIAN_POINT('',(31.439535371712,-59.51295960755,
    -1.12156107077));
#1622 = CARTESIAN_POINT('',(30.797246188994,-60.15740900413,
    -0.243921840135));
#1623 = CARTESIAN_POINT('',(30.464523185667,-60.50700856637,
    0.223835472688));
#1624 = CARTESIAN_POINT('',(30.13305656369,-60.85424981238,
    0.694491570248));
#1625 = CARTESIAN_POINT('',(29.802898864961,-61.19906554034,
    1.168051836199));
#1626 = CARTESIAN_POINT('',(29.474104281168,-61.54138506673,
    1.644519699948));
#1627 = CARTESIAN_POINT('',(28.78368775905,-62.2189590427,2.635818401072
    ));
#1628 = CARTESIAN_POINT('',(28.420721135547,-62.59027406124,
    3.171482795399));
#1629 = CARTESIAN_POINT('',(28.059595022105,-62.95829259967,
    3.710763486466));
#1630 = CARTESIAN_POINT('',(27.700389843998,-63.3229063736,
    4.253658254329));
#1631 = CARTESIAN_POINT('',(27.343188927915,-63.68400171138,
    4.800160261005));
#1632 = CARTESIAN_POINT('',(26.591025678719,-64.40183427701,
    5.945652627061));
#1633 = CARTESIAN_POINT('',(26.194922615702,-64.79430191466,
    6.565713297737));
#1634 = CARTESIAN_POINT('',(25.801579731386,-65.18201037707,
    7.190294450932));
#1635 = CARTESIAN_POINT('',(25.411124345299,-65.56478239514,
    7.81936939858));
#1636 = CARTESIAN_POINT('',(25.023688407002,-65.94243270893,
    8.452900425333));
#1637 = CARTESIAN_POINT('',(23.94261024704,-66.92607729198,
    10.216024986625));
#1638 = CARTESIAN_POINT('',(23.254591396115,-67.55644222435,
    11.375952584976));
#1639 = CARTESIAN_POINT('',(22.577856538992,-68.16801960061,
    12.550193053316));
#1640 = CARTESIAN_POINT('',(21.913282316917,-68.75956256649,
    13.738285734883));
#1641 = CARTESIAN_POINT('',(21.261775052259,-69.32976797963,
    14.939579273412));
#1642 = CARTESIAN_POINT('',(19.881486316795,-70.47408433218,
    17.547299330155));
#1643 = CARTESIAN_POINT('',(19.156095875756,-71.07662909958,
    18.97835816659));
#1644 = CARTESIAN_POINT('',(18.451208249997,-71.64618278601,
    20.424778250633));
#1645 = CARTESIAN_POINT('',(17.768250961865,-72.18066248625,
    21.884663666651));
#1646 = CARTESIAN_POINT('',(17.108513052257,-72.67811216604,
    23.355622853397));
#1647 = CARTESIAN_POINT('',(16.473012194106,-73.13694269924,
    24.834689839578));
#1648 = CARTESIAN_POINT('',(39.890599239993,-50.1048760305,
    -11.32124770746));
#1649 = CARTESIAN_POINT('',(39.617997254223,-50.41484037676,
    -11.00827063016));
#1650 = CARTESIAN_POINT('',(39.34566464457,-50.72383167751,
    -10.69364619684));
#1651 = CARTESIAN_POINT('',(39.073622863065,-51.03184093661,
    -10.37736824939));
#1652 = CARTESIAN_POINT('',(38.801893061062,-51.33885773416,
    -10.05943056789));
#1653 = CARTESIAN_POINT('',(38.530496089242,-51.64487022645,
    -9.739826870664));
#1654 = CARTESIAN_POINT('',(37.978544949619,-52.22786655885,
    -9.104841754239));
#1655 = CARTESIAN_POINT('',(37.69805313079,-52.54149489687,
    -8.770794556975));
#1656 = CARTESIAN_POINT('',(37.417963732229,-52.85401581534,
    -8.434944507976));
#1657 = CARTESIAN_POINT('',(37.138299588074,-53.16541307555,
    -8.097284571108));
#1658 = CARTESIAN_POINT('',(36.85908348379,-53.47566894689,
    -7.757807735543));
#1659 = CARTESIAN_POINT('',(36.288463485639,-54.06993216469,
    -7.078590090868));
#1660 = CARTESIAN_POINT('',(35.997141111577,-54.39054753748,
    -6.720131630232));
#1661 = CARTESIAN_POINT('',(35.706360945875,-54.70986868141,
    -6.359665956192));
#1662 = CARTESIAN_POINT('',(35.416149316479,-55.02787184719,
    -5.99718521708));
#1663 = CARTESIAN_POINT('',(35.126532775681,-55.34453158195,
    -5.632681734181));
#1664 = CARTESIAN_POINT('',(34.534651895978,-55.95174412893,
    -4.901474875929));
#1665 = CARTESIAN_POINT('',(34.23248487209,-56.27888197707,
    -4.516029897787));
#1666 = CARTESIAN_POINT('',(33.931031660519,-56.60448343617,
    -4.128346761476));
#1667 = CARTESIAN_POINT('',(33.630323637094,-56.92851524163,
    -3.738417247818));
#1668 = CARTESIAN_POINT('',(33.330392729699,-57.25094210377,
    -3.346233571245));
#1669 = CARTESIAN_POINT('',(32.712105721108,-57.87479049446,
    -2.550744474287));
#1670 = CARTESIAN_POINT('',(32.393897813176,-58.21270457661,
    -2.128584181634));
#1671 = CARTESIAN_POINT('',(32.076650953207,-58.54870405146,
    -1.703840888717));
#1672 = CARTESIAN_POINT('',(31.760405615944,-58.88274096342,
    -1.2765065946));
#1673 = CARTESIAN_POINT('',(31.445203300425,-59.21476470611,
    -0.846574257497));
#1674 = CARTESIAN_POINT('',(30.792606268154,-59.86066741083,
    3.201509535521E-02));
#1675 = CARTESIAN_POINT('',(30.455422482229,-60.21093350133,
    0.499633208679));
#1676 = CARTESIAN_POINT('',(30.119552185898,-60.5587340794,
    0.970281869684));
#1677 = CARTESIAN_POINT('',(29.785050309325,-60.9039988886,
    1.443966706732));
#1678 = CARTESIAN_POINT('',(29.451973507459,-61.24665403251,
    1.920691305116));
#1679 = CARTESIAN_POINT('',(28.750714688743,-61.92465109718,
    2.914580355608));
#1680 = CARTESIAN_POINT('',(28.382928874315,-62.29606074286,
    3.451024511414));
#1681 = CARTESIAN_POINT('',(28.017067229496,-62.66402406843,
    3.991249341086));
#1682 = CARTESIAN_POINT('',(27.653213835254,-63.02842786747,
    4.535252523771));
#1683 = CARTESIAN_POINT('',(27.291455805856,-63.38915330145,
    5.083026910669));
#1684 = CARTESIAN_POINT('',(26.527879267251,-64.1058094506,
    6.233349834115));
#1685 = CARTESIAN_POINT('',(26.126670186432,-64.4974627243,
    6.855425590265));
#1686 = CARTESIAN_POINT('',(25.728346746983,-64.88414049662,
    7.482227305412));
#1687 = CARTESIAN_POINT('',(25.333042055683,-65.26565744076,
    8.113727078396));
#1688 = CARTESIAN_POINT('',(24.940894059799,-65.64181987589,
    8.749885479536));
#1689 = CARTESIAN_POINT('',(23.843784490981,-66.62052066371,
    10.523875919254));
#1690 = CARTESIAN_POINT('',(23.146503906199,-67.24690547615,
    11.690920009611));
#1691 = CARTESIAN_POINT('',(22.461020224028,-67.85364875264,
    12.872927554956));
#1692 = CARTESIAN_POINT('',(21.788249933044,-68.43944696374,
    14.069416959585));
#1693 = CARTESIAN_POINT('',(21.129140552087,-69.00293773333,
    15.279707260127));
#1694 = CARTESIAN_POINT('',(19.731730416411,-70.13042294813,
    17.909999603675));
#1695 = CARTESIAN_POINT('',(18.998776838827,-70.72251170724,
    19.353252782613));
#1696 = CARTESIAN_POINT('',(18.287258022673,-71.28010979079,
    20.812565447686));
#1697 = CARTESIAN_POINT('',(17.598666377675,-71.80103961606,
    22.285955505279));
#1698 = CARTESIAN_POINT('',(16.934349537496,-72.28325623812,
    23.770922686815));
#1699 = CARTESIAN_POINT('',(16.295371432932,-72.72509829785,
    25.264366204123));
#1700 = CARTESIAN_POINT('',(40.015341820374,-49.76412445896,
    -11.00457021828));
#1701 = CARTESIAN_POINT('',(39.739101422473,-50.07592917023,
    -10.69433212799));
#1702 = CARTESIAN_POINT('',(39.463142112693,-50.38671852966,
    -10.38237505752));
#1703 = CARTESIAN_POINT('',(39.187486275762,-50.69648314999,
    -10.06869258099));
#1704 = CARTESIAN_POINT('',(38.912155982661,-51.00521215825,
    -9.753278208068));
#1705 = CARTESIAN_POINT('',(38.63717299062,-51.31289319581,
    -9.436125383949));
#1706 = CARTESIAN_POINT('',(38.07615830576,-51.89929189033,
    -8.804213383318));
#1707 = CARTESIAN_POINT('',(37.791920159774,-52.21455923057,
    -8.472490583548));
#1708 = CARTESIAN_POINT('',(37.508101930588,-52.52867100258,
    -8.138886547185));
#1709 = CARTESIAN_POINT('',(37.224727445131,-52.84161026163,
    -7.803393932176));
#1710 = CARTESIAN_POINT('',(36.941820479539,-53.1533585062,
    -7.466005422875));
#1711 = CARTESIAN_POINT('',(36.361875999565,-53.75066911712,
    -6.789112471121));
#1712 = CARTESIAN_POINT('',(36.06665203636,-54.07274310945,
    -6.432590276585));
#1713 = CARTESIAN_POINT('',(35.771993855792,-54.3934666021,
    -6.073973598495));
#1714 = CARTESIAN_POINT('',(35.4779289305,-54.71281481319,
    -5.713254243809));
#1715 = CARTESIAN_POINT('',(35.184484967222,-55.03076118323,
    -5.350424199954));
#1716 = CARTESIAN_POINT('',(34.583008143021,-55.64058257838,
    -4.620674289659));
#1717 = CARTESIAN_POINT('',(34.276805315235,-55.96894523949,
    -4.236711678512));
#1718 = CARTESIAN_POINT('',(33.971347335084,-56.29570471202,
    -3.85041359797));
#1719 = CARTESIAN_POINT('',(33.666666942564,-56.62082628511,
    -3.461771471501));
#1720 = CARTESIAN_POINT('',(33.362797453728,-56.94427313474,
    -3.070777175035));
#1721 = CARTESIAN_POINT('',(32.734596846528,-57.57017981082,
    -2.27572143295));
#1722 = CARTESIAN_POINT('',(32.41214885165,-57.90903076997,
    -1.854499048386));
#1723 = CARTESIAN_POINT('',(32.090703689428,-58.24588387803,
    -1.430581359199));
#1724 = CARTESIAN_POINT('',(31.770303594377,-58.58068909438,
    -1.003960016586));
#1725 = CARTESIAN_POINT('',(31.450991869842,-58.91339361236,
    -0.574627672596));
#1726 = CARTESIAN_POINT('',(30.788091813646,-59.56062257754,
    0.30479019334));
#1727 = CARTESIAN_POINT('',(30.446452070752,-59.91142814859,
    0.77214749803));
#1728 = CARTESIAN_POINT('',(30.106182925694,-60.25966101103,
    1.242667113344));
#1729 = CARTESIAN_POINT('',(29.767341696906,-60.60524785378,
    1.716354912355));
#1730 = CARTESIAN_POINT('',(29.429987502594,-60.94811156754,
    2.193214636238));
#1731 = CARTESIAN_POINT('',(28.71789121291,-61.62640467321,
    3.189572426964));
#1732 = CARTESIAN_POINT('',(28.345291033185,-61.99778189833,
    3.726674735115));
#1733 = CARTESIAN_POINT('',(27.974698682616,-62.36556296335,
    4.267722094256));
#1734 = CARTESIAN_POINT('',(27.606201897868,-62.72962973981,
    4.812712082628));
#1735 = CARTESIAN_POINT('',(27.239891580783,-63.08985822229,
    5.361637240615));
#1736 = CARTESIAN_POINT('',(26.464906578397,-63.80521090726,
    6.516669112316));
#1737 = CARTESIAN_POINT('',(26.058596305405,-64.19592276933,
    7.140638344805));
#1738 = CARTESIAN_POINT('',(25.655297136451,-64.58144280387,
    7.769539012769));
#1739 = CARTESIAN_POINT('',(25.255147965565,-64.96157762639,
    8.403342001955));
#1740 = CARTESIAN_POINT('',(24.858292737722,-65.33612513517,
    9.042006168346));
#1741 = CARTESIAN_POINT('',(23.745156585677,-66.30975508007,
    10.826740877355));
#1742 = CARTESIAN_POINT('',(23.038619092666,-66.93203272487,
    12.000779850583));
#1743 = CARTESIAN_POINT('',(22.344391411075,-67.53381485391,
    13.190432863799));
#1744 = CARTESIAN_POINT('',(21.66342987681,-68.11374126253,
    14.395197382354));
#1745 = CARTESIAN_POINT('',(20.996723205182,-68.67039034089,
    15.614362835776));
#1746 = CARTESIAN_POINT('',(19.582196494923,-69.78091737023,
    18.267105856993));
#1747 = CARTESIAN_POINT('',(18.841684606423,-70.36242307337,
    19.722431769299));
#1748 = CARTESIAN_POINT('',(18.123539425502,-70.90793850635,
    21.194515406268));
#1749 = CARTESIAN_POINT('',(17.429318249265,-71.41519140895,
    22.6812884963));
#1750 = CARTESIAN_POINT('',(16.760427304144,-71.8820479256,
    24.180142063491));
#1751 = CARTESIAN_POINT('',(16.117976778795,-72.30677446416,
    25.687840502792));
#1752 = CARTESIAN_POINT('',(40.143748796167,-49.4133630857,
    -10.67859011939));
#1753 = CARTESIAN_POINT('',(39.863705231512,-49.72683458263,
    -10.37115679527));
#1754 = CARTESIAN_POINT('',(39.583954466984,-50.0392484214,
    -10.06193286678));
#1755 = CARTESIAN_POINT('',(39.304519820008,-50.3505948236,
    -9.750911640322));
#1756 = CARTESIAN_POINT('',(39.025424281187,-50.66086246323,
    -9.438086355115));
#1757 = CARTESIAN_POINT('',(38.746690514304,-50.97003846671,
    -9.123450183247));
#1758 = CARTESIAN_POINT('',(38.176447529585,-51.55966594399,
    -8.494677077552));
#1759 = CARTESIAN_POINT('',(37.88829830182,-51.87639870711,
    -8.165344454419));
#1760 = CARTESIAN_POINT('',(37.600586487389,-52.19192775331,
    -7.834052209834));
#1761 = CARTESIAN_POINT('',(37.313336906009,-52.50623543184,
    -7.500792695826));
#1762 = CARTESIAN_POINT('',(37.026574324488,-52.8193024703,
    -7.165558291931));
#1763 = CARTESIAN_POINT('',(36.437140608069,-53.41948689498,
    -6.491055812242));
#1764 = CARTESIAN_POINT('',(36.137850301101,-53.7428459275,
    -6.136535662947));
#1765 = CARTESIAN_POINT('',(35.839149351045,-54.06479818952,
    -5.77983375995));
#1766 = CARTESIAN_POINT('',(35.541066375236,-54.38531786659,
    -5.420941568832));
#1767 = CARTESIAN_POINT('',(35.243630234858,-54.70437729255,
    -5.059850743164));
#1768 = CARTESIAN_POINT('',(34.632392711537,-55.31663395652,
    -4.331623559968));
#1769 = CARTESIAN_POINT('',(34.321989325232,-55.64604785124,
    -3.949209094958));
#1770 = CARTESIAN_POINT('',(34.01236182188,-55.97379175787,
    -3.564361849329));
#1771 = CARTESIAN_POINT('',(33.703544305645,-56.29982951923,
    -3.177072889191));
#1772 = CARTESIAN_POINT('',(33.395571480745,-56.624122777,
    -2.787333751973));
#1773 = CARTESIAN_POINT('',(32.757292520317,-57.25191415912,
    -1.992777143905));
#1774 = CARTESIAN_POINT('',(32.43043968387,-57.59152841593,
    -1.572558446572));
#1775 = CARTESIAN_POINT('',(32.104631464775,-57.92906157785,
    -1.149532140257));
#1776 = CARTESIAN_POINT('',(31.779911857314,-58.26446151923,
    -0.72368952829));
#1777 = CARTESIAN_POINT('',(31.456325969143,-58.59767323316,
    -0.295022956556));
#1778 = CARTESIAN_POINT('',(30.7829581344,-59.24605487943,0.58515764332)
  );
#1779 = CARTESIAN_POINT('',(30.436697679916,-59.5972263517,
    1.052188360235));
#1780 = CARTESIAN_POINT('',(30.09186493151,-59.94571791915,
    1.522513150715));
#1781 = CARTESIAN_POINT('',(29.748519595886,-60.2914532161,
    1.996138132547));
#1782 = CARTESIAN_POINT('',(29.406723254508,-60.63435192035,
    2.473067202787));
#1783 = CARTESIAN_POINT('',(28.683624739233,-61.31276748767,
    3.471827954604));
#1784 = CARTESIAN_POINT('',(28.30604543959,-61.6839387129,4.009522635957
    ));
#1785 = CARTESIAN_POINT('',(27.930557628651,-62.05136393801,
    4.551326745425));
#1786 = CARTESIAN_POINT('',(27.557252698775,-62.41492011254,
    5.097237760342));
#1787 = CARTESIAN_POINT('',(27.186225339382,-62.77447806418,
    5.647247910274));
#1788 = CARTESIAN_POINT('',(26.399667118593,-63.48835370561,
    6.806922951088));
#1789 = CARTESIAN_POINT('',(25.988090898808,-63.8779505767,
    7.432719880774));
#1790 = CARTESIAN_POINT('',(25.579651245727,-64.26213929411,
    8.063653722412));
#1791 = CARTESIAN_POINT('',(25.174492840635,-64.64071841566,
    8.699694148657));
#1792 = CARTESIAN_POINT('',(24.772765626212,-65.01347741873,
    9.340798301158));
#1793 = CARTESIAN_POINT('',(23.643438136317,-65.98186294137,
    11.136211500315));
#1794 = CARTESIAN_POINT('',(22.927478980457,-66.59985983919,
    12.317179577272));
#1795 = CARTESIAN_POINT('',(22.224342544826,-67.19650724142,
    13.514412279216));
#1796 = CARTESIAN_POINT('',(21.535025012659,-67.77038826822,
    14.727386132555));
#1797 = CARTESIAN_POINT('',(20.860556295738,-68.32002207599,
    15.955360959713));
#1798 = CARTESIAN_POINT('',(19.428748256274,-69.41341734052,
    18.630488879458));
#1799 = CARTESIAN_POINT('',(18.680513302237,-69.98416640834,
    20.097821745989));
#1800 = CARTESIAN_POINT('',(17.955577001927,-70.5174256114,
    21.582610575711));
#1801 = CARTESIAN_POINT('',(17.255561539831,-71.01082801199,
    23.082700919041));
#1802 = CARTESIAN_POINT('',(16.581931735147,-71.46215084387,
    24.595375092744));
#1803 = CARTESIAN_POINT('',(15.935844034392,-71.86958828191,
    26.117262674896));
#1804 = CARTESIAN_POINT('',(40.147413191578,-49.40335328399,
    -10.66928750969));
#1805 = CARTESIAN_POINT('',(39.86948172574,-49.72013772241,
    -10.36662942952));
#1806 = CARTESIAN_POINT('',(39.591854772033,-50.03582219635,
    -10.06210912081));
#1807 = CARTESIAN_POINT('',(39.31455658058,-50.35039653625,
    -9.755719622213));
#1808 = CARTESIAN_POINT('',(39.037611061609,-50.66384896308,
    -9.447453902515));
#1809 = CARTESIAN_POINT('',(38.761041785453,-50.97616608832,
    -9.13730486069));
#1810 = CARTESIAN_POINT('',(38.187485766446,-51.57066850421,
    -8.513641127725));
#1811 = CARTESIAN_POINT('',(37.901340722471,-51.89051284603,
    -8.188669159021));
#1812 = CARTESIAN_POINT('',(37.615650588364,-52.20910532225,
    -7.861659184006));
#1813 = CARTESIAN_POINT('',(37.33044117663,-52.52642757611,
    -7.532603248792));
#1814 = CARTESIAN_POINT('',(37.04573824475,-52.84245956428,
    -7.201493428095));
#1815 = CARTESIAN_POINT('',(36.452730557456,-53.44716395857,
    -6.531351898264));
#1816 = CARTESIAN_POINT('',(36.155289172293,-53.77345418711,
    -6.180804272002));
#1817 = CARTESIAN_POINT('',(35.858460718319,-54.09828137434,
    -5.827987621891));
#1818 = CARTESIAN_POINT('',(35.562274957562,-54.42161867321,
    -5.472893072134));
#1819 = CARTESIAN_POINT('',(35.266761905653,-54.74343731093,
    -5.115511942444));
#1820 = CARTESIAN_POINT('',(34.651678948782,-55.35977539956,
    -4.39077796414));
#1821 = CARTESIAN_POINT('',(34.342990269527,-55.69188668372,
    -4.011882123059));
#1822 = CARTESIAN_POINT('',(34.035108508544,-56.02226118028,
    -3.630456190134));
#1823 = CARTESIAN_POINT('',(33.728069134162,-56.35086128576,
    -3.246490874121));
#1824 = CARTESIAN_POINT('',(33.421908238769,-56.67764710749,
    -2.859977373944));
#1825 = CARTESIAN_POINT('',(32.77946619068,-57.3089693515,
    -2.067890377684));
#1826 = CARTESIAN_POINT('',(32.454123778235,-57.65099306179,
    -1.650645845375));
#1827 = CARTESIAN_POINT('',(32.129867767835,-57.99085243341,
    -1.230481399725));
#1828 = CARTESIAN_POINT('',(31.806743913536,-58.32849325566,
    -0.807387996196));
#1829 = CARTESIAN_POINT('',(31.484799127297,-58.66385832136,
    -0.381357674509));
#1830 = CARTESIAN_POINT('',(30.806878779577,-59.31503880457,
    0.497615181515));
#1831 = CARTESIAN_POINT('',(30.461912879071,-59.66822233389,
    0.962348832861));
#1832 = CARTESIAN_POINT('',(30.118431792887,-60.0186187622,
    1.430508320715));
#1833 = CARTESIAN_POINT('',(29.776497615996,-60.36614866917,
    1.902100007576));
#1834 = CARTESIAN_POINT('',(29.436174393121,-60.71072851975,
    2.377127946381));
#1835 = CARTESIAN_POINT('',(28.707988917826,-61.39091270456,
    3.376321181496));
#1836 = CARTESIAN_POINT('',(28.331345763833,-61.76352408572,
    3.91263775826));
#1837 = CARTESIAN_POINT('',(27.956877758094,-62.13223962676,
    4.453228140262));
#1838 = CARTESIAN_POINT('',(27.58467994866,-62.4969313552,4.998089703931
    ));
#1839 = CARTESIAN_POINT('',(27.214850812527,-62.85746493182,
    5.547214368017));
#1840 = CARTESIAN_POINT('',(26.422634638906,-63.57150968556,
    6.70956210015));
#1841 = CARTESIAN_POINT('',(26.011707737896,-63.9616377215,
    7.335216249241));
#1842 = CARTESIAN_POINT('',(25.604042866258,-64.34614127761,
    7.966212786762));
#1843 = CARTESIAN_POINT('',(25.199790492529,-64.72481085404,
    8.602520172273));
#1844 = CARTESIAN_POINT('',(24.799106557096,-65.09742750724,
    9.24409383309));
#1845 = CARTESIAN_POINT('',(23.659502994921,-66.06221476344,
    11.048215044604));
#1846 = CARTESIAN_POINT('',(22.94003744178,-66.67757707011,
    12.234141747497));
#1847 = CARTESIAN_POINT('',(22.233907517678,-67.27073590137,
    13.436983660377));
#1848 = CARTESIAN_POINT('',(21.542149253178,-67.84021770218,
    14.656196370708));
#1849 = CARTESIAN_POINT('',(20.865833756535,-68.3844823952,
    15.89101009381));
#1850 = CARTESIAN_POINT('',(19.422659653435,-69.46239205077,
    18.58655243429));
#1851 = CARTESIAN_POINT('',(18.67261689943,-70.02403063909,
    20.063921777254));
#1852 = CARTESIAN_POINT('',(17.946804745302,-70.54667976807,
    21.559445321937));
#1853 = CARTESIAN_POINT('',(17.246910262915,-71.02787782247,
    23.070882440772));
#1854 = CARTESIAN_POINT('',(16.574456864237,-71.46531312543,
    24.595406743195));
#1855 = CARTESIAN_POINT('',(15.930647253645,-71.85710761878,
    26.129512990405));
#1856 = CARTESIAN_POINT('',(40.151077586989,-49.39334348227,
    -10.65998489999));
#1857 = CARTESIAN_POINT('',(39.875258196829,-49.71344067958,
    -10.36210225998));
#1858 = CARTESIAN_POINT('',(39.599755030806,-50.03239560607,
    -10.06228576726));
#1859 = CARTESIAN_POINT('',(39.324593271738,-50.35019770107,
    -9.760528192731));
#1860 = CARTESIAN_POINT('',(39.049797749478,-50.6668347325,
    -9.456822234752));
#1861 = CARTESIAN_POINT('',(38.775392940911,-50.98229279688,
    -9.151160519179));
#1862 = CARTESIAN_POINT('',(38.198523864476,-51.58166996876,
    -8.532606355152));
#1863 = CARTESIAN_POINT('',(37.914382981154,-51.90462570667,
    -8.211995237085));
#1864 = CARTESIAN_POINT('',(37.630714504233,-52.22628143031,
    -7.889267727851));
#1865 = CARTESIAN_POINT('',(37.347545239007,-52.54661807688,
    -7.564415567639));
#1866 = CARTESIAN_POINT('',(37.064901933629,-52.86561483216,
    -7.23743052635));
#1867 = CARTESIAN_POINT('',(36.468320252321,-53.47483901345,
    -6.571650142584));
#1868 = CARTESIAN_POINT('',(36.172727765825,-53.8040602554,
    -6.225075235565));
#1869 = CARTESIAN_POINT('',(35.877771784796,-54.13176218521,
    -5.876144034548));
#1870 = CARTESIAN_POINT('',(35.583483215952,-54.45791692328,
    -5.524847322361));
#1871 = CARTESIAN_POINT('',(35.289893229374,-54.78249459015,
    -5.171176084859));
#1872 = CARTESIAN_POINT('',(34.670964815814,-55.40291392082,
    -4.449935507656));
#1873 = CARTESIAN_POINT('',(34.363990820472,-55.73772241183,
    -4.074558486714));
#1874 = CARTESIAN_POINT('',(34.057854778719,-56.0707273157,
    -3.696554062702));
#1875 = CARTESIAN_POINT('',(33.752593523051,-56.40188958269,
    -3.315912587021));
#1876 = CARTESIAN_POINT('',(33.448244534027,-56.73116778578,
    -2.932624920094));
#1877 = CARTESIAN_POINT('',(32.80163937514,-57.36602070905,
    -2.143007731853));
#1878 = CARTESIAN_POINT('',(32.477807363558,-57.71045369023,
    -1.728737560776));
#1879 = CARTESIAN_POINT('',(32.155103538715,-58.05263908892,
    -1.311435171999));
#1880 = CARTESIAN_POINT('',(31.833575414438,-58.39252060944,
    -0.891091173118));
#1881 = CARTESIAN_POINT('',(31.513271706993,-58.7300388443,
    -0.467697297687));
#1882 = CARTESIAN_POINT('',(30.830798823158,-59.38401798184,
    0.410067618275));
#1883 = CARTESIAN_POINT('',(30.487127453493,-59.73921338559,
    0.872504007844));
#1884 = CARTESIAN_POINT('',(30.144998006392,-60.09151449214,
    1.338497996864));
#1885 = CARTESIAN_POINT('',(29.804474965096,-60.44083882655,
    1.808056192544));
#1886 = CARTESIAN_POINT('',(29.465624837585,-60.78709964083,
    2.281182803704));
#1887 = CARTESIAN_POINT('',(28.732352379132,-61.46905226052,
    3.280808325909));
#1888 = CARTESIAN_POINT('',(28.356645347652,-61.843103615,3.815746601874
    ));
#1889 = CARTESIAN_POINT('',(27.983197123974,-62.21310928936,
    4.355123060202));
#1890 = CARTESIAN_POINT('',(27.612106411843,-62.5789363891,
    4.898934976415));
#1891 = CARTESIAN_POINT('',(27.243475475833,-62.9404454081,
    5.447173958444));
#1892 = CARTESIAN_POINT('',(26.445601326242,-63.65465909153,
    6.612194185689));
#1893 = CARTESIAN_POINT('',(26.035323720868,-64.04531810971,
    7.237705357975));
#1894 = CARTESIAN_POINT('',(25.628433607535,-64.43013632191,
    7.868764395169));
#1895 = CARTESIAN_POINT('',(25.22508724203,-64.8088961706,8.505338543738
    ));
#1896 = CARTESIAN_POINT('',(24.825446562448,-65.18137029132,
    9.147381516663));
#1897 = CARTESIAN_POINT('',(23.675566904856,-66.14255909847,
    10.960210544324));
#1898 = CARTESIAN_POINT('',(22.952594931296,-66.75528663139,
    12.151095676944));
#1899 = CARTESIAN_POINT('',(22.243471495584,-67.34495670907,
    13.359546604551));
#1900 = CARTESIAN_POINT('',(21.549272475614,-67.91003910128,
    14.584997975664));
#1901 = CARTESIAN_POINT('',(20.871110176109,-68.44893449694,
    15.826650398503));
#1902 = CARTESIAN_POINT('',(19.416569986236,-69.51135836093,
    18.542606963507));
#1903 = CARTESIAN_POINT('',(18.664719409124,-70.06388628714,
    20.030012586696));
#1904 = CARTESIAN_POINT('',(17.938031378039,-70.57592515943,
    21.536270650131));
#1905 = CARTESIAN_POINT('',(17.238257852223,-71.04491868504,
    23.059054348262));
#1906 = CARTESIAN_POINT('',(16.566980836413,-71.46846627646,
    24.595428583196));
#1907 = CARTESIAN_POINT('',(15.925449292846,-71.84461764252,
    26.141753299255));
#1908 = CARTESIAN_POINT('',(40.315843518933,-48.94326260312,
    -10.24170221359));
#1909 = CARTESIAN_POINT('',(40.034499077915,-49.26453502436,
    -9.946061022649));
#1910 = CARTESIAN_POINT('',(39.753482573039,-49.58462286846,
    -9.648414354824));
#1911 = CARTESIAN_POINT('',(39.47282011982,-49.9035151836,
    -9.348754713265));
#1912 = CARTESIAN_POINT('',(39.192537467735,-50.22119928467,
    -9.047074525913));
#1913 = CARTESIAN_POINT('',(38.912660000222,-50.53766075325,
    -8.743366145499));
#1914 = CARTESIAN_POINT('',(38.324840739823,-51.13977514617,
    -8.127387559318));
#1915 = CARTESIAN_POINT('',(38.035066890617,-51.46370474523,
    -7.808603300797));
#1916 = CARTESIAN_POINT('',(37.745782944346,-51.78628618133,
    -7.48762426625));
#1917 = CARTESIAN_POINT('',(37.457016699092,-52.10749968566,
    -7.164441889949));
#1918 = CARTESIAN_POINT('',(37.16879589368,-52.42732367309,
    -6.839047636974));
#1919 = CARTESIAN_POINT('',(36.561003091822,-53.03893010642,
    -6.175094408182));
#1920 = CARTESIAN_POINT('',(36.259622377458,-53.36894482684,
    -5.829958229313));
#1921 = CARTESIAN_POINT('',(35.958901742836,-53.69738396429,
    -5.482378486299));
#1922 = CARTESIAN_POINT('',(35.658873239369,-54.0242186066,
    -5.132345620589));
#1923 = CARTESIAN_POINT('',(35.359569191586,-54.34941776768,
    -4.779850284182));
#1924 = CARTESIAN_POINT('',(34.729158194802,-54.97178080544,
    -4.059569116988));
#1925 = CARTESIAN_POINT('',(34.416261756836,-55.30714896834,
    -3.685176925091));
#1926 = CARTESIAN_POINT('',(34.104234307777,-55.64064674457,
    -3.308060018901));
#1927 = CARTESIAN_POINT('',(33.793114044288,-55.97223363811,
    -2.928208392461));
#1928 = CARTESIAN_POINT('',(33.482939835096,-56.30186668761,
    -2.545612567691));
#1929 = CARTESIAN_POINT('',(32.824534438876,-56.9381127552,
    -1.755931196375));
#1930 = CARTESIAN_POINT('',(32.49457570162,-57.2828174723,
    -1.342101395439));
#1931 = CARTESIAN_POINT('',(32.165786935798,-57.62519136313,
    -0.925127072443));
#1932 = CARTESIAN_POINT('',(31.838217415008,-57.96517604696,
    -0.504998487117));
#1933 = CARTESIAN_POINT('',(31.511917659821,-58.30270991604,
    -8.170706685078E-02));
#1934 = CARTESIAN_POINT('',(30.817255113335,-58.95735017295,
    0.797383900143));
#1935 = CARTESIAN_POINT('',(30.467241147973,-59.31241991619,
    1.260057019027));
#1936 = CARTESIAN_POINT('',(30.11882621342,-59.66448816603,
    1.726419500304));
#1937 = CARTESIAN_POINT('',(29.772077181183,-60.0134693929,
    2.196478195896));
#1938 = CARTESIAN_POINT('',(29.4270630225,-60.35927363595,2.670237470505
    ));
#1939 = CARTESIAN_POINT('',(28.681066454352,-61.04085715557,
    3.672829270891));
#1940 = CARTESIAN_POINT('',(28.298658418849,-61.41421094842,
    4.208923237149));
#1941 = CARTESIAN_POINT('',(27.918592850696,-61.78336922115,
    4.749619762895));
#1942 = CARTESIAN_POINT('',(27.540972109332,-62.14819415723,
    5.294916022744));
#1943 = CARTESIAN_POINT('',(27.16590224691,-62.50854108366,5.84480331381
    ));
#1944 = CARTESIAN_POINT('',(26.354732994811,-63.22078616184,
    7.015030027259));
#1945 = CARTESIAN_POINT('',(25.937467558537,-63.6098386273,
    7.642932213832));
#1946 = CARTESIAN_POINT('',(25.523715076974,-63.99283396065,
    8.276587741792));
#1947 = CARTESIAN_POINT('',(25.113637593157,-64.36954654664,
    8.915962644511));
#1948 = CARTESIAN_POINT('',(24.707403042891,-64.73974059993,
    9.561008920636));
#1949 = CARTESIAN_POINT('',(23.539610163344,-65.69519342309,
    11.385079755536));
#1950 = CARTESIAN_POINT('',(22.80549464283,-66.3031486473,
    12.583457308977));
#1951 = CARTESIAN_POINT('',(22.085740568972,-66.88719243644,
    13.800051242403));
#1952 = CARTESIAN_POINT('',(21.381463666994,-67.4457378851,
    15.034275265391));
#1953 = CARTESIAN_POINT('',(20.693817438093,-67.97712644845,
    16.285300379057));
#1954 = CARTESIAN_POINT('',(19.22027403491,-69.02192698591,
    19.02420515968));
#1955 = CARTESIAN_POINT('',(18.458978508156,-69.56320671507,
    20.524181054185));
#1956 = CARTESIAN_POINT('',(17.723777473577,-70.06249779572,
    22.043707627464));
#1957 = CARTESIAN_POINT('',(17.016487777797,-70.51714925759,
    23.580371895983));
#1958 = CARTESIAN_POINT('',(16.338750018319,-70.92467160251,
    25.131130054521));
#1959 = CARTESIAN_POINT('',(15.691859415241,-71.28304230633,
    26.692207230521));
#1960 = CARTESIAN_POINT('',(40.476945055465,-48.50319152568,
    -9.832722136884));
#1961 = CARTESIAN_POINT('',(40.190343175922,-48.82566787206,
    -9.539360507399));
#1962 = CARTESIAN_POINT('',(39.904080944525,-49.14691733497,
    -9.243921776856));
#1963 = CARTESIAN_POINT('',(39.618185409489,-49.46692857147,
    -8.94639818066));
#1964 = CARTESIAN_POINT('',(39.332683239912,-49.78568844338,
    -8.64678187632));
#1965 = CARTESIAN_POINT('',(39.047600725784,-50.10318201736,
    -8.345064943453));
#1966 = CARTESIAN_POINT('',(38.449098893754,-50.70806233253,
    -7.731700047505));
#1967 = CARTESIAN_POINT('',(38.153959690998,-51.03299449393,
    -7.414780760916));
#1968 = CARTESIAN_POINT('',(37.859327887709,-51.35653034371,
    -7.095588313443));
#1969 = CARTESIAN_POINT('',(37.565232274759,-51.678649407,
    -6.774113833439));
#1970 = CARTESIAN_POINT('',(37.271701581647,-51.9993293278,
    -6.450348481166));
#1971 = CARTESIAN_POINT('',(36.652965271572,-52.61334671437,
    -5.788260519734));
#1972 = CARTESIAN_POINT('',(36.346063941671,-52.94418361446,
    -5.444601181402));
#1973 = CARTESIAN_POINT('',(36.039846265789,-53.27338866076,
    -5.098411008777));
#1974 = CARTESIAN_POINT('',(35.734345440033,-53.60093190852,
    -4.749680101931));
#1975 = CARTESIAN_POINT('',(35.429594943377,-53.926781265,
    -4.398398779007));
#1976 = CARTESIAN_POINT('',(34.787968975701,-54.55111671106,
    -3.679115134208));
#1977 = CARTESIAN_POINT('',(34.469417707444,-54.88707324705,
    -3.305745883744));
#1978 = CARTESIAN_POINT('',(34.151766463412,-55.22109259685,
    -2.929554607761));
#1979 = CARTESIAN_POINT('',(33.835054804434,-55.55313281815,
    -2.550530942949));
#1980 = CARTESIAN_POINT('',(33.519322987408,-55.88314941527,
    -2.168665072723));
#1981 = CARTESIAN_POINT('',(32.849384966185,-56.52081732838,
    -1.37895763072));
#1982 = CARTESIAN_POINT('',(32.51356711559,-56.86582248262,
    -0.965606312311));
#1983 = CARTESIAN_POINT('',(32.178961021121,-57.20841356678,
    -0.548998167483));
#1984 = CARTESIAN_POINT('',(31.84561771615,-57.54853011513,
    -0.129123108098));
#1985 = CARTESIAN_POINT('',(31.513589525553,-57.88610831962,
    0.294027744617));
#1986 = CARTESIAN_POINT('',(30.807004928749,-58.54143839712,
    1.174406650255));
#1987 = CARTESIAN_POINT('',(30.450915980024,-58.89641118105,
    1.637278386068));
#1988 = CARTESIAN_POINT('',(30.096483170351,-59.24827527539,
    2.103971247215));
#1989 = CARTESIAN_POINT('',(29.743775759505,-59.59694209594,
    2.574492330332));
#1990 = CARTESIAN_POINT('',(29.392865181984,-59.94231846896,
    3.048846156002));
#1991 = CARTESIAN_POINT('',(28.634412116474,-60.6235615897,
    4.054366122184));
#1992 = CARTESIAN_POINT('',(28.24557068928,-60.99624652214,
    4.591577666349));
#1993 = CARTESIAN_POINT('',(27.859155388984,-61.36458609444,
    5.133556147126));
#1994 = CARTESIAN_POINT('',(27.475272230721,-61.72843756806,
    5.680298638224));
#1995 = CARTESIAN_POINT('',(27.094031054218,-62.08765110313,
    6.231796125939));
#1996 = CARTESIAN_POINT('',(26.269834311944,-62.79795627725,
    7.407191213205));
#1997 = CARTESIAN_POINT('',(25.845848657105,-63.18543089121,
    8.037446301679));
#1998 = CARTESIAN_POINT('',(25.425501419642,-63.56663204691,
    8.673660208018));
#1999 = CARTESIAN_POINT('',(25.008960429847,-63.94132607142,9.3157977525
    ));
#2000 = CARTESIAN_POINT('',(24.596399621228,-64.30926875848,
    9.963809219439));
#2001 = CARTESIAN_POINT('',(23.41096113206,-65.25901429885,
    11.799083749191));
#2002 = CARTESIAN_POINT('',(22.665969676924,-65.86222591555,
    13.004915611064));
#2003 = CARTESIAN_POINT('',(21.935852577253,-66.44067211737,
    14.229614437923));
#2004 = CARTESIAN_POINT('',(21.221765405601,-66.99270932368,
    15.472573000399));
#2005 = CARTESIAN_POINT('',(20.524902859635,-67.51661975593,
    16.732932692506));
#2006 = CARTESIAN_POINT('',(19.032623855475,-68.54382566806,
    19.49474757636));
#2007 = CARTESIAN_POINT('',(18.262150991411,-69.07388590138,
    21.007255629795));
#2008 = CARTESIAN_POINT('',(17.518704565672,-69.56045789158,
    22.540012600532));
#2009 = CARTESIAN_POINT('',(16.80416631226,-70.00079599092,
    24.090519327053));
#2010 = CARTESIAN_POINT('',(16.120235421446,-70.39232179056,
    25.655623296807));
#2011 = CARTESIAN_POINT('',(15.46825337119,-70.73294053333,
    27.231414820362));
#2012 = CARTESIAN_POINT('',(40.638046591998,-48.06312044824,
    -9.423742060178));
#2013 = CARTESIAN_POINT('',(40.346280792043,-48.38678156264,
    -9.132641214408));
#2014 = CARTESIAN_POINT('',(40.05486635224,-48.70917348724,
    -8.839391643408));
#2015 = CARTESIAN_POINT('',(39.763831253499,-49.03028448795,
    -8.543985314834));
#2016 = CARTESIAN_POINT('',(39.473203084545,-49.35010097358,
    -8.246414115768));
#2017 = CARTESIAN_POINT('',(39.183009041916,-49.66860749584,
    -7.946669852707));
#2018 = CARTESIAN_POINT('',(38.573918156369,-50.27623457613,
    -7.335899869251));
#2019 = CARTESIAN_POINT('',(38.273507118176,-50.60215014275,
    -7.020826776855));
#2020 = CARTESIAN_POINT('',(37.973620975984,-50.92662124907,
    -6.703402138716));
#2021 = CARTESIAN_POINT('',(37.674289513452,-51.2496267142,
    -6.383616777269));
#2022 = CARTESIAN_POINT('',(37.375542450753,-51.57114341124,
    -6.061461547958));
#2023 = CARTESIAN_POINT('',(36.745956150574,-52.18755259393,
    -5.401220076147));
#2024 = CARTESIAN_POINT('',(36.433627723252,-52.51919251656,
    -5.059018800612));
#2025 = CARTESIAN_POINT('',(36.122006524224,-52.84914431458,
    -4.714199420635));
#2026 = CARTESIAN_POINT('',(35.811126894292,-53.17737701066,
    -4.366751694913));
#2027 = CARTESIAN_POINT('',(35.501023466878,-53.50385740542,
    -4.016665607731));
#2028 = CARTESIAN_POINT('',(34.848276046424,-54.13014610266,
    -3.298360707589));
#2029 = CARTESIAN_POINT('',(34.524163465989,-54.46667185461,
    -2.925995620817));
#2030 = CARTESIAN_POINT('',(34.200981945098,-54.80119362086,
    -2.550711197302));
#2031 = CARTESIAN_POINT('',(33.878772408746,-55.13366801279,
    -2.172496716377));
#2032 = CARTESIAN_POINT('',(33.557576501998,-55.4640490004,
    -1.791342022956));
#2033 = CARTESIAN_POINT('',(32.876199373889,-56.1031196019,
    -1.001589732524));
#2034 = CARTESIAN_POINT('',(32.534615928067,-56.44840603615,
    -0.588698118903));
#2035 = CARTESIAN_POINT('',(32.194286023066,-56.79119515652,
    -0.172437374503));
#2036 = CARTESIAN_POINT('',(31.855262452028,-57.13142441226,
    0.24720293668));
#2037 = CARTESIAN_POINT('',(31.517599344136,-57.46902779504,
    0.670231999584));
#2038 = CARTESIAN_POINT('',(30.799186215126,-58.125028536,1.551917621607
    ));
#2039 = CARTESIAN_POINT('',(30.437115801153,-58.47988520349,
    2.015006752088));
#2040 = CARTESIAN_POINT('',(30.076758634474,-58.8315259852,
    2.482048770846));
#2041 = CARTESIAN_POINT('',(29.718186363133,-59.1798592423,
    2.953051019228));
#2042 = CARTESIAN_POINT('',(29.361472884888,-59.52478858816,
    3.428018173699));
#2043 = CARTESIAN_POINT('',(28.590656840129,-60.20567215291,
    4.436485083416));
#2044 = CARTESIAN_POINT('',(28.195475539359,-60.5776690678,
    4.974832983227));
#2045 = CARTESIAN_POINT('',(27.802804025034,-60.94517078254,
    5.518112196776));
#2046 = CARTESIAN_POINT('',(27.412751967985,-61.30802963659,
    6.066319696863));
#2047 = CARTESIAN_POINT('',(27.025432995515,-61.66609062317,
    6.619446158968));
#2048 = CARTESIAN_POINT('',(26.188302281181,-62.37443673611,
    7.80002839779));
#2049 = CARTESIAN_POINT('',(25.757689925889,-62.76031434144,
    8.432655165905));
#2050 = CARTESIAN_POINT('',(25.330841450642,-63.13970216236,
    9.071446228363));
#2051 = CARTESIAN_POINT('',(24.907930472982,-63.51235846825,
    9.716365192348));
#2052 = CARTESIAN_POINT('',(24.489136924125,-63.87803063196,
    10.36736062784));
#2053 = CARTESIAN_POINT('',(23.28614634345,-64.82204973242,
    12.213857630186));
#2054 = CARTESIAN_POINT('',(22.530372471805,-65.42049858449,
    13.427162578232));
#2055 = CARTESIAN_POINT('',(21.789985864435,-65.99332804185,
    14.659985076263));
#2056 = CARTESIAN_POINT('',(21.066181941223,-66.53883784869,
    15.911696955967));
#2057 = CARTESIAN_POINT('',(20.360196596306,-67.05525099271,
    17.181410004255));
#2058 = CARTESIAN_POINT('',(18.849275509283,-68.06484312239,
    19.96615376908));
#2059 = CARTESIAN_POINT('',(18.069718826024,-68.58366470273,
    21.491212759185));
#2060 = CARTESIAN_POINT('',(17.318120527238,-69.05749844537,
    23.037218905119));
#2061 = CARTESIAN_POINT('',(16.596427234308,-69.48350402504,
    24.601586867382));
#2062 = CARTESIAN_POINT('',(15.906396730272,-69.85901412227,
    26.181055426093));
#2063 = CARTESIAN_POINT('',(15.249416750952,-70.18186174688,
    27.771580074942));
#2064 = CARTESIAN_POINT('',(40.960878842503,-47.18125960837,
    -8.604184646779));
#2065 = CARTESIAN_POINT('',(40.656656943167,-47.50388344404,
    -8.312726087448));
#2066 = CARTESIAN_POINT('',(40.352798115988,-47.8251957836,
    -8.019047178712));
#2067 = CARTESIAN_POINT('',(40.049331274572,-48.1451845018,
    -7.723139620484));
#2068 = CARTESIAN_POINT('',(39.746284927269,-48.46383555442,
    -7.424995029413));
#2069 = CARTESIAN_POINT('',(39.44368717717,-48.78113297823,
    -7.124604938882));
#2070 = CARTESIAN_POINT('',(38.816715059136,-49.3892847769,
    -6.513811370641));
#2071 = CARTESIAN_POINT('',(38.503740006535,-49.71396170202,
    -6.19796597516));
#2072 = CARTESIAN_POINT('',(38.191307346469,-50.03714601815,
    -5.879690649078));
#2073 = CARTESIAN_POINT('',(37.879447855385,-50.35881583839,
    -5.558975908911));
#2074 = CARTESIAN_POINT('',(37.568192244128,-50.67894726493,
    -5.235812305284));
#2075 = CARTESIAN_POINT('',(36.920463774876,-51.29552619701,
    -4.574798825816));
#2076 = CARTESIAN_POINT('',(36.595416071161,-51.62574709545,
    -4.231437115801));
#2077 = CARTESIAN_POINT('',(36.271099170018,-51.95422359846,
    -3.885370031196));
#2078 = CARTESIAN_POINT('',(35.947548556939,-52.28092369613,
    -3.536586989321));
#2079 = CARTESIAN_POINT('',(35.624800019796,-52.60581308244,
    -3.185077640604));
#2080 = CARTESIAN_POINT('',(34.953638967594,-53.23183298412,
    -2.465132987839));
#2081 = CARTESIAN_POINT('',(34.616672896011,-53.56670590531,
    -2.091153567483));
#2082 = CARTESIAN_POINT('',(34.280668919291,-53.89950804127,
    -1.714157499158));
#2083 = CARTESIAN_POINT('',(33.945669326594,-54.2301945571,
    -1.334133704843));
#2084 = CARTESIAN_POINT('',(33.611717151155,-54.55871788846,
    -0.951071690949));
#2085 = CARTESIAN_POINT('',(32.911608737187,-55.19696913163,
    -0.158656054813));
#2086 = CARTESIAN_POINT('',(32.556967517169,-55.54031479915,
    0.256394351299));
#2087 = CARTESIAN_POINT('',(32.203621622665,-55.88107990901,
    0.674926192548));
#2088 = CARTESIAN_POINT('',(31.85162560659,-56.21919982541,
    1.096950252807));
#2089 = CARTESIAN_POINT('',(31.501035402432,-56.55460633975,
    1.522476023177));
#2090 = CARTESIAN_POINT('',(30.763501562247,-57.20905569743,
    2.408086858862));
#2091 = CARTESIAN_POINT('',(30.388157504055,-57.56157420175,
    2.874011881288));
#2092 = CARTESIAN_POINT('',(30.014583801399,-57.9107696241,
    3.344021554935));
#2093 = CARTESIAN_POINT('',(29.642854490593,-58.25654727102,
    3.818123465859));
#2094 = CARTESIAN_POINT('',(29.273045932653,-58.59880754299,
    4.296322446408));
#2095 = CARTESIAN_POINT('',(28.482574729675,-59.27710950502,
    5.310354796938));
#2096 = CARTESIAN_POINT('',(28.073761376358,-59.64619635562,
    5.852457549673));
#2097 = CARTESIAN_POINT('',(27.667541469035,-60.01063816608,
    6.39965599327));
#2098 = CARTESIAN_POINT('',(27.264028334229,-60.37028235383,
    6.951946999623));
#2099 = CARTESIAN_POINT('',(26.863339386822,-60.72496874518,
    7.509320933396));
#2100 = CARTESIAN_POINT('',(26.005982521458,-61.42913375021,
    8.697708821052));
#2101 = CARTESIAN_POINT('',(25.561451286742,-61.81119230018,
    9.335325766085));
#2102 = CARTESIAN_POINT('',(25.120809394741,-62.18654473959,
    9.979312481939));
#2103 = CARTESIAN_POINT('',(24.684236250245,-62.55494128014,
    10.629631362705));
#2104 = CARTESIAN_POINT('',(24.25191778218,-62.91612087376,
    11.286229264028));
#2105 = CARTESIAN_POINT('',(23.024082931027,-63.85219148757,
    13.146567236243));
#2106 = CARTESIAN_POINT('',(22.250234463903,-64.44365552828,
    14.369963767739));
#2107 = CARTESIAN_POINT('',(21.492286169864,-65.00864619446,
    15.61352843422));
#2108 = CARTESIAN_POINT('',(20.751473316121,-65.5454065551,
    16.87661212843));
#2109 = CARTESIAN_POINT('',(20.029072993284,-66.05210036415,
    18.158297030176));
#2110 = CARTESIAN_POINT('',(18.492217644427,-67.04185666465,
    20.96858817325));
#2111 = CARTESIAN_POINT('',(17.696284963002,-67.54721754528,
    22.508816597302));
#2112 = CARTESIAN_POINT('',(16.929242612199,-68.00609099363,
    24.07069041571));
#2113 = CARTESIAN_POINT('',(16.193102100781,-68.4155420069,
    25.651538110992));
#2114 = CARTESIAN_POINT('',(15.489679804553,-68.77281435499,
    27.247989755937));
#2115 = CARTESIAN_POINT('',(14.820409717198,-69.0756688147,
    28.855866027358));
#2116 = CARTESIAN_POINT('',(41.122609556477,-46.73946984593,
    -8.193607310087));
#2117 = CARTESIAN_POINT('',(40.813382054658,-47.06323288056,
    -7.904363154365));
#2118 = CARTESIAN_POINT('',(40.504529337002,-47.38564211274,
    -7.612827025063));
#2119 = CARTESIAN_POINT('',(40.196081249812,-47.70668502611,
    -7.31899035435));
#2120 = CARTESIAN_POINT('',(39.88806722106,-48.02634712339,
    -7.022844488444));
#2121 = CARTESIAN_POINT('',(39.58051626039,-48.34461192641,
    -6.724380687612));
#2122 = CARTESIAN_POINT('',(38.943113406768,-48.95546492115,
    -6.116135651756));
#2123 = CARTESIAN_POINT('',(38.62502483666,-49.28107968242,
    -5.802090070359));
#2124 = CARTESIAN_POINT('',(38.30749615562,-49.60515368605,
    -5.485536173503));
#2125 = CARTESIAN_POINT('',(37.990559132885,-49.92766433906,
    -5.166464171786));
#2126 = CARTESIAN_POINT('',(37.67424546997,-50.24858697277,
    -4.844864311013));
#2127 = CARTESIAN_POINT('',(37.015825328544,-50.86751213192,
    -4.185650941058));
#2128 = CARTESIAN_POINT('',(36.685508845336,-51.19849048384,
    -3.843700913731));
#2129 = CARTESIAN_POINT('',(36.355946738977,-51.52766816951,
    -3.498958241668));
#2130 = CARTESIAN_POINT('',(36.027175639652,-51.85501214645,
    -3.15141200081));
#2131 = CARTESIAN_POINT('',(35.69923248968,-52.18048700197,
    -2.801051507727));
#2132 = CARTESIAN_POINT('',(35.017108302629,-52.80841458577,
    -2.08203921951));
#2133 = CARTESIAN_POINT('',(34.674739236799,-53.14381115387,
    -1.709017582738));
#2134 = CARTESIAN_POINT('',(34.333363301148,-53.47707013721,
    -1.332881986774));
#2135 = CARTESIAN_POINT('',(33.993024149007,-53.80814525462,
    -0.953620996239));
#2136 = CARTESIAN_POINT('',(33.653766201776,-54.13698740741,
    -0.571223779041));
#2137 = CARTESIAN_POINT('',(32.942376998851,-54.77659576991,
    0.221283085631));
#2138 = CARTESIAN_POINT('',(32.582128501535,-55.12017714838,
    0.635920167063));
#2139 = CARTESIAN_POINT('',(32.223217114428,-55.46109472539,
    1.054150987992));
#2140 = CARTESIAN_POINT('',(31.865699150215,-55.79928178012,
    1.475986680156));
#2141 = CARTESIAN_POINT('',(31.509632346692,-56.13466790369,
    1.901437040823));
#2142 = CARTESIAN_POINT('',(30.760428292232,-56.78974235577,
    2.788400973001));
#2143 = CARTESIAN_POINT('',(30.37926108672,-57.1420991746,3.254589770203
    ));
#2144 = CARTESIAN_POINT('',(29.999921344988,-57.49102571526,
    3.724994981568));
#2145 = CARTESIAN_POINT('',(29.622485491617,-57.83642422967,
    4.199624437864));
#2146 = CARTESIAN_POINT('',(29.247032350881,-58.17819190542,
    4.678483127323));
#2147 = CARTESIAN_POINT('',(28.444356486585,-58.8560887424,
    5.695508801495));
#2148 = CARTESIAN_POINT('',(28.02936157762,-59.22444200639,
    6.238794289985));
#2149 = CARTESIAN_POINT('',(27.617043774198,-59.58800039024,
    6.78733984646));
#2150 = CARTESIAN_POINT('',(27.207520058536,-59.94660638935,
    7.341142241911));
#2151 = CARTESIAN_POINT('',(26.800911633092,-60.30009466315,
    7.900191530181));
#2152 = CARTESIAN_POINT('',(25.930779113597,-61.00225503795,
    9.093812949501));
#2153 = CARTESIAN_POINT('',(25.479779496358,-61.38267101022,
    9.733847954283));
#2154 = CARTESIAN_POINT('',(25.032794684501,-61.75616454579,
    10.380458206364));
#2155 = CARTESIAN_POINT('',(24.59000987007,-62.12247779867,
    11.03360488674));
#2156 = CARTESIAN_POINT('',(24.151616979696,-62.48134129988,
    11.693233136724));
#2157 = CARTESIAN_POINT('',(22.906388354965,-63.41163990472,
    13.56483996164));
#2158 = CARTESIAN_POINT('',(22.121915789263,-63.99829561173,
    14.795755959417));
#2159 = CARTESIAN_POINT('',(21.353856305455,-64.5576239644,
    16.047490677177));
#2160 = CARTESIAN_POINT('',(20.603485018081,-65.08781135651,
    17.319374068723));
#2161 = CARTESIAN_POINT('',(19.872120214222,-65.58696230827,
    18.610458706758));
#2162 = CARTESIAN_POINT('',(18.316781100432,-66.55905925726,
    21.443725110911));
#2163 = CARTESIAN_POINT('',(17.51192291774,-67.05313591586,
    22.99655085174));
#2164 = CARTESIAN_POINT('',(16.736887011821,-67.49922554758,
    24.571720225454));
#2165 = CARTESIAN_POINT('',(15.993749778813,-67.89429847213,
    26.166475536585));
#2166 = CARTESIAN_POINT('',(15.284386187294,-68.23550954875,
    27.777338150595));
#2167 = CARTESIAN_POINT('',(14.610276488804,-68.52054732124,
    29.399993927418));
#2168 = CARTESIAN_POINT('',(41.28434027045,-46.29768008349,
    -7.783029973394));
#2169 = CARTESIAN_POINT('',(40.970200692781,-46.62256448645,
    -7.495982743773));
#2170 = CARTESIAN_POINT('',(40.656447611281,-46.94605278063,
    -7.206571916396));
#2171 = CARTESIAN_POINT('',(40.343111804948,-47.26813205854,
    -6.91478865569));
#2172 = CARTESIAN_POINT('',(40.030223621379,-47.58878736986,
    -6.620624037441));
#2173 = CARTESIAN_POINT('',(39.71781297677,-47.90800172147,-6.3240690488
    ));
#2174 = CARTESIAN_POINT('',(39.070072914193,-48.52153808164,
    -5.71835506782));
#2175 = CARTESIAN_POINT('',(38.74696435321,-48.84807284846,
    -5.406091822999));
#2176 = CARTESIAN_POINT('',(38.424433177827,-49.17301870894,
    -5.091241877862));
#2177 = CARTESIAN_POINT('',(38.102512150071,-49.49635236411,
    -4.773795137086));
#2178 = CARTESIAN_POINT('',(37.781233962131,-49.81804837437,
    -4.453741541659));
#2179 = CARTESIAN_POINT('',(37.112215675164,-50.43930192996,
    -3.796310803708));
#2180 = CARTESIAN_POINT('',(36.776723939095,-50.77101990473,
    -3.455754981562));
#2181 = CARTESIAN_POINT('',(36.442010154151,-51.10088094244,
    -3.112319244532));
#2182 = CARTESIAN_POINT('',(36.108112095212,-51.42885096802,
    -2.765992327182));
#2183 = CARTESIAN_POINT('',(35.775067859043,-51.75489346214,
    -2.416763212225));
#2184 = CARTESIAN_POINT('',(35.082074063775,-52.38471089742,
    -1.698665811048));
#2185 = CARTESIAN_POINT('',(34.734395530329,-52.7206132818,
    -1.326584480352));
#2186 = CARTESIAN_POINT('',(34.387741162381,-53.0543112819,
    -0.95129187924));
#2187 = CARTESIAN_POINT('',(34.042155977427,-53.38575717026,
    -0.572776214976));
#2188 = CARTESIAN_POINT('',(33.697685785036,-53.71490031385,
    -0.191026316967));
#2189 = CARTESIAN_POINT('',(32.975109319785,-54.35584796507,
    0.601589253749));
#2190 = CARTESIAN_POINT('',(32.609347071804,-54.69964722386,
    1.01583048801));
#2191 = CARTESIAN_POINT('',(32.244963718727,-55.0406994374,
    1.433777766127));
#2192 = CARTESIAN_POINT('',(31.882017333008,-55.37893579983,
    1.855442567706));
#2193 = CARTESIAN_POINT('',(31.520567456751,-55.71428370202,
    2.280834996177));
#2194 = CARTESIAN_POINT('',(30.759786714648,-56.36996541786,
    3.169169502355));
#2195 = CARTESIAN_POINT('',(30.372889888448,-56.72214272057,
    3.635639551842));
#2196 = CARTESIAN_POINT('',(29.987877634271,-57.07078254892,
    4.106457778434));
#2197 = CARTESIAN_POINT('',(29.604828764967,-57.41578410019,
    4.581632257611));
#2198 = CARTESIAN_POINT('',(29.223824568068,-57.75704134911,
    5.061168133487));
#2199 = CARTESIAN_POINT('',(28.409037569085,-58.4345152304,
    6.081204608811));
#2200 = CARTESIAN_POINT('',(27.987954631105,-58.80211707717,
    6.625690310563));
#2201 = CARTESIAN_POINT('',(27.569632458216,-59.16477420378,
    7.175600457425));
#2202 = CARTESIAN_POINT('',(27.15419168833,-59.52232418363,
    7.730931719481));
#2203 = CARTESIAN_POINT('',(26.74175731148,-59.87459650925,
    8.291673839757));
#2204 = CARTESIAN_POINT('',(25.858942664486,-60.57473442318,
    9.49054626825));
#2205 = CARTESIAN_POINT('',(25.401568191356,-60.95348998714,
    10.133016810289));
#2206 = CARTESIAN_POINT('',(24.948333986277,-61.32510678825,
    10.782268076104));
#2207 = CARTESIAN_POINT('',(24.499431028542,-61.68931892283,
    11.4382600336));
#2208 = CARTESIAN_POINT('',(24.055057242491,-62.045848501,
    12.100936109754));
#2209 = CARTESIAN_POINT('',(22.792528370814,-62.97035726624,
    13.983829264879));
#2210 = CARTESIAN_POINT('',(21.997525233165,-63.55218680894,
    15.222282206444));
#2211 = CARTESIAN_POINT('',(21.219448086219,-64.10583501747,
    16.482204452993));
#2212 = CARTESIAN_POINT('',(20.459611891847,-64.62943161043,
    17.762905019383));
#2213 = CARTESIAN_POINT('',(19.719376133599,-65.12102187427,
    19.063406871215));
#2214 = CARTESIAN_POINT('',(18.145646781507,-66.07544164112,
    21.919666013955));
#2215 = CARTESIAN_POINT('',(17.331956624181,-66.55821624706,
    23.48510654907));
#2216 = CARTESIAN_POINT('',(16.549020689776,-66.99150423154,
    25.073588955597));
#2217 = CARTESIAN_POINT('',(15.798980261812,-67.37218123674,
    26.682269360086));
#2218 = CARTESIAN_POINT('',(15.083768901633,-67.69731321126,
    28.307560420668));
#2219 = CARTESIAN_POINT('',(14.40491311864,-67.9645164659,
    29.945013180402));
#2220 = CARTESIAN_POINT('',(41.608340570635,-45.41262855474,
    -6.960507293135));
#2221 = CARTESIAN_POINT('',(41.282253694807,-45.73635254433,
    -6.672978472801));
#2222 = CARTESIAN_POINT('',(40.956565027152,-46.05863811882,
    -6.383014430539));
#2223 = CARTESIAN_POINT('',(40.631306279366,-46.37947197957,
    -6.090606063028));
#2224 = CARTESIAN_POINT('',(40.306508718672,-46.69883872324,
    -5.795744175625));
#2225 = CARTESIAN_POINT('',(39.982203167814,-47.01672084174,
    -5.498419482362));
#2226 = CARTESIAN_POINT('',(39.317090673972,-47.63065878566,
    -4.892558039448));
#2227 = CARTESIAN_POINT('',(38.981926899803,-47.95583177632,
    -4.579398614391));
#2228 = CARTESIAN_POINT('',(38.647358007769,-48.27936771196,
    -4.26357410416));
#2229 = CARTESIAN_POINT('',(38.313417752684,-48.60124258759,
    -3.945074107514));
#2230 = CARTESIAN_POINT('',(37.980139817408,-48.92143019271,
    -3.623888260621));
#2231 = CARTESIAN_POINT('',(37.29348816259,-49.54273036305,
    -2.965561637862));
#2232 = CARTESIAN_POINT('',(36.94578595135,-49.87290617898,
    -2.623721504086));
#2233 = CARTESIAN_POINT('',(36.598885265513,-50.20116878704,
    -2.278914185277));
#2234 = CARTESIAN_POINT('',(36.25282502465,-50.52748307955,
    -1.931128074623));
#2235 = CARTESIAN_POINT('',(35.907644479974,-50.85181143057,
    -1.580351820981));
#2236 = CARTESIAN_POINT('',(35.19674585418,-51.48123693566,
    -0.860490790032));
#2237 = CARTESIAN_POINT('',(34.836722630809,-51.81536335463,
    -0.486671248602));
#2238 = CARTESIAN_POINT('',(34.477754608253,-52.14721858979,
    -0.109543125529));
#2239 = CARTESIAN_POINT('',(34.119888168176,-52.4767534674,
    0.270905729275));
#2240 = CARTESIAN_POINT('',(33.763170508316,-52.80391582011,
    0.654686824908));
#2241 = CARTESIAN_POINT('',(33.02237155843,-53.44392097834,
    1.450089618478));
#2242 = CARTESIAN_POINT('',(32.644060337474,-53.78565633576,
    1.86661352238));
#2243 = CARTESIAN_POINT('',(32.267169796116,-54.12456140413,
    2.286955774497));
#2244 = CARTESIAN_POINT('',(31.891759766583,-54.46056529258,
    2.711128202302));
#2245 = CARTESIAN_POINT('',(31.517891595282,-54.79359319167,
    3.13914121539));
#2246 = CARTESIAN_POINT('',(30.738498943226,-55.4476003896,4.03152481238
    ));
#2247 = CARTESIAN_POINT('',(30.338837274029,-55.79731639449,
    4.500954630962));
#2248 = CARTESIAN_POINT('',(29.941117285098,-56.14338772883,
    4.974864389593));
#2249 = CARTESIAN_POINT('',(29.545420177551,-56.48571053528,
    5.453262408463));
#2250 = CARTESIAN_POINT('',(29.151829702179,-56.82417557566,
    5.936153987568));
#2251 = CARTESIAN_POINT('',(28.3178963462,-57.49894471958,6.961879780854
    ));
#2252 = CARTESIAN_POINT('',(27.883690156895,-57.86351336742,
    7.51024421268));
#2253 = CARTESIAN_POINT('',(27.452328392229,-58.2229874551,
    8.064197466742));
#2254 = CARTESIAN_POINT('',(27.023935345809,-58.57719963399,
    8.623736112214));
#2255 = CARTESIAN_POINT('',(26.598639795245,-58.92597422975,
    9.188849581307));
#2256 = CARTESIAN_POINT('',(25.696107798442,-59.62180790113,
    10.395651535785));
#2257 = CARTESIAN_POINT('',(25.225323247111,-59.99662127507,
    11.043236131892));
#2258 = CARTESIAN_POINT('',(24.758804426499,-60.36407956002,
    11.697806928255));
#2259 = CARTESIAN_POINT('',(24.296748103151,-60.72390879461,
    12.359322679681));
#2260 = CARTESIAN_POINT('',(23.839358199114,-61.07582266806,
    13.027725098816));
#2261 = CARTESIAN_POINT('',(22.552493858181,-61.992259812,
    14.924583100961));
#2262 = CARTESIAN_POINT('',(21.739924926276,-62.56698140869,
    16.173251503127));
#2263 = CARTESIAN_POINT('',(20.944794893883,-63.11266769139,
    17.444039795276));
#2264 = CARTESIAN_POINT('',(20.168458570202,-63.6273917035,
    18.736236053322));
#2265 = CARTESIAN_POINT('',(19.412316635256,-64.10913949773,
    20.048833635762));
#2266 = CARTESIAN_POINT('',(17.813161822552,-65.04360030075,
    22.930764033902));
#2267 = CARTESIAN_POINT('',(16.983604468283,-65.51279107234,
    24.511497880114));
#2268 = CARTESIAN_POINT('',(16.185733283083,-65.93099562787,
    26.115971836266));
#2269 = CARTESIAN_POINT('',(15.421754437853,-66.29499493203,
    27.741255850924));
#2270 = CARTESIAN_POINT('',(14.693660086704,-66.60176602276,
    29.383653874891));
#2271 = CARTESIAN_POINT('',(14.003022996898,-66.84885297786,
    31.038582134347));
#2272 = CARTESIAN_POINT('',(41.770610156847,-44.96936678842,
    -6.548561949567));
#2273 = CARTESIAN_POINT('',(41.439774528118,-45.29417027193,
    -6.263187542643));
#2274 = CARTESIAN_POINT('',(41.109348819567,-45.61749303401,
    -5.975306289616));
#2275 = CARTESIAN_POINT('',(40.779365675588,-45.9393213849,
    -5.684908819421));
#2276 = CARTESIAN_POINT('',(40.449857283027,-46.25963946819,
    -5.391985666984));
#2277 = CARTESIAN_POINT('',(40.120855371179,-46.57842926087,
    -5.096527273221));
#2278 = CARTESIAN_POINT('',(39.445568991331,-47.19500869581,
    -4.493154372492));
#2279 = CARTESIAN_POINT('',(39.105548549236,-47.5210598176,
    -4.181734771321));
#2280 = CARTESIAN_POINT('',(38.766140485809,-47.8454257357,
    -3.867571700117));
#2281 = CARTESIAN_POINT('',(38.427379548652,-48.16808173907,
    -3.550654451721));
#2282 = CARTESIAN_POINT('',(38.0893004113,-48.48900084633,
    -3.230972357482));
#2283 = CARTESIAN_POINT('',(37.392213933889,-49.11258753869,
    -2.574385854037));
#2284 = CARTESIAN_POINT('',(37.039499792738,-49.44346110308,
    -2.233897412751));
#2285 = CARTESIAN_POINT('',(36.687610751266,-49.77236518876,
    -1.890354516284));
#2286 = CARTESIAN_POINT('',(36.336586873737,-50.0992636555,
    -1.543745216448));
#2287 = CARTESIAN_POINT('',(35.986468565813,-50.42411777071,
    -1.19405782824));
#2288 = CARTESIAN_POINT('',(35.264863654752,-51.05539125287,
    -0.47506917164));
#2289 = CARTESIAN_POINT('',(34.899694286714,-51.38998161371,
    -0.102147423595));
#2290 = CARTESIAN_POINT('',(34.53561115481,-51.72223399123,
    0.274180217316));
#2291 = CARTESIAN_POINT('',(34.172662004869,-52.05209776537,
    0.65392625854));
#2292 = CARTESIAN_POINT('',(33.810895422799,-52.37951923447,
    1.037102547675));
#2293 = CARTESIAN_POINT('',(33.059072533535,-53.02082180701,
    1.832656559981));
#2294 = CARTESIAN_POINT('',(32.675410884864,-53.36273317034,
    2.248827129402));
#2295 = CARTESIAN_POINT('',(32.293211700485,-53.70173100083,
    2.668928351398));
#2296 = CARTESIAN_POINT('',(31.912536572395,-54.03774232257,
    3.092972401308));
#2297 = CARTESIAN_POINT('',(31.533448651309,-54.37069012587,
    3.520969994892));
#2298 = CARTESIAN_POINT('',(30.742642634559,-55.02526271316,
    4.414766678574));
#2299 = CARTESIAN_POINT('',(30.337414667623,-55.37475732752,
    4.884520262131));
#2300 = CARTESIAN_POINT('',(29.934185489198,-55.72050007513,
    5.358885548679));
#2301 = CARTESIAN_POINT('',(29.533038688667,-56.06238404404,
    5.837871103121));
#2302 = CARTESIAN_POINT('',(29.13406048008,-56.40029678317,
    6.321482381334));
#2303 = CARTESIAN_POINT('',(28.288179312363,-57.074601097,7.350261488463
    ));
#2304 = CARTESIAN_POINT('',(27.848048416993,-57.43837645319,
    7.899868646242));
#2305 = CARTESIAN_POINT('',(27.410845605809,-57.79690740923,
    8.455229003382));
#2306 = CARTESIAN_POINT('',(26.976698828113,-58.15002169445,
    9.01633902815));
#2307 = CARTESIAN_POINT('',(26.545740649093,-58.49753846762,
    9.58318784194));
#2308 = CARTESIAN_POINT('',(25.63068984774,-59.19130780372,
    10.795283318282));
#2309 = CARTESIAN_POINT('',(25.153693763468,-59.56441889495,
    11.445345964337));
#2310 = CARTESIAN_POINT('',(24.681088872582,-59.92995857102,
    12.102600287125));
#2311 = CARTESIAN_POINT('',(24.21307772888,-60.2876448129,
    12.767003828362));
#2312 = CARTESIAN_POINT('',(23.749870252115,-60.6371828889,
    13.438496586357));
#2313 = CARTESIAN_POINT('',(22.445868987185,-61.54778831883,
    15.346683431402));
#2314 = CARTESIAN_POINT('',(21.622932806283,-62.11764187681,
    16.602931290047));
#2315 = CARTESIAN_POINT('',(20.817948433701,-62.65760614096,
    17.881949623676));
#2316 = CARTESIAN_POINT('',(20.03231052597,-63.16569747949,
    19.183005569257));
#2317 = CARTESIAN_POINT('',(19.267460959584,-63.6398427114,
    20.505062878185));
#2318 = CARTESIAN_POINT('',(17.650079231528,-64.55658445788,
    23.410028527602));
#2319 = CARTESIAN_POINT('',(16.811853225573,-65.0144313024,
    25.003419680792));
#2320 = CARTESIAN_POINT('',(16.006245334838,-65.41979233627,
    26.621249182448));
#2321 = CARTESIAN_POINT('',(15.2355266176,-65.76935384668,
    28.260500803155));
#2322 = CARTESIAN_POINT('',(14.50174782074,-66.0600039609,
    29.917369786385));
#2323 = CARTESIAN_POINT('',(13.806527969381,-66.28921452374,
    31.587137541442));
#2324 = CARTESIAN_POINT('',(41.932879743059,-44.52610502211,-6.136616606
    ));
#2325 = CARTESIAN_POINT('',(41.597388826689,-44.85197148348,
    -5.853380423516));
#2326 = CARTESIAN_POINT('',(41.262319542502,-45.1763149171,
    -5.567565770755));
#2327 = CARTESIAN_POINT('',(40.927705467588,-45.49912124206,
    -5.279163008907));
#2328 = CARTESIAN_POINT('',(40.593579708419,-45.82037414893,
    -4.988162402467));
#2329 = CARTESIAN_POINT('',(40.25997490084,-46.14005509974,
    -4.694554119235));
#2330 = CARTESIAN_POINT('',(39.574608100245,-46.75925950966,
    -4.093653571723));
#2331 = CARTESIAN_POINT('',(39.229824455483,-47.08617224652,
    -3.783957605468));
#2332 = CARTESIAN_POINT('',(38.885670685923,-47.41135163102,
    -3.471439784323));
#2333 = CARTESIAN_POINT('',(38.542182531955,-47.73477224609,
    -3.156089095208));
#2334 = CARTESIAN_POINT('',(38.199395657785,-48.05640633944,
    -2.837894564656));
#2335 = CARTESIAN_POINT('',(37.491967823041,-48.68226303777,
    -2.183031991555));
#2336 = CARTESIAN_POINT('',(37.134335217238,-49.01381783455,
    -1.843879053791));
#2337 = CARTESIAN_POINT('',(36.77755128539,-49.3433468818,
    -1.501584390697));
#2338 = CARTESIAN_POINT('',(36.421657236456,-49.67081300673,
    -1.156135712709));
#2339 = CARTESIAN_POINT('',(36.066694630543,-49.99617637007,
    -0.807521000968));
#2340 = CARTESIAN_POINT('',(35.334476899474,-50.62928131326,
    -8.9388529747E-02));
#2341 = CARTESIAN_POINT('',(34.964254852029,-50.96431909992,
    0.282651613881));
#2342 = CARTESIAN_POINT('',(34.595150076035,-51.29695210373,0.6581949616
    ));
#2343 = CARTESIAN_POINT('',(34.22721168149,-51.62712825836,
    1.037254378212));
#2344 = CARTESIAN_POINT('',(33.860489642469,-51.95479232781,
    1.419842049819));
#2345 = CARTESIAN_POINT('',(33.097736279087,-52.59737579859,
    2.215563469828));
#2346 = CARTESIAN_POINT('',(32.70881766796,-52.93944665179,
    2.631396893737));
#2347 = CARTESIAN_POINT('',(32.321403305818,-53.27852072834,
    3.051273274582));
#2348 = CARTESIAN_POINT('',(31.935556544431,-53.61452296733,
    3.475205135565));
#2349 = CARTESIAN_POINT('',(31.551342338819,-53.94737415877,
    3.903203498614));
#2350 = CARTESIAN_POINT('',(30.749216422635,-54.60249561937,
    4.798429457956));
#2351 = CARTESIAN_POINT('',(30.33851562322,-54.95175232715,
    5.268522995457));
#2352 = CARTESIAN_POINT('',(29.929870720559,-55.29714997199,
    5.743359998892));
#2353 = CARTESIAN_POINT('',(29.523367692303,-55.6385785873,
    6.222949277875));
#2354 = CARTESIAN_POINT('',(29.119095215761,-55.97592250912,
    6.707296444164));
#2355 = CARTESIAN_POINT('',(28.261359701566,-56.64974547682,
    7.739145054104));
#2356 = CARTESIAN_POINT('',(27.815397565389,-57.01271102531,
    8.290011126806));
#2357 = CARTESIAN_POINT('',(27.372447172947,-57.37028233365,
    8.846794775993));
#2358 = CARTESIAN_POINT('',(26.932640129235,-57.72228220915,
    9.409492369026));
#2359 = CARTESIAN_POINT('',(26.496112787018,-58.06852464368,
    9.978092716481));
#2360 = CARTESIAN_POINT('',(25.568636646376,-58.76021312846,
    11.195497903655));
#2361 = CARTESIAN_POINT('',(25.08552249442,-59.13160542091,
    11.848054788627));
#2362 = CARTESIAN_POINT('',(24.606924998519,-59.49520997206,
    12.508008826809));
#2363 = CARTESIAN_POINT('',(24.133052499723,-59.85073670518,
    13.175316346825));
#2364 = CARTESIAN_POINT('',(23.664120915489,-60.19788246768,
    13.849915632649));
#2365 = CARTESIAN_POINT('',(22.343076191822,-61.10263966755,
    15.769447509563));
#2366 = CARTESIAN_POINT('',(21.509866227182,-61.66760867075,
    17.033291013657));
#2367 = CARTESIAN_POINT('',(20.695120979671,-62.2018344003,
    18.320555577734));
#2368 = CARTESIAN_POINT('',(19.90027495315,-62.70327654922,
    19.630487399818));
#2369 = CARTESIAN_POINT('',(19.126811220583,-63.16980270275,
    20.962020624203));
#2370 = CARTESIAN_POINT('',(17.491296042434,-64.06880887663,
    23.890037713868));
#2371 = CARTESIAN_POINT('',(16.644494850053,-64.51529527803,
    25.496102363002));
#2372 = CARTESIAN_POINT('',(15.831243719041,-64.90779627419,
    27.127303599132));
#2373 = CARTESIAN_POINT('',(15.053878595056,-65.24290347478,
    28.780539014856));
#2374 = CARTESIAN_POINT('',(14.314508817744,-65.51741609645,
    30.451895146319));
#2375 = CARTESIAN_POINT('',(13.61479967009,-65.72873375098,
    32.136518585946));
#2376 = CARTESIAN_POINT('',(42.258027629483,-43.63791870319,
    -5.31118060835));
#2377 = CARTESIAN_POINT('',(41.911100891745,-43.96250939984,
    -5.027346642882));
#2378 = CARTESIAN_POINT('',(41.564607498195,-44.28553476241,
    -4.740862582961));
#2379 = CARTESIAN_POINT('',(41.218581958622,-44.60698031885,
    -4.451718522034));
#2380 = CARTESIAN_POINT('',(40.873058299117,-44.9268293067,
    -4.159904454165));
#2381 = CARTESIAN_POINT('',(40.528070062082,-45.24506267304,
    -3.865410274038));
#2382 = CARTESIAN_POINT('',(39.825842307014,-45.86455331535,
    -3.264246072317));
#2383 = CARTESIAN_POINT('',(39.469514925859,-46.18998892469,
    -2.953537733553));
#2384 = CARTESIAN_POINT('',(39.113834916438,-46.513643033,-2.63992915504
    ));
#2385 = CARTESIAN_POINT('',(38.758839011933,-46.83548951716,
    -2.323409017781));
#2386 = CARTESIAN_POINT('',(38.40456386722,-47.15549985401,
    -2.003966043489));
#2387 = CARTESIAN_POINT('',(37.680014141416,-47.78128781573,
    -1.348091393308));
#2388 = CARTESIAN_POINT('',(37.310682537234,-48.11118510231,
    -1.007537951639));
#2389 = CARTESIAN_POINT('',(36.942223181284,-48.43900036855,
    -0.663755514492));
#2390 = CARTESIAN_POINT('',(36.574678427218,-48.76469540905,
    -0.316731450926));
#2391 = CARTESIAN_POINT('',(36.208090989591,-49.08822927793,
    3.354659177403E-02));
#2392 = CARTESIAN_POINT('',(35.458479904787,-49.72082693956,
    0.753558885041));
#2393 = CARTESIAN_POINT('',(35.076424644208,-50.05397340945,
    1.127453431677));
#2394 = CARTESIAN_POINT('',(34.6955176904,-50.38464829696,1.504948493631
    ));
#2395 = CARTESIAN_POINT('',(34.315809517523,-50.71279808949,
    1.886057293057));
#2396 = CARTESIAN_POINT('',(33.937351487825,-51.03836601669,
    2.270792354561));
#2397 = CARTESIAN_POINT('',(33.1568871166,-51.67989164313,3.069417189699
    ));
#2398 = CARTESIAN_POINT('',(32.75593100929,-52.01978324359,
    3.487649475523));
#2399 = CARTESIAN_POINT('',(32.356520935659,-52.35659482362,
    3.910037022641));
#2400 = CARTESIAN_POINT('',(31.958722007249,-52.69024923726,
    4.336592702124));
#2401 = CARTESIAN_POINT('',(31.562600983386,-53.02066507425,
    4.767327842063));
#2402 = CARTESIAN_POINT('',(30.742374634041,-53.67399666557,
    5.666719084491));
#2403 = CARTESIAN_POINT('',(30.31942046842,-54.02067672417,
    6.139888583362));
#2404 = CARTESIAN_POINT('',(29.898579307796,-54.36339052365,
    6.61793331111));
#2405 = CARTESIAN_POINT('',(29.47993951809,-54.70202504277,
    7.100862322059));
#2406 = CARTESIAN_POINT('',(29.063592239867,-55.0364614047,
    7.588681383851));
#2407 = CARTESIAN_POINT('',(28.187221845467,-55.70746428366,
    8.626335504027));
#2408 = CARTESIAN_POINT('',(27.728647934757,-56.06728128187,
    9.181196499078));
#2409 = CARTESIAN_POINT('',(27.273169427331,-56.42155419991,
    9.742139447737));
#2410 = CARTESIAN_POINT('',(26.820921583876,-56.7701009231,
    10.309160616461));
#2411 = CARTESIAN_POINT('',(26.372044544737,-57.1127302764,
    10.882248505008));
#2412 = CARTESIAN_POINT('',(25.425362531077,-57.79999916726,
    12.10769941044));
#2413 = CARTESIAN_POINT('',(24.929349777713,-58.16733391834,
    12.765486541754));
#2414 = CARTESIAN_POINT('',(24.437979143071,-58.52666460197,
    13.430876302757));
#2415 = CARTESIAN_POINT('',(23.951464755453,-58.87769308374,
    14.103823808978));
#2416 = CARTESIAN_POINT('',(23.470028530026,-59.22010779015,
    14.784265630057));
#2417 = CARTESIAN_POINT('',(22.125159813895,-60.11667801737,
    16.717878546264));
#2418 = CARTESIAN_POINT('',(21.27489553179,-60.67442372319,
    17.992053703233));
#2419 = CARTESIAN_POINT('',(20.443608875624,-61.20057217555,
    19.290300505183));
#2420 = CARTESIAN_POINT('',(19.632774196586,-61.69302639226,
    20.611844211198));
#2421 = CARTESIAN_POINT('',(18.843915764112,-62.14959472482,
    21.955589358465));
#2422 = CARTESIAN_POINT('',(17.183486602144,-63.02852658351,
    24.909393895803));
#2423 = CARTESIAN_POINT('',(16.321329689611,-63.4613137992,
    26.530868048309));
#2424 = CARTESIAN_POINT('',(15.493654784596,-63.83861601506,
    28.178177026338));
#2425 = CARTESIAN_POINT('',(14.702862720137,-64.15693016325,
    29.848132244505));
#2426 = CARTESIAN_POINT('',(13.951121428647,-64.41296654977,
    31.536711531625));
#2427 = CARTESIAN_POINT('',(13.240142450972,-64.60405255339,
    33.238926663249));
#2428 = CARTESIAN_POINT('',(42.420905929695,-43.19299415059,
    -4.897689954268));
#2429 = CARTESIAN_POINT('',(42.069485205752,-43.51860737558,
    -4.615952907009));
#2430 = CARTESIAN_POINT('',(41.718509538002,-43.84261296016,
    -4.331494141123));
#2431 = CARTESIAN_POINT('',(41.368014368931,-44.16499604115,
    -4.044303482311));
#2432 = CARTESIAN_POINT('',(41.018034644255,-44.48573940305,
    -3.754370654208));
#2433 = CARTESIAN_POINT('',(40.668604812926,-44.804823478,-3.46168527838
    ));
#2434 = CARTESIAN_POINT('',(39.956457938547,-45.42689864575,
    -2.862952123645));
#2435 = CARTESIAN_POINT('',(39.595528656162,-45.75315542064,
    -2.553926113566));
#2436 = CARTESIAN_POINT('',(39.235264242044,-46.07758254582,
    -2.24192147888));
#2437 = CARTESIAN_POINT('',(38.875702422163,-46.40015319216,
    -1.926926594671));
#2438 = CARTESIAN_POINT('',(38.51688084207,-46.72083806557,
    -1.608929877833));
#2439 = CARTESIAN_POINT('',(37.782151060369,-47.34885558374,
    -0.954737851765));
#2440 = CARTESIAN_POINT('',(37.408062292972,-47.67939365319,
    -0.615478607386));
#2441 = CARTESIAN_POINT('',(37.034869348083,-48.00779343147,
    -0.272903097381));
#2442 = CARTESIAN_POINT('',(36.662615724047,-48.33401568063,
    7.300165056799E-02));
#2443 = CARTESIAN_POINT('',(36.291345289868,-48.65801834812,
    0.422248323033));
#2444 = CARTESIAN_POINT('',(35.531282686493,-49.29240702125,
    1.141445737152));
#2445 = CARTESIAN_POINT('',(35.144336047943,-49.62596046743,
    1.514499985603));
#2446 = CARTESIAN_POINT('',(34.758568751482,-49.95697553172,
    1.891252060596));
#2447 = CARTESIAN_POINT('',(34.374032635437,-50.28539725521,
    2.271715541641));
#2448 = CARTESIAN_POINT('',(33.990780450224,-50.61116733322,
    2.655903291848));
#2449 = CARTESIAN_POINT('',(33.199546906318,-51.25393340838,
    3.454736840921));
#2450 = CARTESIAN_POINT('',(32.793495137988,-51.59394404918,
    3.872673287466));
#2451 = CARTESIAN_POINT('',(32.389031188032,-51.93079142575,
    4.294877299663));
#2452 = CARTESIAN_POINT('',(31.986221927761,-52.26439630711,
    4.721362096451));
#2453 = CARTESIAN_POINT('',(31.585135920809,-52.59467508272,
    5.152139312087));
#2454 = CARTESIAN_POINT('',(30.753750973466,-53.24851509782,
    6.053001136407));
#2455 = CARTESIAN_POINT('',(30.325485276803,-53.59491680032,
    6.526551895453));
#2456 = CARTESIAN_POINT('',(29.899389693379,-53.93724504749,
    7.005109646319));
#2457 = CARTESIAN_POINT('',(29.475554977384,-54.27538376349,
    7.48868368804));
#2458 = CARTESIAN_POINT('',(29.054074732643,-54.60921085859,
    7.977279944141));
#2459 = CARTESIAN_POINT('',(28.166011293202,-55.27969194189,
    9.01804487336));
#2460 = CARTESIAN_POINT('',(27.701767443122,-55.63865868288,
    9.574206089564));
#2461 = CARTESIAN_POINT('',(27.240702655873,-55.99193150369,
    10.136613636501));
#2462 = CARTESIAN_POINT('',(26.782955847839,-56.33932336763,
    10.705263679721));
#2463 = CARTESIAN_POINT('',(26.328670946939,-56.68063793277,
    11.280144408165));
#2464 = CARTESIAN_POINT('',(25.369724895426,-57.36578552278,
    12.510946330661));
#2465 = CARTESIAN_POINT('',(24.867755375815,-57.73136102555,
    13.171269007123));
#2466 = CARTESIAN_POINT('',(24.370553437596,-58.08871613474,
    13.839399789753));
#2467 = CARTESIAN_POINT('',(23.878338996319,-58.43754465822,
    14.515292580984));
#2468 = CARTESIAN_POINT('',(23.39133996486,-58.77752660161,
    15.198882236124));
#2469 = CARTESIAN_POINT('',(22.029589091428,-59.66820814924,
    17.143881490431));
#2470 = CARTESIAN_POINT('',(21.169212327022,-60.22102885076,
    18.42569359908));
#2471 = CARTESIAN_POINT('',(20.328326097364,-60.74139831899,
    19.73222793771));
#2472 = CARTESIAN_POINT('',(19.508444600971,-61.22716289656,
    21.06268882646));
#2473 = CARTESIAN_POINT('',(18.711133303754,-61.67607170122,
    22.415951195415));
#2474 = CARTESIAN_POINT('',(17.032731993128,-62.53722753779,
    25.392848479232));
#2475 = CARTESIAN_POINT('',(16.162161195607,-62.95861386083,
    27.027037433914));
#2476 = CARTESIAN_POINT('',(15.327004351752,-63.32301558945,
    28.687759452648));
#2477 = CARTESIAN_POINT('',(14.52972718198,-63.62683497831,
    30.371739772064));
#2478 = CARTESIAN_POINT('',(13.772556211476,-63.86669342274,
    32.074847513648));
#2479 = CARTESIAN_POINT('',(13.057249238943,-64.03984606852,
    33.791959636074));
#2480 = CARTESIAN_POINT('',(42.583784229906,-42.74806959798,
    -4.484199300186));
#2481 = CARTESIAN_POINT('',(42.227963040855,-43.07469010694,
    -4.204544228664));
#2482 = CARTESIAN_POINT('',(41.872598620001,-43.39966066917,
    -3.922095814341));
#2483 = CARTESIAN_POINT('',(41.517727342527,-43.72296603034,
    -3.636843615173));
#2484 = CARTESIAN_POINT('',(41.163385073776,-44.04458852192,
    -3.348777084365));
#2485 = CARTESIAN_POINT('',(40.809607169249,-44.3645080611,
    -3.057885570364));
#2486 = CARTESIAN_POINT('',(40.087634696655,-44.98915250993,
    -2.461568520142));
#2487 = CARTESIAN_POINT('',(39.722197034135,-45.31621520601,
    -2.154209896277));
#2488 = CARTESIAN_POINT('',(39.357441736416,-45.64140010369,
    -1.843794262946));
#2489 = CARTESIAN_POINT('',(38.993407522256,-45.96467966782,
    -1.530309689316));
#2490 = CARTESIAN_POINT('',(38.630133027877,-46.28602383342,
    -1.213744287461));
#2491 = CARTESIAN_POINT('',(37.885316711376,-46.91625566367,
    -0.561219943034));
#2492 = CARTESIAN_POINT('',(37.506564301859,-47.24741927162,
    -0.223239953473));
#2493 = CARTESIAN_POINT('',(37.128731289126,-47.57638831758,
    0.118143571862));
#2494 = CARTESIAN_POINT('',(36.751862316217,-47.90312253102,
    0.462943946666));
#2495 = CARTESIAN_POINT('',(36.376002406581,-48.22757875274,
    0.811174191368));
#2496 = CARTESIAN_POINT('',(35.60558180573,-48.86374319301,1.52957166881
    ));
#2497 = CARTESIAN_POINT('',(35.213837310305,-49.19768837112,
    1.901800561547));
#2498 = CARTESIAN_POINT('',(34.823303192287,-49.52902836781,
    2.277824592051));
#2499 = CARTESIAN_POINT('',(34.43403265417,-49.85770677788,
    2.657657697188));
#2500 = CARTESIAN_POINT('',(34.046079834538,-50.18366376234,
    3.04131307857));
#2501 = CARTESIAN_POINT('',(33.244170639047,-50.82765504186,
    3.840370284049));
#2502 = CARTESIAN_POINT('',(32.833116730793,-51.16776947862,
    4.258025833785));
#2503 = CARTESIAN_POINT('',(32.423692425606,-51.50463740736,
    4.680061253533));
#2504 = CARTESIAN_POINT('',(32.015966354571,-51.83817751207,
    5.106490110099));
#2505 = CARTESIAN_POINT('',(31.610008885625,-52.16830398193,
    5.537324343902));
#2506 = CARTESIAN_POINT('',(30.76755886138,-52.82263717645,
    6.439671692586));
#2507 = CARTESIAN_POINT('',(30.33407515477,-53.16874527846,
    6.913618654279));
#2508 = CARTESIAN_POINT('',(29.902818669643,-53.51067272897,
    7.392704370734));
#2509 = CARTESIAN_POINT('',(29.473882548456,-53.84830039748,
    7.876938385699));
#2510 = CARTESIAN_POINT('',(29.047362858292,-54.18150298138,
    8.366326778581));
#2511 = CARTESIAN_POINT('',(28.147699894905,-54.85144702464,
    9.410217459313));
#2512 = CARTESIAN_POINT('',(27.67787962655,-55.20954826403,
    9.967693839143));
#2513 = CARTESIAN_POINT('',(27.211322080575,-55.56180574326,
    10.53158092683));
#2514 = CARTESIAN_POINT('',(26.748169829058,-55.90802750358,
    11.101874787019));
#2515 = CARTESIAN_POINT('',(26.288570587493,-56.24801203618,
    11.678563297831));
#2516 = CARTESIAN_POINT('',(25.317454019222,-56.93102308097,
    12.914731179863));
#2517 = CARTESIAN_POINT('',(24.80962125446,-57.29482409107,
    13.577604343945));
#2518 = CARTESIAN_POINT('',(24.306681533759,-57.65018838143,
    14.248491090672));
#2519 = CARTESIAN_POINT('',(23.80886055992,-57.99680170227,
    14.927344109385));
#2520 = CARTESIAN_POINT('',(23.316392243524,-58.33433563826,
    15.614096541057));
#2521 = CARTESIAN_POINT('',(21.937852733887,-59.21911326193,
    17.570497075936));
#2522 = CARTESIAN_POINT('',(21.067457008275,-59.76699371478,
    18.859961078737));
#2523 = CARTESIAN_POINT('',(20.21706472622,-60.28156895452,
    20.174797896518));
#2524 = CARTESIAN_POINT('',(19.388229933569,-60.76062864857,
    21.514190910475));
#2525 = CARTESIAN_POINT('',(18.582559292703,-61.20186268096,
    22.87698544359));
#2526 = CARTESIAN_POINT('',(16.886279354517,-62.04522725103,
    25.876990416357));
#2527 = CARTESIAN_POINT('',(16.007388193102,-62.45519743705,
    27.523909115688));
#2528 = CARTESIAN_POINT('',(15.164842931503,-62.80668343407,
    29.198059117598));
#2529 = CARTESIAN_POINT('',(14.361174177516,-63.09599281922,
    30.896079480735));
#2530 = CARTESIAN_POINT('',(13.598667049091,-63.3196580772,
    32.613730619254));
#2531 = CARTESIAN_POINT('',(12.879125602797,-63.47486212078,
    34.345754674954));
#2532 = CARTESIAN_POINT('',(42.908394658209,-41.86135142008,
    -3.660127719466));
#2533 = CARTESIAN_POINT('',(42.541719528661,-42.18661263618,
    -3.379794454713));
#2534 = CARTESIAN_POINT('',(42.175512879316,-42.51018159921,
    -3.096596222986));
#2535 = CARTESIAN_POINT('',(41.809812018054,-42.83204266374,
    -2.810522314496));
#2536 = CARTESIAN_POINT('',(41.444653729839,-43.15217770815,
    -2.521561912014));
#2537 = CARTESIAN_POINT('',(41.080074276727,-43.47056613473,
    -2.229704090874));
#2538 = CARTESIAN_POINT('',(40.341822730531,-44.09541328781,
    -1.633042976199));
#2539 = CARTESIAN_POINT('',(39.965423212489,-44.42091532823,
    -1.32459156958));
#2540 = CARTESIAN_POINT('',(39.589723555782,-44.74449142158,
    -1.013004768637));
#2541 = CARTESIAN_POINT('',(39.214763471956,-45.06611332667,
    -0.698270336618));
#2542 = CARTESIAN_POINT('',(38.840582587905,-45.38575020763,
    -0.380376080779));
#2543 = CARTESIAN_POINT('',(38.079226261216,-46.01582977312,
    0.273240750974));
#2544 = CARTESIAN_POINT('',(37.689356734191,-46.34525234273,
    0.612701654684));
#2545 = CARTESIAN_POINT('',(37.300430178228,-46.67242407954,
    0.955653364315));
#2546 = CARTESIAN_POINT('',(36.912492381059,-46.99730368043,
    1.302109534941));
#2547 = CARTESIAN_POINT('',(36.525589520579,-47.31984687955,
    1.652083520847));
#2548 = CARTESIAN_POINT('',(35.738357446866,-47.95542051011,
    2.372441230579));
#2549 = CARTESIAN_POINT('',(35.335361619179,-48.28739084331,
    2.74660493657));
#2550 = CARTESIAN_POINT('',(34.933607204217,-48.61668919556,
    3.124661091552));
#2551 = CARTESIAN_POINT('',(34.533148768641,-48.9432577154,
    3.506623989747));
#2552 = CARTESIAN_POINT('',(34.134041839203,-49.26703502947,
    3.89250717127));
#2553 = CARTESIAN_POINT('',(33.315003516739,-49.9098849365,
    4.694548202124));
#2554 = CARTESIAN_POINT('',(32.892493993174,-50.2477365924,
    5.114683024018));
#2555 = CARTESIAN_POINT('',(32.47165585737,-50.58225849647,
    5.539310020285));
#2556 = CARTESIAN_POINT('',(32.052559500183,-50.91336724769,
    5.968443105594));
#2557 = CARTESIAN_POINT('',(31.635277093857,-51.24097483496,
    6.402094526532));
#2558 = CARTESIAN_POINT('',(30.775308517322,-51.89343463206,
    7.308687568546));
#2559 = CARTESIAN_POINT('',(30.330153325378,-52.23688255676,
    7.785790901854));
#2560 = CARTESIAN_POINT('',(29.887282463161,-52.57604263376,
    8.268164752866));
#2561 = CARTESIAN_POINT('',(29.446791461394,-52.91079267794,
    8.755818910042));
#2562 = CARTESIAN_POINT('',(29.008778850421,-53.24100417381,
    9.24875960867));
#2563 = CARTESIAN_POINT('',(28.0910628877,-53.90804460019,
    10.298536209884));
#2564 = CARTESIAN_POINT('',(27.609212725684,-54.26291376117,
    10.860087922306));
#2565 = CARTESIAN_POINT('',(27.130708945596,-54.61178932196,
    11.428214719711));
#2566 = CARTESIAN_POINT('',(26.655697775208,-54.95447440182,
    12.002912565834));
#2567 = CARTESIAN_POINT('',(26.184330717592,-55.29076232506,
    12.584169027982));
#2568 = CARTESIAN_POINT('',(25.194590157175,-55.9692702478,
    13.828463038517));
#2569 = CARTESIAN_POINT('',(24.674440671876,-56.32893018838,
    14.496646859185));
#2570 = CARTESIAN_POINT('',(24.159309693305,-56.67993708309,
    15.173049738977));
#2571 = CARTESIAN_POINT('',(23.649428711516,-57.02196862443,
    15.857623154139));
#2572 = CARTESIAN_POINT('',(23.145037634798,-57.35468797619,
    16.550298531311));
#2573 = CARTESIAN_POINT('',(21.743256013569,-58.23119509907,
    18.520860515728));
#2574 = CARTESIAN_POINT('',(20.856387851363,-58.77176872642,
    19.820736581648));
#2575 = CARTESIAN_POINT('',(19.990036041525,-59.27818316082,
    21.146636047548));
#2576 = CARTESIAN_POINT('',(19.145794477229,-59.74817139453,
    22.497721355679));
#2577 = CARTESIAN_POINT('',(18.325311017328,-60.1793640778,
    23.872808221921));
#2578 = CARTESIAN_POINT('',(16.604698976193,-61.00257080455,
    26.898681052604));
#2579 = CARTESIAN_POINT('',(15.711033975498,-61.39875827672,
    28.561089665552));
#2580 = CARTESIAN_POINT('',(14.854646820767,-61.7349619653,
    30.251427819604));
#2581 = CARTESIAN_POINT('',(14.038133007177,-62.00739476991,
    31.966248395429));
#2582 = CARTESIAN_POINT('',(13.263836245447,-62.21250026459,
    33.701203099851));
#2583 = CARTESIAN_POINT('',(12.533606850003,-62.34738912913,
    35.450899257791));
#2584 = CARTESIAN_POINT('',(43.070126786299,-41.41955779479,
    -3.249546792827));
#2585 = CARTESIAN_POINT('',(42.69928272138,-41.74581402825,
    -2.971286601611));
#2586 = CARTESIAN_POINT('',(42.328918848669,-42.07033570233,
    -2.690089819246));
#2587 = CARTESIAN_POINT('',(41.959073408742,-42.39310678043,
    -2.405945468199));
#2588 = CARTESIAN_POINT('',(41.58978410619,-42.71410868793,
    -2.11884246081));
#2589 = CARTESIAN_POINT('',(41.221088109616,-43.03332031214,
    -1.828769599298));
#2590 = CARTESIAN_POINT('',(40.473242494944,-43.66072447969,
    -1.234515686935));
#2591 = CARTESIAN_POINT('',(40.092566126505,-43.98702017469,
    -0.927722764328));
#2592 = CARTESIAN_POINT('',(39.712607115934,-44.31134177394,
    -0.61771606254));
#2593 = CARTESIAN_POINT('',(39.333406167566,-44.63366033022,
    -0.304483038899));
#2594 = CARTESIAN_POINT('',(38.955003898968,-44.95394423678,
    1.198880415844E-02));
#2595 = CARTESIAN_POINT('',(38.183792567215,-45.58622584775,
    0.66394685647));
#2596 = CARTESIAN_POINT('',(37.789490927809,-45.91626168926,
    1.002137407563));
#2597 = CARTESIAN_POINT('',(37.39615583374,-46.24399042714,
    1.343906034725));
#2598 = CARTESIAN_POINT('',(37.003834217435,-46.56936972571,
    1.689266734406));
#2599 = CARTESIAN_POINT('',(36.612573411237,-46.89235421246,
    2.03823319475));
#2600 = CARTESIAN_POINT('',(35.815214869785,-47.52969134355,
    2.757799870006));
#2601 = CARTESIAN_POINT('',(35.407652714961,-47.86204114208,
    3.131147122484));
#2602 = CARTESIAN_POINT('',(35.001363008179,-48.19165216013,
    3.508484135178));
#2603 = CARTESIAN_POINT('',(34.596401680269,-48.51846509995,
    3.889825559666));
#2604 = CARTESIAN_POINT('',(34.19282564615,-48.84241705387,
    4.275185274564));
#2605 = CARTESIAN_POINT('',(33.363343201839,-49.48647989865,
    5.077458864025));
#2606 = CARTESIAN_POINT('',(32.936063068086,-49.82442308391,
    5.497321691312));
#2607 = CARTESIAN_POINT('',(32.51049610679,-50.15895327355,5.92178899733
    ));
#2608 = CARTESIAN_POINT('',(32.086714468576,-50.48998498152,
    6.350875044618));
#2609 = CARTESIAN_POINT('',(31.664792129995,-50.81742799644,
    6.784592385924));
#2610 = CARTESIAN_POINT('',(30.793990006295,-51.47036870635,
    7.692679854503));
#2611 = CARTESIAN_POINT('',(30.343848334142,-51.81351076397,
    8.170188292658));
#2612 = CARTESIAN_POINT('',(29.896048099958,-52.1522577777,8.65309901146
    ));
#2613 = CARTESIAN_POINT('',(29.450687222737,-52.48648450779,
    9.141422044081));
#2614 = CARTESIAN_POINT('',(29.007866696079,-52.81605922585,
    9.63516378169));
#2615 = CARTESIAN_POINT('',(28.07878273915,-53.4825503456,
    10.688075036619));
#2616 = CARTESIAN_POINT('',(27.591587688597,-53.83654173838,
    11.250950814867));
#2617 = CARTESIAN_POINT('',(27.10782267952,-54.18438969098,
    11.820566055223));
#2618 = CARTESIAN_POINT('',(26.627637595386,-54.52589240062,
    12.396916620515));
#2619 = CARTESIAN_POINT('',(26.151187726843,-54.86083802472,
    12.979989767232));
#2620 = CARTESIAN_POINT('',(25.149508179406,-55.53719713564,
    14.229658639503));
#2621 = CARTESIAN_POINT('',(24.623726978695,-55.89507031695,
    14.900401849993));
#2622 = CARTESIAN_POINT('',(24.103089747379,-56.24407412623,
    15.579569596083));
#2623 = CARTESIAN_POINT('',(23.587833762765,-56.58387819832,
    16.267112140928));
#2624 = CARTESIAN_POINT('',(23.078204930849,-56.91413727608,
    16.962959196833));
#2625 = CARTESIAN_POINT('',(21.659866203152,-57.7847282084,
    18.944931364023));
#2626 = CARTESIAN_POINT('',(20.763210609478,-58.32034932047,
    20.252468226295));
#2627 = CARTESIAN_POINT('',(19.88758427698,-58.82095725978,
    21.586679073547));
#2628 = CARTESIAN_POINT('',(19.034620946164,-59.28422834337,
    22.946705409085));
#2629 = CARTESIAN_POINT('',(18.206009672352,-59.70773398777,
    24.331333341688));
#2630 = CARTESIAN_POINT('',(16.467750533395,-60.51313718142,
    27.380322763523));
#2631 = CARTESIAN_POINT('',(15.565996698543,-60.89789624997,
    29.055470023319));
#2632 = CARTESIAN_POINT('',(14.702452655806,-61.22117194034,
    30.759245062749));
#2633 = CARTESIAN_POINT('',(13.879778787738,-61.47908247464,
    32.488114584495));
#2634 = CARTESIAN_POINT('',(13.100377397826,-61.66798251628,
    34.237621588054));
#2635 = CARTESIAN_POINT('',(12.366145058357,-61.784910512,
    36.002238581468));
#2636 = CARTESIAN_POINT('',(43.23185891439,-40.9777641695,
    -2.838965866188));
#2637 = CARTESIAN_POINT('',(42.856937533555,-41.30500171564,
    -2.562765315223));
#2638 = CARTESIAN_POINT('',(42.482508056933,-41.63046239606,
    -2.283556548935));
#2639 = CARTESIAN_POINT('',(42.108609657797,-41.95412978305,
    -2.001328322045));
#2640 = CARTESIAN_POINT('',(41.735280960363,-42.27598484893,
    -1.716069276464));
#2641 = CARTESIAN_POINT('',(41.362560039784,-42.59600596608,
    -1.427767941293));
#2642 = CARTESIAN_POINT('',(40.605211976091,-43.22595344342,
    -0.835907797958));
#2643 = CARTESIAN_POINT('',(40.22035037671,-43.5530290883,
    -0.530759926078));
#2644 = CARTESIAN_POINT('',(39.836223631731,-43.87808248876,
    -0.222319890159));
#2645 = CARTESIAN_POINT('',(39.452873438277,-44.20108399154,
    8.942515839073E-02));
#2646 = CARTESIAN_POINT('',(39.070341404587,-44.522001219,0.404488021951
    ));
#2647 = CARTESIAN_POINT('',(38.289366687227,-45.15647117076,
    1.054800728108));
#2648 = CARTESIAN_POINT('',(37.890724554894,-45.48710657947,
    1.391734359869));
#2649 = CARTESIAN_POINT('',(37.493072542175,-45.81537861374,
    1.732333337847));
#2650 = CARTESIAN_POINT('',(37.096458726189,-46.14124390529,
    2.076611999869));
#2651 = CARTESIAN_POINT('',(36.700931593728,-46.46465597499,
    2.424584367936));
#2652 = CARTESIAN_POINT('',(35.893538203994,-47.10374290192,
    3.143373442002));
#2653 = CARTESIAN_POINT('',(35.481501341488,-47.43645846107,
    3.515917674253));
#2654 = CARTESIAN_POINT('',(35.070767962342,-47.76636844023,
    3.892548977944));
#2655 = CARTESIAN_POINT('',(34.661395361553,-48.09341209535,
    4.27328236201));
#2656 = CARTESIAN_POINT('',(34.253441842208,-48.41752498442,
    4.658132043569));
#2657 = CARTESIAN_POINT('',(33.413606895505,-49.06278706226,
    5.460651624923));
#2658 = CARTESIAN_POINT('',(32.981647771022,-49.40080807219,
    5.880255890888));
#2659 = CARTESIAN_POINT('',(32.551443603689,-49.73533284271,
    6.304576939943));
#2660 = CARTESIAN_POINT('',(32.123068303903,-50.06627380273,
    6.733629382494));
#2661 = CARTESIAN_POINT('',(31.696597652522,-50.39353854061,
    7.167426077455));
#2662 = CARTESIAN_POINT('',(30.815053601113,-51.04694645864,
    8.077021405884));
#2663 = CARTESIAN_POINT('',(30.360017068207,-51.38976894448,
    8.554948382173));
#2664 = CARTESIAN_POINT('',(29.907379081513,-51.72808919024,
    9.038409402051));
#2665 = CARTESIAN_POINT('',(29.457239948292,-52.06177890155,
    9.527414743402));
#2666 = CARTESIAN_POINT('',(29.009703125404,-52.39070313712,
    10.021970953277));
#2667 = CARTESIAN_POINT('',(28.069342793723,-53.05663124554,
    11.078030295206));
#2668 = CARTESIAN_POINT('',(27.576894474089,-53.40973116543,
    11.642243572566));
#2669 = CARTESIAN_POINT('',(27.087959855479,-53.75653780514,
    12.213360689158));
#2670 = CARTESIAN_POINT('',(26.602692477054,-54.09684443987,
    12.791377406905));
#2671 = CARTESIAN_POINT('',(26.121251417041,-54.43043406014,
    13.376280671477));
#2672 = CARTESIAN_POINT('',(25.107724502039,-55.10463065455,
    14.63133783877));
#2673 = CARTESIAN_POINT('',(24.57640320537,-55.46070337189,
    15.304653872366));
#2674 = CARTESIAN_POINT('',(24.050351340765,-55.80769039106,
    15.98659991804));
#2675 = CARTESIAN_POINT('',(23.529811972782,-56.14525328919,
    16.677125025854));
#2676 = CARTESIAN_POINT('',(23.015037005123,-56.47303838827,
    17.376157193777));
#2677 = CARTESIAN_POINT('',(21.580232790414,-57.33769942534,
    19.369552977025));
#2678 = CARTESIAN_POINT('',(20.673881384728,-57.86835431744,
    20.684764068935));
#2679 = CARTESIAN_POINT('',(19.789072149026,-58.36314205696,
    22.027299730825));
#2680 = CARTESIAN_POINT('',(18.927478671145,-58.81968228575,
    23.396280527057));
#2681 = CARTESIAN_POINT('',(18.090831202878,-59.23548718658,
    24.790462959306));
#2682 = CARTESIAN_POINT('',(16.335016585553,-60.02307314244,
    27.862582405577));
#2683 = CARTESIAN_POINT('',(15.425265536002,-60.39639010268,
    29.550481745509));
#2684 = CARTESIAN_POINT('',(14.554656224713,-60.70672409015,
    31.267707103601));
#2685 = CARTESIAN_POINT('',(13.725913921622,-60.95009864945,
    33.010639004554));
#2686 = CARTESIAN_POINT('',(12.941499522984,-61.12277953334,
    34.774711740535));
#2687 = CARTESIAN_POINT('',(12.203355858947,-61.22173295556,
    36.554263002708));
#2688 = CARTESIAN_POINT('',(43.554751546517,-40.09573838889,
    -2.019255165113));
#2689 = CARTESIAN_POINT('',(43.169594550821,-40.42155949764,
    -1.742325086306));
#2690 = CARTESIAN_POINT('',(42.784941171342,-40.74556143434,-1.462315168
    ));
#2691 = CARTESIAN_POINT('',(42.400831514052,-41.06772738015,
    -1.179213897174));
#2692 = CARTESIAN_POINT('',(42.017305122789,-41.38803785434,
    -0.893009645307));
#2693 = CARTESIAN_POINT('',(41.634400979261,-41.70647071436,
    -0.603690668383));
#2694 = CARTESIAN_POINT('',(40.8613921676,-42.33656375141,
    -1.143512598121E-02));
#2695 = CARTESIAN_POINT('',(40.466187038332,-42.66202159611,
    0.294856863266));
#2696 = CARTESIAN_POINT('',(40.07173426,-42.9854090477,0.60451940141));
#2697 = CARTESIAN_POINT('',(39.678076522514,-43.30669574692,
    0.917565642961));
#2698 = CARTESIAN_POINT('',(39.285256424787,-43.6258485452,1.23400869512
    ));
#2699 = CARTESIAN_POINT('',(38.488360022874,-44.26010908768,
    1.885465223215));
#2700 = CARTESIAN_POINT('',(38.079219098668,-44.58894631352,
    2.223931103738));
#2701 = CARTESIAN_POINT('',(37.671091868353,-44.91536389411,
    2.566149600627));
#2702 = CARTESIAN_POINT('',(37.264027553742,-45.23931742858,
    2.912135393084));
#2703 = CARTESIAN_POINT('',(36.858075796072,-45.56075933115,
    3.261902836968));
#2704 = CARTESIAN_POINT('',(36.03448925911,-46.19919830384,
    3.982703477937));
#2705 = CARTESIAN_POINT('',(35.611819389976,-46.52988187356,
    4.357233858054));
#2706 = CARTESIAN_POINT('',(35.190484039522,-46.85769306375,
    4.735948620837));
#2707 = CARTESIAN_POINT('',(34.770541866908,-47.1825696841,
    5.118863132574));
#2708 = CARTESIAN_POINT('',(34.352052563392,-47.50444575825,
    5.505991948889));
#2709 = CARTESIAN_POINT('',(33.495706815351,-48.14850931908,
    6.311546690229));
#2710 = CARTESIAN_POINT('',(33.052910401192,-48.48421040361,
    6.733681562966));
#2711 = CARTESIAN_POINT('',(32.611910728876,-48.81633200493,
    7.160645523153));
#2712 = CARTESIAN_POINT('',(32.172783468574,-49.14478446693,
    7.592453529062));
#2713 = CARTESIAN_POINT('',(31.735606205447,-49.4694731777,8.02911874577
    ));
#2714 = CARTESIAN_POINT('',(30.837161927384,-50.12095055378,
    8.943011102142));
#2715 = CARTESIAN_POINT('',(30.371072234778,-50.46105571778,
    9.424145784659));
#2716 = CARTESIAN_POINT('',(29.907438196628,-50.79655144551,
    9.910946273707));
#2717 = CARTESIAN_POINT('',(29.446362508462,-51.12730638796,
    10.403423091882));
#2718 = CARTESIAN_POINT('',(28.9879510904,-51.45318239096,
    10.901582942118));
#2719 = CARTESIAN_POINT('',(28.03015608502,-52.11614973798,
    11.963579539141));
#2720 = CARTESIAN_POINT('',(27.526296197359,-52.46596043492,
    12.531919483707));
#2721 = CARTESIAN_POINT('',(27.026033670271,-52.80932801167,
    13.10732764463));
#2722 = CARTESIAN_POINT('',(26.52952569861,-53.14604082142,
    13.689799682924));
#2723 = CARTESIAN_POINT('',(26.03693514818,-53.47587668779,
    14.279322233446));
#2724 = CARTESIAN_POINT('',(25.005402566667,-54.14551301561,
    15.542556863855));
#2725 = CARTESIAN_POINT('',(24.462382875096,-54.49738751891,
    16.22123488865));
#2726 = CARTESIAN_POINT('',(23.924758078257,-54.83995999789,
    16.908748402003));
#2727 = CARTESIAN_POINT('',(23.392777027958,-55.17288397201,
    17.605045240879));
#2728 = CARTESIAN_POINT('',(22.866697625611,-55.49579734233,
    18.310051688914));
#2729 = CARTESIAN_POINT('',(21.409269624945,-56.35213073407,
    20.317660256314));
#2730 = CARTESIAN_POINT('',(20.4870641083,-56.87542165614,
    21.643334745957));
#2731 = CARTESIAN_POINT('',(19.58691367045,-57.3619914458,
    22.996984390578));
#2732 = CARTESIAN_POINT('',(18.710531746558,-57.80940306971,
    24.377708815597));
#2733 = CARTESIAN_POINT('',(17.85968978489,-58.2151094769,
    25.784234915586));
#2734 = CARTESIAN_POINT('',(16.080161390252,-58.9824804449,
    28.882273554388));
#2735 = CARTESIAN_POINT('',(15.156254827055,-59.34195754676,
    30.585714142548));
#2736 = CARTESIAN_POINT('',(14.27242194827,-59.63695208126,
    32.319178987398));
#2737 = CARTESIAN_POINT('',(13.431452911211,-59.86339291549,
    34.078962435651));
#2738 = CARTESIAN_POINT('',(12.635867204901,-60.01745689156,
    35.860390072148));
#2739 = CARTESIAN_POINT('',(11.887653917349,-60.09603799021,
    37.657664771175));
#2740 = CARTESIAN_POINT('',(43.715912050553,-39.65550623358,
    -1.610125390677));
#2741 = CARTESIAN_POINT('',(43.326881958712,-39.98229107431,
    -1.335239276355));
#2742 = CARTESIAN_POINT('',(42.938367195093,-40.30721443668,
    -1.057201698361));
#2743 = CARTESIAN_POINT('',(42.550408798365,-40.63025911069,
    -0.776000875926));
#2744 = CARTESIAN_POINT('',(42.16304723199,-40.95140516257,
    -0.491624910101));
#2745 = CARTESIAN_POINT('',(41.776322384227,-41.27062993484,
    -0.204061783753));
#2746 = CARTESIAN_POINT('',(40.994015343315,-41.90324870099,
    0.385815665387));
#2747 = CARTESIAN_POINT('',(40.594829202877,-42.22946891489,
    0.690478279673));
#2748 = CARTESIAN_POINT('',(40.196412909907,-42.553570587,0.998589827714
    ));
#2749 = CARTESIAN_POINT('',(39.798810147105,-42.87552265204,
    1.310163769939));
#2750 = CARTESIAN_POINT('',(39.402064504057,-43.19529119053,
    1.625213518366));
#2751 = CARTESIAN_POINT('',(38.595608936307,-43.8317224931,
    2.275040376072));
#2752 = CARTESIAN_POINT('',(38.182331738945,-44.16114170547,
    2.612265013029));
#2753 = CARTESIAN_POINT('',(37.770091809751,-44.48808500175,2.9533295365
    ));
#2754 = CARTESIAN_POINT('',(37.358939515229,-44.81250694851,
    3.298248967063));
#2755 = CARTESIAN_POINT('',(36.948925651067,-45.13435885334,
    3.647037994436));
#2756 = CARTESIAN_POINT('',(36.115508485593,-45.77453004119,
    4.367076709981));
#2757 = CARTESIAN_POINT('',(35.688568128548,-46.10556179084,
    4.740819745636));
#2758 = CARTESIAN_POINT('',(35.262993325501,-46.43365436146,
    5.118844475182));
#2759 = CARTESIAN_POINT('',(34.838844099778,-46.75874411641,
    5.501166622263));
#2760 = CARTESIAN_POINT('',(34.416181530807,-47.08076354502,
    5.887801081004));
#2761 = CARTESIAN_POINT('',(33.549687500145,-47.72600875823,
    6.693617490003));
#2762 = CARTESIAN_POINT('',(33.102416315025,-48.06177008674,
    7.115509477184));
#2763 = CARTESIAN_POINT('',(32.656983656443,-48.39386868825,
    7.542342856173));
#2764 = CARTESIAN_POINT('',(32.21346695434,-48.72221282162,
    7.974132933111));
#2765 = CARTESIAN_POINT('',(31.771945598184,-49.04670567466,
    8.41089317924));
#2766 = CARTESIAN_POINT('',(30.862963612182,-49.69863267816,
    9.326309071227));
#2767 = CARTESIAN_POINT('',(30.392183278593,-50.03840068971,
    9.807877967643));
#2768 = CARTESIAN_POINT('',(29.923915707703,-50.37345206878,
    10.295244433533));
#2769 = CARTESIAN_POINT('',(29.458265983309,-50.70365241175,
    10.788419236203));
#2770 = CARTESIAN_POINT('',(28.995342488788,-51.02886035158,
    11.287409234472));
#2771 = CARTESIAN_POINT('',(28.026475328426,-51.69124710658,
    12.352569594261));
#2772 = CARTESIAN_POINT('',(27.517566391454,-52.04014874995,
    12.922262713704));
#2773 = CARTESIAN_POINT('',(27.012338474604,-52.38245743312,
    13.499188426629));
#2774 = CARTESIAN_POINT('',(26.510952428423,-52.71795658727,
    14.083342293143));
#2775 = CARTESIAN_POINT('',(26.013574906292,-53.04641886912,
    14.674710637285));
#2776 = CARTESIAN_POINT('',(24.970399176985,-53.71387509974,
    15.943349238482));
#2777 = CARTESIAN_POINT('',(24.422043609227,-54.06393155839,
    16.624615762149));
#2778 = CARTESIAN_POINT('',(23.87920839887,-54.40446966657,
    17.314923250852));
#2779 = CARTESIAN_POINT('',(23.342148184972,-54.73513488605,
    18.014218328462));
#2780 = CARTESIAN_POINT('',(22.811126866652,-55.05555669699,
    18.722425564282));
#2781 = CARTESIAN_POINT('',(21.337437598745,-55.90594261279,
    20.741473423505));
#2782 = CARTESIAN_POINT('',(20.405740489858,-56.42424973421,
    22.074837818551));
#2783 = CARTESIAN_POINT('',(19.496611368575,-56.90498174339,
    23.436827953575));
#2784 = CARTESIAN_POINT('',(18.611803517389,-57.3456449318,
    24.826522515054));
#2785 = CARTESIAN_POINT('',(17.753129581037,-57.74363301473,
    26.242618790455));
#2786 = CARTESIAN_POINT('',(15.956249927801,-58.49316916426,
    29.363803129459));
#2787 = CARTESIAN_POINT('',(15.024550369675,-58.84118657712,
    31.08001147352));
#2788 = CARTESIAN_POINT('',(14.133856442109,-59.12322182804,
    32.826942312797));
#2789 = CARTESIAN_POINT('',(13.287023189798,-59.33510910658,
    34.600803816024));
#2790 = CARTESIAN_POINT('',(12.486628694533,-59.47293634421,
    36.396812860708));
#2791 = CARTESIAN_POINT('',(11.734708302183,-59.53352528867,
    38.20903750426));
#2792 = CARTESIAN_POINT('',(43.87707255459,-39.21527407827,
    -1.200995616241));
#2793 = CARTESIAN_POINT('',(43.484259802757,-39.54301030996,
    -0.928141369776));
#2794 = CARTESIAN_POINT('',(43.091974091153,-39.86884275696,
    -0.652064035464));
#2795 = CARTESIAN_POINT('',(42.700257391141,-40.19275381813,
    -0.372751564792));
#2796 = CARTESIAN_POINT('',(42.309151085808,-40.51472310669,
    -9.019178838106E-02));
#2797 = CARTESIAN_POINT('',(41.918695969965,-40.83472745018,
    0.19562758402));
#2798 = CARTESIAN_POINT('',(41.127181135957,-41.4698596044,
    0.783139036527));
#2799 = CARTESIAN_POINT('',(40.724104420502,-41.79682984646,
    1.08618437248));
#2800 = CARTESIAN_POINT('',(40.321815049048,-42.12163339807,
    1.392757027046));
#2801 = CARTESIAN_POINT('',(39.920357697086,-42.44423848789,
    1.702870766574));
#2802 = CARTESIAN_POINT('',(39.519776944871,-42.76461042556,
    2.016539307899));
#2803 = CARTESIAN_POINT('',(38.703852647438,-43.4032001472,
    2.664748591844));
#2804 = CARTESIAN_POINT('',(38.286529613075,-43.73318900505,
    3.000744081863));
#2805 = CARTESIAN_POINT('',(37.870267421155,-44.060645676,3.340666728544
    ));
#2806 = CARTESIAN_POINT('',(37.455117582878,-44.38552369403,
    3.684531893844));
#2807 = CARTESIAN_POINT('',(37.041132048378,-44.70777326009,
    4.032354601334));
#2808 = CARTESIAN_POINT('',(36.197974690546,-45.34966432205,
    4.751643488082));
#2809 = CARTESIAN_POINT('',(35.766854281744,-45.68103191062,
    5.124611275905));
#2810 = CARTESIAN_POINT('',(35.337130462258,-46.00939352063,
    5.501958068842));
#2811 = CARTESIAN_POINT('',(34.908864619581,-46.33468406916,
    5.883699947895));
#2812 = CARTESIAN_POINT('',(34.48211922131,-46.65683451121,
    6.269852145691));
#2813 = CARTESIAN_POINT('',(33.605567344181,-47.30324903576,
    7.075942318977));
#2814 = CARTESIAN_POINT('',(33.153911824255,-47.63905826722,
    7.497603517231));
#2815 = CARTESIAN_POINT('',(32.704136615561,-47.97112152789,
    7.924318411652));
#2816 = CARTESIAN_POINT('',(32.256320907811,-48.29934499159,
    8.356102656247));
#2817 = CARTESIAN_POINT('',(31.81054589478,-48.62362964587,
    8.792970028424));
#2818 = CARTESIAN_POINT('',(30.891116636994,-49.27599393578,
    9.709921552656));
#2819 = CARTESIAN_POINT('',(30.415736098577,-49.61541245383,
    10.191936759599));
#2820 = CARTESIAN_POINT('',(29.942925431101,-49.95000714322,
    10.679881298959));
#2821 = CARTESIAN_POINT('',(29.472792106633,-50.27964054569,
    11.173766182755));
#2822 = CARTESIAN_POINT('',(29.005446971807,-50.60416808131,
    11.673598425684));
#2823 = CARTESIAN_POINT('',(28.025598092617,-51.26596190326,
    12.741934644868));
#2824 = CARTESIAN_POINT('',(27.51173054249,-51.61394215202,
    13.312993035817));
#2825 = CARTESIAN_POINT('',(27.001627672031,-51.95517960059,
    13.891448397372));
#2826 = CARTESIAN_POINT('',(26.495453987485,-52.28945275811,
    14.477296188735));
#2827 = CARTESIAN_POINT('',(25.993379929807,-52.61652911441,
    15.070522423127));
#2828 = CARTESIAN_POINT('',(24.938651488861,-53.2817929068,
    16.34457709174));
#2829 = CARTESIAN_POINT('',(24.38505048107,-53.63001897976,
    17.028444210907));
#2830 = CARTESIAN_POINT('',(23.837095293349,-53.96851037611,
    17.721557771588));
#2831 = CARTESIAN_POINT('',(23.295046352007,-54.29690449992,
    18.423863184561));
#2832 = CARTESIAN_POINT('',(22.759173553869,-54.61482241046,
    19.135283304794));
#2833 = CARTESIAN_POINT('',(21.269313454875,-55.4592485093,
    21.16578255247));
#2834 = CARTESIAN_POINT('',(20.3282151899,-55.97255948902,
    22.506848949548));
#2835 = CARTESIAN_POINT('',(19.410197821338,-56.4474413767,
    23.877191671604));
#2836 = CARTESIAN_POINT('',(18.517054479013,-56.88134378859,
    25.27586846617));
#2837 = CARTESIAN_POINT('',(17.65063900413,-57.27160120624,
    26.701547013612));
#2838 = CARTESIAN_POINT('',(15.836498528452,-58.00329019626,
    29.845889149446));
#2839 = CARTESIAN_POINT('',(14.89709641155,-58.33983557909,
    31.574877346037));
#2840 = CARTESIAN_POINT('',(13.999631871358,-58.60889920538,
    33.335286276371));
#2841 = CARTESIAN_POINT('',(13.14702483995,-58.80622058721,
    35.123237931198));
#2842 = CARTESIAN_POINT('',(12.341911991883,-58.92779874538,
    36.933840480699));
#2843 = CARTESIAN_POINT('',(11.586374930889,-58.97038319462,
    38.761027165405));
#2844 = CARTESIAN_POINT('',(44.198882011241,-38.33620714094,
    -0.384034716309));
#2845 = CARTESIAN_POINT('',(43.796417450691,-38.66246899622,
    -0.110397100312));
#2846 = CARTESIAN_POINT('',(43.394491642374,-38.98678476048,
    0.166535227705));
#2847 = CARTESIAN_POINT('',(42.993147490351,-39.30913644146,0.446774584)
  );
#2848 = CARTESIAN_POINT('',(42.592427297334,-39.62950319931,
    0.730333408386));
#2849 = CARTESIAN_POINT('',(42.192372764684,-39.94786134665,
    1.017224264228));
#2850 = CARTESIAN_POINT('',(41.385780988853,-40.58308112156,
    1.605184957489));
#2851 = CARTESIAN_POINT('',(40.972944549654,-40.90837562442,
    1.909428252496));
#2852 = CARTESIAN_POINT('',(40.560912950991,-41.23145528815,
    2.217277250975));
#2853 = CARTESIAN_POINT('',(40.14973186114,-41.55228763538,
    2.528746025193));
#2854 = CARTESIAN_POINT('',(39.739446851032,-41.87083720486,
    2.843848596803));
#2855 = CARTESIAN_POINT('',(38.908184675189,-42.5091595782,
    3.493255544374));
#2856 = CARTESIAN_POINT('',(38.480946655097,-42.83729231417,
    3.830837124844));
#2857 = CARTESIAN_POINT('',(38.054793051726,-43.16283659241,
    4.172433132123));
#2858 = CARTESIAN_POINT('',(37.629776520967,-43.48574491435,
    4.518059269545));
#2859 = CARTESIAN_POINT('',(37.205950167401,-43.80596637425,
    4.86773089454));
#2860 = CARTESIAN_POINT('',(36.347183468485,-44.44715154297,
    5.58908518988));
#2861 = CARTESIAN_POINT('',(35.9060138592,-44.77642920308,5.964092967257
    ));
#2862 = CARTESIAN_POINT('',(35.466271874548,-45.1026340851,
    6.343577060973));
#2863 = CARTESIAN_POINT('',(35.02802026619,-45.42569965984,
    6.727553909385));
#2864 = CARTESIAN_POINT('',(34.591322889892,-45.74555534795,
    7.116039083625));
#2865 = CARTESIAN_POINT('',(33.698844017569,-46.39071341647,
    7.925218258585));
#2866 = CARTESIAN_POINT('',(33.23693501411,-46.72414478352,
    8.349463905298));
#2867 = CARTESIAN_POINT('',(32.776948106577,-47.05374693597,
    8.778875552539));
#2868 = CARTESIAN_POINT('',(32.318964244454,-47.37942396265,
    9.213469202179));
#2869 = CARTESIAN_POINT('',(31.863066425821,-47.70107465079,
    9.653258937792));
#2870 = CARTESIAN_POINT('',(30.927320747524,-48.35145045973,
    10.574561331655));
#2871 = CARTESIAN_POINT('',(30.441470855551,-48.68809371692,
    11.059838086514));
#2872 = CARTESIAN_POINT('',(29.958247942763,-49.01980594926,
    11.551175936732));
#2873 = CARTESIAN_POINT('',(29.477761869494,-49.34644664385,
    12.048586139039));
#2874 = CARTESIAN_POINT('',(29.000125945637,-49.66786800789,
    12.552075864016));
#2875 = CARTESIAN_POINT('',(28.003426198892,-50.32664312942,
    13.626403179982));
#2876 = CARTESIAN_POINT('',(27.478730886882,-50.67127621621,
    14.201642079825));
#2877 = CARTESIAN_POINT('',(26.957883914088,-51.0090166628,
    14.784442327398));
#2878 = CARTESIAN_POINT('',(26.44105344245,-51.33963805632,
    15.374799280997));
#2879 = CARTESIAN_POINT('',(25.928413700499,-51.6629027197,
    15.972698643025));
#2880 = CARTESIAN_POINT('',(24.856263399186,-52.32354830649,
    17.254984616442));
#2881 = CARTESIAN_POINT('',(24.291547802636,-52.6675182264,
    17.944267568497));
#2882 = CARTESIAN_POINT('',(23.732603488824,-53.00153714354,
    18.643002438544));
#2883 = CARTESIAN_POINT('',(23.179696671311,-53.32523440432,
    19.351133424267));
#2884 = CARTESIAN_POINT('',(22.633103244629,-53.63822264708,
    20.0685816663));
#2885 = CARTESIAN_POINT('',(21.12120316582,-54.47426316157,
    22.113347539816));
#2886 = CARTESIAN_POINT('',(20.164834596031,-54.98015223224,
    23.464931176314));
#2887 = CARTESIAN_POINT('',(19.232059831464,-55.44675823104,
    24.846441722789));
#2888 = CARTESIAN_POINT('',(18.324711849272,-55.87147409903,
    26.256915987831));
#2889 = CARTESIAN_POINT('',(17.444685687132,-56.25157508402,
    27.6949920447));
#2890 = CARTESIAN_POINT('',(15.607415240285,-56.96299114717,
    30.865307214753));
#2891 = CARTESIAN_POINT('',(14.65444141588,-57.28563873261,
    32.60989050126));
#2892 = CARTESIAN_POINT('',(13.744337114336,-57.53930496691,
    34.386592760039));
#2893 = CARTESIAN_POINT('',(12.880087155103,-57.71963468465,
    36.191449803855));
#2894 = CARTESIAN_POINT('',(12.064386805508,-57.82253799598,
    38.019461095558));
#2895 = CARTESIAN_POINT('',(11.299363927143,-57.84469218263,
    39.864425058807));
#2896 = CARTESIAN_POINT('',(44.359530963856,-37.89737235893,
    2.37964091884E-02));
#2897 = CARTESIAN_POINT('',(43.953482530302,-38.22456991103,
    0.295416147507));
#2898 = CARTESIAN_POINT('',(43.547984560986,-38.54977906578,
    0.57040222202));
#2899 = CARTESIAN_POINT('',(43.143080892666,-38.87298143978,
    0.848767216731));
#2900 = CARTESIAN_POINT('',(42.738814747679,-39.19415574016,
    1.130523841882));
#2901 = CARTESIAN_POINT('',(42.335228733936,-39.51327776459,
    1.415684933955));
#2902 = CARTESIAN_POINT('',(41.519627951995,-40.15099523343,
    2.001293620762));
#2903 = CARTESIAN_POINT('',(41.103099724767,-40.47702407031,
    2.303933627616));
#2904 = CARTESIAN_POINT('',(40.687393834607,-40.8007899194,
    2.610257722799));
#2905 = CARTESIAN_POINT('',(40.272556942583,-41.12225959728,
    2.920280284497));
#2906 = CARTESIAN_POINT('',(39.858635610295,-41.4413968718,
    3.234015639184));
#2907 = CARTESIAN_POINT('',(39.018103491756,-42.08186197007,
    3.881819003174));
#2908 = CARTESIAN_POINT('',(38.58701842165,-42.41054865739,
    4.218185426884));
#2909 = CARTESIAN_POINT('',(38.15704134254,-42.73659061616,
    4.558653547553));
#2910 = CARTESIAN_POINT('',(37.728226055012,-43.05993931522,
    4.903239409889));
#2911 = CARTESIAN_POINT('',(37.300626818096,-43.38054274221,
    5.25195870518));
#2912 = CARTESIAN_POINT('',(36.432318713809,-44.02343209091,
    5.972577161903));
#2913 = CARTESIAN_POINT('',(35.987167839754,-44.3530298958,
    6.346823681625));
#2914 = CARTESIAN_POINT('',(35.54347562565,-44.67948812307,
    6.725643828912));
#2915 = CARTESIAN_POINT('',(35.101306187325,-45.00273879725,
    7.109054399475));
#2916 = CARTESIAN_POINT('',(34.660724768713,-45.32270980466,
    7.497071302948));
#2917 = CARTESIAN_POINT('',(33.75838683691,-45.96902149038,
    8.306538232375));
#2918 = CARTESIAN_POINT('',(33.292292285633,-46.30248506625,
    8.730567080339));
#2919 = CARTESIAN_POINT('',(32.828161614975,-46.63203618372,
    9.15987423319));
#2920 = CARTESIAN_POINT('',(32.366077534192,-46.95757684659,
    9.594476040667));
#2921 = CARTESIAN_POINT('',(31.906124845671,-47.27900364183,
    10.034386892507));
#2922 = CARTESIAN_POINT('',(30.960130682577,-47.92980104304,
    10.957238908793));
#2923 = CARTESIAN_POINT('',(30.469879372762,-48.2660791126,
    11.442975964358));
#2924 = CARTESIAN_POINT('',(29.982312150376,-48.59731896111,
    11.934905878225));
#2925 = CARTESIAN_POINT('',(29.497541264019,-48.92337702107,
    12.433040151835));
#2926 = CARTESIAN_POINT('',(29.015682486845,-49.24410228675,
    12.937386111652));
#2927 = CARTESIAN_POINT('',(28.008199808259,-49.9022687811,
    14.014903277191));
#2928 = CARTESIAN_POINT('',(27.47874467008,-50.24596477915,
    14.591521438719));
#2929 = CARTESIAN_POINT('',(26.953221530665,-50.58261829699,
    15.175865325102));
#2930 = CARTESIAN_POINT('',(26.431802207648,-50.91199799974,
    15.767930193729));
#2931 = CARTESIAN_POINT('',(25.914664717138,-51.23386104344,
    16.367701436184));
#2932 = CARTESIAN_POINT('',(24.831160491172,-51.89229849786,
    17.655417467196));
#2933 = CARTESIAN_POINT('',(24.261398241577,-52.23442233794,
    18.347315004931));
#2934 = CARTESIAN_POINT('',(23.697532737388,-52.56637884911,
    19.048869937135));
#2935 = CARTESIAN_POINT('',(23.139835979417,-52.88778932008,
    19.760025248399));
#2936 = CARTESIAN_POINT('',(22.588589859904,-53.1982579683,
    20.480700365024));
#2937 = CARTESIAN_POINT('',(21.060717736996,-54.02832297168,
    22.536931617171));
#2938 = CARTESIAN_POINT('',(20.095146798106,-54.52920020654,
    23.89623124588));
#2939 = CARTESIAN_POINT('',(19.153682573247,-54.98994038968,
    25.286108369566));
#2940 = CARTESIAN_POINT('',(18.238197886902,-55.40787978701,
    26.705578857874));
#2941 = CARTESIAN_POINT('',(17.350628973219,-55.78023441258,
    28.153251176962));
#2942 = CARTESIAN_POINT('',(15.496296490916,-56.47378762209,
    31.346738134025));
#2943 = CARTESIAN_POINT('',(14.535818894723,-56.78494748335,
    33.10411526324));
#2944 = CARTESIAN_POINT('',(13.61914276754,-57.0256263989,
    34.894309603254));
#2945 = CARTESIAN_POINT('',(12.749317816196,-57.19137452578,
    36.71327078885));
#2946 = CARTESIAN_POINT('',(11.929097900787,-57.27801306351,
    38.555889575549));
#2947 = CARTESIAN_POINT('',(11.160657140765,-57.2821470608,
    40.41582957013));
#2948 = CARTESIAN_POINT('',(44.520179916471,-37.45853757691,
    0.431627534685));
#2949 = CARTESIAN_POINT('',(44.110636986859,-37.78665977993,
    0.701240222474));
#2950 = CARTESIAN_POINT('',(43.701656233491,-38.11275127928,
    0.974290870632));
#2951 = CARTESIAN_POINT('',(43.293282425821,-38.43679330041,
    1.250792330906));
#2952 = CARTESIAN_POINT('',(42.885559705809,-38.75876409742,
    1.53075758397));
#2953 = CARTESIAN_POINT('',(42.478531587919,-39.07863895302,
    1.814199739423));
#2954 = CARTESIAN_POINT('',(41.654011176815,-39.71884306989,
    2.397467246924));
#2955 = CARTESIAN_POINT('',(41.233880538504,-40.04559519491,
    2.698514792771));
#2956 = CARTESIAN_POINT('',(40.814589733795,-40.37003618344,
    3.003324811807));
#2957 = CARTESIAN_POINT('',(40.396186416542,-40.69213214607,
    3.311911988134));
#2958 = CARTESIAN_POINT('',(39.978718139021,-41.01184607974,
    3.624290953045));
#2959 = CARTESIAN_POINT('',(39.129005454733,-41.65444285704,4.2705015606
    ));
#2960 = CARTESIAN_POINT('',(38.694162711558,-41.9836724498,4.6056636547)
  );
#2961 = CARTESIAN_POINT('',(38.260451533656,-42.3102010432,
    4.945014715906));
#2962 = CARTESIAN_POINT('',(37.827926866306,-42.63397907349,
    5.288571130304));
#2963 = CARTESIAN_POINT('',(37.396644122985,-42.95495342167,
    5.63634892304));
#2964 = CARTESIAN_POINT('',(36.518883990274,-43.59953590445,
    6.356242368293));
#2965 = CARTESIAN_POINT('',(36.069841228395,-43.92944280821,
    6.729738457509));
#2966 = CARTESIAN_POINT('',(35.622288161786,-44.25614333484,
    7.107905485515));
#2967 = CARTESIAN_POINT('',(35.176290270441,-44.57956806256,
    7.490760605376));
#2968 = CARTESIAN_POINT('',(34.731914186461,-44.89964334336,
    7.878320065232));
#2969 = CARTESIAN_POINT('',(33.819806572125,-45.54709760039,
    8.688085576272));
#2970 = CARTESIAN_POINT('',(33.349615849974,-45.88058233916,
    9.111908452635));
#2971 = CARTESIAN_POINT('',(32.881430793138,-46.21007137575,
    9.541121938244));
#2972 = CARTESIAN_POINT('',(32.415335870642,-46.53546462892,
    9.975742730706));
#2973 = CARTESIAN_POINT('',(31.95141768918,-46.85665648536,
    10.415785525921));
#2974 = CARTESIAN_POINT('',(30.995264418234,-47.50786443293,
    11.340197991778));
#2975 = CARTESIAN_POINT('',(30.500701067524,-47.84376626897,
    11.826406175197));
#2976 = CARTESIAN_POINT('',(30.008878912486,-48.17452268776,
    12.318938979861));
#2977 = CARTESIAN_POINT('',(29.519912589988,-48.49998706717,
    12.817808151923));
#2978 = CARTESIAN_POINT('',(29.033920336443,-48.82000518861,
    13.323021173727));
#2979 = CARTESIAN_POINT('',(28.015744102963,-49.47755200986,
    14.403739015988));
#2980 = CARTESIAN_POINT('',(27.48161851556,-49.82029987327,
    14.981747266349));
#2981 = CARTESIAN_POINT('',(26.951508586471,-50.15585541647,
    15.567645618689));
#2982 = CARTESIAN_POINT('',(26.425589789022,-50.48398238255,
    16.161429229491));
#2983 = CARTESIAN_POINT('',(25.904043926899,-50.80443276067,
    16.763083179522));
#2984 = CARTESIAN_POINT('',(24.809275153226,-51.46065103681,
    18.056240095277));
#2985 = CARTESIAN_POINT('',(24.234555627532,-51.80091775117,
    18.750763045839));
#2986 = CARTESIAN_POINT('',(23.665858309912,-52.13080081047,
    19.455148867348));
#2987 = CARTESIAN_POINT('',(23.10346098843,-52.44991344574,
    20.169339331302));
#2988 = CARTESIAN_POINT('',(22.547651553033,-52.75785145351,
    20.893252149666));
#2989 = CARTESIAN_POINT('',(21.003896762971,-53.58192989989,
    22.960959607592));
#2990 = CARTESIAN_POINT('',(20.029212831927,-54.07778425301,
    24.32798605566));
#2991 = CARTESIAN_POINT('',(19.079148523723,-54.53264757462,
    25.726240583705));
#2992 = CARTESIAN_POINT('',(18.15561651017,-54.94379945538,
    27.154718122427));
#2993 = CARTESIAN_POINT('',(17.260594221891,-55.30839667562,
    28.611997530883));
#2994 = CARTESIAN_POINT('',(15.389289081078,-55.98407598558,
    31.828667102103));
#2995 = CARTESIAN_POINT('',(14.421397090044,-56.28373707679,
    33.598848901174));
#2996 = CARTESIAN_POINT('',(13.498238514167,-56.51141762767,
    35.402546149572));
#2997 = CARTESIAN_POINT('',(12.622927947659,-56.6625731178,
    37.235622304096));
#2998 = CARTESIAN_POINT('',(11.798277843383,-56.73293583602,
    39.092859412937));
#2999 = CARTESIAN_POINT('',(11.02650857865,-56.71903859806,
    40.967786265999));
#3000 = CARTESIAN_POINT('',(44.841496336684,-36.58081743665,
    1.247336788701));
#3001 = CARTESIAN_POINT('',(44.422856225875,-36.90740635917,
    1.517789240844));
#3002 = CARTESIAN_POINT('',(44.004790003314,-37.23192227169,
    1.791751277531));
#3003 = CARTESIAN_POINT('',(43.587343371155,-37.55434600854,
    2.069236018253));
#3004 = CARTESIAN_POINT('',(43.170561390979,-37.87465537075,
    2.350256714115));
#3005 = CARTESIAN_POINT('',(42.754488483802,-38.19282512612,
    2.634826747832));
#3006 = CARTESIAN_POINT('',(41.915445758396,-38.8330579596,
    3.218599890911));
#3007 = CARTESIAN_POINT('',(41.486110023862,-39.15807544132,
    3.520901790637));
#3008 = CARTESIAN_POINT('',(41.057631619463,-39.48073363789,
    3.827044548409));
#3009 = CARTESIAN_POINT('',(40.630059191843,-39.80099795384,
    4.13704315425));
#3010 = CARTESIAN_POINT('',(40.203441283949,-40.11883061523,
    4.45091254427));
#3011 = CARTESIAN_POINT('',(39.338945348772,-40.76110114014,
    5.098377210276));
#3012 = CARTESIAN_POINT('',(38.894742247389,-41.08841570693,
    5.435181789649));
#3013 = CARTESIAN_POINT('',(38.451694285555,-41.41297300354,
    5.776262606277));
#3014 = CARTESIAN_POINT('',(38.009857553244,-41.73472243365,
    6.121636387622));
#3015 = CARTESIAN_POINT('',(37.569288618379,-42.05360977159,
    6.471319492686));
#3016 = CARTESIAN_POINT('',(36.676473772104,-42.69742745703,
    7.193334741354));
#3017 = CARTESIAN_POINT('',(36.217936437262,-43.02518552825,
    7.568927214949));
#3018 = CARTESIAN_POINT('',(35.760919833008,-43.3496704228,
    7.949287938557));
#3019 = CARTESIAN_POINT('',(35.305490803502,-43.67081127265,
    8.334434422602));
#3020 = CARTESIAN_POINT('',(34.851717369015,-43.98853289542,
    8.724383253723));
#3021 = CARTESIAN_POINT('',(33.924237387006,-44.63467179233,
    9.537294161263));
#3022 = CARTESIAN_POINT('',(33.444347808843,-44.96571976261,
    9.963757880909));
#3023 = CARTESIAN_POINT('',(32.966505680688,-45.2926887869,
    10.395724514161));
#3024 = CARTESIAN_POINT('',(32.490797231339,-45.61547669894,
    10.833211106491));
#3025 = CARTESIAN_POINT('',(32.017310871796,-45.93397568516,
    11.276232659966));
#3026 = CARTESIAN_POINT('',(31.04539580786,-46.58313624768,
    12.205052390278));
#3027 = CARTESIAN_POINT('',(30.540917731115,-46.91620391876,
    12.694578516437));
#3028 = CARTESIAN_POINT('',(30.039237958285,-47.24401897641,
    13.190561026782));
#3029 = CARTESIAN_POINT('',(29.540473514507,-47.56643174387,
    13.69301191218));
#3030 = CARTESIAN_POINT('',(29.04474509945,-47.88328478963,
    14.201938810856));
#3031 = CARTESIAN_POINT('',(28.010272625937,-48.53775400638,
    15.288704144722));
#3032 = CARTESIAN_POINT('',(27.465873904171,-48.87709580373,
    15.870949298801));
#3033 = CARTESIAN_POINT('',(26.925574500268,-49.20909544086,
    16.461248931982));
#3034 = CARTESIAN_POINT('',(26.389553543247,-49.53351173885,
    17.059598099844));
#3035 = CARTESIAN_POINT('',(25.857996624372,-49.85009151997,
    17.665981572336));
#3036 = CARTESIAN_POINT('',(24.746360617853,-50.50163268642,
    18.967426187719));
#3037 = CARTESIAN_POINT('',(24.16108113092,-50.83758434363,
    19.667421365992));
#3038 = CARTESIAN_POINT('',(23.58194931473,-51.16293601964,
    20.377484891691));
#3039 = CARTESIAN_POINT('',(23.009248744597,-51.47729288779,
    21.097557323218));
#3040 = CARTESIAN_POINT('',(22.443273308176,-51.78024232369,
    21.827554658207));
#3041 = CARTESIAN_POINT('',(20.87803316582,-52.59587628164,
    23.909585136796));
#3042 = CARTESIAN_POINT('',(19.888633557482,-53.08424982163,
    25.287185219108));
#3043 = CARTESIAN_POINT('',(18.924366480793,-53.53077835026,
    26.696663966396));
#3044 = CARTESIAN_POINT('',(17.987184454895,-53.93268478304,
    28.136995370417));
#3045 = CARTESIAN_POINT('',(17.079106106879,-54.28706666654,
    29.606728683124));
#3046 = CARTESIAN_POINT('',(15.185225622418,-54.94241414554,
    32.849427683386));
#3047 = CARTESIAN_POINT('',(14.204316551402,-55.22811853526,
    34.635260967198));
#3048 = CARTESIAN_POINT('',(13.269072841693,-55.44034279007,
    36.455307938864));
#3049 = CARTESIAN_POINT('',(12.382673974881,-55.57444771202,
    38.305345877201));
#3050 = CARTESIAN_POINT('',(11.547990996597,-55.62607667932,
    40.180048123069));
#3051 = CARTESIAN_POINT('',(10.767290542014,-55.59169027468,
    42.072808649497));
#3052 = CARTESIAN_POINT('',(45.002163804282,-36.1419320784,
    1.655214917221));
#3053 = CARTESIAN_POINT('',(44.580206876262,-36.46942445695,
    1.923681144411));
#3054 = CARTESIAN_POINT('',(44.158835548496,-36.79480151917,
    2.195728580321));
#3055 = CARTESIAN_POINT('',(43.738096455833,-37.11804370824,
    2.471370612184));
#3056 = CARTESIAN_POINT('',(43.31803557948,-37.43912837219,
    2.750620761537));
#3057 = CARTESIAN_POINT('',(42.898698247004,-37.75802976384,
    3.033492684212));
#3058 = CARTESIAN_POINT('',(42.050913571281,-38.40072805045,
    3.614945473563));
#3059 = CARTESIAN_POINT('',(41.618153104511,-38.72644762541,
    3.915675737861));
#3060 = CARTESIAN_POINT('',(41.186267464409,-39.04975976653,
    4.220325245063));
#3061 = CARTESIAN_POINT('',(40.755306290409,-39.37062917233,
    4.528909291111));
#3062 = CARTESIAN_POINT('',(40.325319116128,-39.68901729797,
    4.841443116933));
#3063 = CARTESIAN_POINT('',(39.451820294048,-40.33339830701,
    5.487335852083));
#3064 = CARTESIAN_POINT('',(39.004037198444,-40.66123458435,
    5.822956927424));
#3065 = CARTESIAN_POINT('',(38.557432816665,-40.9862573207,
    6.162941510166));
#3066 = CARTESIAN_POINT('',(38.112064383379,-41.30841488713,
    6.507306669151));
#3067 = CARTESIAN_POINT('',(37.667989620956,-41.62765195137,
    6.856069097237));
#3068 = CARTESIAN_POINT('',(36.765900425104,-42.27314157599,
    7.577380160015));
#3069 = CARTESIAN_POINT('',(36.303648881285,-42.60118755118,
    7.952243028681));
#3070 = CARTESIAN_POINT('',(35.842949103373,-42.92589355019,
    8.331971458585));
#3071 = CARTESIAN_POINT('',(35.383869299693,-43.24718725868,
    8.716583317507));
#3072 = CARTESIAN_POINT('',(34.926478878686,-43.56499195995,
    9.106095530589));
#3073 = CARTESIAN_POINT('',(33.98940689299,-44.21225223327,
    9.919325845319));
#3074 = CARTESIAN_POINT('',(33.505598822801,-44.54330017156,
    10.345604418943));
#3075 = CARTESIAN_POINT('',(33.023879987315,-44.87018592007,
    10.777498210532));
#3076 = CARTESIAN_POINT('',(32.5443383751,-45.19280522752,
    11.215024613424));
#3077 = CARTESIAN_POINT('',(32.067064201462,-45.51104808004,
    11.658198935852));
#3078 = CARTESIAN_POINT('',(31.085167708522,-46.16059799402,
    12.588599941313));
#3079 = CARTESIAN_POINT('',(30.576555269729,-46.49326823668,
    13.078618020904));
#3080 = CARTESIAN_POINT('',(30.070798243093,-46.82057866971,
    13.575224247625));
#3081 = CARTESIAN_POINT('',(29.568016042021,-47.14237656173,
    14.078430857051));
#3082 = CARTESIAN_POINT('',(29.068331829441,-47.45850126834,
    14.588245643293));
#3083 = CARTESIAN_POINT('',(28.02334347988,-48.11232961711,
    15.678232479459));
#3084 = CARTESIAN_POINT('',(27.474451987739,-48.45070208492,
    16.261888547948));
#3085 = CARTESIAN_POINT('',(26.929743473007,-48.78158255251,
    16.853763472665));
#3086 = CARTESIAN_POINT('',(26.389400720401,-49.10472491893,
    17.45385220828));
#3087 = CARTESIAN_POINT('',(25.85361310876,-49.41987083957,
    18.062139213926));
#3088 = CARTESIAN_POINT('',(24.730890233381,-50.06917163285,
    19.36904553963));
#3089 = CARTESIAN_POINT('',(24.140831149197,-50.40324496945,
    20.071686956308));
#3090 = CARTESIAN_POINT('',(23.557045198423,-50.72650199869,
    20.78460219689));
#3091 = CARTESIAN_POINT('',(22.979821743626,-51.03853983623,
    21.507730606685));
#3092 = CARTESIAN_POINT('',(22.409460670167,-51.33893743679,
    22.240986468991));
#3093 = CARTESIAN_POINT('',(20.828515539505,-52.14856364284,
    24.334513978937));
#3094 = CARTESIAN_POINT('',(19.830180617859,-52.6318931062,
    25.719861706186));
#3095 = CARTESIAN_POINT('',(18.857491136673,-53.07252357839,
    27.13773868341));
#3096 = CARTESIAN_POINT('',(17.912439462414,-53.46762129972,
    28.587097963424));
#3097 = CARTESIAN_POINT('',(16.997085418649,-53.81422458299,
    30.066459191077));
#3098 = CARTESIAN_POINT('',(15.086409954525,-54.45167696755,
    33.332361631074));
#3099 = CARTESIAN_POINT('',(14.098264167514,-54.7258613923,
    35.13102041032));
#3100 = CARTESIAN_POINT('',(13.156715687959,-54.92506608756,
    36.964591115947));
#3101 = CARTESIAN_POINT('',(12.26500888483,-55.04455717786,
    38.82876484879));
#3102 = CARTESIAN_POINT('',(11.426073396525,-55.07988913075,
    40.718106242379));
#3103 = CARTESIAN_POINT('',(10.642222116079,-55.02745029596,
    42.625874452865));
#3104 = CARTESIAN_POINT('',(45.16283127188,-35.70304672016,2.06309304574
    ));
#3105 = CARTESIAN_POINT('',(44.737646484392,-36.03143268798,
    2.329582719321));
#3106 = CARTESIAN_POINT('',(44.313059009162,-36.35766103316,
    2.599725225794));
#3107 = CARTESIAN_POINT('',(43.889116413737,-36.68171180772,
    2.873534220141));
#3108 = CARTESIAN_POINT('',(43.465865598949,-37.00356190666,
    3.151023494327));
#3109 = CARTESIAN_POINT('',(43.043352798916,-37.32318506785,
    3.432206977302));
#3110 = CARTESIAN_POINT('',(42.186915130619,-37.96833894085,
    4.011349084266));
#3111 = CARTESIAN_POINT('',(41.750818889355,-38.2947507423,
    4.310517384478));
#3112 = CARTESIAN_POINT('',(41.315614971292,-38.61870696123,
    4.613683312452));
#3113 = CARTESIAN_POINT('',(40.881354008653,-38.94017159014,
    4.920862470049));
#3114 = CARTESIAN_POINT('',(40.448086525728,-39.25910531328,
    5.232070403016));
#3115 = CARTESIAN_POINT('',(39.565673774488,-39.90558693971,
    5.876400878652));
#3116 = CARTESIAN_POINT('',(39.114399642404,-40.23393506087,
    6.210848121302));
#3117 = CARTESIAN_POINT('',(38.664327798423,-40.5594133702,
    6.549746141502));
#3118 = CARTESIAN_POINT('',(38.215516621904,-40.88196920622,
    6.893112349469));
#3119 = CARTESIAN_POINT('',(37.768024989665,-41.20154613,7.240963771919)
  );
#3120 = CARTESIAN_POINT('',(36.856750401977,-41.84869782707,
    7.961580320147));
#3121 = CARTESIAN_POINT('',(36.390873606925,-42.1770218395,
    8.335723255226));
#3122 = CARTESIAN_POINT('',(35.926579613096,-42.50193907622,
    8.71482906277));
#3123 = CARTESIAN_POINT('',(35.463937992985,-42.8233757766,9.09891596791
    ));
#3124 = CARTESIAN_POINT('',(35.0030195432,-43.14125368964,9.488001234293
    ));
#3125 = CARTESIAN_POINT('',(34.056444511558,-43.78962547262,
    10.301560627558));
#3126 = CARTESIAN_POINT('',(33.568806907087,-44.12066351218,
    10.727663726501));
#3127 = CARTESIAN_POINT('',(33.083300322011,-44.44745611817,
    11.159494347768));
#3128 = CARTESIAN_POINT('',(32.600014504672,-44.76989695428,
    11.597070232565));
#3129 = CARTESIAN_POINT('',(32.119041474681,-45.08787380636,
    12.040406995288));
#3130 = CARTESIAN_POINT('',(31.127252510479,-45.73780320507,
    12.97239894724));
#3131 = CARTESIAN_POINT('',(30.61459466738,-46.07006615256,
    13.462918651605));
#3132 = CARTESIAN_POINT('',(30.104849344681,-46.39686209423,
    13.960158266043));
#3133 = CARTESIAN_POINT('',(29.598138344057,-46.71803524406,
    14.46413027084));
#3134 = CARTESIAN_POINT('',(29.094587291695,-47.03342174479,
    14.974842615989));
#3135 = CARTESIAN_POINT('',(28.039172023829,-47.68659935883,
    16.068060625796));
#3136 = CARTESIAN_POINT('',(27.485876719054,-48.02399263036,
    16.653137280038));
#3137 = CARTESIAN_POINT('',(26.936848051237,-48.35374406166,
    17.246597167633));
#3138 = CARTESIAN_POINT('',(26.392272460787,-48.67560262978,
    17.848435142343));
#3139 = CARTESIAN_POINT('',(25.852343114123,-48.98930482319,
    18.458635352485));
#3140 = CARTESIAN_POINT('',(24.718622327626,-49.63635537656,
    19.771013059852));
#3141 = CARTESIAN_POINT('',(24.123872603932,-49.96854052579,
    20.476310386277));
#3142 = CARTESIAN_POINT('',(23.535521476316,-50.28969304152,
    21.192087013085));
#3143 = CARTESIAN_POINT('',(22.953864094597,-50.59940198172,
    21.918281072489));
#3144 = CARTESIAN_POINT('',(22.379206341843,-50.89723788019,
    22.654805133455));
#3145 = CARTESIAN_POINT('',(20.782645180617,-51.70084646759,
    24.7598393461));
#3146 = CARTESIAN_POINT('',(19.775463903406,-52.1791219876,
    26.152944389628));
#3147 = CARTESIAN_POINT('',(18.794440975463,-52.6138445366,
    27.579229268131));
#3148 = CARTESIAN_POINT('',(17.841608610587,-53.00212367972,
    29.037626095479));
#3149 = CARTESIAN_POINT('',(16.919067828814,-53.34093849604,
    30.526624909418));
#3150 = CARTESIAN_POINT('',(14.991686342769,-53.96048591941,
    33.815740460493));
#3151 = CARTESIAN_POINT('',(13.996392797506,-54.22314051245,
    35.627234406515));
#3152 = CARTESIAN_POINT('',(13.048628505847,-54.40931578142,
    37.474338517446));
#3153 = CARTESIAN_POINT('',(12.151702724143,-54.51418317332,
    39.352657716136));
#3154 = CARTESIAN_POINT('',(11.308603683559,-54.53320824507,
    41.256647928789));
#3155 = CARTESIAN_POINT('',(10.521690534991,-54.46270711338,
    43.179433494676));
#3156 = CARTESIAN_POINT('',(45.323498739478,-35.26416136191,
    2.470971174259));
#3157 = CARTESIAN_POINT('',(44.895174853165,-35.59343162821,
    2.735493401043));
#3158 = CARTESIAN_POINT('',(44.467459991116,-35.92050196553,
    3.003740084895));
#3159 = CARTESIAN_POINT('',(44.040402653574,-36.24535203478,
    3.275725148539));
#3160 = CARTESIAN_POINT('',(43.614050660995,-36.56795827789,
    3.551462654372));
#3161 = CARTESIAN_POINT('',(43.188451154047,-36.88829391782,
    3.83096680446));
#3162 = CARTESIAN_POINT('',(42.323449253821,-37.5358940864,
    4.407807335851));
#3163 = CARTESIAN_POINT('',(41.884105998706,-37.86298882353,
    4.705422778791));
#3164 = CARTESIAN_POINT('',(41.445672563327,-38.18757982947,
    5.007114234351));
#3165 = CARTESIAN_POINT('',(41.008200572693,-38.50963039068,
    5.31289761031));
#3166 = CARTESIAN_POINT('',(40.571741541768,-38.82910042051,
    5.622788757236));
#3167 = CARTESIAN_POINT('',(39.680503622012,-39.47767337352,
    6.265566080171));
#3168 = CARTESIAN_POINT('',(39.225827214093,-39.80652404768,
    6.598848596943));
#3169 = CARTESIAN_POINT('',(38.772376668553,-40.13244863919,
    6.936669161414));
#3170 = CARTESIAN_POINT('',(38.320211509444,-40.455393454,7.279045525177
    ));
#3171 = CARTESIAN_POINT('',(37.869391768034,-40.77530094652,
    7.625995048805));
#3172 = CARTESIAN_POINT('',(36.949020549155,-41.42410542522,
    8.345926189297));
#3173 = CARTESIAN_POINT('',(36.479607263512,-41.75269818407,
    8.719358297604));
#3174 = CARTESIAN_POINT('',(36.011807814411,-42.07781736769,
    9.097850589599));
#3175 = CARTESIAN_POINT('',(35.545693138512,-42.39938776917,
    9.481421647772));
#3176 = CARTESIAN_POINT('',(35.081335420593,-42.71732960316,
    9.870089074271));
#3177 = CARTESIAN_POINT('',(34.125346103651,-43.36680360499,
    10.683986652883));
#3178 = CARTESIAN_POINT('',(33.63396772554,-43.69782245502,
    11.109923383959));
#3179 = CARTESIAN_POINT('',(33.144762151519,-44.02451262768,
    11.541699941717));
#3180 = CARTESIAN_POINT('',(32.657820889699,-44.34676570164,
    11.979334415233));
#3181 = CARTESIAN_POINT('',(32.173237764,-44.66446726247,12.422842725064
    ));
#3182 = CARTESIAN_POINT('',(31.17164508918,-45.3147668551,
    13.356434730321));
#3183 = CARTESIAN_POINT('',(30.655030602419,-45.64661321661,
    13.847465166274));
#3184 = CARTESIAN_POINT('',(30.141385744301,-45.97288537611,
    14.345347275242));
#3185 = CARTESIAN_POINT('',(29.630834704769,-46.29342449295,
    14.850093782224));
#3186 = CARTESIAN_POINT('',(29.123505573269,-46.60806349698,
    15.361712793095));
#3187 = CARTESIAN_POINT('',(28.057752147741,-47.26058108549,
    16.458171083357));
#3188 = CARTESIAN_POINT('',(27.500141790977,-47.59698586993,
    17.044677430165));
#3189 = CARTESIAN_POINT('',(26.946881730718,-47.92559897414,
    17.639731387451));
#3190 = CARTESIAN_POINT('',(26.39816206307,-48.24616445314,
    18.24332770807));
#3191 = CARTESIAN_POINT('',(25.854179742025,-48.55841362852,
    18.855450229522));
#3192 = CARTESIAN_POINT('',(24.709549805055,-49.20320465117,
    20.173308425365));
#3193 = CARTESIAN_POINT('',(24.110198202496,-49.53349232223,
    20.881270768351));
#3194 = CARTESIAN_POINT('',(23.517370658682,-49.85253103364,
    21.599917888197));
#3195 = CARTESIAN_POINT('',(22.931368110685,-50.15990178568,
    22.329186704024));
#3196 = CARTESIAN_POINT('',(22.35250243928,-50.45516669127,
    23.068988070464));
#3197 = CARTESIAN_POINT('',(20.740414008132,-51.25274836921,
    25.185538092621));
#3198 = CARTESIAN_POINT('',(19.724475136,-51.72596065505,26.586409559242
    ));
#3199 = CARTESIAN_POINT('',(18.735207521945,-52.15476599006,
    28.021111445837));
#3200 = CARTESIAN_POINT('',(17.774683227096,-52.53621726416,
    29.488554927333));
#3201 = CARTESIAN_POINT('',(16.845044467959,-52.86723432271,
    30.987200434374));
#3202 = CARTESIAN_POINT('',(14.901045720638,-53.46886749409,
    34.29953820334));
#3203 = CARTESIAN_POINT('',(13.898693177766,-53.71998296462,
    36.123876422951));
#3204 = CARTESIAN_POINT('',(12.944801834647,-53.89311951648,37.984523046
    ));
#3205 = CARTESIAN_POINT('',(12.042745835012,-53.98335391917,
    39.876996817351));
#3206 = CARTESIAN_POINT('',(11.195572002794,-53.98606281897,
    41.79564495588));
#3207 = CARTESIAN_POINT('',(10.405685746748,-53.89749009958,
    43.733456983982));
#3208 = ADVANCED_FACE('',(#3209,#3310),#3321,.F.);
#3209 = FACE_BOUND('',#3210,.F.);
#3210 = EDGE_LOOP('',(#3211,#3218,#3225,#3232,#3240,#3248,#3256,#3264,
    #3272,#3280,#3288,#3296,#3304,#3309));
#3211 = ORIENTED_EDGE('',*,*,#3212,.F.);
#3212 = EDGE_CURVE('',#3213,#22,#3215,.T.);
#3213 = VERTEX_POINT('',#3214);
#3214 = CARTESIAN_POINT('',(-21.43232006504,-83.01790673675,
    10.111752467343));
#3215 = B_SPLINE_CURVE_WITH_KNOTS('',1,(#3216,#3217),.UNSPECIFIED.,.F.,
  .F.,(2,2),(0.,72.101752374611),.PIECEWISE_BEZIER_KNOTS.);
#3216 = CARTESIAN_POINT('',(-21.43232006504,-83.01790673675,
    10.111752467343));
#3217 = CARTESIAN_POINT('',(21.432320065044,-83.01790673675,
    10.111752467343));
#3218 = ORIENTED_EDGE('',*,*,#3219,.T.);
#3219 = EDGE_CURVE('',#3213,#3220,#3222,.T.);
#3220 = VERTEX_POINT('',#3221);
#3221 = CARTESIAN_POINT('',(-36.0508761873,-60.59360939225,
    -21.0689525551));
#3222 = B_SPLINE_CURVE_WITH_KNOTS('',1,(#3223,#3224),.UNSPECIFIED.,.F.,
  .F.,(2,2),(0.,41.094861724927),.PIECEWISE_BEZIER_KNOTS.);
#3223 = CARTESIAN_POINT('',(-21.43232006504,-83.01790673675,
    10.111752467343));
#3224 = CARTESIAN_POINT('',(-36.0508761873,-60.59360939225,
    -21.0689525551));
#3225 = ORIENTED_EDGE('',*,*,#3226,.T.);
#3226 = EDGE_CURVE('',#3220,#3227,#3229,.T.);
#3227 = VERTEX_POINT('',#3228);
#3228 = CARTESIAN_POINT('',(-22.88908569836,-60.59360939225,
    -21.0689525551));
#3229 = B_SPLINE_CURVE_WITH_KNOTS('',1,(#3230,#3231),.UNSPECIFIED.,.F.,
  .F.,(2,2),(0.,72.101752374611),.PIECEWISE_BEZIER_KNOTS.);
#3230 = CARTESIAN_POINT('',(-36.0508761873,-60.59360939225,
    -21.0689525551));
#3231 = CARTESIAN_POINT('',(36.050876187305,-60.59360939225,
    -21.0689525551));
#3232 = ORIENTED_EDGE('',*,*,#3233,.F.);
#3233 = EDGE_CURVE('',#3234,#3227,#3236,.T.);
#3234 = VERTEX_POINT('',#3235);
#3235 = CARTESIAN_POINT('',(-16.09636140299,-76.50042253079,
    1.049272185682));
#3236 = LINE('',#3237,#3238);
#3237 = CARTESIAN_POINT('',(-16.09636140299,-76.50042253079,
    1.049272185682));
#3238 = VECTOR('',#3239,1.);
#3239 = DIRECTION('',(-0.2419218956,0.566518854599,-0.787737382516));
#3240 = ORIENTED_EDGE('',*,*,#3241,.F.);
#3241 = EDGE_CURVE('',#3242,#3234,#3244,.T.);
#3242 = VERTEX_POINT('',#3243);
#3243 = CARTESIAN_POINT('',(-6.09636140299,-76.50042253079,
    1.049272185683));
#3244 = LINE('',#3245,#3246);
#3245 = CARTESIAN_POINT('',(-6.09636140299,-76.50042253079,
    1.049272185683));
#3246 = VECTOR('',#3247,1.);
#3247 = DIRECTION('',(-1.,-2.5E-14,-1.8E-14));
#3248 = ORIENTED_EDGE('',*,*,#3249,.F.);
#3249 = EDGE_CURVE('',#3250,#3242,#3252,.T.);
#3250 = VERTEX_POINT('',#3251);
#3251 = CARTESIAN_POINT('',(-6.09636140299,-74.74883637228,
    -1.386286462625));
#3252 = LINE('',#3253,#3254);
#3253 = CARTESIAN_POINT('',(-6.09636140299,-74.74883637228,
    -1.386286462625));
#3254 = VECTOR('',#3255,1.);
#3255 = DIRECTION('',(-1.680056900789E-17,-0.583862052834,0.811852882769
    ));
#3256 = ORIENTED_EDGE('',*,*,#3257,.F.);
#3257 = EDGE_CURVE('',#3258,#3250,#3260,.T.);
#3258 = VERTEX_POINT('',#3259);
#3259 = CARTESIAN_POINT('',(-2.999999999998,-71.61755191371,
    -5.740298342871));
#3260 = LINE('',#3261,#3262);
#3261 = CARTESIAN_POINT('',(-2.999999999998,-71.61755191371,
    -5.740298342871));
#3262 = VECTOR('',#3263,1.);
#3263 = DIRECTION('',(-0.5,-0.50563937006,0.703085220614));
#3264 = ORIENTED_EDGE('',*,*,#3265,.F.);
#3265 = EDGE_CURVE('',#3266,#3258,#3268,.T.);
#3266 = VERTEX_POINT('',#3267);
#3267 = CARTESIAN_POINT('',(3.000000000002,-71.61755191371,
    -5.740298342871));
#3268 = LINE('',#3269,#3270);
#3269 = CARTESIAN_POINT('',(3.000000000002,-71.61755191371,
    -5.740298342871));
#3270 = VECTOR('',#3271,1.);
#3271 = DIRECTION('',(-1.,-2.5E-14,-1.8E-14));
#3272 = ORIENTED_EDGE('',*,*,#3273,.F.);
#3273 = EDGE_CURVE('',#3274,#3266,#3276,.T.);
#3274 = VERTEX_POINT('',#3275);
#3275 = CARTESIAN_POINT('',(6.096361402993,-74.74883637228,
    -1.386286462625));
#3276 = LINE('',#3277,#3278);
#3277 = CARTESIAN_POINT('',(6.096361402993,-74.74883637228,
    -1.386286462625));
#3278 = VECTOR('',#3279,1.);
#3279 = DIRECTION('',(-0.5,0.50563937006,-0.703085220614));
#3280 = ORIENTED_EDGE('',*,*,#3281,.F.);
#3281 = EDGE_CURVE('',#3282,#3274,#3284,.T.);
#3282 = VERTEX_POINT('',#3283);
#3283 = CARTESIAN_POINT('',(6.096361402993,-76.50042253061,
    1.049272185433));
#3284 = LINE('',#3285,#3286);
#3285 = CARTESIAN_POINT('',(6.096361402993,-76.50042253061,
    1.049272185433));
#3286 = VECTOR('',#3287,1.);
#3287 = DIRECTION('',(1.680056900789E-17,0.583862052834,-0.811852882769)
  );
#3288 = ORIENTED_EDGE('',*,*,#3289,.F.);
#3289 = EDGE_CURVE('',#3290,#3282,#3292,.T.);
#3290 = VERTEX_POINT('',#3291);
#3291 = CARTESIAN_POINT('',(16.096361402993,-76.50042253061,
    1.049272185434));
#3292 = LINE('',#3293,#3294);
#3293 = CARTESIAN_POINT('',(16.096361402993,-76.50042253061,
    1.049272185434));
#3294 = VECTOR('',#3295,1.);
#3295 = DIRECTION('',(-1.,-2.5E-14,-1.8E-14));
#3296 = ORIENTED_EDGE('',*,*,#3297,.F.);
#3297 = EDGE_CURVE('',#3298,#3290,#3300,.T.);
#3298 = VERTEX_POINT('',#3299);
#3299 = CARTESIAN_POINT('',(22.889085698363,-60.59360939225,
    -21.0689525551));
#3300 = LINE('',#3301,#3302);
#3301 = CARTESIAN_POINT('',(23.0775454826,-60.15228505144,
    -21.68260853185));
#3302 = VECTOR('',#3303,1.);
#3303 = DIRECTION('',(-0.241921895602,-0.566518854599,0.787737382515));
#3304 = ORIENTED_EDGE('',*,*,#3305,.T.);
#3305 = EDGE_CURVE('',#3298,#24,#3306,.T.);
#3306 = B_SPLINE_CURVE_WITH_KNOTS('',1,(#3307,#3308),.UNSPECIFIED.,.F.,
  .F.,(2,2),(0.,72.101752374611),.PIECEWISE_BEZIER_KNOTS.);
#3307 = CARTESIAN_POINT('',(-36.0508761873,-60.59360939225,
    -21.0689525551));
#3308 = CARTESIAN_POINT('',(36.050876187305,-60.59360939225,
    -21.0689525551));
#3309 = ORIENTED_EDGE('',*,*,#21,.F.);
#3310 = FACE_BOUND('',#3311,.F.);
#3311 = EDGE_LOOP('',(#3312));
#3312 = ORIENTED_EDGE('',*,*,#3313,.T.);
#3313 = EDGE_CURVE('',#3314,#3314,#3316,.T.);
#3314 = VERTEX_POINT('',#3315);
#3315 = CARTESIAN_POINT('',(-5.348E-12,-75.61491182606,-0.182019375161)
  );
#3316 = CIRCLE('',#3317,1.5);
#3317 = AXIS2_PLACEMENT_3D('',#3318,#3319,#3320);
#3318 = CARTESIAN_POINT('',(-7.0132E-12,-74.73911874681,-1.399798699315)
  );
#3319 = DIRECTION('',(-3.186664116439E-14,0.811852882769,0.583862052834)
  );
#3320 = DIRECTION('',(1.112E-12,-0.583862052834,0.811852882769));
#3321 = B_SPLINE_SURFACE_WITH_KNOTS('',1,1,(
    (#3322,#3323)
    ,(#3324,#3325
    )),.UNSPECIFIED.,.F.,.F.,.F.,(2,2),(2,2),(0.,41.094861724927),(0.,
    72.101752374611),.PIECEWISE_BEZIER_KNOTS.);
#3322 = CARTESIAN_POINT('',(-21.43232006504,-83.01790673675,
    10.111752467343));
#3323 = CARTESIAN_POINT('',(21.432320065044,-83.01790673675,
    10.111752467343));
#3324 = CARTESIAN_POINT('',(-36.0508761873,-60.59360939225,
    -21.0689525551));
#3325 = CARTESIAN_POINT('',(36.050876187305,-60.59360939225,
    -21.0689525551));
#3326 = ADVANCED_FACE('',(#3327),#3397,.T.);
#3327 = FACE_BOUND('',#3328,.T.);
#3328 = EDGE_LOOP('',(#3329,#3387,#3395,#3396));
#3329 = ORIENTED_EDGE('',*,*,#3330,.F.);
#3330 = EDGE_CURVE('',#3331,#3213,#3333,.T.);
#3331 = VERTEX_POINT('',#3332);
#3332 = CARTESIAN_POINT('',(-12.89562428919,-63.52154122598,34.3));
#3333 = B_SPLINE_CURVE_WITH_KNOTS('',4,(#3334,#3335,#3336,#3337,#3338,
    #3339,#3340,#3341,#3342,#3343,#3344,#3345,#3346,#3347,#3348,#3349,
    #3350,#3351,#3352,#3353,#3354,#3355,#3356,#3357,#3358,#3359,#3360,
    #3361,#3362,#3363,#3364,#3365,#3366,#3367,#3368,#3369,#3370,#3371,
    #3372,#3373,#3374,#3375,#3376,#3377,#3378,#3379,#3380,#3381,#3382,
    #3383,#3384,#3385,#3386),.UNSPECIFIED.,.F.,.F.,(5,3,3,3,3,3,3,3,3,3,
    3,3,3,3,3,3,3,5),(0.,6.930831776833E-02,0.138608648591,
    0.208129651147,0.277897239412,0.348159260451,0.418158696015,
    0.487925674262,0.557421239568,0.559001977009,0.61281310959,
    0.668343584583,0.723959185623,0.779559626351,0.835046254464,
    0.890323941405,0.945303265011,1.),.UNSPECIFIED.);
#3334 = CARTESIAN_POINT('',(-10.40568574674,-53.89749009958,
    43.733456983982));
#3335 = CARTESIAN_POINT('',(-10.52169053499,-54.46270711338,
    43.179433494676));
#3336 = CARTESIAN_POINT('',(-10.64222211607,-55.02745029596,
    42.625874452865));
#3337 = CARTESIAN_POINT('',(-10.76729054201,-55.59169027468,
    42.072808649497));
#3338 = CARTESIAN_POINT('',(-11.02650857865,-56.71903859806,
    40.967786265999));
#3339 = CARTESIAN_POINT('',(-11.16065714076,-57.2821470608,
    40.41582957013));
#3340 = CARTESIAN_POINT('',(-11.29936392714,-57.84469218263,
    39.864425058807));
#3341 = CARTESIAN_POINT('',(-11.58637493088,-58.97038319462,
    38.761027165405));
#3342 = CARTESIAN_POINT('',(-11.73470830218,-59.53352528867,
    38.20903750426));
#3343 = CARTESIAN_POINT('',(-11.88765391734,-60.09603799021,
    37.657664771175));
#3344 = CARTESIAN_POINT('',(-12.20335585894,-61.22173295556,
    36.554263002708));
#3345 = CARTESIAN_POINT('',(-12.36614505835,-61.784910512,
    36.002238581468));
#3346 = CARTESIAN_POINT('',(-12.53360685,-62.34738912913,35.450899257791
    ));
#3347 = CARTESIAN_POINT('',(-12.87912560279,-63.47486212078,
    34.345754674954));
#3348 = CARTESIAN_POINT('',(-13.05724923894,-64.03984606852,
    33.791959636074));
#3349 = CARTESIAN_POINT('',(-13.24014245097,-64.60405255339,
    33.238926663249));
#3350 = CARTESIAN_POINT('',(-13.61479967009,-65.72873375098,
    32.136518585946));
#3351 = CARTESIAN_POINT('',(-13.80652796938,-66.28921452374,
    31.587137541442));
#3352 = CARTESIAN_POINT('',(-14.00302299689,-66.84885297786,
    31.038582134347));
#3353 = CARTESIAN_POINT('',(-14.40491311864,-67.9645164659,
    29.945013180402));
#3354 = CARTESIAN_POINT('',(-14.6102764888,-68.52054732124,
    29.399993927418));
#3355 = CARTESIAN_POINT('',(-14.82040971719,-69.0756688147,
    28.855866027358));
#3356 = CARTESIAN_POINT('',(-15.24941675095,-70.18186174688,
    27.771580074942));
#3357 = CARTESIAN_POINT('',(-15.46825337119,-70.73294053333,
    27.231414820362));
#3358 = CARTESIAN_POINT('',(-15.69185941524,-71.28304230633,
    26.692207230521));
#3359 = CARTESIAN_POINT('',(-15.92544929284,-71.84461764252,
    26.141753299255));
#3360 = CARTESIAN_POINT('',(-15.93064725364,-71.85710761878,
    26.129512990405));
#3361 = CARTESIAN_POINT('',(-15.93584403439,-71.86958828191,
    26.117262674896));
#3362 = CARTESIAN_POINT('',(-16.11797677879,-72.30677446416,
    25.687840502792));
#3363 = CARTESIAN_POINT('',(-16.29537143293,-72.72509829785,
    25.264366204123));
#3364 = CARTESIAN_POINT('',(-16.4730121941,-73.13694269924,
    24.834689839578));
#3365 = CARTESIAN_POINT('',(-16.83402557467,-73.96043568157,
    23.949211035464));
#3366 = CARTESIAN_POINT('',(-17.01739995931,-74.37165745708,
    23.493012571238));
#3367 = CARTESIAN_POINT('',(-17.20056347918,-74.77577782118,
    23.03042771573));
#3368 = CARTESIAN_POINT('',(-17.56625610126,-75.5702159442,
    22.091983049058));
#3369 = CARTESIAN_POINT('',(-17.74878377902,-75.96051150032,
    21.616104088024));
#3370 = CARTESIAN_POINT('',(-17.93060524904,-76.3434747019,
    21.134036618561));
#3371 = CARTESIAN_POINT('',(-18.29227844719,-77.09441703121,
    20.157874796173));
#3372 = CARTESIAN_POINT('',(-18.47213068589,-77.46240013462,
    19.663783892531));
#3373 = CARTESIAN_POINT('',(-18.65076938116,-77.82283791123,
    19.163724875383));
#3374 = CARTESIAN_POINT('',(-19.00473648737,-78.5276729782,
    18.152928417648));
#3375 = CARTESIAN_POINT('',(-19.1800709281,-78.87210153138,
    17.642215084937));
#3376 = CARTESIAN_POINT('',(-19.35367885964,-79.20878896452,
    17.125779249772));
#3377 = CARTESIAN_POINT('',(-19.69626619936,-79.86520421543,
    16.083661367812));
#3378 = CARTESIAN_POINT('',(-19.86526059911,-80.18499108522,
    15.558021629771));
#3379 = CARTESIAN_POINT('',(-20.03201713533,-80.496858028,
    15.026933367014));
#3380 = CARTESIAN_POINT('',(-20.35963506168,-81.1028623262,
    13.957005134588));
#3381 = CARTESIAN_POINT('',(-20.52052346508,-81.39708628392,
    13.418222651761));
#3382 = CARTESIAN_POINT('',(-20.67867237061,-81.68322900928,
    12.874297176481));
#3383 = CARTESIAN_POINT('',(-20.9881638836,-82.23766528255,
    11.77925521067));
#3384 = CARTESIAN_POINT('',(-21.13953738253,-82.5060430392,
    11.22819022188));
#3385 = CARTESIAN_POINT('',(-21.28767637484,-82.76616749757,
    10.672305204646));
#3386 = CARTESIAN_POINT('',(-21.43232006504,-83.01790673675,
    10.111752467343));
#3387 = ORIENTED_EDGE('',*,*,#3388,.F.);
#3388 = EDGE_CURVE('',#350,#3331,#3389,.T.);
#3389 = B_SPLINE_CURVE_WITH_KNOTS('',4,(#3390,#3391,#3392,#3393,#3394),
  .UNSPECIFIED.,.F.,.F.,(5,5),(0.,1.),.PIECEWISE_BEZIER_KNOTS.);
#3390 = CARTESIAN_POINT('',(12.89562428919,-63.52154122598,34.3));
#3391 = CARTESIAN_POINT('',(6.447812144595,-63.52154122598,34.3));
#3392 = CARTESIAN_POINT('',(1.50990331349E-13,-63.52154122598,34.3));
#3393 = CARTESIAN_POINT('',(-6.447812144595,-63.52154122598,34.3));
#3394 = CARTESIAN_POINT('',(-12.89562428919,-63.52154122598,34.3));
#3395 = ORIENTED_EDGE('',*,*,#396,.T.);
#3396 = ORIENTED_EDGE('',*,*,#3212,.F.);
#3397 = B_SPLINE_SURFACE_WITH_KNOTS('',1,4,(
    (#3398,#3399,#3400,#3401,#3402,#3403,#3404,#3405,#3406,#3407,#3408
      ,#3409,#3410,#3411,#3412,#3413,#3414,#3415,#3416,#3417,#3418,#3419
      ,#3420,#3421,#3422,#3423,#3424,#3425,#3426,#3427,#3428,#3429,#3430
      ,#3431,#3432,#3433,#3434,#3435,#3436,#3437,#3438,#3439,#3440,#3441
      ,#3442,#3443,#3444,#3445,#3446,#3447,#3448,#3449,#3450)
    ,(#3451,#3452,#3453,#3454,#3455,#3456,#3457,#3458,#3459,#3460,#3461
      ,#3462,#3463,#3464,#3465,#3466,#3467,#3468,#3469,#3470,#3471,#3472
      ,#3473,#3474,#3475,#3476,#3477,#3478,#3479,#3480,#3481,#3482,#3483
      ,#3484,#3485,#3486,#3487,#3488,#3489,#3490,#3491,#3492,#3493,#3494
      ,#3495,#3496,#3497,#3498,#3499,#3500,#3501,#3502,#3503
  )),.UNSPECIFIED.,.F.,.F.,.F.,(2,2),(5,3,3,3,3,3,3,3,3,3,3,3,3,3,3,3,3,
    5),(0.,42.864640130088),(0.,6.930831776833E-02,0.138608648591,
    0.208129651147,0.277897239412,0.348159260451,0.418158696015,
    0.487925674262,0.557421239568,0.559001977009,0.61281310959,
    0.668343584583,0.723959185623,0.779559626351,0.835046254464,
    0.890323941405,0.945303265011,1.),.UNSPECIFIED.);
#3398 = CARTESIAN_POINT('',(-10.40568574674,-53.89749009958,
    43.733456983982));
#3399 = CARTESIAN_POINT('',(-10.52169053499,-54.46270711338,
    43.179433494676));
#3400 = CARTESIAN_POINT('',(-10.64222211607,-55.02745029596,
    42.625874452865));
#3401 = CARTESIAN_POINT('',(-10.76729054201,-55.59169027468,
    42.072808649497));
#3402 = CARTESIAN_POINT('',(-11.02650857865,-56.71903859806,
    40.967786265999));
#3403 = CARTESIAN_POINT('',(-11.16065714076,-57.2821470608,
    40.41582957013));
#3404 = CARTESIAN_POINT('',(-11.29936392714,-57.84469218263,
    39.864425058807));
#3405 = CARTESIAN_POINT('',(-11.58637493088,-58.97038319462,
    38.761027165405));
#3406 = CARTESIAN_POINT('',(-11.73470830218,-59.53352528867,
    38.20903750426));
#3407 = CARTESIAN_POINT('',(-11.88765391734,-60.09603799021,
    37.657664771175));
#3408 = CARTESIAN_POINT('',(-12.20335585894,-61.22173295556,
    36.554263002708));
#3409 = CARTESIAN_POINT('',(-12.36614505835,-61.784910512,
    36.002238581468));
#3410 = CARTESIAN_POINT('',(-12.53360685,-62.34738912913,35.450899257791
    ));
#3411 = CARTESIAN_POINT('',(-12.87912560279,-63.47486212078,
    34.345754674954));
#3412 = CARTESIAN_POINT('',(-13.05724923894,-64.03984606852,
    33.791959636074));
#3413 = CARTESIAN_POINT('',(-13.24014245097,-64.60405255339,
    33.238926663249));
#3414 = CARTESIAN_POINT('',(-13.61479967009,-65.72873375098,
    32.136518585946));
#3415 = CARTESIAN_POINT('',(-13.80652796938,-66.28921452374,
    31.587137541442));
#3416 = CARTESIAN_POINT('',(-14.00302299689,-66.84885297786,
    31.038582134347));
#3417 = CARTESIAN_POINT('',(-14.40491311864,-67.9645164659,
    29.945013180402));
#3418 = CARTESIAN_POINT('',(-14.6102764888,-68.52054732124,
    29.399993927418));
#3419 = CARTESIAN_POINT('',(-14.82040971719,-69.0756688147,
    28.855866027358));
#3420 = CARTESIAN_POINT('',(-15.24941675095,-70.18186174688,
    27.771580074942));
#3421 = CARTESIAN_POINT('',(-15.46825337119,-70.73294053333,
    27.231414820362));
#3422 = CARTESIAN_POINT('',(-15.69185941524,-71.28304230633,
    26.692207230521));
#3423 = CARTESIAN_POINT('',(-15.92544929284,-71.84461764252,
    26.141753299255));
#3424 = CARTESIAN_POINT('',(-15.93064725364,-71.85710761878,
    26.129512990405));
#3425 = CARTESIAN_POINT('',(-15.93584403439,-71.86958828191,
    26.117262674896));
#3426 = CARTESIAN_POINT('',(-16.11797677879,-72.30677446416,
    25.687840502792));
#3427 = CARTESIAN_POINT('',(-16.29537143293,-72.72509829785,
    25.264366204123));
#3428 = CARTESIAN_POINT('',(-16.4730121941,-73.13694269924,
    24.834689839578));
#3429 = CARTESIAN_POINT('',(-16.83402557467,-73.96043568157,
    23.949211035464));
#3430 = CARTESIAN_POINT('',(-17.01739995931,-74.37165745708,
    23.493012571238));
#3431 = CARTESIAN_POINT('',(-17.20056347918,-74.77577782118,
    23.03042771573));
#3432 = CARTESIAN_POINT('',(-17.56625610126,-75.5702159442,
    22.091983049058));
#3433 = CARTESIAN_POINT('',(-17.74878377902,-75.96051150032,
    21.616104088024));
#3434 = CARTESIAN_POINT('',(-17.93060524904,-76.3434747019,
    21.134036618561));
#3435 = CARTESIAN_POINT('',(-18.29227844719,-77.09441703121,
    20.157874796173));
#3436 = CARTESIAN_POINT('',(-18.47213068589,-77.46240013462,
    19.663783892531));
#3437 = CARTESIAN_POINT('',(-18.65076938116,-77.82283791123,
    19.163724875383));
#3438 = CARTESIAN_POINT('',(-19.00473648737,-78.5276729782,
    18.152928417648));
#3439 = CARTESIAN_POINT('',(-19.1800709281,-78.87210153138,
    17.642215084937));
#3440 = CARTESIAN_POINT('',(-19.35367885964,-79.20878896452,
    17.125779249772));
#3441 = CARTESIAN_POINT('',(-19.69626619936,-79.86520421543,
    16.083661367812));
#3442 = CARTESIAN_POINT('',(-19.86526059911,-80.18499108522,
    15.558021629771));
#3443 = CARTESIAN_POINT('',(-20.03201713533,-80.496858028,
    15.026933367014));
#3444 = CARTESIAN_POINT('',(-20.35963506168,-81.1028623262,
    13.957005134588));
#3445 = CARTESIAN_POINT('',(-20.52052346508,-81.39708628392,
    13.418222651761));
#3446 = CARTESIAN_POINT('',(-20.67867237061,-81.68322900928,
    12.874297176481));
#3447 = CARTESIAN_POINT('',(-20.9881638836,-82.23766528255,
    11.77925521067));
#3448 = CARTESIAN_POINT('',(-21.13953738253,-82.5060430392,
    11.22819022188));
#3449 = CARTESIAN_POINT('',(-21.28767637484,-82.76616749757,
    10.672305204646));
#3450 = CARTESIAN_POINT('',(-21.43232006504,-83.01790673675,
    10.111752467343));
#3451 = CARTESIAN_POINT('',(10.405685746748,-53.89749009958,
    43.733456983982));
#3452 = CARTESIAN_POINT('',(10.521690534991,-54.46270711338,
    43.179433494676));
#3453 = CARTESIAN_POINT('',(10.642222116079,-55.02745029596,
    42.625874452865));
#3454 = CARTESIAN_POINT('',(10.767290542014,-55.59169027468,
    42.072808649497));
#3455 = CARTESIAN_POINT('',(11.02650857865,-56.71903859806,
    40.967786265999));
#3456 = CARTESIAN_POINT('',(11.160657140765,-57.2821470608,
    40.41582957013));
#3457 = CARTESIAN_POINT('',(11.299363927143,-57.84469218263,
    39.864425058807));
#3458 = CARTESIAN_POINT('',(11.586374930889,-58.97038319462,
    38.761027165405));
#3459 = CARTESIAN_POINT('',(11.734708302183,-59.53352528867,
    38.20903750426));
#3460 = CARTESIAN_POINT('',(11.887653917349,-60.09603799021,
    37.657664771175));
#3461 = CARTESIAN_POINT('',(12.203355858947,-61.22173295556,
    36.554263002708));
#3462 = CARTESIAN_POINT('',(12.366145058357,-61.784910512,
    36.002238581468));
#3463 = CARTESIAN_POINT('',(12.533606850003,-62.34738912913,
    35.450899257791));
#3464 = CARTESIAN_POINT('',(12.879125602797,-63.47486212078,
    34.345754674954));
#3465 = CARTESIAN_POINT('',(13.057249238943,-64.03984606852,
    33.791959636074));
#3466 = CARTESIAN_POINT('',(13.240142450972,-64.60405255339,
    33.238926663249));
#3467 = CARTESIAN_POINT('',(13.61479967009,-65.72873375098,
    32.136518585946));
#3468 = CARTESIAN_POINT('',(13.806527969381,-66.28921452374,
    31.587137541442));
#3469 = CARTESIAN_POINT('',(14.003022996898,-66.84885297786,
    31.038582134347));
#3470 = CARTESIAN_POINT('',(14.40491311864,-67.9645164659,
    29.945013180402));
#3471 = CARTESIAN_POINT('',(14.610276488804,-68.52054732124,
    29.399993927418));
#3472 = CARTESIAN_POINT('',(14.820409717198,-69.0756688147,
    28.855866027358));
#3473 = CARTESIAN_POINT('',(15.249416750952,-70.18186174688,
    27.771580074942));
#3474 = CARTESIAN_POINT('',(15.46825337119,-70.73294053333,
    27.231414820362));
#3475 = CARTESIAN_POINT('',(15.691859415241,-71.28304230633,
    26.692207230521));
#3476 = CARTESIAN_POINT('',(15.925449292846,-71.84461764252,
    26.141753299255));
#3477 = CARTESIAN_POINT('',(15.930647253645,-71.85710761878,
    26.129512990405));
#3478 = CARTESIAN_POINT('',(15.935844034392,-71.86958828191,
    26.117262674896));
#3479 = CARTESIAN_POINT('',(16.117976778795,-72.30677446416,
    25.687840502792));
#3480 = CARTESIAN_POINT('',(16.295371432932,-72.72509829785,
    25.264366204123));
#3481 = CARTESIAN_POINT('',(16.473012194106,-73.13694269924,
    24.834689839578));
#3482 = CARTESIAN_POINT('',(16.83402557467,-73.96043568157,
    23.949211035464));
#3483 = CARTESIAN_POINT('',(17.017399959314,-74.37165745708,
    23.493012571238));
#3484 = CARTESIAN_POINT('',(17.200563479187,-74.77577782118,
    23.03042771573));
#3485 = CARTESIAN_POINT('',(17.566256101267,-75.5702159442,
    22.091983049058));
#3486 = CARTESIAN_POINT('',(17.748783779025,-75.96051150032,
    21.616104088024));
#3487 = CARTESIAN_POINT('',(17.930605249046,-76.3434747019,
    21.134036618561));
#3488 = CARTESIAN_POINT('',(18.292278447195,-77.09441703121,
    20.157874796173));
#3489 = CARTESIAN_POINT('',(18.472130685894,-77.46240013462,
    19.663783892531));
#3490 = CARTESIAN_POINT('',(18.650769381161,-77.82283791123,
    19.163724875383));
#3491 = CARTESIAN_POINT('',(19.004736487375,-78.5276729782,
    18.152928417648));
#3492 = CARTESIAN_POINT('',(19.180070928107,-78.87210153138,
    17.642215084937));
#3493 = CARTESIAN_POINT('',(19.353678859642,-79.20878896452,
    17.125779249772));
#3494 = CARTESIAN_POINT('',(19.696266199365,-79.86520421543,
    16.083661367812));
#3495 = CARTESIAN_POINT('',(19.86526059911,-80.18499108522,
    15.558021629771));
#3496 = CARTESIAN_POINT('',(20.032017135335,-80.496858028,
    15.026933367014));
#3497 = CARTESIAN_POINT('',(20.359635061684,-81.1028623262,
    13.957005134588));
#3498 = CARTESIAN_POINT('',(20.52052346508,-81.39708628392,
    13.418222651761));
#3499 = CARTESIAN_POINT('',(20.678672370614,-81.68322900928,
    12.874297176481));
#3500 = CARTESIAN_POINT('',(20.988163883606,-82.23766528255,
    11.77925521067));
#3501 = CARTESIAN_POINT('',(21.139537382538,-82.5060430392,
    11.22819022188));
#3502 = CARTESIAN_POINT('',(21.287676374841,-82.76616749757,
    10.672305204646));
#3503 = CARTESIAN_POINT('',(21.432320065044,-83.01790673675,
    10.111752467343));
#3504 = ADVANCED_FACE('',(#3505),#3645,.T.);
#3505 = FACE_BOUND('',#3506,.T.);
#3506 = EDGE_LOOP('',(#3507,#3508,#3509,#3556,#3581,#3637,#3643,#3644));
#3507 = ORIENTED_EDGE('',*,*,#349,.T.);
#3508 = ORIENTED_EDGE('',*,*,#3388,.T.);
#3509 = ORIENTED_EDGE('',*,*,#3510,.F.);
#3510 = EDGE_CURVE('',#3511,#3331,#3513,.T.);
#3511 = VERTEX_POINT('',#3512);
#3512 = CARTESIAN_POINT('',(-13.5145028381,-59.,34.3));
#3513 = B_SPLINE_CURVE_WITH_KNOTS('',6,(#3514,#3515,#3516,#3517,#3518,
    #3519,#3520,#3521,#3522,#3523,#3524,#3525,#3526,#3527,#3528,#3529,
    #3530,#3531,#3532,#3533,#3534,#3535,#3536,#3537,#3538,#3539,#3540,
    #3541,#3542,#3543,#3544,#3545,#3546,#3547,#3548,#3549,#3550,#3551,
    #3552,#3553,#3554,#3555),.UNSPECIFIED.,.F.,.F.,(7,5,5,5,5,5,5,5,7),(
    0.,6.067781770465E-02,0.28786389158,0.364201544163,0.615522899059,
    0.799340874366,0.845459292257,0.92233236201,1.),.UNSPECIFIED.);
#3514 = CARTESIAN_POINT('',(-13.5145028381,-59.,34.3));
#3515 = CARTESIAN_POINT('',(-13.50600826159,-59.04544840528,34.3));
#3516 = CARTESIAN_POINT('',(-13.49757650599,-59.09089551699,34.3));
#3517 = CARTESIAN_POINT('',(-13.48920543934,-59.13634359147,34.3));
#3518 = CARTESIAN_POINT('',(-13.48089291514,-59.18179535122,34.3));
#3519 = CARTESIAN_POINT('',(-13.47263688964,-59.22725340842,34.3));
#3520 = CARTESIAN_POINT('',(-13.43372855736,-59.44295167815,34.3));
#3521 = CARTESIAN_POINT('',(-13.40378792638,-59.61329987154,34.3));
#3522 = CARTESIAN_POINT('',(-13.37451488875,-59.78387981987,34.3));
#3523 = CARTESIAN_POINT('',(-13.34583621964,-59.95477088616,34.3));
#3524 = CARTESIAN_POINT('',(-13.31770811978,-60.12601473474,34.3));
#3525 = CARTESIAN_POINT('',(-13.28085015619,-60.35527347912,34.3));
#3526 = CARTESIAN_POINT('',(-13.27166963199,-60.4129406921,34.3));
#3527 = CARTESIAN_POINT('',(-13.26241512366,-60.47080278678,34.3));
#3528 = CARTESIAN_POINT('',(-13.25343276225,-60.52846086405,34.3));
#3529 = CARTESIAN_POINT('',(-13.24453871962,-60.58612802258,34.3));
#3530 = CARTESIAN_POINT('',(-13.20691187073,-60.83349022332,34.3));
#3531 = CARTESIAN_POINT('',(-13.17938997322,-61.02287605198,34.3));
#3532 = CARTESIAN_POINT('',(-13.15303895838,-61.21211557661,34.3));
#3533 = CARTESIAN_POINT('',(-13.12771892046,-61.40136740673,34.3));
#3534 = CARTESIAN_POINT('',(-13.10332863761,-61.59074105031,34.3));
#3535 = CARTESIAN_POINT('',(-13.06261933073,-61.91892567472,34.3));
#3536 = CARTESIAN_POINT('',(-13.04589195466,-62.057655407,34.3));
#3537 = CARTESIAN_POINT('',(-13.02961375121,-62.19649881705,34.3));
#3538 = CARTESIAN_POINT('',(-13.01377795949,-62.33546044862,34.3));
#3539 = CARTESIAN_POINT('',(-12.99839274432,-62.47452847016,34.3));
#3540 = CARTESIAN_POINT('',(-12.97974152411,-62.64858483411,34.3));
#3541 = CARTESIAN_POINT('',(-12.97602936484,-62.68351119117,34.3));
#3542 = CARTESIAN_POINT('',(-12.97234640495,-62.71845236942,34.3));
#3543 = CARTESIAN_POINT('',(-12.96869319442,-62.75340721289,34.3));
#3544 = CARTESIAN_POINT('',(-12.96507035587,-62.7883744034,34.3));
#3545 = CARTESIAN_POINT('',(-12.95549159513,-62.88165607883,34.3));
#3546 = CARTESIAN_POINT('',(-12.94958865863,-62.9399760294,34.3));
#3547 = CARTESIAN_POINT('',(-12.9438235492,-62.99824884468,34.3));
#3548 = CARTESIAN_POINT('',(-12.93813392681,-63.05654247551,34.3));
#3549 = CARTESIAN_POINT('',(-12.93255362967,-63.11482627885,34.3));
#3550 = CARTESIAN_POINT('',(-12.92151779727,-63.23204096077,34.3));
#3551 = CARTESIAN_POINT('',(-12.91622918539,-63.28924032602,34.3));
#3552 = CARTESIAN_POINT('',(-12.91093731103,-63.34737183698,34.3));
#3553 = CARTESIAN_POINT('',(-12.90561002398,-63.40692990536,34.3));
#3554 = CARTESIAN_POINT('',(-12.9004039182,-63.46625741395,34.3));
#3555 = CARTESIAN_POINT('',(-12.89562428919,-63.52154122598,34.3));
#3556 = ORIENTED_EDGE('',*,*,#3557,.F.);
#3557 = EDGE_CURVE('',#3558,#3511,#3560,.T.);
#3558 = VERTEX_POINT('',#3559);
#3559 = CARTESIAN_POINT('',(-13.69421180585,-58.1,34.3));
#3560 = B_SPLINE_CURVE_WITH_KNOTS('',7,(#3561,#3562,#3563,#3564,#3565,
    #3566,#3567,#3568,#3569,#3570,#3571,#3572,#3573,#3574,#3575,#3576,
    #3577,#3578,#3579,#3580),.UNSPECIFIED.,.F.,.F.,(8,6,6,8),(0.,
    0.206690241212,0.582275845835,1.),.UNSPECIFIED.);
#3561 = CARTESIAN_POINT('',(-13.69421180585,-58.1,34.3));
#3562 = CARTESIAN_POINT('',(-13.68843944223,-58.12699155574,34.3));
#3563 = CARTESIAN_POINT('',(-13.68269922691,-58.15397007468,34.3));
#3564 = CARTESIAN_POINT('',(-13.6769910808,-58.18093424777,34.3));
#3565 = CARTESIAN_POINT('',(-13.67131473134,-58.20788366532,34.3));
#3566 = CARTESIAN_POINT('',(-13.66566971255,-58.23481881697,34.3));
#3567 = CARTESIAN_POINT('',(-13.66005536498,-58.2617410917,34.3));
#3568 = CARTESIAN_POINT('',(-13.64432295076,-58.33755514428,34.3));
#3569 = CARTESIAN_POINT('',(-13.63428564531,-58.38636427064,34.3));
#3570 = CARTESIAN_POINT('',(-13.62435422941,-58.43509041437,34.3));
#3571 = CARTESIAN_POINT('',(-13.61452419091,-58.48374345331,34.3));
#3572 = CARTESIAN_POINT('',(-13.60479119552,-58.53233288571,34.3));
#3573 = CARTESIAN_POINT('',(-13.5951510868,-58.58086783025,34.3));
#3574 = CARTESIAN_POINT('',(-13.57497709559,-58.68328643128,34.3));
#3575 = CARTESIAN_POINT('',(-13.56474003181,-58.73575916549,34.3));
#3576 = CARTESIAN_POINT('',(-13.55453734717,-58.78849752875,34.3));
#3577 = CARTESIAN_POINT('',(-13.54424339127,-58.84217351423,34.3));
#3578 = CARTESIAN_POINT('',(-13.53393539816,-58.89642647116,34.3));
#3579 = CARTESIAN_POINT('',(-13.52387620155,-58.94984983416,34.3));
#3580 = CARTESIAN_POINT('',(-13.5145028381,-59.,34.3));
#3581 = ORIENTED_EDGE('',*,*,#3582,.F.);
#3582 = EDGE_CURVE('',#3583,#3558,#3585,.T.);
#3583 = VERTEX_POINT('',#3584);
#3584 = CARTESIAN_POINT('',(-14.72295606181,-54.1,34.3));
#3585 = B_SPLINE_CURVE_WITH_KNOTS('',8,(#3586,#3587,#3588,#3589,#3590,
    #3591,#3592,#3593,#3594,#3595,#3596,#3597,#3598,#3599,#3600,#3601,
    #3602,#3603,#3604,#3605,#3606,#3607,#3608,#3609,#3610,#3611,#3612,
    #3613,#3614,#3615,#3616,#3617,#3618,#3619,#3620,#3621,#3622,#3623,
    #3624,#3625,#3626,#3627,#3628,#3629,#3630,#3631,#3632,#3633,#3634,
    #3635,#3636),.UNSPECIFIED.,.F.,.F.,(9,7,7,7,7,7,7,9),(0.,
    0.106023274896,0.404604835481,0.480238406514,0.720972758386,
    0.86213771506,0.92883358441,1.),.UNSPECIFIED.);
#3586 = CARTESIAN_POINT('',(-14.72295606181,-54.1,34.3));
#3587 = CARTESIAN_POINT('',(-14.71400300373,-54.12966575368,34.3));
#3588 = CARTESIAN_POINT('',(-14.69961220611,-54.17742905045,34.3));
#3589 = CARTESIAN_POINT('',(-14.68328635985,-54.23185490487,34.3));
#3590 = CARTESIAN_POINT('',(-14.66731959506,-54.28547817081,34.3));
#3591 = CARTESIAN_POINT('',(-14.65268729941,-54.33481707645,34.3));
#3592 = CARTESIAN_POINT('',(-14.63930117837,-54.38012915632,34.3));
#3593 = CARTESIAN_POINT('',(-14.62594609064,-54.42545779002,34.3));
#3594 = CARTESIAN_POINT('',(-14.56665734086,-54.62776548921,34.3));
#3595 = CARTESIAN_POINT('',(-14.52339309027,-54.77731268962,34.3));
#3596 = CARTESIAN_POINT('',(-14.48057478251,-54.92716766182,34.3));
#3597 = CARTESIAN_POINT('',(-14.43815277018,-55.07739248369,34.3));
#3598 = CARTESIAN_POINT('',(-14.39607283695,-55.22805240404,34.3));
#3599 = CARTESIAN_POINT('',(-14.35427883521,-55.37921218488,34.3));
#3600 = CARTESIAN_POINT('',(-14.31271532359,-55.53093244367,34.3));
#3601 = CARTESIAN_POINT('',(-14.26084695721,-55.7218535443,34.3));
#3602 = CARTESIAN_POINT('',(-14.25035711734,-55.76050447101,34.3));
#3603 = CARTESIAN_POINT('',(-14.23993482894,-55.79911875621,34.3));
#3604 = CARTESIAN_POINT('',(-14.22960212723,-55.83766691683,34.3));
#3605 = CARTESIAN_POINT('',(-14.21934972009,-55.87616183866,34.3));
#3606 = CARTESIAN_POINT('',(-14.20915776945,-55.91463060894,34.3));
#3607 = CARTESIAN_POINT('',(-14.19901667278,-55.95308634883,34.3));
#3608 = CARTESIAN_POINT('',(-14.15689973672,-56.11376713374,34.3));
#3609 = CARTESIAN_POINT('',(-14.12549927724,-56.23572446604,34.3));
#3610 = CARTESIAN_POINT('',(-14.09470010665,-56.35744146345,34.3));
#3611 = CARTESIAN_POINT('',(-14.06445442856,-56.47898685958,34.3));
#3612 = CARTESIAN_POINT('',(-14.03471420298,-56.60042745825,34.3));
#3613 = CARTESIAN_POINT('',(-14.00543233955,-56.7218268907,34.3));
#3614 = CARTESIAN_POINT('',(-13.97656389077,-56.84324437285,34.3));
#3615 = CARTESIAN_POINT('',(-13.93135700978,-57.03597382335,34.3));
#3616 = CARTESIAN_POINT('',(-13.91477469772,-57.10723861229,34.3));
#3617 = CARTESIAN_POINT('',(-13.898311822,-57.17853862727,34.3));
#3618 = CARTESIAN_POINT('',(-13.88196038579,-57.24988386377,34.3));
#3619 = CARTESIAN_POINT('',(-13.86571288259,-57.32128351484,34.3));
#3620 = CARTESIAN_POINT('',(-13.84956229616,-57.39274597109,34.3));
#3621 = CARTESIAN_POINT('',(-13.83350210062,-57.46427882069,34.3));
#3622 = CARTESIAN_POINT('',(-13.8099781933,-57.56972226835,34.3));
#3623 = CARTESIAN_POINT('',(-13.80244378329,-57.6035961416,34.3));
#3624 = CARTESIAN_POINT('',(-13.79492220402,-57.63751231039,34.3));
#3625 = CARTESIAN_POINT('',(-13.78741266894,-57.67147253109,34.3));
#3626 = CARTESIAN_POINT('',(-13.77991443125,-57.70547847526,34.3));
#3627 = CARTESIAN_POINT('',(-13.77242678389,-57.73953172959,34.3));
#3628 = CARTESIAN_POINT('',(-13.76494905956,-57.77363379597,34.3));
#3629 = CARTESIAN_POINT('',(-13.74951160173,-57.84422757535,34.3));
#3630 = CARTESIAN_POINT('',(-13.74155385398,-57.88069999017,34.3));
#3631 = CARTESIAN_POINT('',(-13.73362403395,-57.91718546727,34.3));
#3632 = CARTESIAN_POINT('',(-13.72571646517,-57.95369041869,34.3));
#3633 = CARTESIAN_POINT('',(-13.71781739706,-57.99022976873,34.3));
#3634 = CARTESIAN_POINT('',(-13.70991925381,-58.02681118548,34.3));
#3635 = CARTESIAN_POINT('',(-13.70203488326,-58.06341931243,34.3));
#3636 = CARTESIAN_POINT('',(-13.69421180585,-58.1,34.3));
#3637 = ORIENTED_EDGE('',*,*,#3638,.F.);
#3638 = EDGE_CURVE('',#250,#3583,#3639,.T.);
#3639 = LINE('',#3640,#3641);
#3640 = CARTESIAN_POINT('',(16.,-54.1,34.3));
#3641 = VECTOR('',#3642,1.);
#3642 = DIRECTION('',(-1.,6.162975822039E-33,2.775557561563E-17));
#3643 = ORIENTED_EDGE('',*,*,#268,.T.);
#3644 = ORIENTED_EDGE('',*,*,#324,.T.);
#3645 = PLANE('',#3646);
#3646 = AXIS2_PLACEMENT_3D('',#3647,#3648,#3649);
#3647 = CARTESIAN_POINT('',(-1.908346444992E-16,-58.571317797,34.3));
#3648 = DIRECTION('',(-0.,-0.,-1.));
#3649 = DIRECTION('',(-1.,0.,0.));
#3650 = ADVANCED_FACE('',(#3651,#3701),#3712,.T.);
#3651 = FACE_BOUND('',#3652,.T.);
#3652 = EDGE_LOOP('',(#3653,#3654,#3673,#3683,#3692,#3700));
#3653 = ORIENTED_EDGE('',*,*,#3638,.T.);
#3654 = ORIENTED_EDGE('',*,*,#3655,.T.);
#3655 = EDGE_CURVE('',#3583,#3656,#3658,.T.);
#3656 = VERTEX_POINT('',#3657);
#3657 = CARTESIAN_POINT('',(-10.44747144421,-54.1,43.534957577719));
#3658 = B_SPLINE_CURVE_WITH_KNOTS('',7,(#3659,#3660,#3661,#3662,#3663,
    #3664,#3665,#3666,#3667,#3668,#3669,#3670,#3671,#3672),
  .UNSPECIFIED.,.F.,.F.,(8,6,8),(0.,6.590672798645E-02,1.),
  .UNSPECIFIED.);
#3659 = CARTESIAN_POINT('',(-14.72295606181,-54.1,34.3));
#3660 = CARTESIAN_POINT('',(-14.69370968019,-54.1,34.358140513333));
#3661 = CARTESIAN_POINT('',(-14.65104680434,-54.1,34.443006458662));
#3662 = CARTESIAN_POINT('',(-14.60513291911,-54.1,34.534504957163));
#3663 = CARTESIAN_POINT('',(-14.56175348304,-54.1,34.621118348441));
#3664 = CARTESIAN_POINT('',(-14.52239244632,-54.1,34.699818452566));
#3665 = CARTESIAN_POINT('',(-14.48432990914,-54.1,34.775985440763));
#3666 = CARTESIAN_POINT('',(-13.82322913671,-54.1,36.101280697498));
#3667 = CARTESIAN_POINT('',(-13.21777789776,-54.1,37.34218679686));
#3668 = CARTESIAN_POINT('',(-12.62659402319,-54.1,38.584764688693));
#3669 = CARTESIAN_POINT('',(-12.05178292486,-54.1,39.827412709568));
#3670 = CARTESIAN_POINT('',(-11.4955410458,-54.1,41.068218299964));
#3671 = CARTESIAN_POINT('',(-10.96007448884,-54.1,42.304929879402));
#3672 = CARTESIAN_POINT('',(-10.44747144421,-54.1,43.534957577719));
#3673 = ORIENTED_EDGE('',*,*,#3674,.F.);
#3674 = EDGE_CURVE('',#3675,#3656,#3677,.T.);
#3675 = VERTEX_POINT('',#3676);
#3676 = CARTESIAN_POINT('',(-10.09592567248,-54.1,43.534957577719));
#3677 = B_SPLINE_CURVE_WITH_KNOTS('',4,(#3678,#3679,#3680,#3681,#3682),
  .UNSPECIFIED.,.F.,.F.,(5,5),(0.,1.),.PIECEWISE_BEZIER_KNOTS.);
#3678 = CARTESIAN_POINT('',(10.447471444211,-54.1,43.534957577719));
#3679 = CARTESIAN_POINT('',(5.223735722106,-54.1,43.534957577719));
#3680 = CARTESIAN_POINT('',(-5.396744371613E-14,-54.1,43.534957577719));
#3681 = CARTESIAN_POINT('',(-5.223735722105,-54.1,43.534957577719));
#3682 = CARTESIAN_POINT('',(-10.44747144421,-54.1,43.534957577719));
#3683 = ORIENTED_EDGE('',*,*,#3684,.F.);
#3684 = EDGE_CURVE('',#3685,#3675,#3687,.T.);
#3685 = VERTEX_POINT('',#3686);
#3686 = CARTESIAN_POINT('',(10.095925672472,-54.1,43.534957577719));
#3687 = CIRCLE('',#3688,19.);
#3688 = AXIS2_PLACEMENT_3D('',#3689,#3690,#3691);
#3689 = CARTESIAN_POINT('',(0.,-54.1,59.630680142146));
#3690 = DIRECTION('',(-0.,1.,2.2E-16));
#3691 = DIRECTION('',(1.,0.,0.));
#3692 = ORIENTED_EDGE('',*,*,#3693,.F.);
#3693 = EDGE_CURVE('',#192,#3685,#3694,.T.);
#3694 = B_SPLINE_CURVE_WITH_KNOTS('',4,(#3695,#3696,#3697,#3698,#3699),
  .UNSPECIFIED.,.F.,.F.,(5,5),(0.,1.),.PIECEWISE_BEZIER_KNOTS.);
#3695 = CARTESIAN_POINT('',(10.447471444211,-54.1,43.534957577719));
#3696 = CARTESIAN_POINT('',(5.223735722106,-54.1,43.534957577719));
#3697 = CARTESIAN_POINT('',(-5.396744371613E-14,-54.1,43.534957577719));
#3698 = CARTESIAN_POINT('',(-5.223735722105,-54.1,43.534957577719));
#3699 = CARTESIAN_POINT('',(-10.44747144421,-54.1,43.534957577719));
#3700 = ORIENTED_EDGE('',*,*,#249,.F.);
#3701 = FACE_BOUND('',#3702,.T.);
#3702 = EDGE_LOOP('',(#3703));
#3703 = ORIENTED_EDGE('',*,*,#3704,.F.);
#3704 = EDGE_CURVE('',#3705,#3705,#3707,.T.);
#3705 = VERTEX_POINT('',#3706);
#3706 = CARTESIAN_POINT('',(-1.5,-54.1,38.3));
#3707 = CIRCLE('',#3708,1.5);
#3708 = AXIS2_PLACEMENT_3D('',#3709,#3710,#3711);
#3709 = CARTESIAN_POINT('',(0.,-54.1,38.3));
#3710 = DIRECTION('',(0.,1.,-2.22044604925E-16));
#3711 = DIRECTION('',(-1.,0.,0.));
#3712 = PLANE('',#3713);
#3713 = AXIS2_PLACEMENT_3D('',#3714,#3715,#3716);
#3714 = CARTESIAN_POINT('',(1.09961830528E-15,-54.1,38.784141605218));
#3715 = DIRECTION('',(0.,1.,0.));
#3716 = DIRECTION('',(0.,0.,1.));
#3717 = ADVANCED_FACE('',(#3718),#3751,.T.);
#3718 = FACE_BOUND('',#3719,.T.);
#3719 = EDGE_LOOP('',(#3720,#3721,#3750));
#3720 = ORIENTED_EDGE('',*,*,#3693,.T.);
#3721 = ORIENTED_EDGE('',*,*,#3722,.T.);
#3722 = EDGE_CURVE('',#3685,#89,#3723,.T.);
#3723 = B_SPLINE_CURVE_WITH_KNOTS('',7,(#3724,#3725,#3726,#3727,#3728,
    #3729,#3730,#3731,#3732,#3733,#3734,#3735,#3736,#3737,#3738,#3739,
    #3740,#3741,#3742,#3743,#3744,#3745,#3746,#3747,#3748,#3749),
  .UNSPECIFIED.,.F.,.F.,(8,6,6,6,8),(0.,0.207746855071,0.499999987577,
    0.792888035211,1.),.UNSPECIFIED.);
#3724 = CARTESIAN_POINT('',(-10.40568574674,-53.89749009958,
    43.733456983982));
#3725 = CARTESIAN_POINT('',(-9.882384046023,-54.24694298398,
    43.390924643943));
#3726 = CARTESIAN_POINT('',(-9.342994446133,-54.57785170365,
    43.066569221098));
#3727 = CARTESIAN_POINT('',(-8.787757815198,-54.88946425212,
    42.761127829212));
#3728 = CARTESIAN_POINT('',(-8.217069954348,-55.18085754224,
    42.475505274663));
#3729 = CARTESIAN_POINT('',(-7.631529060372,-55.4509865761,
    42.210725860305));
#3730 = CARTESIAN_POINT('',(-7.031974517263,-55.69874665144,
    41.967872410924));
#3731 = CARTESIAN_POINT('',(-5.557926967451,-56.23859103958,
    41.438719069293));
#3732 = CARTESIAN_POINT('',(-4.670675102676,-56.50775588559,
    41.174884748062));
#3733 = CARTESIAN_POINT('',(-3.761088135745,-56.72739619648,
    40.959594180963));
#3734 = CARTESIAN_POINT('',(-2.833488425049,-56.89454560473,
    40.795754989765));
#3735 = CARTESIAN_POINT('',(-1.893253282395,-57.00682590392,
    40.685698283014));
#3736 = CARTESIAN_POINT('',(-0.946577900784,-57.06295565621,
    40.630680121045));
#3737 = CARTESIAN_POINT('',(0.94863517373,-57.0629556131,40.630680163293
    ));
#3738 = CARTESIAN_POINT('',(1.897367650534,-57.00658167147,
    40.685937678705));
#3739 = CARTESIAN_POINT('',(2.839617302683,-56.89381284285,
    40.796473240077));
#3740 = CARTESIAN_POINT('',(3.769149107132,-56.72594194621,
    40.961019631352));
#3741 = CARTESIAN_POINT('',(4.680554670632,-56.50536754398,
    41.177225791094));
#3742 = CARTESIAN_POINT('',(5.569490860736,-56.23507900174,
    41.442161554937));
#3743 = CARTESIAN_POINT('',(7.042968210095,-55.6941996766,
    41.972329337738));
#3744 = CARTESIAN_POINT('',(7.640476583962,-55.44685616598,
    42.214774472021));
#3745 = CARTESIAN_POINT('',(8.224046584562,-55.17729369419,
    42.478998544479));
#3746 = CARTESIAN_POINT('',(8.792848768614,-54.88660628995,
    42.763929192464));
#3747 = CARTESIAN_POINT('',(9.34629166946,-54.57582863335,
    43.068552226629));
#3748 = CARTESIAN_POINT('',(9.883983560513,-54.24587485263,
    43.391971622083));
#3749 = CARTESIAN_POINT('',(10.405685746748,-53.89749009958,
    43.733456983982));
#3750 = ORIENTED_EDGE('',*,*,#191,.T.);
#3751 = B_SPLINE_SURFACE_WITH_KNOTS('',1,4,(
    (#3752,#3753,#3754,#3755,#3756,#3757,#3758,#3759,#3760,#3761,#3762
      ,#3763,#3764,#3765,#3766,#3767,#3768,#3769,#3770,#3771,#3772,#3773
      ,#3774,#3775,#3776,#3777,#3778,#3779,#3780,#3781,#3782,#3783,#3784
      ,#3785,#3786,#3787,#3788,#3789,#3790,#3791,#3792,#3793,#3794,#3795
      ,#3796,#3797,#3798,#3799,#3800,#3801,#3802,#3803,#3804)
    ,(#3805,#3806,#3807,#3808,#3809,#3810,#3811,#3812,#3813,#3814,#3815
      ,#3816,#3817,#3818,#3819,#3820,#3821,#3822,#3823,#3824,#3825,#3826
      ,#3827,#3828,#3829,#3830,#3831,#3832,#3833,#3834,#3835,#3836,#3837
      ,#3838,#3839,#3840,#3841,#3842,#3843,#3844,#3845,#3846,#3847,#3848
      ,#3849,#3850,#3851,#3852,#3853,#3854,#3855,#3856,#3857
  )),.UNSPECIFIED.,.F.,.F.,.F.,(2,2),(5,3,3,3,3,3,3,3,3,3,3,3,3,3,3,3,3,
    5),(0.,42.864640130088),(0.,6.930831776833E-02,0.138608648591,
    0.208129651147,0.277897239412,0.348159260451,0.418158696015,
    0.487925674262,0.557421239568,0.559001977009,0.61281310959,
    0.668343584583,0.723959185623,0.779559626351,0.835046254464,
    0.890323941405,0.945303265011,1.),.UNSPECIFIED.);
#3752 = CARTESIAN_POINT('',(-10.40568574674,-53.89749009958,
    43.733456983982));
#3753 = CARTESIAN_POINT('',(-10.52169053499,-54.46270711338,
    43.179433494676));
#3754 = CARTESIAN_POINT('',(-10.64222211607,-55.02745029596,
    42.625874452865));
#3755 = CARTESIAN_POINT('',(-10.76729054201,-55.59169027468,
    42.072808649497));
#3756 = CARTESIAN_POINT('',(-11.02650857865,-56.71903859806,
    40.967786265999));
#3757 = CARTESIAN_POINT('',(-11.16065714076,-57.2821470608,
    40.41582957013));
#3758 = CARTESIAN_POINT('',(-11.29936392714,-57.84469218263,
    39.864425058807));
#3759 = CARTESIAN_POINT('',(-11.58637493088,-58.97038319462,
    38.761027165405));
#3760 = CARTESIAN_POINT('',(-11.73470830218,-59.53352528867,
    38.20903750426));
#3761 = CARTESIAN_POINT('',(-11.88765391734,-60.09603799021,
    37.657664771175));
#3762 = CARTESIAN_POINT('',(-12.20335585894,-61.22173295556,
    36.554263002708));
#3763 = CARTESIAN_POINT('',(-12.36614505835,-61.784910512,
    36.002238581468));
#3764 = CARTESIAN_POINT('',(-12.53360685,-62.34738912913,35.450899257791
    ));
#3765 = CARTESIAN_POINT('',(-12.87912560279,-63.47486212078,
    34.345754674954));
#3766 = CARTESIAN_POINT('',(-13.05724923894,-64.03984606852,
    33.791959636074));
#3767 = CARTESIAN_POINT('',(-13.24014245097,-64.60405255339,
    33.238926663249));
#3768 = CARTESIAN_POINT('',(-13.61479967009,-65.72873375098,
    32.136518585946));
#3769 = CARTESIAN_POINT('',(-13.80652796938,-66.28921452374,
    31.587137541442));
#3770 = CARTESIAN_POINT('',(-14.00302299689,-66.84885297786,
    31.038582134347));
#3771 = CARTESIAN_POINT('',(-14.40491311864,-67.9645164659,
    29.945013180402));
#3772 = CARTESIAN_POINT('',(-14.6102764888,-68.52054732124,
    29.399993927418));
#3773 = CARTESIAN_POINT('',(-14.82040971719,-69.0756688147,
    28.855866027358));
#3774 = CARTESIAN_POINT('',(-15.24941675095,-70.18186174688,
    27.771580074942));
#3775 = CARTESIAN_POINT('',(-15.46825337119,-70.73294053333,
    27.231414820362));
#3776 = CARTESIAN_POINT('',(-15.69185941524,-71.28304230633,
    26.692207230521));
#3777 = CARTESIAN_POINT('',(-15.92544929284,-71.84461764252,
    26.141753299255));
#3778 = CARTESIAN_POINT('',(-15.93064725364,-71.85710761878,
    26.129512990405));
#3779 = CARTESIAN_POINT('',(-15.93584403439,-71.86958828191,
    26.117262674896));
#3780 = CARTESIAN_POINT('',(-16.11797677879,-72.30677446416,
    25.687840502792));
#3781 = CARTESIAN_POINT('',(-16.29537143293,-72.72509829785,
    25.264366204123));
#3782 = CARTESIAN_POINT('',(-16.4730121941,-73.13694269924,
    24.834689839578));
#3783 = CARTESIAN_POINT('',(-16.83402557467,-73.96043568157,
    23.949211035464));
#3784 = CARTESIAN_POINT('',(-17.01739995931,-74.37165745708,
    23.493012571238));
#3785 = CARTESIAN_POINT('',(-17.20056347918,-74.77577782118,
    23.03042771573));
#3786 = CARTESIAN_POINT('',(-17.56625610126,-75.5702159442,
    22.091983049058));
#3787 = CARTESIAN_POINT('',(-17.74878377902,-75.96051150032,
    21.616104088024));
#3788 = CARTESIAN_POINT('',(-17.93060524904,-76.3434747019,
    21.134036618561));
#3789 = CARTESIAN_POINT('',(-18.29227844719,-77.09441703121,
    20.157874796173));
#3790 = CARTESIAN_POINT('',(-18.47213068589,-77.46240013462,
    19.663783892531));
#3791 = CARTESIAN_POINT('',(-18.65076938116,-77.82283791123,
    19.163724875383));
#3792 = CARTESIAN_POINT('',(-19.00473648737,-78.5276729782,
    18.152928417648));
#3793 = CARTESIAN_POINT('',(-19.1800709281,-78.87210153138,
    17.642215084937));
#3794 = CARTESIAN_POINT('',(-19.35367885964,-79.20878896452,
    17.125779249772));
#3795 = CARTESIAN_POINT('',(-19.69626619936,-79.86520421543,
    16.083661367812));
#3796 = CARTESIAN_POINT('',(-19.86526059911,-80.18499108522,
    15.558021629771));
#3797 = CARTESIAN_POINT('',(-20.03201713533,-80.496858028,
    15.026933367014));
#3798 = CARTESIAN_POINT('',(-20.35963506168,-81.1028623262,
    13.957005134588));
#3799 = CARTESIAN_POINT('',(-20.52052346508,-81.39708628392,
    13.418222651761));
#3800 = CARTESIAN_POINT('',(-20.67867237061,-81.68322900928,
    12.874297176481));
#3801 = CARTESIAN_POINT('',(-20.9881638836,-82.23766528255,
    11.77925521067));
#3802 = CARTESIAN_POINT('',(-21.13953738253,-82.5060430392,
    11.22819022188));
#3803 = CARTESIAN_POINT('',(-21.28767637484,-82.76616749757,
    10.672305204646));
#3804 = CARTESIAN_POINT('',(-21.43232006504,-83.01790673675,
    10.111752467343));
#3805 = CARTESIAN_POINT('',(10.405685746748,-53.89749009958,
    43.733456983982));
#3806 = CARTESIAN_POINT('',(10.521690534991,-54.46270711338,
    43.179433494676));
#3807 = CARTESIAN_POINT('',(10.642222116079,-55.02745029596,
    42.625874452865));
#3808 = CARTESIAN_POINT('',(10.767290542014,-55.59169027468,
    42.072808649497));
#3809 = CARTESIAN_POINT('',(11.02650857865,-56.71903859806,
    40.967786265999));
#3810 = CARTESIAN_POINT('',(11.160657140765,-57.2821470608,
    40.41582957013));
#3811 = CARTESIAN_POINT('',(11.299363927143,-57.84469218263,
    39.864425058807));
#3812 = CARTESIAN_POINT('',(11.586374930889,-58.97038319462,
    38.761027165405));
#3813 = CARTESIAN_POINT('',(11.734708302183,-59.53352528867,
    38.20903750426));
#3814 = CARTESIAN_POINT('',(11.887653917349,-60.09603799021,
    37.657664771175));
#3815 = CARTESIAN_POINT('',(12.203355858947,-61.22173295556,
    36.554263002708));
#3816 = CARTESIAN_POINT('',(12.366145058357,-61.784910512,
    36.002238581468));
#3817 = CARTESIAN_POINT('',(12.533606850003,-62.34738912913,
    35.450899257791));
#3818 = CARTESIAN_POINT('',(12.879125602797,-63.47486212078,
    34.345754674954));
#3819 = CARTESIAN_POINT('',(13.057249238943,-64.03984606852,
    33.791959636074));
#3820 = CARTESIAN_POINT('',(13.240142450972,-64.60405255339,
    33.238926663249));
#3821 = CARTESIAN_POINT('',(13.61479967009,-65.72873375098,
    32.136518585946));
#3822 = CARTESIAN_POINT('',(13.806527969381,-66.28921452374,
    31.587137541442));
#3823 = CARTESIAN_POINT('',(14.003022996898,-66.84885297786,
    31.038582134347));
#3824 = CARTESIAN_POINT('',(14.40491311864,-67.9645164659,
    29.945013180402));
#3825 = CARTESIAN_POINT('',(14.610276488804,-68.52054732124,
    29.399993927418));
#3826 = CARTESIAN_POINT('',(14.820409717198,-69.0756688147,
    28.855866027358));
#3827 = CARTESIAN_POINT('',(15.249416750952,-70.18186174688,
    27.771580074942));
#3828 = CARTESIAN_POINT('',(15.46825337119,-70.73294053333,
    27.231414820362));
#3829 = CARTESIAN_POINT('',(15.691859415241,-71.28304230633,
    26.692207230521));
#3830 = CARTESIAN_POINT('',(15.925449292846,-71.84461764252,
    26.141753299255));
#3831 = CARTESIAN_POINT('',(15.930647253645,-71.85710761878,
    26.129512990405));
#3832 = CARTESIAN_POINT('',(15.935844034392,-71.86958828191,
    26.117262674896));
#3833 = CARTESIAN_POINT('',(16.117976778795,-72.30677446416,
    25.687840502792));
#3834 = CARTESIAN_POINT('',(16.295371432932,-72.72509829785,
    25.264366204123));
#3835 = CARTESIAN_POINT('',(16.473012194106,-73.13694269924,
    24.834689839578));
#3836 = CARTESIAN_POINT('',(16.83402557467,-73.96043568157,
    23.949211035464));
#3837 = CARTESIAN_POINT('',(17.017399959314,-74.37165745708,
    23.493012571238));
#3838 = CARTESIAN_POINT('',(17.200563479187,-74.77577782118,
    23.03042771573));
#3839 = CARTESIAN_POINT('',(17.566256101267,-75.5702159442,
    22.091983049058));
#3840 = CARTESIAN_POINT('',(17.748783779025,-75.96051150032,
    21.616104088024));
#3841 = CARTESIAN_POINT('',(17.930605249046,-76.3434747019,
    21.134036618561));
#3842 = CARTESIAN_POINT('',(18.292278447195,-77.09441703121,
    20.157874796173));
#3843 = CARTESIAN_POINT('',(18.472130685894,-77.46240013462,
    19.663783892531));
#3844 = CARTESIAN_POINT('',(18.650769381161,-77.82283791123,
    19.163724875383));
#3845 = CARTESIAN_POINT('',(19.004736487375,-78.5276729782,
    18.152928417648));
#3846 = CARTESIAN_POINT('',(19.180070928107,-78.87210153138,
    17.642215084937));
#3847 = CARTESIAN_POINT('',(19.353678859642,-79.20878896452,
    17.125779249772));
#3848 = CARTESIAN_POINT('',(19.696266199365,-79.86520421543,
    16.083661367812));
#3849 = CARTESIAN_POINT('',(19.86526059911,-80.18499108522,
    15.558021629771));
#3850 = CARTESIAN_POINT('',(20.032017135335,-80.496858028,
    15.026933367014));
#3851 = CARTESIAN_POINT('',(20.359635061684,-81.1028623262,
    13.957005134588));
#3852 = CARTESIAN_POINT('',(20.52052346508,-81.39708628392,
    13.418222651761));
#3853 = CARTESIAN_POINT('',(20.678672370614,-81.68322900928,
    12.874297176481));
#3854 = CARTESIAN_POINT('',(20.988163883606,-82.23766528255,
    11.77925521067));
#3855 = CARTESIAN_POINT('',(21.139537382538,-82.5060430392,
    11.22819022188));
#3856 = CARTESIAN_POINT('',(21.287676374841,-82.76616749757,
    10.672305204646));
#3857 = CARTESIAN_POINT('',(21.432320065044,-83.01790673675,
    10.111752467343));
#3858 = ADVANCED_FACE('',(#3859),#4081,.T.);
#3859 = FACE_BOUND('',#3860,.T.);
#3860 = EDGE_LOOP('',(#3861,#3870,#3880,#3915,#3925,#3930,#3931,#3980));
#3861 = ORIENTED_EDGE('',*,*,#3862,.F.);
#3862 = EDGE_CURVE('',#3863,#3865,#3867,.T.);
#3863 = VERTEX_POINT('',#3864);
#3864 = CARTESIAN_POINT('',(-49.58310452964,-35.26416136191,
    2.470971174259));
#3865 = VERTEX_POINT('',#3866);
#3866 = CARTESIAN_POINT('',(-45.32349873947,-35.26416136191,
    2.470971174259));
#3867 = B_SPLINE_CURVE_WITH_KNOTS('',1,(#3868,#3869),.UNSPECIFIED.,.F.,
  .F.,(2,2),(0.,99.166209059297),.PIECEWISE_BEZIER_KNOTS.);
#3868 = CARTESIAN_POINT('',(-49.58310452964,-35.26416136191,
    2.470971174259));
#3869 = CARTESIAN_POINT('',(49.583104529648,-35.26416136191,
    2.470971174259));
#3870 = ORIENTED_EDGE('',*,*,#3871,.T.);
#3871 = EDGE_CURVE('',#3863,#3872,#3874,.T.);
#3872 = VERTEX_POINT('',#3873);
#3873 = CARTESIAN_POINT('',(-11.5,-53.21862317911,49.999999999999));
#3874 = B_SPLINE_CURVE_WITH_KNOTS('',4,(#3875,#3876,#3877,#3878,#3879),
  .UNSPECIFIED.,.F.,.F.,(5,5),(0.,1.),.PIECEWISE_BEZIER_KNOTS.);
#3875 = CARTESIAN_POINT('',(-49.58310452964,-35.26416136191,
    2.470971174259));
#3876 = CARTESIAN_POINT('',(-37.79097351528,-43.84937041347,
    9.365096453496));
#3877 = CARTESIAN_POINT('',(-26.39392172958,-51.08063827473,
    19.287387837623));
#3878 = CARTESIAN_POINT('',(-16.77143937334,-56.06007083712,
    33.343584483312));
#3879 = CARTESIAN_POINT('',(-11.5,-53.21862317911,49.999999999999));
#3880 = ORIENTED_EDGE('',*,*,#3881,.T.);
#3881 = EDGE_CURVE('',#3872,#3882,#3884,.T.);
#3882 = VERTEX_POINT('',#3883);
#3883 = CARTESIAN_POINT('',(11.5,-53.21862317911,50.));
#3884 = B_SPLINE_CURVE_WITH_KNOTS('',8,(#3885,#3886,#3887,#3888,#3889,
    #3890,#3891,#3892,#3893,#3894,#3895,#3896,#3897,#3898,#3899,#3900,
    #3901,#3902,#3903,#3904,#3905,#3906,#3907,#3908,#3909,#3910,#3911,
    #3912,#3913,#3914),.UNSPECIFIED.,.F.,.F.,(9,7,7,7,9),(0.,
    0.157899311266,0.500000043405,0.84173500418,1.),.UNSPECIFIED.);
#3885 = CARTESIAN_POINT('',(-11.5,-53.21862317911,49.999999999999));
#3886 = CARTESIAN_POINT('',(-11.17066231418,-53.28571049627,
    49.606737703781));
#3887 = CARTESIAN_POINT('',(-10.82761713123,-53.34673863885,
    49.228331032616));
#3888 = CARTESIAN_POINT('',(-10.47106580446,-53.40223136665,
    48.864469554114));
#3889 = CARTESIAN_POINT('',(-10.10119921691,-53.45262615782,
    48.515102650648));
#3890 = CARTESIAN_POINT('',(-9.718230175968,-53.4983098797,
    48.180361264944));
#3891 = CARTESIAN_POINT('',(-9.322417385188,-53.53963636927,
    47.860514558506));
#3892 = CARTESIAN_POINT('',(-8.914084176651,-53.57693399298,
    47.555941585449));
#3893 = CARTESIAN_POINT('',(-7.582700834203,-53.68325892102,
    46.641296917534));
#3894 = CARTESIAN_POINT('',(-6.614849239487,-53.73854645728,
    46.089298792031));
#3895 = CARTESIAN_POINT('',(-5.594265596751,-53.77950075487,
    45.615819742672));
#3896 = CARTESIAN_POINT('',(-4.527026962451,-53.80880278495,
    45.227263857636));
#3897 = CARTESIAN_POINT('',(-3.421738960414,-53.82890103011,
    44.930338517123));
#3898 = CARTESIAN_POINT('',(-2.290000983029,-53.84168274536,
    44.73056965717));
#3899 = CARTESIAN_POINT('',(-1.145005920632,-53.84807287816,
    44.630680137483));
#3900 = CARTESIAN_POINT('',(1.143781811125,-53.84807287757,
    44.63068014677));
#3901 = CARTESIAN_POINT('',(2.287552839733,-53.84169640054,
    44.730356182068));
#3902 = CARTESIAN_POINT('',(3.418109340989,-53.82894200469,
    44.929698187638));
#3903 = CARTESIAN_POINT('',(4.522300635919,-53.80888867015,
    45.225994823007));
#3904 = CARTESIAN_POINT('',(5.588560822015,-53.77965727298,
    45.613744035242));
#3905 = CARTESIAN_POINT('',(6.60830240856,-53.73880893114,
    46.086263354686));
#3906 = CARTESIAN_POINT('',(7.575456877966,-53.68367230327,
    46.637168090969));
#3907 = CARTESIAN_POINT('',(8.907462169194,-53.57753827215,
    47.551005048986));
#3908 = CARTESIAN_POINT('',(9.316915547912,-53.54021035195,
    47.856070694558));
#3909 = CARTESIAN_POINT('',(9.713794223607,-53.49883870139,
    48.176485331912));
#3910 = CARTESIAN_POINT('',(10.097771990824,-53.45309289991,
    48.511866246151));
#3911 = CARTESIAN_POINT('',(10.468588017049,-53.40261687942,
    48.861941424095));
#3912 = CARTESIAN_POINT('',(10.826027911665,-53.34702131754,
    49.226578154734));
#3913 = CARTESIAN_POINT('',(11.169899488055,-53.2858658868,
    49.605826812713));
#3914 = CARTESIAN_POINT('',(11.5,-53.21862317911,50.));
#3915 = ORIENTED_EDGE('',*,*,#3916,.T.);
#3916 = EDGE_CURVE('',#3882,#3917,#3919,.T.);
#3917 = VERTEX_POINT('',#3918);
#3918 = CARTESIAN_POINT('',(49.583104529648,-35.26416136191,
    2.470971174259));
#3919 = B_SPLINE_CURVE_WITH_KNOTS('',4,(#3920,#3921,#3922,#3923,#3924),
  .UNSPECIFIED.,.F.,.F.,(5,5),(0.,1.),.PIECEWISE_BEZIER_KNOTS.);
#3920 = CARTESIAN_POINT('',(11.5,-53.21862317911,50.));
#3921 = CARTESIAN_POINT('',(16.771439373358,-56.06007083712,
    33.343584483278));
#3922 = CARTESIAN_POINT('',(26.393921729559,-51.08063827474,
    19.287387837674));
#3923 = CARTESIAN_POINT('',(37.790973515292,-43.84937041347,
    9.365096453475));
#3924 = CARTESIAN_POINT('',(49.583104529648,-35.26416136191,
    2.470971174259));
#3925 = ORIENTED_EDGE('',*,*,#3926,.F.);
#3926 = EDGE_CURVE('',#31,#3917,#3927,.T.);
#3927 = B_SPLINE_CURVE_WITH_KNOTS('',1,(#3928,#3929),.UNSPECIFIED.,.F.,
  .F.,(2,2),(0.,99.166209059297),.PIECEWISE_BEZIER_KNOTS.);
#3928 = CARTESIAN_POINT('',(-49.58310452964,-35.26416136191,
    2.470971174259));
#3929 = CARTESIAN_POINT('',(49.583104529648,-35.26416136191,
    2.470971174259));
#3930 = ORIENTED_EDGE('',*,*,#88,.T.);
#3931 = ORIENTED_EDGE('',*,*,#3932,.F.);
#3932 = EDGE_CURVE('',#3933,#89,#3935,.T.);
#3933 = VERTEX_POINT('',#3934);
#3934 = CARTESIAN_POINT('',(-10.40568574674,-53.89749009958,
    43.733456983982));
#3935 = B_SPLINE_CURVE_WITH_KNOTS('',8,(#3936,#3937,#3938,#3939,#3940,
    #3941,#3942,#3943,#3944,#3945,#3946,#3947,#3948,#3949,#3950,#3951,
    #3952,#3953,#3954,#3955,#3956,#3957,#3958,#3959,#3960,#3961,#3962,
    #3963,#3964,#3965,#3966,#3967,#3968,#3969,#3970,#3971,#3972,#3973,
    #3974,#3975,#3976,#3977,#3978,#3979),.UNSPECIFIED.,.F.,.F.,(9,7,7,7,
    7,7,9),(0.,0.248166045605,0.499996016296,0.961302863045,
    0.981064083427,0.990284125322,1.),.UNSPECIFIED.);
#3936 = CARTESIAN_POINT('',(-10.40568574674,-53.89749009958,
    43.733456983994));
#3937 = CARTESIAN_POINT('',(-9.865837916325,-53.91380807285,
    43.380094208008));
#3938 = CARTESIAN_POINT('',(-9.30715314526,-53.92648178322,
    43.044329505351));
#3939 = CARTESIAN_POINT('',(-8.729976591446,-53.93594700508,
    42.727383145607));
#3940 = CARTESIAN_POINT('',(-8.1348504229,-53.94265438481,
    42.430588601846));
#3941 = CARTESIAN_POINT('',(-7.522551610351,-53.94706862767,
    42.155355210283));
#3942 = CARTESIAN_POINT('',(-6.894131290916,-53.9496572622,
    41.903113936763));
#3943 = CARTESIAN_POINT('',(-6.250935440849,-53.95087161549,
    41.675249309637));
#3944 = CARTESIAN_POINT('',(-4.928547411277,-53.95137735703,
    41.267806141195));
#3945 = CARTESIAN_POINT('',(-4.248958092974,-53.95064011777,
    41.088988464203));
#3946 = CARTESIAN_POINT('',(-3.557519990799,-53.94934033252,
    40.937886250178));
#3947 = CARTESIAN_POINT('',(-2.856218936265,-53.94786526523,
    40.81568372382));
#3948 = CARTESIAN_POINT('',(-2.147310215696,-53.94653450139,
    40.723351657353));
#3949 = CARTESIAN_POINT('',(-1.433254832402,-53.94557279704,
    40.661570524458));
#3950 = CARTESIAN_POINT('',(-0.716625391414,-53.94509189406,
    40.630680139916));
#3951 = CARTESIAN_POINT('',(1.312727952379,-53.94509189416,
    40.630680146231));
#3952 = CARTESIAN_POINT('',(2.625483178507,-53.94670601546,
    40.734335644938));
#3953 = CARTESIAN_POINT('',(3.922367273308,-53.94993042703,
    40.941645453884));
#3954 = CARTESIAN_POINT('',(5.187589061236,-53.95351911266,
    41.248788406073));
#3955 = CARTESIAN_POINT('',(6.407646768971,-53.95490139718,
    41.64802651632));
#3956 = CARTESIAN_POINT('',(7.57321932098,-53.95100477448,
    42.129900159911));
#3957 = CARTESIAN_POINT('',(8.678312718404,-53.93881154273,
    42.685017919272));
#3958 = CARTESIAN_POINT('',(9.764199259312,-53.91445568516,
    43.33150507895));
#3959 = CARTESIAN_POINT('',(9.808688193685,-53.91343471306,
    43.35818040839));
#3960 = CARTESIAN_POINT('',(9.853059971165,-53.91239302842,
    43.384974138172));
#3961 = CARTESIAN_POINT('',(9.897314344995,-53.91133040618,
    43.411885616686));
#3962 = CARTESIAN_POINT('',(9.941451077049,-53.91024662183,
    43.438914196151));
#3963 = CARTESIAN_POINT('',(9.985469937843,-53.90914145141,
    43.466059232619));
#3964 = CARTESIAN_POINT('',(10.029370706525,-53.90801467149,
    43.493320085975));
#3965 = CARTESIAN_POINT('',(10.093580864507,-53.90633014833,
    43.533469024396));
#3966 = CARTESIAN_POINT('',(10.113982258488,-53.90578949907,
    43.546266661172));
#3967 = CARTESIAN_POINT('',(10.134357334592,-53.90524408925,
    43.559088963895));
#3968 = CARTESIAN_POINT('',(10.154706074996,-53.90469389667,
    43.57193586643));
#3969 = CARTESIAN_POINT('',(10.175028462282,-53.90413889919,
    43.584807302878));
#3970 = CARTESIAN_POINT('',(10.19532447944,-53.90357907468,
    43.597703207572));
#3971 = CARTESIAN_POINT('',(10.215594109869,-53.90301440105,
    43.610623515077));
#3972 = CARTESIAN_POINT('',(10.25716919939,-53.90184468263,
    43.637208938737));
#3973 = CARTESIAN_POINT('',(10.278472589332,-53.90123907517,
    43.650877288305));
#3974 = CARTESIAN_POINT('',(10.299747164385,-53.90062801765,
    43.664572925206));
#3975 = CARTESIAN_POINT('',(10.320992723577,-53.90001148938,
    43.678295658516));
#3976 = CARTESIAN_POINT('',(10.342209207778,-53.89938946524,
    43.69204539007));
#3977 = CARTESIAN_POINT('',(10.363396699697,-53.89876191566,
    43.705822114468));
#3978 = CARTESIAN_POINT('',(10.384555423887,-53.89812880659,
    43.719625919068));
#3979 = CARTESIAN_POINT('',(10.40568574674,-53.89749009958,
    43.733456983994));
#3980 = ORIENTED_EDGE('',*,*,#3981,.F.);
#3981 = EDGE_CURVE('',#3865,#3933,#3982,.T.);
#3982 = B_SPLINE_CURVE_WITH_KNOTS('',7,(#3983,#3984,#3985,#3986,#3987,
    #3988,#3989,#3990,#3991,#3992,#3993,#3994,#3995,#3996,#3997,#3998,
    #3999,#4000,#4001,#4002,#4003,#4004,#4005,#4006,#4007,#4008,#4009,
    #4010,#4011,#4012,#4013,#4014,#4015,#4016,#4017,#4018,#4019,#4020,
    #4021,#4022,#4023,#4024,#4025,#4026,#4027,#4028,#4029,#4030,#4031,
    #4032,#4033,#4034,#4035,#4036,#4037,#4038,#4039,#4040,#4041,#4042,
    #4043,#4044,#4045,#4046,#4047,#4048,#4049,#4050,#4051,#4052,#4053,
    #4054,#4055,#4056,#4057,#4058,#4059,#4060,#4061,#4062,#4063,#4064,
    #4065,#4066,#4067,#4068,#4069,#4070,#4071,#4072,#4073,#4074,#4075,
    #4076,#4077,#4078,#4079,#4080),.UNSPECIFIED.,.F.,.F.,(8,6,6,6,6,6,6,
    6,6,6,6,6,6,6,6,6,8),(0.,7.058344828974E-02,0.141077107037,
    0.211671098835,0.282206476551,0.352998267727,0.423624156237,
    0.494540175876,0.565333954304,0.619117883096,0.672999140504,
    0.727005548859,0.781171706921,0.835539969346,0.890156985825,
    0.945069299563,1.),.UNSPECIFIED.);
#3983 = CARTESIAN_POINT('',(-45.32349873947,-35.26416136191,
    2.470971174259));
#3984 = CARTESIAN_POINT('',(-44.89670849956,-35.59229823272,
    2.734472819435));
#3985 = CARTESIAN_POINT('',(-44.47051057129,-35.91832572966,
    3.001541114993));
#3986 = CARTESIAN_POINT('',(-44.04494997847,-36.24221895789,
    3.27219670247));
#3987 = CARTESIAN_POINT('',(-43.62007184886,-36.56395115477,
    3.546458590636));
#3988 = CARTESIAN_POINT('',(-43.19592089831,-36.88349380505,
    3.824344337366));
#3989 = CARTESIAN_POINT('',(-42.77254091483,-37.20081675622,
    4.105870231504));
#3990 = CARTESIAN_POINT('',(-41.9279451629,-37.83055913989,
    4.675869965346));
#3991 = CARTESIAN_POINT('',(-41.50672564367,-38.142984498,4.964334714504
    ));
#3992 = CARTESIAN_POINT('',(-41.08636521716,-38.45313202271,
    5.256460058975));
#3993 = CARTESIAN_POINT('',(-40.66689265489,-38.76097014042,
    5.552261575255));
#3994 = CARTESIAN_POINT('',(-40.24837026005,-39.06646169383,
    5.851749871974));
#3995 = CARTESIAN_POINT('',(-39.83082517088,-39.36957195919,
    6.154938538242));
#3996 = CARTESIAN_POINT('',(-38.9971916675,-39.97138061196,
    6.769174442659));
#3997 = CARTESIAN_POINT('',(-38.58110489546,-40.27007219669,
    7.080232350403));
#3998 = CARTESIAN_POINT('',(-38.16609227069,-40.56629831988,
    7.395022335637));
#3999 = CARTESIAN_POINT('',(-37.75218469572,-40.86002011958,
    7.713555767715));
#4000 = CARTESIAN_POINT('',(-37.33944783085,-41.15119388452,
    8.035839576722));
#4001 = CARTESIAN_POINT('',(-36.92790188866,-41.43977829331,
    8.361884521654));
#4002 = CARTESIAN_POINT('',(-36.10764630346,-42.01143801815,
    9.021235248069));
#4003 = CARTESIAN_POINT('',(-35.69893301259,-42.29451784821,
    9.354534903175));
#4004 = CARTESIAN_POINT('',(-35.29150490864,-42.57492152653,
    9.691603697697));
#4005 = CARTESIAN_POINT('',(-34.88541170223,-42.85260175012,
    10.032447910915));
#4006 = CARTESIAN_POINT('',(-34.48069885675,-43.12750961894,
    10.377073328478));
#4007 = CARTESIAN_POINT('',(-34.07740784103,-43.39959458432,
    10.725485231348));
#4008 = CARTESIAN_POINT('',(-33.27231088843,-43.93899117509,
    11.431169759806));
#4009 = CARTESIAN_POINT('',(-32.87051479456,-44.20628182377,
    11.788469934538));
#4010 = CARTESIAN_POINT('',(-32.47024974872,-44.47062209211,
    12.149591915422));
#4011 = CARTESIAN_POINT('',(-32.07156484901,-44.73195640666,
    12.514538650811));
#4012 = CARTESIAN_POINT('',(-31.67450997742,-44.99022703319,
    12.883311968721));
#4013 = CARTESIAN_POINT('',(-31.2791357999,-45.24537407668,
    13.255912576825));
#4014 = CARTESIAN_POINT('',(-30.4927743441,-45.74870644279,
    14.00788545933));
#4015 = CARTESIAN_POINT('',(-30.10177951538,-45.99690658891,
    14.387239576592));
#4016 = CARTESIAN_POINT('',(-29.71256109488,-46.24187422801,
    14.770402014875));
#4017 = CARTESIAN_POINT('',(-29.32517207,-46.48354536713,15.157370803617
    ));
#4018 = CARTESIAN_POINT('',(-28.93966660078,-46.72185371211,
    15.548142401061));
#4019 = CARTESIAN_POINT('',(-28.55610001993,-46.95673066756,
    15.942711694256));
#4020 = CARTESIAN_POINT('',(-27.79139008992,-47.42043044952,
    16.741068734486));
#4021 = CARTESIAN_POINT('',(-27.41026316695,-47.64922443287,
    17.144887338488));
#4022 = CARTESIAN_POINT('',(-27.03120529466,-47.8744154295,
    17.55252108478));
#4023 = CARTESIAN_POINT('',(-26.65427510398,-48.09592921495,
    17.963960930458));
#4024 = CARTESIAN_POINT('',(-26.279532626,-48.31368919783,
    18.379195515996));
#4025 = CARTESIAN_POINT('',(-25.90703929198,-48.52761641977,
    18.798211165247));
#4026 = CARTESIAN_POINT('',(-25.16731475833,-48.94728074741,
    19.643043880852));
#4027 = CARTESIAN_POINT('',(-24.80007562028,-49.15303129784,
    20.068847656869));
#4028 = CARTESIAN_POINT('',(-24.435202087,-49.35480044788,
    20.498387078565));
#4029 = CARTESIAN_POINT('',(-24.07275775495,-49.55250503264,
    20.93164311416));
#4030 = CARTESIAN_POINT('',(-23.71280783188,-49.74605965775,
    21.368593582316));
#4031 = CARTESIAN_POINT('',(-23.35541871941,-49.93537687591,
    21.809212899437));
#4032 = CARTESIAN_POINT('',(-22.73113610416,-50.26090959964,
    22.590987249534));
#4033 = CARTESIAN_POINT('',(-22.46313141142,-50.39895449379,
    22.930603339837));
#4034 = CARTESIAN_POINT('',(-22.196674368,-50.53446290351,
    23.272307343201));
#4035 = CARTESIAN_POINT('',(-21.93179101035,-50.66739487907,
    23.616084699684));
#4036 = CARTESIAN_POINT('',(-21.6685208006,-50.7977104434,
    23.961921080421));
#4037 = CARTESIAN_POINT('',(-21.40688387635,-50.92536810392,
    24.309797913944));
#4038 = CARTESIAN_POINT('',(-20.88647893066,-51.17551175064,
    25.010230543358));
#4039 = CARTESIAN_POINT('',(-20.62771557382,-51.29798793646,
    25.362793321879));
#4040 = CARTESIAN_POINT('',(-20.37065781631,-51.41771375809,
    25.717367507533));
#4041 = CARTESIAN_POINT('',(-20.1153371181,-51.53464721741,
    26.07393283644));
#4042 = CARTESIAN_POINT('',(-19.86178520369,-51.64874601203,
    26.432467282575));
#4043 = CARTESIAN_POINT('',(-19.61003406208,-51.75996753529,
    26.792947057764));
#4044 = CARTESIAN_POINT('',(-19.10961734286,-51.9768217635,
    27.518587919956));
#4045 = CARTESIAN_POINT('',(-18.86096019511,-52.0824410762,
    27.88375779863));
#4046 = CARTESIAN_POINT('',(-18.61417700065,-52.18508356604,
    28.25083050628));
#4047 = CARTESIAN_POINT('',(-18.36930033373,-52.2847060561,
    28.619778245782));
#4048 = CARTESIAN_POINT('',(-18.12636284567,-52.38126544079,
    28.990571164315));
#4049 = CARTESIAN_POINT('',(-17.88539726497,-52.47471868585,
    29.363177353365));
#4050 = CARTESIAN_POINT('',(-17.40676868964,-52.65559408182,
    30.113055769899));
#4051 = CARTESIAN_POINT('',(-17.16911743904,-52.74299782524,
    30.490338436074));
#4052 = CARTESIAN_POINT('',(-16.93351577372,-52.82719067505,
    30.869376547357));
#4053 = CARTESIAN_POINT('',(-16.69999663482,-52.90812982202,
    31.250133513281));
#4054 = CARTESIAN_POINT('',(-16.46859277627,-52.98577303133,
    31.632570452799));
#4055 = CARTESIAN_POINT('',(-16.23933676481,-53.06007864251,
    32.01664619429));
#4056 = CARTESIAN_POINT('',(-15.78433805389,-53.20219714689,
    32.789427440269));
#4057 = CARTESIAN_POINT('',(-15.55861039687,-53.26998515769,
    33.178145239362));
#4058 = CARTESIAN_POINT('',(-15.33511091535,-53.33432793545,
    33.568426251958));
#4059 = CARTESIAN_POINT('',(-15.11387195378,-53.39518503652,
    33.960223665115));
#4060 = CARTESIAN_POINT('',(-14.89492529471,-53.45251724002,
    34.353488273818));
#4061 = CARTESIAN_POINT('',(-14.67830215871,-53.50628654785,
    34.748168480988));
#4062 = CARTESIAN_POINT('',(-14.24878387911,-53.6068553659,
    35.542064137507));
#4063 = CARTESIAN_POINT('',(-14.03591007495,-53.65362220076,
    35.941292194627));
#4064 = CARTESIAN_POINT('',(-13.82544285627,-53.69671940375,
    36.341839640522));
#4065 = CARTESIAN_POINT('',(-13.61741224553,-53.73611161959,
    36.743649432954));
#4066 = CARTESIAN_POINT('',(-13.4118472233,-53.7717654232,
    37.146662315761));
#4067 = CARTESIAN_POINT('',(-13.20877572829,-53.80364931973,
    37.550816818857));
#4068 = CARTESIAN_POINT('',(-12.80658925797,-53.85997002306,
    38.363472657527));
#4069 = CARTESIAN_POINT('',(-12.60750136898,-53.88436594786,
    38.771985980836));
#4070 = CARTESIAN_POINT('',(-12.41098833016,-53.90489151141,
    39.181524369927));
#4071 = CARTESIAN_POINT('',(-12.21707592718,-53.92151931834,
    39.592021304782));
#4072 = CARTESIAN_POINT('',(-12.0257883916,-53.93422458549,
    40.003408603589));
#4073 = CARTESIAN_POINT('',(-11.83714840083,-53.94298514183,
    40.415616422748));
#4074 = CARTESIAN_POINT('',(-11.4651434693,-53.952579343,41.241668356949
    ));
#4075 = CARTESIAN_POINT('',(-11.28178009683,-53.95341053873,
    41.65551347617));
#4076 = CARTESIAN_POINT('',(-11.10110807471,-53.95025553342,
    42.070036914475));
#4077 = CARTESIAN_POINT('',(-10.92314651627,-53.94309788033,
    42.485166318275));
#4078 = CARTESIAN_POINT('',(-10.7479125342,-53.93192416821,
    42.900828680444));
#4079 = CARTESIAN_POINT('',(-10.57542124058,-53.91672402137,
    43.316950340326));
#4080 = CARTESIAN_POINT('',(-10.40568574685,-53.89749009959,
    43.733456983727));
#4081 = B_SPLINE_SURFACE_WITH_KNOTS('',4,1,(
    (#4082,#4083)
    ,(#4084,#4085)
    ,(#4086,#4087)
    ,(#4088,#4089)
    ,(#4090,#4091
    )),.UNSPECIFIED.,.F.,.F.,.F.,(5,5),(2,2),(0.,1.),(0.,99.166209059297
    ),.PIECEWISE_BEZIER_KNOTS.);
#4082 = CARTESIAN_POINT('',(-49.58310452964,-35.26416136191,
    2.470971174259));
#4083 = CARTESIAN_POINT('',(49.583104529648,-35.26416136191,
    2.470971174259));
#4084 = CARTESIAN_POINT('',(-37.79097351528,-43.84937041347,
    9.365096453496));
#4085 = CARTESIAN_POINT('',(37.790973515292,-43.84937041347,
    9.365096453475));
#4086 = CARTESIAN_POINT('',(-26.39392172958,-51.08063827473,
    19.287387837623));
#4087 = CARTESIAN_POINT('',(26.393921729559,-51.08063827474,
    19.287387837674));
#4088 = CARTESIAN_POINT('',(-16.77143937334,-56.06007083712,
    33.343584483312));
#4089 = CARTESIAN_POINT('',(16.771439373358,-56.06007083712,
    33.343584483278));
#4090 = CARTESIAN_POINT('',(-11.5,-53.21862317911,49.999999999999));
#4091 = CARTESIAN_POINT('',(11.5,-53.21862317911,50.));
#4092 = ADVANCED_FACE('',(#4093),#4203,.T.);
#4093 = FACE_BOUND('',#4094,.T.);
#4094 = EDGE_LOOP('',(#4095,#4104,#4109,#4110,#4117,#4132,#4174));
#4095 = ORIENTED_EDGE('',*,*,#4096,.F.);
#4096 = EDGE_CURVE('',#4097,#4099,#4101,.T.);
#4097 = VERTEX_POINT('',#4098);
#4098 = CARTESIAN_POINT('',(36.050876187305,-49.58356103774,
    -36.37828710195));
#4099 = VERTEX_POINT('',#4100);
#4100 = CARTESIAN_POINT('',(40.143045501443,-43.26416136191,
    -31.03201889742));
#4101 = B_SPLINE_CURVE_WITH_KNOTS('',1,(#4102,#4103),.UNSPECIFIED.,.F.,
  .F.,(2,2),(0.,35.80070496095),.PIECEWISE_BEZIER_KNOTS.);
#4102 = CARTESIAN_POINT('',(36.050876187305,-49.58356103774,
    -36.37828710195));
#4103 = CARTESIAN_POINT('',(45.323498739478,-35.26416136191,
    -24.26394790489));
#4104 = ORIENTED_EDGE('',*,*,#4105,.T.);
#4105 = EDGE_CURVE('',#4097,#24,#4106,.T.);
#4106 = B_SPLINE_CURVE_WITH_KNOTS('',1,(#4107,#4108),.UNSPECIFIED.,.F.,
  .F.,(2,2),(0.,18.857276819198),.PIECEWISE_BEZIER_KNOTS.);
#4107 = CARTESIAN_POINT('',(36.050876187305,-49.58356103774,
    -36.37828710195));
#4108 = CARTESIAN_POINT('',(36.050876187305,-60.59360939225,
    -21.0689525551));
#4109 = ORIENTED_EDGE('',*,*,#30,.T.);
#4110 = ORIENTED_EDGE('',*,*,#4111,.F.);
#4111 = EDGE_CURVE('',#4112,#31,#4114,.T.);
#4112 = VERTEX_POINT('',#4113);
#4113 = CARTESIAN_POINT('',(45.323498739478,-35.26416136191,
    -9.263947904896));
#4114 = B_SPLINE_CURVE_WITH_KNOTS('',1,(#4115,#4116),.UNSPECIFIED.,.F.,
  .F.,(2,2),(0.,26.734919079155),.PIECEWISE_BEZIER_KNOTS.);
#4115 = CARTESIAN_POINT('',(45.323498739478,-35.26416136191,
    -24.26394790489));
#4116 = CARTESIAN_POINT('',(45.323498739478,-35.26416136191,
    2.470971174259));
#4117 = ORIENTED_EDGE('',*,*,#4118,.F.);
#4118 = EDGE_CURVE('',#4119,#4112,#4121,.T.);
#4119 = VERTEX_POINT('',#4120);
#4120 = CARTESIAN_POINT('',(42.879358713449,-41.26416136191,
    -9.263947904896));
#4121 = B_SPLINE_CURVE_WITH_KNOTS('',5,(#4122,#4123,#4124,#4125,#4126,
    #4127,#4128,#4129,#4130,#4131),.UNSPECIFIED.,.F.,.F.,(6,4,6),(0.,
    3.149119211998E-02,1.),.UNSPECIFIED.);
#4122 = CARTESIAN_POINT('',(42.879358713449,-41.26416136191,
    -9.263947904896));
#4123 = CARTESIAN_POINT('',(42.894019730713,-41.22413282926,
    -9.263947904896));
#4124 = CARTESIAN_POINT('',(42.908693222613,-41.18413847763,
    -9.263947904896));
#4125 = CARTESIAN_POINT('',(42.923378839854,-41.14417922946,
    -9.263947904896));
#4126 = CARTESIAN_POINT('',(42.938076532006,-41.10425519021,
    -9.263947904896));
#4127 = CARTESIAN_POINT('',(43.405191763715,-39.83756634299,
    -9.263947904896));
#4128 = CARTESIAN_POINT('',(43.869156681366,-38.64366018854,
    -9.263947904896));
#4129 = CARTESIAN_POINT('',(44.344038559574,-37.48343916047,
    -9.263947904896));
#4130 = CARTESIAN_POINT('',(44.829085066275,-36.35704194019,
    -9.263947904896));
#4131 = CARTESIAN_POINT('',(45.323498739478,-35.26416136191,
    -9.263947904896));
#4132 = ORIENTED_EDGE('',*,*,#4133,.F.);
#4133 = EDGE_CURVE('',#4134,#4119,#4136,.T.);
#4134 = VERTEX_POINT('',#4135);
#4135 = CARTESIAN_POINT('',(42.17105638292,-43.26416136191,
    -9.263947904896));
#4136 = B_SPLINE_CURVE_WITH_KNOTS('',8,(#4137,#4138,#4139,#4140,#4141,
    #4142,#4143,#4144,#4145,#4146,#4147,#4148,#4149,#4150,#4151,#4152,
    #4153,#4154,#4155,#4156,#4157,#4158,#4159,#4160,#4161,#4162,#4163,
    #4164,#4165,#4166,#4167,#4168,#4169,#4170,#4171,#4172,#4173),
  .UNSPECIFIED.,.F.,.F.,(9,7,7,7,7,9),(0.,0.173647951011,0.633472759225,
    0.822888445822,0.910993301622,1.),.UNSPECIFIED.);
#4137 = CARTESIAN_POINT('',(42.17105638292,-43.26416136191,
    -9.263947904896));
#4138 = CARTESIAN_POINT('',(42.17579399928,-43.2503246665,
    -9.263947904896));
#4139 = CARTESIAN_POINT('',(42.189316560612,-43.21083767754,
    -9.263947904896));
#4140 = CARTESIAN_POINT('',(42.205842456254,-43.16263540016,
    -9.263947904896));
#4141 = CARTESIAN_POINT('',(42.221871903018,-43.11605210831,
    -9.263947904896));
#4142 = CARTESIAN_POINT('',(42.235799616933,-43.07561560629,
    -9.263947904896));
#4143 = CARTESIAN_POINT('',(42.24793629492,-43.04043181583,
    -9.263947904896));
#4144 = CARTESIAN_POINT('',(42.260150810577,-43.0050403601,
    -9.263947904896));
#4145 = CARTESIAN_POINT('',(42.31717170442,-42.84018786105,
    -9.263947904896));
#4146 = CARTESIAN_POINT('',(42.358660709819,-42.72078656783,
    -9.263947904896));
#4147 = CARTESIAN_POINT('',(42.400248097114,-42.6016476818,
    -9.263947904896));
#4148 = CARTESIAN_POINT('',(42.44193352739,-42.48277185505,
    -9.263947904896));
#4149 = CARTESIAN_POINT('',(42.48371665574,-42.36415971968,
    -9.263947904896));
#4150 = CARTESIAN_POINT('',(42.525597131272,-42.2458118878,
    -9.263947904896));
#4151 = CARTESIAN_POINT('',(42.567574597101,-42.12772895157,
    -9.263947904896));
#4152 = CARTESIAN_POINT('',(42.626980276475,-41.96137891973,
    -9.263947904896));
#4153 = CARTESIAN_POINT('',(42.644328258989,-41.91289140252,
    -9.263947904896));
#4154 = CARTESIAN_POINT('',(42.661692612555,-41.86444897151,
    -9.263947904896));
#4155 = CARTESIAN_POINT('',(42.679073311665,-41.81605166607,
    -9.263947904896));
#4156 = CARTESIAN_POINT('',(42.696470330651,-41.767699525,
    -9.263947904896));
#4157 = CARTESIAN_POINT('',(42.713883643685,-41.7193925865,
    -9.263947904896));
#4158 = CARTESIAN_POINT('',(42.731313224778,-41.67113088818,
    -9.263947904896));
#4159 = CARTESIAN_POINT('',(42.756873801884,-41.60048706993,
    -9.263947904896));
#4160 = CARTESIAN_POINT('',(42.764988553775,-41.57807918686,
    -9.263947904896));
#4161 = CARTESIAN_POINT('',(42.773103303459,-41.55569078473,
    -9.263947904896));
#4162 = CARTESIAN_POINT('',(42.781218050941,-41.53332183047,
    -9.263947904896));
#4163 = CARTESIAN_POINT('',(42.789332796225,-41.51097229113,
    -9.263947904896));
#4164 = CARTESIAN_POINT('',(42.797447539316,-41.48864213382,
    -9.263947904896));
#4165 = CARTESIAN_POINT('',(42.805562280219,-41.46633132576,
    -9.263947904896));
#4166 = CARTESIAN_POINT('',(42.821874820243,-41.42152016671,
    -9.263947904896));
#4167 = CARTESIAN_POINT('',(42.830076151066,-41.39901051096,
    -9.263947904896));
#4168 = CARTESIAN_POINT('',(42.838281033118,-41.37651080404,
    -9.263947904896));
#4169 = CARTESIAN_POINT('',(42.846489477277,-41.35402101249,
    -9.263947904896));
#4170 = CARTESIAN_POINT('',(42.854701483588,-41.3315411323,
    -9.263947904896));
#4171 = CARTESIAN_POINT('',(42.862917041269,-41.30907118893,
    -9.263947904896));
#4172 = CARTESIAN_POINT('',(42.871136128704,-41.28661123734,
    -9.263947904896));
#4173 = CARTESIAN_POINT('',(42.879358713449,-41.26416136191,
    -9.263947904896));
#4174 = ORIENTED_EDGE('',*,*,#4175,.T.);
#4175 = EDGE_CURVE('',#4134,#4099,#4176,.T.);
#4176 = B_SPLINE_CURVE_WITH_KNOTS('',7,(#4177,#4178,#4179,#4180,#4181,
    #4182,#4183,#4184,#4185,#4186,#4187,#4188,#4189,#4190,#4191,#4192,
    #4193,#4194,#4195,#4196,#4197,#4198,#4199,#4200,#4201,#4202),
  .UNSPECIFIED.,.F.,.F.,(8,6,6,6,8),(0.,1.370656714875E-02,
    0.421152965408,0.845021378862,1.),.UNSPECIFIED.);
#4177 = CARTESIAN_POINT('',(42.17105638292,-43.26416136191,
    -9.263947904896));
#4178 = CARTESIAN_POINT('',(42.169481067275,-43.26416136191,
    -9.292034720568));
#4179 = CARTESIAN_POINT('',(42.167096947252,-43.26416136191,
    -9.334509557329));
#4180 = CARTESIAN_POINT('',(42.164509476538,-43.26416136191,
    -9.380509667526));
#4181 = CARTESIAN_POINT('',(42.162064627832,-43.26416136191,
    -9.423858522027));
#4182 = CARTESIAN_POINT('',(42.159855589831,-43.26416136191,
    -9.46297214306));
#4183 = CARTESIAN_POINT('',(42.157717449936,-43.26416136191,
    -9.500788442428));
#4184 = CARTESIAN_POINT('',(42.081309390084,-43.26416136191,
    -10.84929168104));
#4185 = CARTESIAN_POINT('',(42.0034312317,-43.26416136191,-12.1515238895
    ));
#4186 = CARTESIAN_POINT('',(41.921225818389,-43.26416136191,
    -13.45107352695));
#4187 = CARTESIAN_POINT('',(41.834269861047,-43.26416136191,
    -14.74753011653));
#4188 = CARTESIAN_POINT('',(41.742076532876,-43.26416136191,
    -16.04036447255));
#4189 = CARTESIAN_POINT('',(41.644077872317,-43.26416136191,
    -17.32891663136));
#4190 = CARTESIAN_POINT('',(41.430911721463,-43.26416136191,
    -19.94757093562));
#4191 = CARTESIAN_POINT('',(41.315221177839,-43.26416136191,
    -21.27713576159));
#4192 = CARTESIAN_POINT('',(41.191763926074,-43.26416136191,
    -22.60026255119));
#4193 = CARTESIAN_POINT('',(41.059668262027,-43.26416136191,
    -23.91574250891));
#4194 = CARTESIAN_POINT('',(40.917931293122,-43.26416136191,
    -25.22194569394));
#4195 = CARTESIAN_POINT('',(40.765398009244,-43.26416136191,
    -26.51680156869));
#4196 = CARTESIAN_POINT('',(40.540541185053,-43.26416136191,
    -28.26614755891));
#4197 = CARTESIAN_POINT('',(40.478720189659,-43.26416136191,
    -28.73264267627));
#4198 = CARTESIAN_POINT('',(40.41521706214,-43.26416136191,
    -29.19713831954));
#4199 = CARTESIAN_POINT('',(40.349966133857,-43.26416136191,
    -29.65948956865));
#4200 = CARTESIAN_POINT('',(40.282899977015,-43.26416136191,
    -30.11953740658));
#4201 = CARTESIAN_POINT('',(40.213949743121,-43.26416136191,
    -30.5771091529));
#4202 = CARTESIAN_POINT('',(40.143045501443,-43.26416136191,
    -31.03201889742));
#4203 = B_SPLINE_SURFACE_WITH_KNOTS('',1,1,(
    (#4204,#4205)
    ,(#4206,#4207
    )),.UNSPECIFIED.,.F.,.F.,.F.,(2,2),(2,2),(0.,26.734919079155),(0.,
    35.80070496095),.PIECEWISE_BEZIER_KNOTS.);
#4204 = CARTESIAN_POINT('',(36.050876187305,-49.58356103774,
    -36.37828710195));
#4205 = CARTESIAN_POINT('',(45.323498739478,-35.26416136191,
    -24.26394790489));
#4206 = CARTESIAN_POINT('',(36.050876187305,-60.59360939225,
    -21.0689525551));
#4207 = CARTESIAN_POINT('',(45.323498739478,-35.26416136191,
    2.470971174259));
#4208 = ADVANCED_FACE('',(#4209,#4312,#4323),#4334,.T.);
#4209 = FACE_BOUND('',#4210,.T.);
#4210 = EDGE_LOOP('',(#4211,#4218,#4223,#4224,#4232,#4240,#4248,#4256,
    #4264,#4272,#4280,#4288,#4296,#4304,#4310,#4311));
#4211 = ORIENTED_EDGE('',*,*,#4212,.F.);
#4212 = EDGE_CURVE('',#4213,#4097,#4215,.T.);
#4213 = VERTEX_POINT('',#4214);
#4214 = CARTESIAN_POINT('',(-36.0508761873,-49.58356103774,
    -36.37828710195));
#4215 = B_SPLINE_CURVE_WITH_KNOTS('',1,(#4216,#4217),.UNSPECIFIED.,.F.,
  .F.,(2,2),(0.,72.101752374611),.PIECEWISE_BEZIER_KNOTS.);
#4216 = CARTESIAN_POINT('',(-36.0508761873,-49.58356103774,
    -36.37828710195));
#4217 = CARTESIAN_POINT('',(36.050876187305,-49.58356103774,
    -36.37828710195));
#4218 = ORIENTED_EDGE('',*,*,#4219,.T.);
#4219 = EDGE_CURVE('',#4213,#3220,#4220,.T.);
#4220 = B_SPLINE_CURVE_WITH_KNOTS('',1,(#4221,#4222),.UNSPECIFIED.,.F.,
  .F.,(2,2),(0.,26.734919079155),.PIECEWISE_BEZIER_KNOTS.);
#4221 = CARTESIAN_POINT('',(-36.0508761873,-49.58356103774,
    -36.37828710195));
#4222 = CARTESIAN_POINT('',(-36.0508761873,-60.59360939225,
    -21.0689525551));
#4223 = ORIENTED_EDGE('',*,*,#3226,.T.);
#4224 = ORIENTED_EDGE('',*,*,#4225,.T.);
#4225 = EDGE_CURVE('',#3227,#4226,#4228,.T.);
#4226 = VERTEX_POINT('',#4227);
#4227 = CARTESIAN_POINT('',(-23.07754548259,-60.15228505144,
    -21.68260853186));
#4228 = LINE('',#4229,#4230);
#4229 = CARTESIAN_POINT('',(-16.09636140299,-76.50042253079,
    1.049272185682));
#4230 = VECTOR('',#4231,1.);
#4231 = DIRECTION('',(-0.2419218956,0.566518854599,-0.787737382516));
#4232 = ORIENTED_EDGE('',*,*,#4233,.T.);
#4233 = EDGE_CURVE('',#4226,#4234,#4236,.T.);
#4234 = VERTEX_POINT('',#4235);
#4235 = CARTESIAN_POINT('',(-22.45915435623,-58.63424371408,
    -23.79342602706));
#4236 = LINE('',#4237,#4238);
#4237 = CARTESIAN_POINT('',(-23.07754548259,-60.15228505144,
    -21.68260853186));
#4238 = VECTOR('',#4239,1.);
#4239 = DIRECTION('',(0.231388054262,0.568016933567,-0.789820442586));
#4240 = ORIENTED_EDGE('',*,*,#4241,.T.);
#4241 = EDGE_CURVE('',#4234,#4242,#4244,.T.);
#4242 = VERTEX_POINT('',#4243);
#4243 = CARTESIAN_POINT('',(-15.45915435623,-58.63424371408,
    -23.79342602706));
#4244 = LINE('',#4245,#4246);
#4245 = CARTESIAN_POINT('',(-22.45915435623,-58.63424371408,
    -23.79342602706));
#4246 = VECTOR('',#4247,1.);
#4247 = DIRECTION('',(1.,2.5E-14,1.8E-14));
#4248 = ORIENTED_EDGE('',*,*,#4249,.T.);
#4249 = EDGE_CURVE('',#4242,#4250,#4252,.T.);
#4250 = VERTEX_POINT('',#4251);
#4251 = CARTESIAN_POINT('',(-12.45915435623,-55.60040749372,
    -28.01193735074));
#4252 = LINE('',#4253,#4254);
#4253 = CARTESIAN_POINT('',(-15.45915435623,-58.63424371408,
    -23.79342602706));
#4254 = VECTOR('',#4255,1.);
#4255 = DIRECTION('',(0.5,0.50563937006,-0.703085220614));
#4256 = ORIENTED_EDGE('',*,*,#4257,.T.);
#4257 = EDGE_CURVE('',#4250,#4258,#4260,.T.);
#4258 = VERTEX_POINT('',#4259);
#4259 = CARTESIAN_POINT('',(-12.45915435623,-54.01048842014,
    -30.22269993924));
#4260 = LINE('',#4261,#4262);
#4261 = CARTESIAN_POINT('',(-12.45915435623,-55.60040749372,
    -28.01193735074));
#4262 = VECTOR('',#4263,1.);
#4263 = DIRECTION('',(1.680056900789E-17,0.583862052834,-0.811852882769)
  );
#4264 = ORIENTED_EDGE('',*,*,#4265,.T.);
#4265 = EDGE_CURVE('',#4258,#4266,#4268,.T.);
#4266 = VERTEX_POINT('',#4267);
#4267 = CARTESIAN_POINT('',(12.459154356236,-54.01048842014,
    -30.22269993924));
#4268 = LINE('',#4269,#4270);
#4269 = CARTESIAN_POINT('',(-12.45915435623,-54.01048842014,
    -30.22269993924));
#4270 = VECTOR('',#4271,1.);
#4271 = DIRECTION('',(1.,2.5E-14,1.8E-14));
#4272 = ORIENTED_EDGE('',*,*,#4273,.T.);
#4273 = EDGE_CURVE('',#4266,#4274,#4276,.T.);
#4274 = VERTEX_POINT('',#4275);
#4275 = CARTESIAN_POINT('',(12.459154356236,-55.60040749372,
    -28.01193735074));
#4276 = LINE('',#4277,#4278);
#4277 = CARTESIAN_POINT('',(12.459154356236,-54.01048842014,
    -30.22269993924));
#4278 = VECTOR('',#4279,1.);
#4279 = DIRECTION('',(-1.680056900789E-17,-0.583862052834,0.811852882769
    ));
#4280 = ORIENTED_EDGE('',*,*,#4281,.T.);
#4281 = EDGE_CURVE('',#4274,#4282,#4284,.T.);
#4282 = VERTEX_POINT('',#4283);
#4283 = CARTESIAN_POINT('',(15.459154356236,-58.63424371408,
    -23.79342602705));
#4284 = LINE('',#4285,#4286);
#4285 = CARTESIAN_POINT('',(12.459154356236,-55.60040749372,
    -28.01193735074));
#4286 = VECTOR('',#4287,1.);
#4287 = DIRECTION('',(0.5,-0.50563937006,0.703085220614));
#4288 = ORIENTED_EDGE('',*,*,#4289,.T.);
#4289 = EDGE_CURVE('',#4282,#4290,#4292,.T.);
#4290 = VERTEX_POINT('',#4291);
#4291 = CARTESIAN_POINT('',(22.459154356236,-58.63424371408,
    -23.79342602705));
#4292 = LINE('',#4293,#4294);
#4293 = CARTESIAN_POINT('',(15.459154356236,-58.63424371408,
    -23.79342602705));
#4294 = VECTOR('',#4295,1.);
#4295 = DIRECTION('',(1.,2.5E-14,1.8E-14));
#4296 = ORIENTED_EDGE('',*,*,#4297,.T.);
#4297 = EDGE_CURVE('',#4290,#4298,#4300,.T.);
#4298 = VERTEX_POINT('',#4299);
#4299 = CARTESIAN_POINT('',(23.0775454826,-60.15228505144,
    -21.68260853185));
#4300 = LINE('',#4301,#4302);
#4301 = CARTESIAN_POINT('',(22.459154356236,-58.63424371408,
    -23.79342602705));
#4302 = VECTOR('',#4303,1.);
#4303 = DIRECTION('',(0.231388054262,-0.568016933567,0.789820442586));
#4304 = ORIENTED_EDGE('',*,*,#4305,.T.);
#4305 = EDGE_CURVE('',#4298,#3298,#4306,.T.);
#4306 = LINE('',#4307,#4308);
#4307 = CARTESIAN_POINT('',(23.0775454826,-60.15228505144,
    -21.68260853185));
#4308 = VECTOR('',#4309,1.);
#4309 = DIRECTION('',(-0.241921895602,-0.566518854599,0.787737382515));
#4310 = ORIENTED_EDGE('',*,*,#3305,.T.);
#4311 = ORIENTED_EDGE('',*,*,#4105,.F.);
#4312 = FACE_BOUND('',#4313,.T.);
#4313 = EDGE_LOOP('',(#4314));
#4314 = ORIENTED_EDGE('',*,*,#4315,.T.);
#4315 = EDGE_CURVE('',#4316,#4316,#4318,.T.);
#4316 = VERTEX_POINT('',#4317);
#4317 = CARTESIAN_POINT('',(-18.69999999999,-56.46423649312,
    -26.81079392999));
#4318 = CIRCLE('',#4319,1.5);
#4319 = AXIS2_PLACEMENT_3D('',#4320,#4321,#4322);
#4320 = CARTESIAN_POINT('',(-18.69999999999,-55.58844341387,
    -28.02857325414));
#4321 = DIRECTION('',(-3.076335883561E-14,-0.811852882769,
    -0.583862052834));
#4322 = DIRECTION('',(-1.11155E-12,-0.583862052834,0.811852882769));
#4323 = FACE_BOUND('',#4324,.T.);
#4324 = EDGE_LOOP('',(#4325));
#4325 = ORIENTED_EDGE('',*,*,#4326,.F.);
#4326 = EDGE_CURVE('',#4327,#4327,#4329,.T.);
#4327 = VERTEX_POINT('',#4328);
#4328 = CARTESIAN_POINT('',(18.699999999995,-56.46423649312,
    -26.81079392999));
#4329 = CIRCLE('',#4330,1.5);
#4330 = AXIS2_PLACEMENT_3D('',#4331,#4332,#4333);
#4331 = CARTESIAN_POINT('',(18.699999999993,-55.58844341387,
    -28.02857325414));
#4332 = DIRECTION('',(-3.186664116439E-14,0.811852882769,0.583862052834)
  );
#4333 = DIRECTION('',(1.112E-12,-0.583862052834,0.811852882769));
#4334 = B_SPLINE_SURFACE_WITH_KNOTS('',1,1,(
    (#4335,#4336)
    ,(#4337,#4338
    )),.UNSPECIFIED.,.F.,.F.,.F.,(2,2),(2,2),(0.,18.857276819198),(0.,
    72.101752374611),.PIECEWISE_BEZIER_KNOTS.);
#4335 = CARTESIAN_POINT('',(-36.0508761873,-49.58356103774,
    -36.37828710195));
#4336 = CARTESIAN_POINT('',(36.050876187305,-49.58356103774,
    -36.37828710195));
#4337 = CARTESIAN_POINT('',(-36.0508761873,-60.59360939225,
    -21.0689525551));
#4338 = CARTESIAN_POINT('',(36.050876187305,-60.59360939225,
    -21.0689525551));
#4339 = ADVANCED_FACE('',(#4340),#4366,.F.);
#4340 = FACE_BOUND('',#4341,.F.);
#4341 = EDGE_LOOP('',(#4342,#4350,#4351,#4352,#4360));
#4342 = ORIENTED_EDGE('',*,*,#4343,.T.);
#4343 = EDGE_CURVE('',#4344,#4298,#4346,.T.);
#4344 = VERTEX_POINT('',#4345);
#4345 = CARTESIAN_POINT('',(23.0775454826,-63.39969658252,
    -24.01805674319));
#4346 = LINE('',#4347,#4348);
#4347 = CARTESIAN_POINT('',(23.0775454826,-63.39969658252,
    -24.01805674319));
#4348 = VECTOR('',#4349,1.);
#4349 = DIRECTION('',(-3.14E-14,0.811852882769,0.583862052834));
#4350 = ORIENTED_EDGE('',*,*,#4305,.T.);
#4351 = ORIENTED_EDGE('',*,*,#3297,.T.);
#4352 = ORIENTED_EDGE('',*,*,#4353,.F.);
#4353 = EDGE_CURVE('',#4354,#3290,#4356,.T.);
#4354 = VERTEX_POINT('',#4355);
#4355 = CARTESIAN_POINT('',(16.096361402994,-79.74783406168,
    -1.286176025901));
#4356 = LINE('',#4357,#4358);
#4357 = CARTESIAN_POINT('',(16.096361402994,-79.74783406168,
    -1.286176025901));
#4358 = VECTOR('',#4359,1.);
#4359 = DIRECTION('',(-3.14E-14,0.811852882769,0.583862052834));
#4360 = ORIENTED_EDGE('',*,*,#4361,.F.);
#4361 = EDGE_CURVE('',#4344,#4354,#4362,.T.);
#4362 = LINE('',#4363,#4364);
#4363 = CARTESIAN_POINT('',(23.0775454826,-63.39969658252,
    -24.01805674319));
#4364 = VECTOR('',#4365,1.);
#4365 = DIRECTION('',(-0.241921895602,-0.566518854599,0.787737382515));
#4366 = PLANE('',#4367);
#4367 = AXIS2_PLACEMENT_3D('',#4368,#4369,#4370);
#4368 = CARTESIAN_POINT('',(23.0775454826,-63.39969658252,
    -24.01805674319));
#4369 = DIRECTION('',(0.970295726275,-0.141249014592,0.19640498835));
#4370 = DIRECTION('',(-0.241921895602,-0.566518854599,0.787737382515));
#4371 = ADVANCED_FACE('',(#4372),#4390,.F.);
#4372 = FACE_BOUND('',#4373,.F.);
#4373 = EDGE_LOOP('',(#4374,#4375,#4376,#4384));
#4374 = ORIENTED_EDGE('',*,*,#4353,.T.);
#4375 = ORIENTED_EDGE('',*,*,#3289,.T.);
#4376 = ORIENTED_EDGE('',*,*,#4377,.F.);
#4377 = EDGE_CURVE('',#4378,#3282,#4380,.T.);
#4378 = VERTEX_POINT('',#4379);
#4379 = CARTESIAN_POINT('',(6.096361402994,-79.74783406168,
    -1.286176025901));
#4380 = LINE('',#4381,#4382);
#4381 = CARTESIAN_POINT('',(6.096361402994,-79.74783406168,
    -1.286176025901));
#4382 = VECTOR('',#4383,1.);
#4383 = DIRECTION('',(-3.14E-14,0.811852882769,0.583862052834));
#4384 = ORIENTED_EDGE('',*,*,#4385,.F.);
#4385 = EDGE_CURVE('',#4354,#4378,#4386,.T.);
#4386 = LINE('',#4387,#4388);
#4387 = CARTESIAN_POINT('',(16.096361402994,-79.74783406168,
    -1.286176025901));
#4388 = VECTOR('',#4389,1.);
#4389 = DIRECTION('',(-1.,-2.5E-14,-1.8E-14));
#4390 = PLANE('',#4391);
#4391 = AXIS2_PLACEMENT_3D('',#4392,#4393,#4394);
#4392 = CARTESIAN_POINT('',(16.096361402994,-79.74783406168,
    -1.286176025901));
#4393 = DIRECTION('',(0.,-0.583862052834,0.811852882769));
#4394 = DIRECTION('',(-1.,-2.548919404525E-14,-1.833112067E-14));
#4395 = ADVANCED_FACE('',(#4396),#4414,.F.);
#4396 = FACE_BOUND('',#4397,.F.);
#4397 = EDGE_LOOP('',(#4398,#4399,#4400,#4408));
#4398 = ORIENTED_EDGE('',*,*,#4377,.T.);
#4399 = ORIENTED_EDGE('',*,*,#3281,.T.);
#4400 = ORIENTED_EDGE('',*,*,#4401,.F.);
#4401 = EDGE_CURVE('',#4402,#3274,#4404,.T.);
#4402 = VERTEX_POINT('',#4403);
#4403 = CARTESIAN_POINT('',(6.096361402994,-77.99624790336,
    -3.72173467396));
#4404 = LINE('',#4405,#4406);
#4405 = CARTESIAN_POINT('',(6.096361402994,-77.99624790336,
    -3.72173467396));
#4406 = VECTOR('',#4407,1.);
#4407 = DIRECTION('',(-3.14E-14,0.811852882769,0.583862052834));
#4408 = ORIENTED_EDGE('',*,*,#4409,.F.);
#4409 = EDGE_CURVE('',#4378,#4402,#4410,.T.);
#4410 = LINE('',#4411,#4412);
#4411 = CARTESIAN_POINT('',(6.096361402994,-79.74783406168,
    -1.286176025901));
#4412 = VECTOR('',#4413,1.);
#4413 = DIRECTION('',(1.680056900789E-17,0.583862052834,-0.811852882769)
  );
#4414 = PLANE('',#4415);
#4415 = AXIS2_PLACEMENT_3D('',#4416,#4417,#4418);
#4416 = CARTESIAN_POINT('',(6.096361402994,-79.74783406168,
    -1.286176025901));
#4417 = DIRECTION('',(-1.,-2.549E-14,-1.833E-14));
#4418 = DIRECTION('',(-1.380385566711E-18,0.583862052834,-0.811852882769
    ));
#4419 = ADVANCED_FACE('',(#4420),#4438,.F.);
#4420 = FACE_BOUND('',#4421,.F.);
#4421 = EDGE_LOOP('',(#4422,#4423,#4424,#4432));
#4422 = ORIENTED_EDGE('',*,*,#4401,.T.);
#4423 = ORIENTED_EDGE('',*,*,#3273,.T.);
#4424 = ORIENTED_EDGE('',*,*,#4425,.F.);
#4425 = EDGE_CURVE('',#4426,#3266,#4428,.T.);
#4426 = VERTEX_POINT('',#4427);
#4427 = CARTESIAN_POINT('',(3.000000000002,-74.86496344479,
    -8.075746554205));
#4428 = LINE('',#4429,#4430);
#4429 = CARTESIAN_POINT('',(3.000000000002,-74.86496344479,
    -8.075746554205));
#4430 = VECTOR('',#4431,1.);
#4431 = DIRECTION('',(-3.14E-14,0.811852882769,0.583862052834));
#4432 = ORIENTED_EDGE('',*,*,#4433,.F.);
#4433 = EDGE_CURVE('',#4402,#4426,#4434,.T.);
#4434 = LINE('',#4435,#4436);
#4435 = CARTESIAN_POINT('',(6.096361402994,-77.99624790336,
    -3.72173467396));
#4436 = VECTOR('',#4437,1.);
#4437 = DIRECTION('',(-0.5,0.50563937006,-0.703085220614));
#4438 = PLANE('',#4439);
#4439 = AXIS2_PLACEMENT_3D('',#4440,#4441,#4442);
#4440 = CARTESIAN_POINT('',(6.096361402994,-77.99624790336,
    -3.72173467396));
#4441 = DIRECTION('',(-0.866025403784,-0.291931026417,0.405926441385));
#4442 = DIRECTION('',(-0.5,0.50563937006,-0.703085220614));
#4443 = ADVANCED_FACE('',(#4444),#4462,.F.);
#4444 = FACE_BOUND('',#4445,.F.);
#4445 = EDGE_LOOP('',(#4446,#4447,#4448,#4456));
#4446 = ORIENTED_EDGE('',*,*,#4425,.T.);
#4447 = ORIENTED_EDGE('',*,*,#3265,.T.);
#4448 = ORIENTED_EDGE('',*,*,#4449,.F.);
#4449 = EDGE_CURVE('',#4450,#3258,#4452,.T.);
#4450 = VERTEX_POINT('',#4451);
#4451 = CARTESIAN_POINT('',(-2.999999999998,-74.86496344479,
    -8.075746554205));
#4452 = LINE('',#4453,#4454);
#4453 = CARTESIAN_POINT('',(-2.999999999998,-74.86496344479,
    -8.075746554205));
#4454 = VECTOR('',#4455,1.);
#4455 = DIRECTION('',(-3.14E-14,0.811852882769,0.583862052834));
#4456 = ORIENTED_EDGE('',*,*,#4457,.F.);
#4457 = EDGE_CURVE('',#4426,#4450,#4458,.T.);
#4458 = LINE('',#4459,#4460);
#4459 = CARTESIAN_POINT('',(3.000000000002,-74.86496344479,
    -8.075746554205));
#4460 = VECTOR('',#4461,1.);
#4461 = DIRECTION('',(-1.,-2.5E-14,-1.8E-14));
#4462 = PLANE('',#4463);
#4463 = AXIS2_PLACEMENT_3D('',#4464,#4465,#4466);
#4464 = CARTESIAN_POINT('',(3.000000000002,-74.86496344479,
    -8.075746554205));
#4465 = DIRECTION('',(0.,-0.583862052834,0.811852882769));
#4466 = DIRECTION('',(-1.,-2.548919404525E-14,-1.833112067E-14));
#4467 = ADVANCED_FACE('',(#4468),#4486,.F.);
#4468 = FACE_BOUND('',#4469,.F.);
#4469 = EDGE_LOOP('',(#4470,#4471,#4472,#4480));
#4470 = ORIENTED_EDGE('',*,*,#4449,.T.);
#4471 = ORIENTED_EDGE('',*,*,#3257,.T.);
#4472 = ORIENTED_EDGE('',*,*,#4473,.F.);
#4473 = EDGE_CURVE('',#4474,#3250,#4476,.T.);
#4474 = VERTEX_POINT('',#4475);
#4475 = CARTESIAN_POINT('',(-6.096361402989,-77.99624790336,
    -3.72173467396));
#4476 = LINE('',#4477,#4478);
#4477 = CARTESIAN_POINT('',(-6.096361402989,-77.99624790336,
    -3.72173467396));
#4478 = VECTOR('',#4479,1.);
#4479 = DIRECTION('',(-3.14E-14,0.811852882769,0.583862052834));
#4480 = ORIENTED_EDGE('',*,*,#4481,.F.);
#4481 = EDGE_CURVE('',#4450,#4474,#4482,.T.);
#4482 = LINE('',#4483,#4484);
#4483 = CARTESIAN_POINT('',(-2.999999999998,-74.86496344479,
    -8.075746554205));
#4484 = VECTOR('',#4485,1.);
#4485 = DIRECTION('',(-0.5,-0.50563937006,0.703085220614));
#4486 = PLANE('',#4487);
#4487 = AXIS2_PLACEMENT_3D('',#4488,#4489,#4490);
#4488 = CARTESIAN_POINT('',(-2.999999999998,-74.86496344479,
    -8.075746554205));
#4489 = DIRECTION('',(0.866025403784,-0.291931026417,0.405926441385));
#4490 = DIRECTION('',(-0.5,-0.50563937006,0.703085220614));
#4491 = ADVANCED_FACE('',(#4492),#4510,.F.);
#4492 = FACE_BOUND('',#4493,.F.);
#4493 = EDGE_LOOP('',(#4494,#4495,#4496,#4504));
#4494 = ORIENTED_EDGE('',*,*,#4473,.T.);
#4495 = ORIENTED_EDGE('',*,*,#3249,.T.);
#4496 = ORIENTED_EDGE('',*,*,#4497,.F.);
#4497 = EDGE_CURVE('',#4498,#3242,#4500,.T.);
#4498 = VERTEX_POINT('',#4499);
#4499 = CARTESIAN_POINT('',(-6.096361402989,-79.74783406186,
    -1.286176025652));
#4500 = LINE('',#4501,#4502);
#4501 = CARTESIAN_POINT('',(-6.096361402989,-79.74783406186,
    -1.286176025652));
#4502 = VECTOR('',#4503,1.);
#4503 = DIRECTION('',(-3.14E-14,0.811852882769,0.583862052834));
#4504 = ORIENTED_EDGE('',*,*,#4505,.F.);
#4505 = EDGE_CURVE('',#4474,#4498,#4506,.T.);
#4506 = LINE('',#4507,#4508);
#4507 = CARTESIAN_POINT('',(-6.096361402989,-77.99624790336,
    -3.72173467396));
#4508 = VECTOR('',#4509,1.);
#4509 = DIRECTION('',(-1.680056900789E-17,-0.583862052834,0.811852882769
    ));
#4510 = PLANE('',#4511);
#4511 = AXIS2_PLACEMENT_3D('',#4512,#4513,#4514);
#4512 = CARTESIAN_POINT('',(-6.096361402989,-77.99624790336,
    -3.72173467396));
#4513 = DIRECTION('',(1.,2.549E-14,1.833E-14));
#4514 = DIRECTION('',(1.380385566711E-18,-0.583862052834,0.811852882769)
  );
#4515 = ADVANCED_FACE('',(#4516),#4534,.F.);
#4516 = FACE_BOUND('',#4517,.F.);
#4517 = EDGE_LOOP('',(#4518,#4519,#4520,#4528));
#4518 = ORIENTED_EDGE('',*,*,#4497,.T.);
#4519 = ORIENTED_EDGE('',*,*,#3241,.T.);
#4520 = ORIENTED_EDGE('',*,*,#4521,.F.);
#4521 = EDGE_CURVE('',#4522,#3234,#4524,.T.);
#4522 = VERTEX_POINT('',#4523);
#4523 = CARTESIAN_POINT('',(-16.09636140298,-79.74783406186,
    -1.286176025652));
#4524 = LINE('',#4525,#4526);
#4525 = CARTESIAN_POINT('',(-16.09636140298,-79.74783406186,
    -1.286176025652));
#4526 = VECTOR('',#4527,1.);
#4527 = DIRECTION('',(-3.14E-14,0.811852882769,0.583862052834));
#4528 = ORIENTED_EDGE('',*,*,#4529,.F.);
#4529 = EDGE_CURVE('',#4498,#4522,#4530,.T.);
#4530 = LINE('',#4531,#4532);
#4531 = CARTESIAN_POINT('',(-6.096361402989,-79.74783406186,
    -1.286176025652));
#4532 = VECTOR('',#4533,1.);
#4533 = DIRECTION('',(-1.,-2.5E-14,-1.8E-14));
#4534 = PLANE('',#4535);
#4535 = AXIS2_PLACEMENT_3D('',#4536,#4537,#4538);
#4536 = CARTESIAN_POINT('',(-6.096361402989,-79.74783406186,
    -1.286176025652));
#4537 = DIRECTION('',(0.,-0.583862052834,0.811852882769));
#4538 = DIRECTION('',(-1.,-2.548919404525E-14,-1.833112067E-14));
#4539 = ADVANCED_FACE('',(#4540),#4559,.F.);
#4540 = FACE_BOUND('',#4541,.F.);
#4541 = EDGE_LOOP('',(#4542,#4543,#4544,#4545,#4553));
#4542 = ORIENTED_EDGE('',*,*,#4521,.T.);
#4543 = ORIENTED_EDGE('',*,*,#3233,.T.);
#4544 = ORIENTED_EDGE('',*,*,#4225,.T.);
#4545 = ORIENTED_EDGE('',*,*,#4546,.F.);
#4546 = EDGE_CURVE('',#4547,#4226,#4549,.T.);
#4547 = VERTEX_POINT('',#4548);
#4548 = CARTESIAN_POINT('',(-23.07754548259,-63.39969658252,
    -24.01805674319));
#4549 = LINE('',#4550,#4551);
#4550 = CARTESIAN_POINT('',(-23.07754548259,-63.39969658252,
    -24.01805674319));
#4551 = VECTOR('',#4552,1.);
#4552 = DIRECTION('',(-3.14E-14,0.811852882769,0.583862052834));
#4553 = ORIENTED_EDGE('',*,*,#4554,.F.);
#4554 = EDGE_CURVE('',#4522,#4547,#4555,.T.);
#4555 = LINE('',#4556,#4557);
#4556 = CARTESIAN_POINT('',(-16.09636140298,-79.74783406186,
    -1.286176025652));
#4557 = VECTOR('',#4558,1.);
#4558 = DIRECTION('',(-0.2419218956,0.566518854599,-0.787737382516));
#4559 = PLANE('',#4560);
#4560 = AXIS2_PLACEMENT_3D('',#4561,#4562,#4563);
#4561 = CARTESIAN_POINT('',(-16.09636140298,-79.74783406186,
    -1.286176025652));
#4562 = DIRECTION('',(-0.970295726276,-0.14124901459,0.196404988348));
#4563 = DIRECTION('',(-0.2419218956,0.566518854599,-0.787737382516));
#4564 = ADVANCED_FACE('',(#4565),#4686,.T.);
#4565 = FACE_BOUND('',#4566,.T.);
#4566 = EDGE_LOOP('',(#4567,#4568,#4624,#4625,#4681,#4682,#4683,#4684,
    #4685));
#4567 = ORIENTED_EDGE('',*,*,#3219,.T.);
#4568 = ORIENTED_EDGE('',*,*,#4569,.T.);
#4569 = EDGE_CURVE('',#3220,#3865,#4570,.T.);
#4570 = B_SPLINE_CURVE_WITH_KNOTS('',4,(#4571,#4572,#4573,#4574,#4575,
    #4576,#4577,#4578,#4579,#4580,#4581,#4582,#4583,#4584,#4585,#4586,
    #4587,#4588,#4589,#4590,#4591,#4592,#4593,#4594,#4595,#4596,#4597,
    #4598,#4599,#4600,#4601,#4602,#4603,#4604,#4605,#4606,#4607,#4608,
    #4609,#4610,#4611,#4612,#4613,#4614,#4615,#4616,#4617,#4618,#4619,
    #4620,#4621,#4622,#4623),.UNSPECIFIED.,.F.,.F.,(5,3,3,3,3,3,3,3,3,3,
    3,3,3,3,3,3,3,5),(0.,1.958181671658,3.926480215025,5.905460376132,
    7.891920778478,9.882455752675,11.873533476751,13.86156362833,
    15.788040109463,15.844631624211,18.332621853815,20.830328858064,
    23.336357998115,25.851787883291,28.349516726627,30.838417627704,
    33.319418325186,35.80070496095),.UNSPECIFIED.);
#4571 = CARTESIAN_POINT('',(-36.0508761873,-60.59360939225,
    -21.0689525551));
#4572 = CARTESIAN_POINT('',(-36.1776717319,-60.24724986567,
    -20.74706331263));
#4573 = CARTESIAN_POINT('',(-36.30446727649,-59.90089033909,
    -20.42517407016));
#4574 = CARTESIAN_POINT('',(-36.43126282109,-59.55453081251,
    -20.10328482769));
#4575 = CARTESIAN_POINT('',(-36.68550899468,-58.86002230592,
    -19.45784331413));
#4576 = CARTESIAN_POINT('',(-36.81295962367,-58.51187332592,
    -19.13429104303));
#4577 = CARTESIAN_POINT('',(-36.94041025267,-58.16372434591,
    -18.81073877194));
#4578 = CARTESIAN_POINT('',(-37.1960031633,-57.46553704125,
    -18.16187836721));
#4579 = CARTESIAN_POINT('',(-37.32414544494,-57.1154987166,
    -17.83657023358));
#4580 = CARTESIAN_POINT('',(-37.45228772658,-56.76546039195,
    -17.51126209995));
#4581 = CARTESIAN_POINT('',(-37.70905664802,-56.0640606515,
    -16.85941621787));
#4582 = CARTESIAN_POINT('',(-37.83768328781,-55.71269923571,
    -16.53287846942));
#4583 = CARTESIAN_POINT('',(-37.96630992761,-55.36133781992,
    -16.20634072098));
#4584 = CARTESIAN_POINT('',(-38.22382704256,-54.65789428566,
    -15.55259543902));
#4585 = CARTESIAN_POINT('',(-38.35271751771,-54.30581216719,
    -15.22538790551));
#4586 = CARTESIAN_POINT('',(-38.48160799286,-53.95373004872,
    -14.898180372));
#4587 = CARTESIAN_POINT('',(-38.73942408712,-53.24946981119,
    -14.24367608682));
#4588 = CARTESIAN_POINT('',(-38.86834970624,-52.89729169213,
    -13.91637933516));
#4589 = CARTESIAN_POINT('',(-38.99727532535,-52.54511357308,
    -13.58908258349));
#4590 = CARTESIAN_POINT('',(-39.25492922816,-51.84129638391,
    -12.93499004533));
#4591 = CARTESIAN_POINT('',(-39.38365751185,-51.4896573138,
    -12.60819425883));
#4592 = CARTESIAN_POINT('',(-39.51238579554,-51.13801824368,
    -12.28139847233));
#4593 = CARTESIAN_POINT('',(-39.76585665961,-50.44562760203,
    -11.63792519664));
#4594 = CARTESIAN_POINT('',(-39.89059923999,-50.1048760305,
    -11.32124770746));
#4595 = CARTESIAN_POINT('',(-40.01534182037,-49.76412445896,
    -11.00457021828));
#4596 = CARTESIAN_POINT('',(-40.14374879616,-49.4133630857,
    -10.67859011939));
#4597 = CARTESIAN_POINT('',(-40.14741319157,-49.40335328399,
    -10.66928750969));
#4598 = CARTESIAN_POINT('',(-40.15107758698,-49.39334348227,
    -10.65998489999));
#4599 = CARTESIAN_POINT('',(-40.31584351893,-48.94326260312,
    -10.24170221359));
#4600 = CARTESIAN_POINT('',(-40.47694505546,-48.50319152568,
    -9.832722136884));
#4601 = CARTESIAN_POINT('',(-40.63804659199,-48.06312044824,
    -9.423742060178));
#4602 = CARTESIAN_POINT('',(-40.9608788425,-47.18125960837,
    -8.604184646779));
#4603 = CARTESIAN_POINT('',(-41.12260955647,-46.73946984593,
    -8.193607310087));
#4604 = CARTESIAN_POINT('',(-41.28434027045,-46.29768008349,
    -7.783029973394));
#4605 = CARTESIAN_POINT('',(-41.60834057063,-45.41262855474,
    -6.960507293135));
#4606 = CARTESIAN_POINT('',(-41.77061015684,-44.96936678842,
    -6.548561949567));
#4607 = CARTESIAN_POINT('',(-41.93287974305,-44.52610502211,-6.136616606
    ));
#4608 = CARTESIAN_POINT('',(-42.25802762948,-43.63791870319,
    -5.31118060835));
#4609 = CARTESIAN_POINT('',(-42.42090592969,-43.19299415059,
    -4.897689954268));
#4610 = CARTESIAN_POINT('',(-42.5837842299,-42.74806959798,
    -4.484199300186));
#4611 = CARTESIAN_POINT('',(-42.9083946582,-41.86135142008,
    -3.660127719466));
#4612 = CARTESIAN_POINT('',(-43.07012678629,-41.41955779479,
    -3.249546792827));
#4613 = CARTESIAN_POINT('',(-43.23185891439,-40.9777641695,
    -2.838965866188));
#4614 = CARTESIAN_POINT('',(-43.55475154651,-40.09573838889,
    -2.019255165113));
#4615 = CARTESIAN_POINT('',(-43.71591205055,-39.65550623358,
    -1.610125390677));
#4616 = CARTESIAN_POINT('',(-43.87707255459,-39.21527407827,
    -1.200995616241));
#4617 = CARTESIAN_POINT('',(-44.19888201124,-38.33620714094,
    -0.384034716309));
#4618 = CARTESIAN_POINT('',(-44.35953096385,-37.89737235893,
    2.37964091884E-02));
#4619 = CARTESIAN_POINT('',(-44.52017991647,-37.45853757691,
    0.431627534685));
#4620 = CARTESIAN_POINT('',(-44.84149633668,-36.58081743665,
    1.247336788701));
#4621 = CARTESIAN_POINT('',(-45.00216380428,-36.1419320784,
    1.655214917221));
#4622 = CARTESIAN_POINT('',(-45.16283127188,-35.70304672016,
    2.06309304574));
#4623 = CARTESIAN_POINT('',(-45.32349873947,-35.26416136191,
    2.470971174259));
#4624 = ORIENTED_EDGE('',*,*,#3981,.T.);
#4625 = ORIENTED_EDGE('',*,*,#4626,.T.);
#4626 = EDGE_CURVE('',#3933,#3656,#4627,.T.);
#4627 = B_SPLINE_CURVE_WITH_KNOTS('',4,(#4628,#4629,#4630,#4631,#4632,
    #4633,#4634,#4635,#4636,#4637,#4638,#4639,#4640,#4641,#4642,#4643,
    #4644,#4645,#4646,#4647,#4648,#4649,#4650,#4651,#4652,#4653,#4654,
    #4655,#4656,#4657,#4658,#4659,#4660,#4661,#4662,#4663,#4664,#4665,
    #4666,#4667,#4668,#4669,#4670,#4671,#4672,#4673,#4674,#4675,#4676,
    #4677,#4678,#4679,#4680),.UNSPECIFIED.,.F.,.F.,(5,3,3,3,3,3,3,3,3,3,
    3,3,3,3,3,3,3,5),(0.,6.930831776833E-02,0.138608648591,
    0.208129651147,0.277897239412,0.348159260451,0.418158696015,
    0.487925674262,0.557421239568,0.559001977009,0.61281310959,
    0.668343584583,0.723959185623,0.779559626351,0.835046254464,
    0.890323941405,0.945303265011,1.),.UNSPECIFIED.);
#4628 = CARTESIAN_POINT('',(-10.40568574674,-53.89749009958,
    43.733456983982));
#4629 = CARTESIAN_POINT('',(-10.52169053499,-54.46270711338,
    43.179433494676));
#4630 = CARTESIAN_POINT('',(-10.64222211607,-55.02745029596,
    42.625874452865));
#4631 = CARTESIAN_POINT('',(-10.76729054201,-55.59169027468,
    42.072808649497));
#4632 = CARTESIAN_POINT('',(-11.02650857865,-56.71903859806,
    40.967786265999));
#4633 = CARTESIAN_POINT('',(-11.16065714076,-57.2821470608,
    40.41582957013));
#4634 = CARTESIAN_POINT('',(-11.29936392714,-57.84469218263,
    39.864425058807));
#4635 = CARTESIAN_POINT('',(-11.58637493088,-58.97038319462,
    38.761027165405));
#4636 = CARTESIAN_POINT('',(-11.73470830218,-59.53352528867,
    38.20903750426));
#4637 = CARTESIAN_POINT('',(-11.88765391734,-60.09603799021,
    37.657664771175));
#4638 = CARTESIAN_POINT('',(-12.20335585894,-61.22173295556,
    36.554263002708));
#4639 = CARTESIAN_POINT('',(-12.36614505835,-61.784910512,
    36.002238581468));
#4640 = CARTESIAN_POINT('',(-12.53360685,-62.34738912913,35.450899257791
    ));
#4641 = CARTESIAN_POINT('',(-12.87912560279,-63.47486212078,
    34.345754674954));
#4642 = CARTESIAN_POINT('',(-13.05724923894,-64.03984606852,
    33.791959636074));
#4643 = CARTESIAN_POINT('',(-13.24014245097,-64.60405255339,
    33.238926663249));
#4644 = CARTESIAN_POINT('',(-13.61479967009,-65.72873375098,
    32.136518585946));
#4645 = CARTESIAN_POINT('',(-13.80652796938,-66.28921452374,
    31.587137541442));
#4646 = CARTESIAN_POINT('',(-14.00302299689,-66.84885297786,
    31.038582134347));
#4647 = CARTESIAN_POINT('',(-14.40491311864,-67.9645164659,
    29.945013180402));
#4648 = CARTESIAN_POINT('',(-14.6102764888,-68.52054732124,
    29.399993927418));
#4649 = CARTESIAN_POINT('',(-14.82040971719,-69.0756688147,
    28.855866027358));
#4650 = CARTESIAN_POINT('',(-15.24941675095,-70.18186174688,
    27.771580074942));
#4651 = CARTESIAN_POINT('',(-15.46825337119,-70.73294053333,
    27.231414820362));
#4652 = CARTESIAN_POINT('',(-15.69185941524,-71.28304230633,
    26.692207230521));
#4653 = CARTESIAN_POINT('',(-15.92544929284,-71.84461764252,
    26.141753299255));
#4654 = CARTESIAN_POINT('',(-15.93064725364,-71.85710761878,
    26.129512990405));
#4655 = CARTESIAN_POINT('',(-15.93584403439,-71.86958828191,
    26.117262674896));
#4656 = CARTESIAN_POINT('',(-16.11797677879,-72.30677446416,
    25.687840502792));
#4657 = CARTESIAN_POINT('',(-16.29537143293,-72.72509829785,
    25.264366204123));
#4658 = CARTESIAN_POINT('',(-16.4730121941,-73.13694269924,
    24.834689839578));
#4659 = CARTESIAN_POINT('',(-16.83402557467,-73.96043568157,
    23.949211035464));
#4660 = CARTESIAN_POINT('',(-17.01739995931,-74.37165745708,
    23.493012571238));
#4661 = CARTESIAN_POINT('',(-17.20056347918,-74.77577782118,
    23.03042771573));
#4662 = CARTESIAN_POINT('',(-17.56625610126,-75.5702159442,
    22.091983049058));
#4663 = CARTESIAN_POINT('',(-17.74878377902,-75.96051150032,
    21.616104088024));
#4664 = CARTESIAN_POINT('',(-17.93060524904,-76.3434747019,
    21.134036618561));
#4665 = CARTESIAN_POINT('',(-18.29227844719,-77.09441703121,
    20.157874796173));
#4666 = CARTESIAN_POINT('',(-18.47213068589,-77.46240013462,
    19.663783892531));
#4667 = CARTESIAN_POINT('',(-18.65076938116,-77.82283791123,
    19.163724875383));
#4668 = CARTESIAN_POINT('',(-19.00473648737,-78.5276729782,
    18.152928417648));
#4669 = CARTESIAN_POINT('',(-19.1800709281,-78.87210153138,
    17.642215084937));
#4670 = CARTESIAN_POINT('',(-19.35367885964,-79.20878896452,
    17.125779249772));
#4671 = CARTESIAN_POINT('',(-19.69626619936,-79.86520421543,
    16.083661367812));
#4672 = CARTESIAN_POINT('',(-19.86526059911,-80.18499108522,
    15.558021629771));
#4673 = CARTESIAN_POINT('',(-20.03201713533,-80.496858028,
    15.026933367014));
#4674 = CARTESIAN_POINT('',(-20.35963506168,-81.1028623262,
    13.957005134588));
#4675 = CARTESIAN_POINT('',(-20.52052346508,-81.39708628392,
    13.418222651761));
#4676 = CARTESIAN_POINT('',(-20.67867237061,-81.68322900928,
    12.874297176481));
#4677 = CARTESIAN_POINT('',(-20.9881638836,-82.23766528255,
    11.77925521067));
#4678 = CARTESIAN_POINT('',(-21.13953738253,-82.5060430392,
    11.22819022188));
#4679 = CARTESIAN_POINT('',(-21.28767637484,-82.76616749757,
    10.672305204646));
#4680 = CARTESIAN_POINT('',(-21.43232006504,-83.01790673675,
    10.111752467343));
#4681 = ORIENTED_EDGE('',*,*,#3655,.F.);
#4682 = ORIENTED_EDGE('',*,*,#3582,.T.);
#4683 = ORIENTED_EDGE('',*,*,#3557,.T.);
#4684 = ORIENTED_EDGE('',*,*,#3510,.T.);
#4685 = ORIENTED_EDGE('',*,*,#3330,.T.);
#4686 = B_SPLINE_SURFACE_WITH_KNOTS('',4,6,(
    (#4687,#4688,#4689,#4690,#4691,#4692,#4693,#4694,#4695,#4696,#4697
      ,#4698,#4699,#4700,#4701,#4702,#4703,#4704,#4705,#4706,#4707,#4708
      ,#4709,#4710,#4711,#4712,#4713,#4714,#4715,#4716,#4717,#4718,#4719
      ,#4720,#4721,#4722,#4723,#4724,#4725,#4726,#4727,#4728,#4729,#4730
      ,#4731,#4732,#4733,#4734,#4735,#4736,#4737,#4738)
    ,(#4739,#4740,#4741,#4742,#4743,#4744,#4745,#4746,#4747,#4748,#4749
      ,#4750,#4751,#4752,#4753,#4754,#4755,#4756,#4757,#4758,#4759,#4760
      ,#4761,#4762,#4763,#4764,#4765,#4766,#4767,#4768,#4769,#4770,#4771
      ,#4772,#4773,#4774,#4775,#4776,#4777,#4778,#4779,#4780,#4781,#4782
      ,#4783,#4784,#4785,#4786,#4787,#4788,#4789,#4790)
    ,(#4791,#4792,#4793,#4794,#4795,#4796,#4797,#4798,#4799,#4800,#4801
      ,#4802,#4803,#4804,#4805,#4806,#4807,#4808,#4809,#4810,#4811,#4812
      ,#4813,#4814,#4815,#4816,#4817,#4818,#4819,#4820,#4821,#4822,#4823
      ,#4824,#4825,#4826,#4827,#4828,#4829,#4830,#4831,#4832,#4833,#4834
      ,#4835,#4836,#4837,#4838,#4839,#4840,#4841,#4842)
    ,(#4843,#4844,#4845,#4846,#4847,#4848,#4849,#4850,#4851,#4852,#4853
      ,#4854,#4855,#4856,#4857,#4858,#4859,#4860,#4861,#4862,#4863,#4864
      ,#4865,#4866,#4867,#4868,#4869,#4870,#4871,#4872,#4873,#4874,#4875
      ,#4876,#4877,#4878,#4879,#4880,#4881,#4882,#4883,#4884,#4885,#4886
      ,#4887,#4888,#4889,#4890,#4891,#4892,#4893,#4894)
    ,(#4895,#4896,#4897,#4898,#4899,#4900,#4901,#4902,#4903,#4904,#4905
      ,#4906,#4907,#4908,#4909,#4910,#4911,#4912,#4913,#4914,#4915,#4916
      ,#4917,#4918,#4919,#4920,#4921,#4922,#4923,#4924,#4925,#4926,#4927
      ,#4928,#4929,#4930,#4931,#4932,#4933,#4934,#4935,#4936,#4937,#4938
      ,#4939,#4940,#4941,#4942,#4943,#4944,#4945,#4946)
    ,(#4947,#4948,#4949,#4950,#4951,#4952,#4953,#4954,#4955,#4956,#4957
      ,#4958,#4959,#4960,#4961,#4962,#4963,#4964,#4965,#4966,#4967,#4968
      ,#4969,#4970,#4971,#4972,#4973,#4974,#4975,#4976,#4977,#4978,#4979
      ,#4980,#4981,#4982,#4983,#4984,#4985,#4986,#4987,#4988,#4989,#4990
      ,#4991,#4992,#4993,#4994,#4995,#4996,#4997,#4998)
    ,(#4999,#5000,#5001,#5002,#5003,#5004,#5005,#5006,#5007,#5008,#5009
      ,#5010,#5011,#5012,#5013,#5014,#5015,#5016,#5017,#5018,#5019,#5020
      ,#5021,#5022,#5023,#5024,#5025,#5026,#5027,#5028,#5029,#5030,#5031
      ,#5032,#5033,#5034,#5035,#5036,#5037,#5038,#5039,#5040,#5041,#5042
      ,#5043,#5044,#5045,#5046,#5047,#5048,#5049,#5050)
    ,(#5051,#5052,#5053,#5054,#5055,#5056,#5057,#5058,#5059,#5060,#5061
      ,#5062,#5063,#5064,#5065,#5066,#5067,#5068,#5069,#5070,#5071,#5072
      ,#5073,#5074,#5075,#5076,#5077,#5078,#5079,#5080,#5081,#5082,#5083
      ,#5084,#5085,#5086,#5087,#5088,#5089,#5090,#5091,#5092,#5093,#5094
      ,#5095,#5096,#5097,#5098,#5099,#5100,#5101,#5102)
    ,(#5103,#5104,#5105,#5106,#5107,#5108,#5109,#5110,#5111,#5112,#5113
      ,#5114,#5115,#5116,#5117,#5118,#5119,#5120,#5121,#5122,#5123,#5124
      ,#5125,#5126,#5127,#5128,#5129,#5130,#5131,#5132,#5133,#5134,#5135
      ,#5136,#5137,#5138,#5139,#5140,#5141,#5142,#5143,#5144,#5145,#5146
      ,#5147,#5148,#5149,#5150,#5151,#5152,#5153,#5154)
    ,(#5155,#5156,#5157,#5158,#5159,#5160,#5161,#5162,#5163,#5164,#5165
      ,#5166,#5167,#5168,#5169,#5170,#5171,#5172,#5173,#5174,#5175,#5176
      ,#5177,#5178,#5179,#5180,#5181,#5182,#5183,#5184,#5185,#5186,#5187
      ,#5188,#5189,#5190,#5191,#5192,#5193,#5194,#5195,#5196,#5197,#5198
      ,#5199,#5200,#5201,#5202,#5203,#5204,#5205,#5206)
    ,(#5207,#5208,#5209,#5210,#5211,#5212,#5213,#5214,#5215,#5216,#5217
      ,#5218,#5219,#5220,#5221,#5222,#5223,#5224,#5225,#5226,#5227,#5228
      ,#5229,#5230,#5231,#5232,#5233,#5234,#5235,#5236,#5237,#5238,#5239
      ,#5240,#5241,#5242,#5243,#5244,#5245,#5246,#5247,#5248,#5249,#5250
      ,#5251,#5252,#5253,#5254,#5255,#5256,#5257,#5258)
    ,(#5259,#5260,#5261,#5262,#5263,#5264,#5265,#5266,#5267,#5268,#5269
      ,#5270,#5271,#5272,#5273,#5274,#5275,#5276,#5277,#5278,#5279,#5280
      ,#5281,#5282,#5283,#5284,#5285,#5286,#5287,#5288,#5289,#5290,#5291
      ,#5292,#5293,#5294,#5295,#5296,#5297,#5298,#5299,#5300,#5301,#5302
      ,#5303,#5304,#5305,#5306,#5307,#5308,#5309,#5310)
    ,(#5311,#5312,#5313,#5314,#5315,#5316,#5317,#5318,#5319,#5320,#5321
      ,#5322,#5323,#5324,#5325,#5326,#5327,#5328,#5329,#5330,#5331,#5332
      ,#5333,#5334,#5335,#5336,#5337,#5338,#5339,#5340,#5341,#5342,#5343
      ,#5344,#5345,#5346,#5347,#5348,#5349,#5350,#5351,#5352,#5353,#5354
      ,#5355,#5356,#5357,#5358,#5359,#5360,#5361,#5362)
    ,(#5363,#5364,#5365,#5366,#5367,#5368,#5369,#5370,#5371,#5372,#5373
      ,#5374,#5375,#5376,#5377,#5378,#5379,#5380,#5381,#5382,#5383,#5384
      ,#5385,#5386,#5387,#5388,#5389,#5390,#5391,#5392,#5393,#5394,#5395
      ,#5396,#5397,#5398,#5399,#5400,#5401,#5402,#5403,#5404,#5405,#5406
      ,#5407,#5408,#5409,#5410,#5411,#5412,#5413,#5414)
    ,(#5415,#5416,#5417,#5418,#5419,#5420,#5421,#5422,#5423,#5424,#5425
      ,#5426,#5427,#5428,#5429,#5430,#5431,#5432,#5433,#5434,#5435,#5436
      ,#5437,#5438,#5439,#5440,#5441,#5442,#5443,#5444,#5445,#5446,#5447
      ,#5448,#5449,#5450,#5451,#5452,#5453,#5454,#5455,#5456,#5457,#5458
      ,#5459,#5460,#5461,#5462,#5463,#5464,#5465,#5466)
    ,(#5467,#5468,#5469,#5470,#5471,#5472,#5473,#5474,#5475,#5476,#5477
      ,#5478,#5479,#5480,#5481,#5482,#5483,#5484,#5485,#5486,#5487,#5488
      ,#5489,#5490,#5491,#5492,#5493,#5494,#5495,#5496,#5497,#5498,#5499
      ,#5500,#5501,#5502,#5503,#5504,#5505,#5506,#5507,#5508,#5509,#5510
      ,#5511,#5512,#5513,#5514,#5515,#5516,#5517,#5518)
    ,(#5519,#5520,#5521,#5522,#5523,#5524,#5525,#5526,#5527,#5528,#5529
      ,#5530,#5531,#5532,#5533,#5534,#5535,#5536,#5537,#5538,#5539,#5540
      ,#5541,#5542,#5543,#5544,#5545,#5546,#5547,#5548,#5549,#5550,#5551
      ,#5552,#5553,#5554,#5555,#5556,#5557,#5558,#5559,#5560,#5561,#5562
      ,#5563,#5564,#5565,#5566,#5567,#5568,#5569,#5570)
    ,(#5571,#5572,#5573,#5574,#5575,#5576,#5577,#5578,#5579,#5580,#5581
      ,#5582,#5583,#5584,#5585,#5586,#5587,#5588,#5589,#5590,#5591,#5592
      ,#5593,#5594,#5595,#5596,#5597,#5598,#5599,#5600,#5601,#5602,#5603
      ,#5604,#5605,#5606,#5607,#5608,#5609,#5610,#5611,#5612,#5613,#5614
      ,#5615,#5616,#5617,#5618,#5619,#5620,#5621,#5622)
    ,(#5623,#5624,#5625,#5626,#5627,#5628,#5629,#5630,#5631,#5632,#5633
      ,#5634,#5635,#5636,#5637,#5638,#5639,#5640,#5641,#5642,#5643,#5644
      ,#5645,#5646,#5647,#5648,#5649,#5650,#5651,#5652,#5653,#5654,#5655
      ,#5656,#5657,#5658,#5659,#5660,#5661,#5662,#5663,#5664,#5665,#5666
      ,#5667,#5668,#5669,#5670,#5671,#5672,#5673,#5674)
    ,(#5675,#5676,#5677,#5678,#5679,#5680,#5681,#5682,#5683,#5684,#5685
      ,#5686,#5687,#5688,#5689,#5690,#5691,#5692,#5693,#5694,#5695,#5696
      ,#5697,#5698,#5699,#5700,#5701,#5702,#5703,#5704,#5705,#5706,#5707
      ,#5708,#5709,#5710,#5711,#5712,#5713,#5714,#5715,#5716,#5717,#5718
      ,#5719,#5720,#5721,#5722,#5723,#5724,#5725,#5726)
    ,(#5727,#5728,#5729,#5730,#5731,#5732,#5733,#5734,#5735,#5736,#5737
      ,#5738,#5739,#5740,#5741,#5742,#5743,#5744,#5745,#5746,#5747,#5748
      ,#5749,#5750,#5751,#5752,#5753,#5754,#5755,#5756,#5757,#5758,#5759
      ,#5760,#5761,#5762,#5763,#5764,#5765,#5766,#5767,#5768,#5769,#5770
      ,#5771,#5772,#5773,#5774,#5775,#5776,#5777,#5778)
    ,(#5779,#5780,#5781,#5782,#5783,#5784,#5785,#5786,#5787,#5788,#5789
      ,#5790,#5791,#5792,#5793,#5794,#5795,#5796,#5797,#5798,#5799,#5800
      ,#5801,#5802,#5803,#5804,#5805,#5806,#5807,#5808,#5809,#5810,#5811
      ,#5812,#5813,#5814,#5815,#5816,#5817,#5818,#5819,#5820,#5821,#5822
      ,#5823,#5824,#5825,#5826,#5827,#5828,#5829,#5830)
    ,(#5831,#5832,#5833,#5834,#5835,#5836,#5837,#5838,#5839,#5840,#5841
      ,#5842,#5843,#5844,#5845,#5846,#5847,#5848,#5849,#5850,#5851,#5852
      ,#5853,#5854,#5855,#5856,#5857,#5858,#5859,#5860,#5861,#5862,#5863
      ,#5864,#5865,#5866,#5867,#5868,#5869,#5870,#5871,#5872,#5873,#5874
      ,#5875,#5876,#5877,#5878,#5879,#5880,#5881,#5882)
    ,(#5883,#5884,#5885,#5886,#5887,#5888,#5889,#5890,#5891,#5892,#5893
      ,#5894,#5895,#5896,#5897,#5898,#5899,#5900,#5901,#5902,#5903,#5904
      ,#5905,#5906,#5907,#5908,#5909,#5910,#5911,#5912,#5913,#5914,#5915
      ,#5916,#5917,#5918,#5919,#5920,#5921,#5922,#5923,#5924,#5925,#5926
      ,#5927,#5928,#5929,#5930,#5931,#5932,#5933,#5934)
    ,(#5935,#5936,#5937,#5938,#5939,#5940,#5941,#5942,#5943,#5944,#5945
      ,#5946,#5947,#5948,#5949,#5950,#5951,#5952,#5953,#5954,#5955,#5956
      ,#5957,#5958,#5959,#5960,#5961,#5962,#5963,#5964,#5965,#5966,#5967
      ,#5968,#5969,#5970,#5971,#5972,#5973,#5974,#5975,#5976,#5977,#5978
      ,#5979,#5980,#5981,#5982,#5983,#5984,#5985,#5986)
    ,(#5987,#5988,#5989,#5990,#5991,#5992,#5993,#5994,#5995,#5996,#5997
      ,#5998,#5999,#6000,#6001,#6002,#6003,#6004,#6005,#6006,#6007,#6008
      ,#6009,#6010,#6011,#6012,#6013,#6014,#6015,#6016,#6017,#6018,#6019
      ,#6020,#6021,#6022,#6023,#6024,#6025,#6026,#6027,#6028,#6029,#6030
      ,#6031,#6032,#6033,#6034,#6035,#6036,#6037,#6038)
    ,(#6039,#6040,#6041,#6042,#6043,#6044,#6045,#6046,#6047,#6048,#6049
      ,#6050,#6051,#6052,#6053,#6054,#6055,#6056,#6057,#6058,#6059,#6060
      ,#6061,#6062,#6063,#6064,#6065,#6066,#6067,#6068,#6069,#6070,#6071
      ,#6072,#6073,#6074,#6075,#6076,#6077,#6078,#6079,#6080,#6081,#6082
      ,#6083,#6084,#6085,#6086,#6087,#6088,#6089,#6090)
    ,(#6091,#6092,#6093,#6094,#6095,#6096,#6097,#6098,#6099,#6100,#6101
      ,#6102,#6103,#6104,#6105,#6106,#6107,#6108,#6109,#6110,#6111,#6112
      ,#6113,#6114,#6115,#6116,#6117,#6118,#6119,#6120,#6121,#6122,#6123
      ,#6124,#6125,#6126,#6127,#6128,#6129,#6130,#6131,#6132,#6133,#6134
      ,#6135,#6136,#6137,#6138,#6139,#6140,#6141,#6142)
    ,(#6143,#6144,#6145,#6146,#6147,#6148,#6149,#6150,#6151,#6152,#6153
      ,#6154,#6155,#6156,#6157,#6158,#6159,#6160,#6161,#6162,#6163,#6164
      ,#6165,#6166,#6167,#6168,#6169,#6170,#6171,#6172,#6173,#6174,#6175
      ,#6176,#6177,#6178,#6179,#6180,#6181,#6182,#6183,#6184,#6185,#6186
      ,#6187,#6188,#6189,#6190,#6191,#6192,#6193,#6194)
    ,(#6195,#6196,#6197,#6198,#6199,#6200,#6201,#6202,#6203,#6204,#6205
      ,#6206,#6207,#6208,#6209,#6210,#6211,#6212,#6213,#6214,#6215,#6216
      ,#6217,#6218,#6219,#6220,#6221,#6222,#6223,#6224,#6225,#6226,#6227
      ,#6228,#6229,#6230,#6231,#6232,#6233,#6234,#6235,#6236,#6237,#6238
      ,#6239,#6240,#6241,#6242,#6243,#6244,#6245,#6246)
    ,(#6247,#6248,#6249,#6250,#6251,#6252,#6253,#6254,#6255,#6256,#6257
      ,#6258,#6259,#6260,#6261,#6262,#6263,#6264,#6265,#6266,#6267,#6268
      ,#6269,#6270,#6271,#6272,#6273,#6274,#6275,#6276,#6277,#6278,#6279
      ,#6280,#6281,#6282,#6283,#6284,#6285,#6286,#6287,#6288,#6289,#6290
      ,#6291,#6292,#6293,#6294,#6295,#6296,#6297,#6298)
    ,(#6299,#6300,#6301,#6302,#6303,#6304,#6305,#6306,#6307,#6308,#6309
      ,#6310,#6311,#6312,#6313,#6314,#6315,#6316,#6317,#6318,#6319,#6320
      ,#6321,#6322,#6323,#6324,#6325,#6326,#6327,#6328,#6329,#6330,#6331
      ,#6332,#6333,#6334,#6335,#6336,#6337,#6338,#6339,#6340,#6341,#6342
      ,#6343,#6344,#6345,#6346,#6347,#6348,#6349,#6350)
    ,(#6351,#6352,#6353,#6354,#6355,#6356,#6357,#6358,#6359,#6360,#6361
      ,#6362,#6363,#6364,#6365,#6366,#6367,#6368,#6369,#6370,#6371,#6372
      ,#6373,#6374,#6375,#6376,#6377,#6378,#6379,#6380,#6381,#6382,#6383
      ,#6384,#6385,#6386,#6387,#6388,#6389,#6390,#6391,#6392,#6393,#6394
      ,#6395,#6396,#6397,#6398,#6399,#6400,#6401,#6402)
    ,(#6403,#6404,#6405,#6406,#6407,#6408,#6409,#6410,#6411,#6412,#6413
      ,#6414,#6415,#6416,#6417,#6418,#6419,#6420,#6421,#6422,#6423,#6424
      ,#6425,#6426,#6427,#6428,#6429,#6430,#6431,#6432,#6433,#6434,#6435
      ,#6436,#6437,#6438,#6439,#6440,#6441,#6442,#6443,#6444,#6445,#6446
      ,#6447,#6448,#6449,#6450,#6451,#6452,#6453,#6454)
    ,(#6455,#6456,#6457,#6458,#6459,#6460,#6461,#6462,#6463,#6464,#6465
      ,#6466,#6467,#6468,#6469,#6470,#6471,#6472,#6473,#6474,#6475,#6476
      ,#6477,#6478,#6479,#6480,#6481,#6482,#6483,#6484,#6485,#6486,#6487
      ,#6488,#6489,#6490,#6491,#6492,#6493,#6494,#6495,#6496,#6497,#6498
      ,#6499,#6500,#6501,#6502,#6503,#6504,#6505,#6506)
    ,(#6507,#6508,#6509,#6510,#6511,#6512,#6513,#6514,#6515,#6516,#6517
      ,#6518,#6519,#6520,#6521,#6522,#6523,#6524,#6525,#6526,#6527,#6528
      ,#6529,#6530,#6531,#6532,#6533,#6534,#6535,#6536,#6537,#6538,#6539
      ,#6540,#6541,#6542,#6543,#6544,#6545,#6546,#6547,#6548,#6549,#6550
      ,#6551,#6552,#6553,#6554,#6555,#6556,#6557,#6558)
    ,(#6559,#6560,#6561,#6562,#6563,#6564,#6565,#6566,#6567,#6568,#6569
      ,#6570,#6571,#6572,#6573,#6574,#6575,#6576,#6577,#6578,#6579,#6580
      ,#6581,#6582,#6583,#6584,#6585,#6586,#6587,#6588,#6589,#6590,#6591
      ,#6592,#6593,#6594,#6595,#6596,#6597,#6598,#6599,#6600,#6601,#6602
      ,#6603,#6604,#6605,#6606,#6607,#6608,#6609,#6610)
    ,(#6611,#6612,#6613,#6614,#6615,#6616,#6617,#6618,#6619,#6620,#6621
      ,#6622,#6623,#6624,#6625,#6626,#6627,#6628,#6629,#6630,#6631,#6632
      ,#6633,#6634,#6635,#6636,#6637,#6638,#6639,#6640,#6641,#6642,#6643
      ,#6644,#6645,#6646,#6647,#6648,#6649,#6650,#6651,#6652,#6653,#6654
      ,#6655,#6656,#6657,#6658,#6659,#6660,#6661,#6662)
    ,(#6663,#6664,#6665,#6666,#6667,#6668,#6669,#6670,#6671,#6672,#6673
      ,#6674,#6675,#6676,#6677,#6678,#6679,#6680,#6681,#6682,#6683,#6684
      ,#6685,#6686,#6687,#6688,#6689,#6690,#6691,#6692,#6693,#6694,#6695
      ,#6696,#6697,#6698,#6699,#6700,#6701,#6702,#6703,#6704,#6705,#6706
      ,#6707,#6708,#6709,#6710,#6711,#6712,#6713,#6714)
    ,(#6715,#6716,#6717,#6718,#6719,#6720,#6721,#6722,#6723,#6724,#6725
      ,#6726,#6727,#6728,#6729,#6730,#6731,#6732,#6733,#6734,#6735,#6736
      ,#6737,#6738,#6739,#6740,#6741,#6742,#6743,#6744,#6745,#6746,#6747
      ,#6748,#6749,#6750,#6751,#6752,#6753,#6754,#6755,#6756,#6757,#6758
      ,#6759,#6760,#6761,#6762,#6763,#6764,#6765,#6766)
    ,(#6767,#6768,#6769,#6770,#6771,#6772,#6773,#6774,#6775,#6776,#6777
      ,#6778,#6779,#6780,#6781,#6782,#6783,#6784,#6785,#6786,#6787,#6788
      ,#6789,#6790,#6791,#6792,#6793,#6794,#6795,#6796,#6797,#6798,#6799
      ,#6800,#6801,#6802,#6803,#6804,#6805,#6806,#6807,#6808,#6809,#6810
      ,#6811,#6812,#6813,#6814,#6815,#6816,#6817,#6818)
    ,(#6819,#6820,#6821,#6822,#6823,#6824,#6825,#6826,#6827,#6828,#6829
      ,#6830,#6831,#6832,#6833,#6834,#6835,#6836,#6837,#6838,#6839,#6840
      ,#6841,#6842,#6843,#6844,#6845,#6846,#6847,#6848,#6849,#6850,#6851
      ,#6852,#6853,#6854,#6855,#6856,#6857,#6858,#6859,#6860,#6861,#6862
      ,#6863,#6864,#6865,#6866,#6867,#6868,#6869,#6870)
    ,(#6871,#6872,#6873,#6874,#6875,#6876,#6877,#6878,#6879,#6880,#6881
      ,#6882,#6883,#6884,#6885,#6886,#6887,#6888,#6889,#6890,#6891,#6892
      ,#6893,#6894,#6895,#6896,#6897,#6898,#6899,#6900,#6901,#6902,#6903
      ,#6904,#6905,#6906,#6907,#6908,#6909,#6910,#6911,#6912,#6913,#6914
      ,#6915,#6916,#6917,#6918,#6919,#6920,#6921,#6922)
    ,(#6923,#6924,#6925,#6926,#6927,#6928,#6929,#6930,#6931,#6932,#6933
      ,#6934,#6935,#6936,#6937,#6938,#6939,#6940,#6941,#6942,#6943,#6944
      ,#6945,#6946,#6947,#6948,#6949,#6950,#6951,#6952,#6953,#6954,#6955
      ,#6956,#6957,#6958,#6959,#6960,#6961,#6962,#6963,#6964,#6965,#6966
      ,#6967,#6968,#6969,#6970,#6971,#6972,#6973,#6974)
    ,(#6975,#6976,#6977,#6978,#6979,#6980,#6981,#6982,#6983,#6984,#6985
      ,#6986,#6987,#6988,#6989,#6990,#6991,#6992,#6993,#6994,#6995,#6996
      ,#6997,#6998,#6999,#7000,#7001,#7002,#7003,#7004,#7005,#7006,#7007
      ,#7008,#7009,#7010,#7011,#7012,#7013,#7014,#7015,#7016,#7017,#7018
      ,#7019,#7020,#7021,#7022,#7023,#7024,#7025,#7026)
    ,(#7027,#7028,#7029,#7030,#7031,#7032,#7033,#7034,#7035,#7036,#7037
      ,#7038,#7039,#7040,#7041,#7042,#7043,#7044,#7045,#7046,#7047,#7048
      ,#7049,#7050,#7051,#7052,#7053,#7054,#7055,#7056,#7057,#7058,#7059
      ,#7060,#7061,#7062,#7063,#7064,#7065,#7066,#7067,#7068,#7069,#7070
      ,#7071,#7072,#7073,#7074,#7075,#7076,#7077,#7078)
    ,(#7079,#7080,#7081,#7082,#7083,#7084,#7085,#7086,#7087,#7088,#7089
      ,#7090,#7091,#7092,#7093,#7094,#7095,#7096,#7097,#7098,#7099,#7100
      ,#7101,#7102,#7103,#7104,#7105,#7106,#7107,#7108,#7109,#7110,#7111
      ,#7112,#7113,#7114,#7115,#7116,#7117,#7118,#7119,#7120,#7121,#7122
      ,#7123,#7124,#7125,#7126,#7127,#7128,#7129,#7130)
    ,(#7131,#7132,#7133,#7134,#7135,#7136,#7137,#7138,#7139,#7140,#7141
      ,#7142,#7143,#7144,#7145,#7146,#7147,#7148,#7149,#7150,#7151,#7152
      ,#7153,#7154,#7155,#7156,#7157,#7158,#7159,#7160,#7161,#7162,#7163
      ,#7164,#7165,#7166,#7167,#7168,#7169,#7170,#7171,#7172,#7173,#7174
      ,#7175,#7176,#7177,#7178,#7179,#7180,#7181,#7182)
    ,(#7183,#7184,#7185,#7186,#7187,#7188,#7189,#7190,#7191,#7192,#7193
      ,#7194,#7195,#7196,#7197,#7198,#7199,#7200,#7201,#7202,#7203,#7204
      ,#7205,#7206,#7207,#7208,#7209,#7210,#7211,#7212,#7213,#7214,#7215
      ,#7216,#7217,#7218,#7219,#7220,#7221,#7222,#7223,#7224,#7225,#7226
      ,#7227,#7228,#7229,#7230,#7231,#7232,#7233,#7234)
    ,(#7235,#7236,#7237,#7238,#7239,#7240,#7241,#7242,#7243,#7244,#7245
      ,#7246,#7247,#7248,#7249,#7250,#7251,#7252,#7253,#7254,#7255,#7256
      ,#7257,#7258,#7259,#7260,#7261,#7262,#7263,#7264,#7265,#7266,#7267
      ,#7268,#7269,#7270,#7271,#7272,#7273,#7274,#7275,#7276,#7277,#7278
      ,#7279,#7280,#7281,#7282,#7283,#7284,#7285,#7286)
    ,(#7287,#7288,#7289,#7290,#7291,#7292,#7293,#7294,#7295,#7296,#7297
      ,#7298,#7299,#7300,#7301,#7302,#7303,#7304,#7305,#7306,#7307,#7308
      ,#7309,#7310,#7311,#7312,#7313,#7314,#7315,#7316,#7317,#7318,#7319
      ,#7320,#7321,#7322,#7323,#7324,#7325,#7326,#7327,#7328,#7329,#7330
      ,#7331,#7332,#7333,#7334,#7335,#7336,#7337,#7338)
    ,(#7339,#7340,#7341,#7342,#7343,#7344,#7345,#7346,#7347,#7348,#7349
      ,#7350,#7351,#7352,#7353,#7354,#7355,#7356,#7357,#7358,#7359,#7360
      ,#7361,#7362,#7363,#7364,#7365,#7366,#7367,#7368,#7369,#7370,#7371
      ,#7372,#7373,#7374,#7375,#7376,#7377,#7378,#7379,#7380,#7381,#7382
      ,#7383,#7384,#7385,#7386,#7387,#7388,#7389,#7390)
    ,(#7391,#7392,#7393,#7394,#7395,#7396,#7397,#7398,#7399,#7400,#7401
      ,#7402,#7403,#7404,#7405,#7406,#7407,#7408,#7409,#7410,#7411,#7412
      ,#7413,#7414,#7415,#7416,#7417,#7418,#7419,#7420,#7421,#7422,#7423
      ,#7424,#7425,#7426,#7427,#7428,#7429,#7430,#7431,#7432,#7433,#7434
      ,#7435,#7436,#7437,#7438,#7439,#7440,#7441,#7442
  )),.UNSPECIFIED.,.F.,.F.,.F.,(5,3,3,3,3,3,3,3,3,3,3,3,3,3,3,3,3,5),(7,
    5,5,5,5,5,5,5,5,5,7),(0.,1.958181671658,3.926480215025,
    5.905460376132,7.891920778478,9.882455752675,11.873533476751,
    13.86156362833,15.788040109463,15.844631624211,18.332621853815,
    20.830328858064,23.336357998115,25.851787883291,28.349516726627,
    30.838417627704,33.319418325186,35.80070496095),(0.,2.515916896415,
    5.123046198418,7.852620984697,10.713044003567,13.764777279224,
    17.052829924549,20.718002616593,24.835649938627,32.334935030017,
    41.094861724927),.UNSPECIFIED.);
#4687 = CARTESIAN_POINT('',(-36.0508761873,-60.59360939225,
    -21.0689525551));
#4688 = CARTESIAN_POINT('',(-35.90171288235,-60.82242010893,
    -20.75079411503));
#4689 = CARTESIAN_POINT('',(-35.75254957739,-61.05123082562,
    -20.43263567496));
#4690 = CARTESIAN_POINT('',(-35.60338627244,-61.2800415423,
    -20.11447723488));
#4691 = CARTESIAN_POINT('',(-35.45422296748,-61.50885225898,
    -19.79631879481));
#4692 = CARTESIAN_POINT('',(-35.30505966253,-61.73766297566,
    -19.47816035474));
#4693 = CARTESIAN_POINT('',(-35.00132526515,-62.20357974498,
    -18.83030891369));
#4694 = CARTESIAN_POINT('',(-34.84675417272,-62.44068579762,
    -18.50061591272));
#4695 = CARTESIAN_POINT('',(-34.6921830803,-62.67779185025,
    -18.17092291174));
#4696 = CARTESIAN_POINT('',(-34.53761198787,-62.91489790289,
    -17.84122991076));
#4697 = CARTESIAN_POINT('',(-34.38304089545,-63.15200395553,
    -17.51153690978));
#4698 = CARTESIAN_POINT('',(-34.06663918103,-63.63735189723,
    -16.83666666654));
#4699 = CARTESIAN_POINT('',(-33.90480855903,-63.88559378629,
    -16.49148942428));
#4700 = CARTESIAN_POINT('',(-33.74297793703,-64.13383567535,
    -16.14631218202));
#4701 = CARTESIAN_POINT('',(-33.58114731503,-64.38207756441,
    -15.80113493976));
#4702 = CARTESIAN_POINT('',(-33.41931669303,-64.63031945347,
    -15.4559576975));
#4703 = CARTESIAN_POINT('',(-33.08789773858,-65.13870325814,
    -14.74905637488));
#4704 = CARTESIAN_POINT('',(-32.91830940612,-65.39884517376,
    -14.38733229451));
#4705 = CARTESIAN_POINT('',(-32.74872107367,-65.65898708937,
    -14.02560821415));
#4706 = CARTESIAN_POINT('',(-32.57913274121,-65.91912900498,
    -13.66388413379));
#4707 = CARTESIAN_POINT('',(-32.40954440875,-66.1792709206,
    -13.30216005342));
#4708 = CARTESIAN_POINT('',(-32.05902536993,-66.7169535129,
    -12.55451913301));
#4709 = CARTESIAN_POINT('',(-31.87809466356,-66.99449418959,
    -12.16860229296));
#4710 = CARTESIAN_POINT('',(-31.69716395719,-67.27203486628,
    -11.7826854529));
#4711 = CARTESIAN_POINT('',(-31.51623325082,-67.54957554297,
    -11.39676861285));
#4712 = CARTESIAN_POINT('',(-31.33530254445,-67.82711621966,
    -11.0108517728));
#4713 = CARTESIAN_POINT('',(-30.95943026424,-68.40368969959,
    -10.2091335595));
#4714 = CARTESIAN_POINT('',(-30.7644886904,-68.70272250283,
    -9.793332186256));
#4715 = CARTESIAN_POINT('',(-30.56954711656,-69.00175530608,
    -9.377530813008));
#4716 = CARTESIAN_POINT('',(-30.37460554272,-69.30078810932,
    -8.961729439759));
#4717 = CARTESIAN_POINT('',(-30.17966396887,-69.59982091256,
    -8.54592806651));
#4718 = CARTESIAN_POINT('',(-29.76742218422,-70.23218379981,
    -7.666635380033));
#4719 = CARTESIAN_POINT('',(-29.55012197341,-70.56551388382,
    -7.203144066805));
#4720 = CARTESIAN_POINT('',(-29.3328217626,-70.89884396782,
    -6.739652753577));
#4721 = CARTESIAN_POINT('',(-29.11552155179,-71.23217405182,
    -6.276161440348));
#4722 = CARTESIAN_POINT('',(-28.89822134098,-71.56550413583,
    -5.81267012712));
#4723 = CARTESIAN_POINT('',(-28.43679467112,-72.27331472677,
    -4.828468352187));
#4724 = CARTESIAN_POINT('',(-28.19266821206,-72.64779523372,
    -4.307757890483));
#4725 = CARTESIAN_POINT('',(-27.94854175301,-73.02227574066,
    -3.787047428778));
#4726 = CARTESIAN_POINT('',(-27.70441529396,-73.3967562476,
    -3.266336967073));
#4727 = CARTESIAN_POINT('',(-27.46028883491,-73.77123675455,
    -2.745626505369));
#4728 = CARTESIAN_POINT('',(-26.77154588211,-74.82774169513,
    -1.27656959799));
#4729 = CARTESIAN_POINT('',(-26.32692938837,-75.50976612877,
    -0.328223152316));
#4730 = CARTESIAN_POINT('',(-25.88231289463,-76.19179056241,
    0.620123293358));
#4731 = CARTESIAN_POINT('',(-25.43769640089,-76.87381499604,
    1.568469739033));
#4732 = CARTESIAN_POINT('',(-24.99307990715,-77.55583942968,
    2.516816184707));
#4733 = CARTESIAN_POINT('',(-24.02910618868,-79.03453767556,
    4.572927603208));
#4734 = CARTESIAN_POINT('',(-23.50974896395,-79.8312114878,
    5.680692576035));
#4735 = CARTESIAN_POINT('',(-22.99039173923,-80.62788530004,
    6.788457548862));
#4736 = CARTESIAN_POINT('',(-22.4710345145,-81.42455911227,
    7.896222521689));
#4737 = CARTESIAN_POINT('',(-21.95167728977,-82.22123292451,
    9.003987494516));
#4738 = CARTESIAN_POINT('',(-21.43232006504,-83.01790673675,
    10.111752467343));
#4739 = CARTESIAN_POINT('',(-36.1776717319,-60.24724986567,
    -20.74706331263));
#4740 = CARTESIAN_POINT('',(-36.02547193637,-60.48127727186,
    -20.42905823829));
#4741 = CARTESIAN_POINT('',(-35.87328385286,-60.71526237173,
    -20.11098153979));
#4742 = CARTESIAN_POINT('',(-35.72110841404,-60.94920477413,
    -19.79283294936));
#4743 = CARTESIAN_POINT('',(-35.56894653955,-61.18310402603,
    -19.47461219658));
#4744 = CARTESIAN_POINT('',(-35.41679913594,-61.41695961249,
    -19.15631900833));
#4745 = CARTESIAN_POINT('',(-35.10460311488,-61.88965506842,
    -18.5089550618));
#4746 = CARTESIAN_POINT('',(-34.94688761686,-62.13177644778,
    -18.17900083703));
#4747 = CARTESIAN_POINT('',(-34.78918961538,-62.37384967846,
    -17.84896822741));
#4748 = CARTESIAN_POINT('',(-34.63151010321,-62.61587405444,
    -17.51885692701));
#4749 = CARTESIAN_POINT('',(-34.47385007104,-62.85784880481,
    -17.18866663102));
#4750 = CARTESIAN_POINT('',(-34.14872579636,-63.34962046413,
    -16.51353545942));
#4751 = CARTESIAN_POINT('',(-33.98359550678,-63.60269729722,
    -16.16770886197));
#4752 = CARTESIAN_POINT('',(-33.81848879148,-63.8557178595,
    -15.82179499438));
#4753 = CARTESIAN_POINT('',(-33.65340679515,-64.10868111838,
    -15.47579351527));
#4754 = CARTESIAN_POINT('',(-33.48835067224,-64.36158596722,
    -15.12970409077));
#4755 = CARTESIAN_POINT('',(-33.14793769485,-64.87595494457,
    -14.42167409482));
#4756 = CARTESIAN_POINT('',(-32.97491548006,-65.14069799765,
    -14.05884676017));
#4757 = CARTESIAN_POINT('',(-32.80192430058,-65.4053742512,
    -13.6959221143));
#4758 = CARTESIAN_POINT('',(-32.6289655206,-65.66998225895,
    -13.33289979984));
#4759 = CARTESIAN_POINT('',(-32.45604052826,-65.93452048655,
    -12.9697794783));
#4760 = CARTESIAN_POINT('',(-32.09620981239,-66.47763768875,
    -12.21998629148));
#4761 = CARTESIAN_POINT('',(-31.91164094064,-66.75949156694,
    -11.83242173823));
#4762 = CARTESIAN_POINT('',(-31.72711385358,-67.04126220134,
    -11.44474488063));
#4763 = CARTESIAN_POINT('',(-31.54263031098,-67.32294750692,
    -11.0569553708));
#4764 = CARTESIAN_POINT('',(-31.35819211716,-67.6045452834,
    -10.66905290258));
#4765 = CARTESIAN_POINT('',(-30.97261873459,-68.18582134828,
    -9.86392055492));
#4766 = CARTESIAN_POINT('',(-30.77382312534,-68.48876995659,
    -9.445794369024));
#4767 = CARTESIAN_POINT('',(-30.57508462433,-68.7916113687,
    -9.027536420185));
#4768 = CARTESIAN_POINT('',(-30.37640561984,-69.09434252999,
    -8.609146463691));
#4769 = CARTESIAN_POINT('',(-30.17778857512,-69.39696022758,
    -8.190624343662));
#4770 = CARTESIAN_POINT('',(-29.75531124106,-70.03299548033,
    -7.30627729567));
#4771 = CARTESIAN_POINT('',(-29.53379858652,-70.36966946828,
    -6.839542208816));
#4772 = CARTESIAN_POINT('',(-29.31236959152,-70.70619361623,
    -6.372642744836));
#4773 = CARTESIAN_POINT('',(-29.09102791176,-71.04256300216,
    -5.905579004639));
#4774 = CARTESIAN_POINT('',(-28.86977733483,-71.37877245917,
    -5.438351299042));
#4775 = CARTESIAN_POINT('',(-28.39754412275,-72.08865591043,
    -4.446854954572));
#4776 = CARTESIAN_POINT('',(-28.14891839309,-72.46557133024,
    -3.921665395247));
#4777 = CARTESIAN_POINT('',(-27.90041812609,-72.84227042391,
    -3.396270359444));
#4778 = CARTESIAN_POINT('',(-27.65204910902,-73.21874513373,
    -2.870671060257));
#4779 = CARTESIAN_POINT('',(-27.40381733957,-73.59498703882,
    -2.34486921202));
#4780 = CARTESIAN_POINT('',(-26.69964972511,-74.64979746099,
    -0.862482414068));
#4781 = CARTESIAN_POINT('',(-26.24637824471,-75.3310910515,
    9.544453575834E-02));
#4782 = CARTESIAN_POINT('',(-25.79361967311,-76.01153066218,
    1.054022070585));
#4783 = CARTESIAN_POINT('',(-25.34141385765,-76.69105961784,
    2.013229251467));
#4784 = CARTESIAN_POINT('',(-24.8898019948,-77.36961868475,
    2.973036471302));
#4785 = CARTESIAN_POINT('',(-23.90931362331,-78.83473506967,
    5.054184188754));
#4786 = CARTESIAN_POINT('',(-23.38300000923,-79.62420215043,
    6.17660751623));
#4787 = CARTESIAN_POINT('',(-22.8576183413,-80.41216963661,
    7.299729082234));
#4788 = CARTESIAN_POINT('',(-22.33323350689,-81.19854285068,
    8.423462708782));
#4789 = CARTESIAN_POINT('',(-21.80990409879,-81.983232882,9.547699688545
    ));
#4790 = CARTESIAN_POINT('',(-21.28767637484,-82.76616749757,
    10.672305204646));
#4791 = CARTESIAN_POINT('',(-36.30446727649,-59.90089033909,
    -20.42517407016));
#4792 = CARTESIAN_POINT('',(-36.14916245507,-60.13997001873,
    -20.10741388548));
#4793 = CARTESIAN_POINT('',(-35.99388105765,-60.37896508572,
    -19.78951045246));
#4794 = CARTESIAN_POINT('',(-35.83862494964,-60.61787475778,
    -19.4714632356));
#4795 = CARTESIAN_POINT('',(-35.68339597028,-60.85669812884,
    -19.15327169404));
#4796 = CARTESIAN_POINT('',(-35.52819593267,-61.095434169,
    -18.83493528154));
#4797 = CARTESIAN_POINT('',(-35.20746975261,-61.57474389549,
    -18.18815035344));
#4798 = CARTESIAN_POINT('',(-35.04654131366,-61.82171618551,
    -17.85802642881));
#4799 = CARTESIAN_POINT('',(-34.88564786778,-62.06859217817,
    -17.52774573447));
#4800 = CARTESIAN_POINT('',(-34.72479140054,-62.31537046142,
    -17.19730765857));
#4801 = CARTESIAN_POINT('',(-34.56397389329,-62.56204949346,
    -16.86671159148));
#4802 = CARTESIAN_POINT('',(-34.23005852301,-63.06008045434,
    -16.19141101544));
#4803 = CARTESIAN_POINT('',(-34.06156003052,-63.31782781541,
    -15.84502658674));
#4804 = CARTESIAN_POINT('',(-33.89310868658,-63.57546263485,
    -15.49846761774));
#4805 = CARTESIAN_POINT('',(-33.72470678058,-63.83298284749,
    -15.15173342569));
#4806 = CARTESIAN_POINT('',(-33.55635662141,-64.09038624004,
    -14.80482334288));
#4807 = CARTESIAN_POINT('',(-33.20688108575,-64.61057597399,
    -14.09575619753));
#4808 = CARTESIAN_POINT('',(-33.03035645329,-64.87975574848,
    -13.73191713252));
#4809 = CARTESIAN_POINT('',(-32.85389389147,-65.14880192391,
    -13.36788344505));
#4810 = CARTESIAN_POINT('',(-32.67749612861,-65.41771160772,
    -13.00365442043));
#4811 = CARTESIAN_POINT('',(-32.50116594106,-65.68648173125,
    -12.63922938164));
#4812 = CARTESIAN_POINT('',(-32.13195501281,-66.23486912728,
    -11.88737545233));
#4813 = CARTESIAN_POINT('',(-31.94367944034,-66.52087179091,
    -11.49825470981));
#4814 = CARTESIAN_POINT('',(-31.75548743725,-66.80670796696,
    -11.10890935858));
#4815 = CARTESIAN_POINT('',(-31.5673825231,-67.09237348536,
    -10.7193387029));
#4816 = CARTESIAN_POINT('',(-31.37936830649,-67.37786394557,
    -10.32954213043));
#4817 = CARTESIAN_POINT('',(-30.98402528622,-67.96367817935,
    -9.521087172332));
#4818 = CARTESIAN_POINT('',(-30.78130710623,-68.27037817665,
    -9.10072769771));
#4819 = CARTESIAN_POINT('',(-30.57870314273,-68.57686378157,
    -8.680104697204));
#4820 = CARTESIAN_POINT('',(-30.37621817224,-68.88312888485,
    -8.259217681389));
#4821 = CARTESIAN_POINT('',(-30.1738571213,-69.18916706071,
    -7.838066338501));
#4822 = CARTESIAN_POINT('',(-29.74107570251,-69.82871026291,
    -6.948756452918));
#4823 = CARTESIAN_POINT('',(-29.51528206889,-70.16856373875,
    -6.47886911636));
#4824 = CARTESIAN_POINT('',(-29.28965575437,-70.50811753458,
    -6.008653025553));
#4825 = CARTESIAN_POINT('',(-29.06420407034,-70.84736180636,
    -5.53810838231));
#4826 = CARTESIAN_POINT('',(-28.83893459195,-71.18628622032,
    -5.067235808266));
#4827 = CARTESIAN_POINT('',(-28.35582630231,-71.89807811584,
    -4.068536418183));
#4828 = CARTESIAN_POINT('',(-28.1026327667,-72.27726403245,
    -3.538959285161));
#4829 = CARTESIAN_POINT('',(-27.84969015643,-72.65601729677,
    -3.008971199182));
#4830 = CARTESIAN_POINT('',(-27.597010046,-73.03432179342,
    -2.478574586435));
#4831 = CARTESIAN_POINT('',(-27.34460443082,-73.4121606806,
    -1.947772875588));
#4832 = CARTESIAN_POINT('',(-26.62494361937,-74.46511216828,
    -0.452147710987));
#4833 = CARTESIAN_POINT('',(-26.16294861696,-75.14551049959,
    0.515268219069));
#4834 = CARTESIAN_POINT('',(-25.70197943217,-75.82420087126,
    1.483985319125));
#4835 = CARTESIAN_POINT('',(-25.24211575966,-76.50106993289,
    2.453961711291));
#4836 = CARTESIAN_POINT('',(-24.78343999237,-77.175999217,3.425138181364
    ));
#4837 = CARTESIAN_POINT('',(-23.78636843252,-78.62736932491,
    5.531230673844));
#4838 = CARTESIAN_POINT('',(-23.25302989375,-79.40946525813,
    6.668220832047));
#4839 = CARTESIAN_POINT('',(-22.72155524728,-80.18856200217,
    7.806607467305));
#4840 = CARTESIAN_POINT('',(-22.19207426786,-80.96447020201,
    8.946218223651));
#4841 = CARTESIAN_POINT('',(-21.66470414104,-81.73701203636,
    10.086835686428));
#4842 = CARTESIAN_POINT('',(-21.13953738253,-82.5060430392,
    11.22819022188));
#4843 = CARTESIAN_POINT('',(-36.43126282109,-59.55453081251,
    -20.10328482769));
#4844 = CARTESIAN_POINT('',(-36.27278955206,-59.79850093622,
    -19.78586404304));
#4845 = CARTESIAN_POINT('',(-36.11435141905,-60.04234414095,
    -19.46822838586));
#4846 = CARTESIAN_POINT('',(-35.95595122014,-60.28605925329,
    -19.15037705292));
#4847 = CARTESIAN_POINT('',(-35.79759171421,-60.52964491413,
    -18.83230923294));
#4848 = CARTESIAN_POINT('',(-35.63927562091,-60.77309957862,
    -18.51402410656));
#4849 = CARTESIAN_POINT('',(-35.30995586014,-61.2588617463,
    -17.86791270726));
#4850 = CARTESIAN_POINT('',(-35.14575105856,-61.51052311759,
    -17.53771359312));
#4851 = CARTESIAN_POINT('',(-34.98159874658,-61.76204004285,
    -17.20727932442));
#4852 = CARTESIAN_POINT('',(-34.81750190257,-62.013410404,
    -16.87660898338));
#4853 = CARTESIAN_POINT('',(-34.65346349854,-62.26463188833,
    -16.54570165556));
#4854 = CARTESIAN_POINT('',(-34.31069361097,-62.76876032139,
    -15.87032618545));
#4855 = CARTESIAN_POINT('',(-34.13876349386,-63.03101638106,
    -15.52347843585));
#4856 = CARTESIAN_POINT('',(-33.96690409959,-63.29310362827,
    -15.1763688758));
#4857 = CARTESIAN_POINT('',(-33.79511886222,-63.55501896529,
    -14.82899648118));
#4858 = CARTESIAN_POINT('',(-33.62341124511,-63.81675907218,
    -14.48136025042));
#4859 = CARTESIAN_POINT('',(-33.26480972948,-64.34260773337,
    -13.77135046603));
#4860 = CARTESIAN_POINT('',(-33.08471925765,-64.61606239988,
    -13.40659418101));
#4861 = CARTESIAN_POINT('',(-32.90472189177,-64.88931666781,
    -13.04154596232));
#4862 = CARTESIAN_POINT('',(-32.72482172435,-65.16236619831,
    -12.67620473789));
#4863 = CARTESIAN_POINT('',(-32.54502291989,-65.43520638838,
    -12.3105694922));
#4864 = CARTESIAN_POINT('',(-32.16636835756,-65.98870214887,
    -11.55674933077));
#4865 = CARTESIAN_POINT('',(-31.97432266267,-66.27869176857,
    -11.16616690935));
#4866 = CARTESIAN_POINT('',(-31.78240232186,-66.56843165688,
    -10.77524757485));
#4867 = CARTESIAN_POINT('',(-31.59061261445,-66.85791555873,
    -10.38399028368));
#4868 = CARTESIAN_POINT('',(-31.39895895335,-67.14713687329,
    -9.992394117331));
#4869 = CARTESIAN_POINT('',(-30.99378287368,-67.73732744658,
    -9.180711059146));
#4870 = CARTESIAN_POINT('',(-30.78707870125,-68.04761700351,
    -8.758212806161));
#4871 = CARTESIAN_POINT('',(-30.58054585355,-68.35758497186,
    -8.335319264349));
#4872 = CARTESIAN_POINT('',(-30.37419149539,-68.66722218774,
    -7.912029699574));
#4873 = CARTESIAN_POINT('',(-30.16802301653,-68.97651901251,
    -7.48834364419));
#4874 = CARTESIAN_POINT('',(-29.72487409129,-69.61940833476,
    -6.594165431376));
#4875 = CARTESIAN_POINT('',(-29.49473605691,-69.96227946911,
    -6.121220355477));
#4876 = CARTESIAN_POINT('',(-29.26484900117,-70.30470108345,
    -5.647782148204));
#4877 = CARTESIAN_POINT('',(-29.03522389116,-70.64665841171,
    -5.173851112277));
#4878 = CARTESIAN_POINT('',(-28.80587208961,-70.98813595323,
    -4.699428180148));
#4879 = CARTESIAN_POINT('',(-28.31182530072,-71.70167446363,
    -3.693620254813));
#4880 = CARTESIAN_POINT('',(-28.05400053747,-72.08296904767,
    -3.159750058455));
#4881 = CARTESIAN_POINT('',(-27.79655216223,-72.46361465327,
    -2.625263432663));
#4882 = CARTESIAN_POINT('',(-27.53949753674,-72.84358710737,
    -2.090164016717));
#4883 = CARTESIAN_POINT('',(-27.28285465413,-73.22286114724,
    -1.554456953621));
#4884 = CARTESIAN_POINT('',(-26.54763722397,-74.27379187107,
    -4.568793273291E-02));
#4885 = CARTESIAN_POINT('',(-26.07685527787,-74.95313311381,
    0.931122467191));
#4886 = CARTESIAN_POINT('',(-25.60761205819,-75.62991241708,
    1.909884622114));
#4887 = CARTESIAN_POINT('',(-25.14002710693,-76.3039597553,
    2.890535715204));
#4888 = CARTESIAN_POINT('',(-24.67422401349,-76.97509742723,
    3.872986925152));
#4889 = CARTESIAN_POINT('',(-23.66050584359,-78.41255942874,
    6.003929682299));
#4890 = CARTESIAN_POINT('',(-23.12007895843,-79.18712238505,
    7.155392160866));
#4891 = CARTESIAN_POINT('',(-22.58244791172,-79.95718655758,
    8.308949355017));
#4892 = CARTESIAN_POINT('',(-22.0478073656,-80.72246791382,9.4643427308)
  );
#4893 = CARTESIAN_POINT('',(-21.51633309836,-81.48269972182,
    10.621246166228));
#4894 = CARTESIAN_POINT('',(-20.9881638836,-82.23766528255,
    11.77925521067));
#4895 = CARTESIAN_POINT('',(-36.68550899468,-58.86002230592,
    -19.45784331413));
#4896 = CARTESIAN_POINT('',(-36.51826789289,-59.11010033377,
    -19.13643987644));
#4897 = CARTESIAN_POINT('',(-36.35107363912,-59.36000913631,
    -18.81474994205));
#4898 = CARTESIAN_POINT('',(-36.18392996416,-59.609747149,
    -18.49277243998));
#4899 = CARTESIAN_POINT('',(-36.0168405465,-59.85931255968,
    -18.17050628852));
#4900 = CARTESIAN_POINT('',(-35.84980901235,-60.10870330857,
    -17.84795039519));
#4901 = CARTESIAN_POINT('',(-35.50629628572,-60.60213537749,
    -17.19819047163));
#4902 = CARTESIAN_POINT('',(-35.33321573635,-60.85970329013,
    -16.86359411494));
#4903 = CARTESIAN_POINT('',(-35.16020517312,-61.11707860806,
    -16.52868421881));
#4904 = CARTESIAN_POINT('',(-34.98726856718,-61.37425850717,
    -16.19345955958));
#4905 = CARTESIAN_POINT('',(-34.81440988122,-61.63123990386,
    -15.85791891797));
#4906 = CARTESIAN_POINT('',(-34.45718609119,-62.14268326916,
    -15.17814650073));
#4907 = CARTESIAN_POINT('',(-34.27622496431,-62.4106654875,
    -14.82651337717));
#4908 = CARTESIAN_POINT('',(-34.09535813454,-62.67842262256,
    -14.47453117302));
#4909 = CARTESIAN_POINT('',(-33.91459018065,-62.94595054403,
    -14.12219852277));
#4910 = CARTESIAN_POINT('',(-33.73392572043,-63.21324482532,
    -13.769514091));
#4911 = CARTESIAN_POINT('',(-33.36059883967,-63.7459698738,
    -13.05423961451));
#4912 = CARTESIAN_POINT('',(-33.17134314331,-64.0249168924,
    -12.68424405644));
#4913 = CARTESIAN_POINT('',(-32.98221158823,-64.3035967129,
    -12.31385925346));
#4914 = CARTESIAN_POINT('',(-32.79320963108,-64.58200355016,
    -11.94308377616));
#4915 = CARTESIAN_POINT('',(-32.60434282455,-64.86013126684,
    -11.57191627053));
#4916 = CARTESIAN_POINT('',(-32.21064524299,-65.41995285184,
    -10.81180782392));
#4917 = CARTESIAN_POINT('',(-32.00923004052,-65.71514688768,
    -10.41544167053));
#4918 = CARTESIAN_POINT('',(-31.80798197683,-66.01000794833,
    -10.01862629971));
#4919 = CARTESIAN_POINT('',(-31.606908091,-66.30452769369,
    -9.621360319987));
#4920 = CARTESIAN_POINT('',(-31.40601560026,-66.59869732267,
    -9.223642506696));
#4921 = CARTESIAN_POINT('',(-30.98540707604,-67.19448169554,
    -8.404409295374));
#4922 = CARTESIAN_POINT('',(-30.76911752601,-67.50957827215,
    -7.975450210968));
#4923 = CARTESIAN_POINT('',(-30.55305640896,-67.82424606399,
    -7.545964074793));
#4924 = CARTESIAN_POINT('',(-30.33723327795,-68.13847285255,
    -7.115949908001));
#4925 = CARTESIAN_POINT('',(-30.12165798601,-68.45224578628,
    -6.685407087063));
#4926 = CARTESIAN_POINT('',(-29.66254216918,-69.09969868867,
    -5.782038493962));
#4927 = CARTESIAN_POINT('',(-29.42246034887,-69.44680494159,
    -5.301713625664));
#4928 = CARTESIAN_POINT('',(-29.18271316676,-69.7933118345,
    -4.820731248867));
#4929 = CARTESIAN_POINT('',(-28.94331524561,-70.13919967931,
    -4.339091767198));
#4930 = CARTESIAN_POINT('',(-28.70428173574,-70.48444780846,
    -3.856796423927));
#4931 = CARTESIAN_POINT('',(-28.19369706245,-71.20095039381,
    -2.839557910284));
#4932 = CARTESIAN_POINT('',(-27.92564168639,-71.58557110534,
    -2.297072597532));
#4933 = CARTESIAN_POINT('',(-27.65808816101,-71.96932651229,
    -1.753765378868));
#4934 = CARTESIAN_POINT('',(-27.39105963531,-72.35218438389,
    -1.209641106667));
#4935 = CARTESIAN_POINT('',(-27.12458010011,-72.73411103654,
    -0.664706638265));
#4936 = CARTESIAN_POINT('',(-26.3682066661,-73.78423845658,
    0.861528291968));
#4937 = CARTESIAN_POINT('',(-25.88303839114,-74.46374007081,
    1.852055214818));
#4938 = CARTESIAN_POINT('',(-25.39992175141,-75.13982576575,
    2.845184477665));
#4939 = CARTESIAN_POINT('',(-24.91901613624,-75.81226884062,
    3.840832324736));
#4940 = CARTESIAN_POINT('',(-24.44048633151,-76.48083236045,
    4.838880327618));
#4941 = CARTESIAN_POINT('',(-23.40452216639,-77.90560371563,
    6.998995402488));
#4942 = CARTESIAN_POINT('',(-22.85140754969,-78.67385115509,
    8.169252254477));
#4943 = CARTESIAN_POINT('',(-22.30202071758,-79.43610021618,
    9.342302060577));
#4944 = CARTESIAN_POINT('',(-21.75662121959,-80.19197218888,
    10.517800108855));
#4945 = CARTESIAN_POINT('',(-21.21544342679,-80.94111143059,
    11.695311569992));
#4946 = CARTESIAN_POINT('',(-20.67867237061,-81.68322900928,
    12.874297176481));
#4947 = CARTESIAN_POINT('',(-36.81295962367,-58.51187332592,
    -19.13429104303));
#4948 = CARTESIAN_POINT('',(-36.64240437838,-58.76652855244,
    -18.81339960423));
#4949 = CARTESIAN_POINT('',(-36.47190769311,-59.02097224732,
    -18.49215004455));
#4950 = CARTESIAN_POINT('',(-36.30147423135,-59.2752024549,
    -18.17054102528));
#4951 = CARTESIAN_POINT('',(-36.13110859122,-59.52921690995,
    -17.84857119426));
#4952 = CARTESIAN_POINT('',(-35.96081530548,-59.78301303778,
    -17.52623918591));
#4953 = CARTESIAN_POINT('',(-35.60856330223,-60.28258430248,
    -16.87732539001));
#4954 = CARTESIAN_POINT('',(-35.43206069434,-60.544528051,
    -16.54282644268));
#4955 = CARTESIAN_POINT('',(-35.25564556911,-60.80623105614,
    -16.20793557106));
#4956 = CARTESIAN_POINT('',(-35.07932289049,-61.06768978775,
    -15.87265124556));
#4957 = CARTESIAN_POINT('',(-34.90309761185,-61.32890039133,
    -15.53697194207));
#4958 = CARTESIAN_POINT('',(-34.53687360863,-61.84612798342,
    -14.85729722962));
#4959 = CARTESIAN_POINT('',(-34.35233516123,-62.11830565496,
    -14.50537338404));
#4960 = CARTESIAN_POINT('',(-34.16791458522,-62.3902019724,
    -14.15301318771));
#4961 = CARTESIAN_POINT('',(-33.98361760406,-62.66181177284,
    -13.80021493375));
#4962 = CARTESIAN_POINT('',(-33.79944998999,-62.93312952307,
    -13.44697695289));
#4963 = CARTESIAN_POINT('',(-33.41685143336,-63.47120025339,
    -12.73093243623));
#4964 = CARTESIAN_POINT('',(-33.22388420173,-63.75410891862,
    -12.36019225702));
#4965 = CARTESIAN_POINT('',(-33.0310721467,-64.03668358622,
    -11.98896552168));
#4966 = CARTESIAN_POINT('',(-32.83842208908,-64.31891702477,
    -11.61725044344));
#4967 = CARTESIAN_POINT('',(-32.64594096974,-64.60080156261,
    -11.24504532978));
#4968 = CARTESIAN_POINT('',(-32.24265405819,-65.16541826666,
    -10.48314324992));
#4969 = CARTESIAN_POINT('',(-32.03732303741,-65.46428601316,
    -10.08548801649));
#4970 = CARTESIAN_POINT('',(-31.83220094009,-65.76273754068,
    -9.687271261265));
#4971 = CARTESIAN_POINT('',(-31.6272965651,-66.0607624241,
    -9.288491244909));
#4972 = CARTESIAN_POINT('',(-31.42261893397,-66.35834966202,
    -8.8891464366));
#4973 = CARTESIAN_POINT('',(-30.99203165445,-66.95819712901,
    -8.066857724063));
#4974 = CARTESIAN_POINT('',(-30.77161041608,-67.27657001985,
    -7.63593246016));
#4975 = CARTESIAN_POINT('',(-30.55147471893,-67.59440692972,
    -7.204348381544));
#4976 = CARTESIAN_POINT('',(-30.33163650433,-67.91169258549,
    -6.772104264657));
#4977 = CARTESIAN_POINT('',(-30.11210808858,-68.22841092273,
    -6.339199330089));
#4978 = CARTESIAN_POINT('',(-29.6424790694,-68.87889669978,
    -5.431135008623));
#4979 = CARTESIAN_POINT('',(-29.39790715242,-69.22870736581,
    -4.947924999848));
#4980 = CARTESIAN_POINT('',(-29.15375353319,-69.57776883182,
    -4.463893105451));
#4981 = CARTESIAN_POINT('',(-28.91003649016,-69.92605648772,
    -3.979039829963));
#4982 = CARTESIAN_POINT('',(-28.66677496124,-70.27354449904,
    -3.493366727473));
#4983 = CARTESIAN_POINT('',(-28.14510609279,-70.99148045387,
    -2.469192277443));
#4984 = CARTESIAN_POINT('',(-27.87227379319,-71.37789658743,
    -1.922586500221));
#4985 = CARTESIAN_POINT('',(-27.60006880693,-71.76323109025,
    -1.374953340608));
#4986 = CARTESIAN_POINT('',(-27.32852007027,-72.14744367391,
    -0.826298864075));
#4987 = CARTESIAN_POINT('',(-27.05765757174,-72.53049223386,
    -0.27663164229));
#4988 = CARTESIAN_POINT('',(-26.28558182313,-73.57828564464,
    1.262574545366));
#4989 = CARTESIAN_POINT('',(-25.79148090856,-74.25641692491,
    2.262323339218));
#4990 = CARTESIAN_POINT('',(-25.29994453804,-74.93027830605,
    3.265325058068));
#4991 = CARTESIAN_POINT('',(-24.81117194822,-75.59958641211,
    4.271475007196));
#4992 = CARTESIAN_POINT('',(-24.32536912144,-76.26404507436,
    5.280625151089));
#4993 = CARTESIAN_POINT('',(-23.27261265037,-77.67459507776,
    7.46541789176));
#4994 = CARTESIAN_POINT('',(-22.71226399138,-78.4349962949,
    8.649974465249));
#4995 = CARTESIAN_POINT('',(-22.15657506313,-79.18789953909,
    9.838022231376));
#4996 = CARTESIAN_POINT('',(-21.60587030253,-79.93283142278,
    11.029130300225));
#4997 = CARTESIAN_POINT('',(-21.06044267341,-80.66934739274,
    12.222755135148));
#4998 = CARTESIAN_POINT('',(-20.52052346508,-81.39708628392,
    13.418222651761));
#4999 = CARTESIAN_POINT('',(-36.94041025267,-58.16372434591,
    -18.81073877194));
#5000 = CARTESIAN_POINT('',(-36.76648714822,-58.42279831557,
    -18.49046017501));
#5001 = CARTESIAN_POINT('',(-36.59263431581,-58.68161844726,
    -18.16975183304));
#5002 = CARTESIAN_POINT('',(-36.41885735161,-58.94018239418,
    -17.84861213955));
#5003 = CARTESIAN_POINT('',(-36.24516177336,-59.19848743808,
    -17.52703947196));
#5004 = CARTESIAN_POINT('',(-36.07155302038,-59.45653048931,
    -17.20503219158));
#5005 = CARTESIAN_POINT('',(-35.71050802488,-59.96208249425,
    -16.55706536633));
#5006 = CARTESIAN_POINT('',(-35.53052964281,-60.22824362312,
    -16.22276467135));
#5007 = CARTESIAN_POINT('',(-35.35065623995,-60.49411585993,
    -15.88799366722));
#5008 = CARTESIAN_POINT('',(-35.17089377301,-60.75969496849,
    -15.55275051844));
#5009 = CARTESIAN_POINT('',(-34.99124818604,-61.02497632344,
    -15.21703339608));
#5010 = CARTESIAN_POINT('',(-34.61597025398,-61.54782968677,
    -14.53755723141));
#5011 = CARTESIAN_POINT('',(-34.42780077042,-61.82404435597,
    -14.18544350677));
#5012 = CARTESIAN_POINT('',(-34.23977273253,-62.09992140025,
    -13.83280616125));
#5013 = CARTESIAN_POINT('',(-34.05189300846,-62.37545462415,
    -13.47964314658));
#5014 = CARTESIAN_POINT('',(-33.86416852489,-62.65063738778,
    -13.12595245962));
#5015 = CARTESIAN_POINT('',(-33.47224457674,-63.1938953444,
    -12.40923874578));
#5016 = CARTESIAN_POINT('',(-33.2755120942,-63.48060720071,
    -12.03785478842));
#5017 = CARTESIAN_POINT('',(-33.07896582357,-63.76691825988,
    -11.6658869637));
#5018 = CARTESIAN_POINT('',(-32.88261394984,-64.05281984419,
    -11.29333312751));
#5019 = CARTESIAN_POINT('',(-32.68646480204,-64.33830274763,
    -10.92019124882));
#5020 = CARTESIAN_POINT('',(-32.27353484486,-64.90755611521,
    -10.15659637868));
#5021 = CARTESIAN_POINT('',(-32.06423429011,-65.20993911684,
    -9.757752908207));
#5022 = CARTESIAN_POINT('',(-31.85518444353,-65.51182265569,
    -9.358235611569));
#5023 = CARTESIAN_POINT('',(-31.64639586374,-65.81319422162,
    -8.958042401575));
#5024 = CARTESIAN_POINT('',(-31.43787937657,-66.11404061296,
    -8.557171441236));
#5025 = CARTESIAN_POINT('',(-30.99725962611,-66.71779271853,
    -7.731928070474));
#5026 = CARTESIAN_POINT('',(-30.77265298376,-67.03928346805,
    -7.299137470063));
#5027 = CARTESIAN_POINT('',(-30.54838899086,-67.36013104042,
    -6.865556291995));
#5028 = CARTESIAN_POINT('',(-30.32448197703,-67.68031710787,
    -6.431183068003));
#5029 = CARTESIAN_POINT('',(-30.10094672181,-67.99982239306,
    -5.996016862794));
#5030 = CARTESIAN_POINT('',(-29.62075078465,-68.65318258924,
    -5.083357655952));
#5031 = CARTESIAN_POINT('',(-29.37163505536,-69.00553921285,
    -4.59736334969));
#5032 = CARTESIAN_POINT('',(-29.12302128336,-69.35699679644,
    -4.110382780681));
#5033 = CARTESIAN_POINT('',(-28.87493140281,-69.70752580788,
    -3.622416554365));
#5034 = CARTESIAN_POINT('',(-28.62738813918,-70.05709524583,
    -3.133466535644));
#5035 = CARTESIAN_POINT('',(-28.09458135993,-70.77630611461,
    -2.102456992217));
#5036 = CARTESIAN_POINT('',(-27.81691842114,-71.16435921466,
    -1.551831593513));
#5037 = CARTESIAN_POINT('',(-27.54000825836,-71.55111435782,
    -0.999973335942));
#5038 = CARTESIAN_POINT('',(-27.2638855951,-71.93652319799,
    -0.446889498064));
#5039 = CARTESIAN_POINT('',(-26.98858641759,-72.32053520972,
    0.107409634114));
#5040 = CARTESIAN_POINT('',(-26.20075463873,-73.3658361557,
    1.659486236203));
#5041 = CARTESIAN_POINT('',(-25.69766736892,-74.04243864646,
    2.668356058069));
#5042 = CARTESIAN_POINT('',(-25.19765755197,-74.71391725827,
    3.681129389931));
#5043 = CARTESIAN_POINT('',(-24.70096427184,-75.37993193998,
    4.697680598128));
#5044 = CARTESIAN_POINT('',(-24.20783470738,-76.04012728913,
    5.717832040042));
#5045 = CARTESIAN_POINT('',(-23.13823221471,-77.4362974852,
    7.927201603524));
#5046 = CARTESIAN_POINT('',(-22.57059579778,-78.18869402448,
    9.125957055523));
#5047 = CARTESIAN_POINT('',(-22.00855105775,-78.93209299623,
    10.328901938688));
#5048 = CARTESIAN_POINT('',(-21.4524873189,-79.66592633539,
    11.535519185119));
#5049 = CARTESIAN_POINT('',(-20.90275613782,-80.38966057805,
    12.74515655084));
#5050 = CARTESIAN_POINT('',(-20.35963506168,-81.1028623262,
    13.957005134588));
#5051 = CARTESIAN_POINT('',(-37.1960031633,-57.46553704125,
    -18.16187836721));
#5052 = CARTESIAN_POINT('',(-37.01293039962,-57.7297799106,
    -17.83817658047));
#5053 = CARTESIAN_POINT('',(-36.82993961997,-57.99372663565,
    -17.51397342452));
#5054 = CARTESIAN_POINT('',(-36.64703735324,-58.25737447847,
    -17.18926702512));
#5055 = CARTESIAN_POINT('',(-36.46423003679,-58.52072026777,
    -16.86405548928));
#5056 = CARTESIAN_POINT('',(-36.28152401648,-58.78376039895,
    -16.53833690518));
#5057 = CARTESIAN_POINT('',(-35.90590422863,-59.29604330069,
    -15.8872810189));
#5058 = CARTESIAN_POINT('',(-35.7166682723,-59.56717196645,
    -15.54914254459));
#5059 = CARTESIAN_POINT('',(-35.5275547917,-59.83796359148,
    -15.21045537627));
#5060 = CARTESIAN_POINT('',(-35.33857073635,-60.10841323356,
    -14.87121737251));
#5061 = CARTESIAN_POINT('',(-35.14972304097,-60.37851549641,
    -14.53142639959));
#5062 = CARTESIAN_POINT('',(-34.75960937998,-60.90774478754,
    -13.84811275101));
#5063 = CARTESIAN_POINT('',(-34.56202706017,-61.18874661096,
    -13.49177311565));
#5064 = CARTESIAN_POINT('',(-34.36460976031,-61.46935453864,
    -13.13482258925));
#5065 = CARTESIAN_POINT('',(-34.16736549323,-61.74956134253,
    -12.77725878218));
#5066 = CARTESIAN_POINT('',(-33.97030234007,-62.02935927612,
    -12.41907935744));
#5067 = CARTESIAN_POINT('',(-33.56327120032,-62.57855461559,
    -11.69766041472));
#5068 = CARTESIAN_POINT('',(-33.35699166678,-62.86981981954,
    -11.32159664753));
#5069 = CARTESIAN_POINT('',(-33.15092938046,-63.16061742683,
    -10.94485170176));
#5070 = CARTESIAN_POINT('',(-32.94509389053,-63.45093731345,
    -10.56742307593));
#5071 = CARTESIAN_POINT('',(-32.73949491418,-63.74076873906,
    -10.18930840051));
#5072 = CARTESIAN_POINT('',(-32.31114011129,-64.3154089267,
    -9.419984708427));
#5073 = CARTESIAN_POINT('',(-32.09208822248,-64.62205734002,
    -9.015916969206));
#5074 = CARTESIAN_POINT('',(-31.87332882654,-64.92812304676,
    -8.61106309947));
#5075 = CARTESIAN_POINT('',(-31.65487424185,-65.23359145175,
    -8.205420664152));
#5076 = CARTESIAN_POINT('',(-31.43673709856,-65.53844715306,
    -7.798987520098));
#5077 = CARTESIAN_POINT('',(-30.98030307707,-66.14685405376,
    -6.966753459426));
#5078 = CARTESIAN_POINT('',(-30.74572923064,-66.47221281852,
    -6.52806149082));
#5079 = CARTESIAN_POINT('',(-30.51155514191,-66.79682120994,
    -6.088447181616));
#5080 = CARTESIAN_POINT('',(-30.27779752875,-67.12065784561,
    -5.647908818833));
#5081 = CARTESIAN_POINT('',(-30.04447363399,-67.44370023533,
    -5.206445311296));
#5082 = CARTESIAN_POINT('',(-29.54792897875,-68.10068500719,
    -4.285155187393));
#5083 = CARTESIAN_POINT('',(-29.28848763705,-68.45633774492,
    -3.792340551959));
#5084 = CARTESIAN_POINT('',(-29.02963191219,-68.81094160263,
    -3.298375276653));
#5085 = CARTESIAN_POINT('',(-28.77138739403,-69.16446212617,
    -2.803260067821));
#5086 = CARTESIAN_POINT('',(-28.51378059561,-69.5168631473,
    -2.306997101185));
#5087 = CARTESIAN_POINT('',(-27.96405410547,-70.23809908658,
    -1.265116432675));
#5088 = CARTESIAN_POINT('',(-27.6757787274,-70.62853930967,
    -0.706435380804));
#5089 = CARTESIAN_POINT('',(-27.38838158801,-71.01746524974,
    -0.146315993588));
#5090 = CARTESIAN_POINT('',(-27.10190319805,-71.40482050297,
    0.415233237319));
#5091 = CARTESIAN_POINT('',(-26.81638554148,-71.79054612302,
    0.978200311577));
#5092 = CARTESIAN_POINT('',(-26.00701593229,-72.83410476076,
    2.547183359785));
#5093 = CARTESIAN_POINT('',(-25.48916050714,-73.50992861856,
    3.569210241349));
#5094 = CARTESIAN_POINT('',(-24.97489544366,-74.1797746176,
    4.595791217909));
#5095 = CARTESIAN_POINT('',(-24.46449967315,-74.84324603152,
    5.62677971686));
#5096 = CARTESIAN_POINT('',(-23.95826157091,-75.4999282241,
    6.661968488481));
#5097 = CARTESIAN_POINT('',(-22.86603125654,-76.8824687694,
    8.899950906461));
#5098 = CARTESIAN_POINT('',(-22.2853252816,-77.62761078739,
    10.116941268656));
#5099 = CARTESIAN_POINT('',(-21.71114292969,-78.36225564325,
    11.338819300544));
#5100 = CARTESIAN_POINT('',(-21.14393841249,-79.08574059441,
    12.564981756243));
#5101 = CARTESIAN_POINT('',(-20.58412187936,-79.79744326634,
    13.794667684446));
#5102 = CARTESIAN_POINT('',(-20.03201713533,-80.496858028,
    15.026933367014));
#5103 = CARTESIAN_POINT('',(-37.32414544494,-57.1154987166,
    -17.83657023358));
#5104 = CARTESIAN_POINT('',(-37.13757619886,-57.38385143417,
    -17.51366658445));
#5105 = CARTESIAN_POINT('',(-36.95110064883,-57.65186570113,
    -17.19018994194));
#5106 = CARTESIAN_POINT('',(-36.76472625641,-57.91953838838,
    -16.86613816406));
#5107 = CARTESIAN_POINT('',(-36.5784603786,-58.18686587161,
    -16.54150908739));
#5108 = CARTESIAN_POINT('',(-36.39231026781,-58.45384403128,
    -16.21630052699));
#5109 = CARTESIAN_POINT('',(-36.00776886446,-58.97179877835,
    -15.5663769071));
#5110 = CARTESIAN_POINT('',(-35.81492851071,-59.24683592955,
    -15.22862198088));
#5111 = CARTESIAN_POINT('',(-35.62222812922,-59.52148789133,
    -14.89023997579));
#5112 = CARTESIAN_POINT('',(-35.42967566232,-59.79574901547,
    -14.55122844449));
#5113 = CARTESIAN_POINT('',(-35.23727903536,-60.06961313477,
    -14.21158494842));
#5114 = CARTESIAN_POINT('',(-34.83798282228,-60.60415930223,
    -13.52865514336));
#5115 = CARTESIAN_POINT('',(-34.63664084308,-60.88888922841,
    -13.1723109247));
#5116 = CARTESIAN_POINT('',(-34.43548745808,-61.17316898802,
    -12.81526854485));
#5117 = CARTESIAN_POINT('',(-34.23453182484,-61.45699032045,
    -12.4575252728));
#5118 = CARTESIAN_POINT('',(-34.03378317895,-61.74034437253,
    -12.09907843769));
#5119 = CARTESIAN_POINT('',(-33.61729802444,-62.29441804338,
    -11.37717559353));
#5120 = CARTESIAN_POINT('',(-33.40712461673,-62.58917754352,
    -11.00065334392));
#5121 = CARTESIAN_POINT('',(-33.19719949157,-62.88340264747,
    -10.62335260452));
#5122 = CARTESIAN_POINT('',(-32.98753356229,-63.17708178493,
    -10.24527051647));
#5123 = CARTESIAN_POINT('',(-32.77813793423,-63.47020268124,
    -9.866404371763));
#5124 = CARTESIAN_POINT('',(-32.34001146247,-64.04917063749,
    -9.095573185144));
#5125 = CARTESIAN_POINT('',(-32.11686141646,-64.35902541103,
    -8.690502504607));
#5126 = CARTESIAN_POINT('',(-31.894045648,-64.66821423419,
    -8.284533389196));
#5127 = CARTESIAN_POINT('',(-31.67157823526,-64.97672042679,
    -7.877663055976));
#5128 = CARTESIAN_POINT('',(-31.4494736127,-65.2845263866,
    -7.469889055631));
#5129 = CARTESIAN_POINT('',(-30.98287849702,-65.89652903097,
    -6.634885632471));
#5130 = CARTESIAN_POINT('',(-30.74399062335,-66.22469675951,
    -6.194513623094));
#5131 = CARTESIAN_POINT('',(-30.50555961563,-66.55200691851,
    -5.753087510176));
#5132 = CARTESIAN_POINT('',(-30.26760458,-66.87843507095,-5.310605336025
    ));
#5133 = CARTESIAN_POINT('',(-30.03014522253,-67.20395551372,
    -4.867065853584));
#5134 = CARTESIAN_POINT('',(-29.52290502606,-67.8635058098,
    -3.941366140043));
#5135 = CARTESIAN_POINT('',(-29.25879124881,-68.2213956102,
    -3.445952502859));
#5136 = CARTESIAN_POINT('',(-28.99534674794,-68.57808669057,
    -2.949223848679));
#5137 = CARTESIAN_POINT('',(-28.73260076901,-68.93353967475,
    -2.451180984755));
#5138 = CARTESIAN_POINT('',(-28.47058361263,-69.2877132276,
    -1.951826397626));
#5139 = CARTESIAN_POINT('',(-27.90959058846,-70.00991518591,
    -0.903295931456));
#5140 = CARTESIAN_POINT('',(-27.61635594795,-70.40168348059,
    -0.340780553843));
#5141 = CARTESIAN_POINT('',(-27.32412500879,-70.79172116609,
    0.223378635596));
#5142 = CARTESIAN_POINT('',(-27.03294406899,-71.17996378091,
    0.789171932109));
#5143 = CARTESIAN_POINT('',(-26.7428611102,-71.56634395782,
    1.356585621023));
#5144 = CARTESIAN_POINT('',(-25.91760684752,-72.60710123587,
    2.938253787926));
#5145 = CARTESIAN_POINT('',(-25.39063644388,-73.28108740925,
    3.969216401766));
#5146 = CARTESIAN_POINT('',(-24.86776931071,-73.94824174405,
    5.005383695602));
#5147 = CARTESIAN_POINT('',(-24.34932422666,-74.60811083871,
    6.046588157885));
#5148 = CARTESIAN_POINT('',(-23.83563076348,-75.26022082328,
    7.092592931789));
#5149 = CARTESIAN_POINT('',(-22.72642580428,-76.62807266633,
    9.354966876843));
#5150 = CARTESIAN_POINT('',(-22.13830344815,-77.36490111156,
    10.585970821811));
#5151 = CARTESIAN_POINT('',(-21.55763666122,-78.08973280007,11.822560675
    ));
#5152 = CARTESIAN_POINT('',(-20.98494454251,-78.80181031179,
    13.064047012543));
#5153 = CARTESIAN_POINT('',(-20.42069583418,-79.50042236152,
    14.309560175805));
#5154 = CARTESIAN_POINT('',(-19.86526059911,-80.18499108522,
    15.558021629771));
#5155 = CARTESIAN_POINT('',(-37.45228772658,-56.76546039195,
    -17.51126209995));
#5156 = CARTESIAN_POINT('',(-37.26217811843,-57.03776766505,
    -17.18926342225));
#5157 = CARTESIAN_POINT('',(-37.07217391833,-57.30969418122,
    -16.86662012699));
#5158 = CARTESIAN_POINT('',(-36.88228352055,-57.58123642023,
    -16.54332980446));
#5159 = CARTESIAN_POINT('',(-36.6925152017,-57.85239030471,
    -16.21939002077));
#5160 = CARTESIAN_POINT('',(-36.50287712075,-58.12315120017,
    -15.89479831789));
#5161 = CARTESIAN_POINT('',(-36.10937022223,-58.6466224999,
    -15.24611379821));
#5162 = CARTESIAN_POINT('',(-35.91288159138,-58.92541284384,
    -14.9088492539));
#5163 = CARTESIAN_POINT('',(-35.71655042933,-59.2037698497,
    -14.57087924586));
#5164 = CARTESIAN_POINT('',(-35.52038567118,-59.4816871632,
    -14.23220102083));
#5165 = CARTESIAN_POINT('',(-35.32439623298,-59.75915784626,
    -13.89281183544));
#5166 = CARTESIAN_POINT('',(-34.91587358814,-60.29886559737,
    -13.21037270772));
#5167 = CARTESIAN_POINT('',(-34.71072806985,-60.58716833362,
    -12.85413073956));
#5168 = CARTESIAN_POINT('',(-34.50579472006,-60.87496463248,
    -12.49710334007));
#5169 = CARTESIAN_POINT('',(-34.30108384098,-61.16224520076,
    -12.13928743686));
#5170 = CARTESIAN_POINT('',(-34.09660582267,-61.44900007864,
    -11.78068002521));
#5171 = CARTESIAN_POINT('',(-33.67062277372,-62.0077967882,
    -11.05840011342));
#5172 = CARTESIAN_POINT('',(-33.45651161218,-62.30589529182,
    -10.68152621522));
#5173 = CARTESIAN_POINT('',(-33.2426797685,-62.60339259974,-10.303776516
    ));
#5174 = CARTESIAN_POINT('',(-33.02913952018,-62.90027569536,
    -9.925147799562));
#5175 = CARTESIAN_POINT('',(-32.81590336075,-63.19653076969,
    -9.545637019369));
#5176 = CARTESIAN_POINT('',(-32.36796134044,-63.77967120186,
    -8.773405172037));
#5177 = CARTESIAN_POINT('',(-32.14066925754,-64.09257704293,
    -8.367438384003));
#5178 = CARTESIAN_POINT('',(-31.91375323689,-64.40473368984,
    -7.960460856734));
#5179 = CARTESIAN_POINT('',(-31.68722911643,-64.71612237736,
    -7.552469459431));
#5180 = CARTESIAN_POINT('',(-31.46111313491,-65.02672330299,
    -7.143461436612));
#5181 = CARTESIAN_POINT('',(-30.98431304537,-65.64216639834,
    -6.305795484783));
#5182 = CARTESIAN_POINT('',(-30.74106726479,-65.97298779797,
    -5.863850268453));
#5183 = CARTESIAN_POINT('',(-30.49833545841,-66.30284443186,
    -5.420719185639));
#5184 = CARTESIAN_POINT('',(-30.25613912063,-66.63170880838,
    -4.976400033938));
#5185 = CARTESIAN_POINT('',(-30.01450042077,-66.95955201152,
    -4.530891410411));
#5186 = CARTESIAN_POINT('',(-29.49652080339,-67.62151253913,
    -3.60088894105));
#5187 = CARTESIAN_POINT('',(-29.2276907109,-67.98148410951,
    -3.102983135935));
#5188 = CARTESIAN_POINT('',(-28.95961355434,-68.34010711985,
    -2.603597936698));
#5189 = CARTESIAN_POINT('',(-28.69232223497,-68.69733727198,
    -2.1027342515));
#5190 = CARTESIAN_POINT('',(-28.42585084097,-69.05312806387,
    -1.600394877697));
#5191 = CARTESIAN_POINT('',(-27.85354740307,-69.77614074853,
    -0.545321447685));
#5192 = CARTESIAN_POINT('',(-27.55530962045,-70.1690818221,
    2.092142185472E-02));
#5193 = CARTESIAN_POINT('',(-27.25820100185,-70.56007596035,
    0.589013579697));
#5194 = CARTESIAN_POINT('',(-26.96227363252,-70.94905064409,
    1.158944107998));
#5195 = CARTESIAN_POINT('',(-26.66758149184,-71.33593008517,
    1.730697577751));
#5196 = CARTESIAN_POINT('',(-25.82639869599,-72.37373071083,
    3.324944029532));
#5197 = CARTESIAN_POINT('',(-25.29026943418,-73.04572390711,
    4.36473554183));
#5198 = CARTESIAN_POINT('',(-24.75875635166,-73.71003128498,
    5.410382319123));
#5199 = CARTESIAN_POINT('',(-24.23221807439,-74.36614276769,
    6.461695910918));
#5200 = CARTESIAN_POINT('',(-23.7110253706,-75.01352525156,
    7.518409853289));
#5201 = CARTESIAN_POINT('',(-22.58480188687,-76.36653309969,
    9.805068491599));
#5202 = CARTESIAN_POINT('',(-21.98921926989,-77.09489267947,
    11.049979185521));
#5203 = CARTESIAN_POINT('',(-21.40202416825,-77.80975590794,
    12.301174026193));
#5204 = CARTESIAN_POINT('',(-20.82380056837,-78.51027068752,
    13.557877411762));
#5205 = CARTESIAN_POINT('',(-20.25507580516,-79.19563682237,
    14.819110976266));
#5206 = CARTESIAN_POINT('',(-19.69626619936,-79.86520421543,
    16.083661367812));
#5207 = CARTESIAN_POINT('',(-37.70905664802,-56.0640606515,
    -16.85941621787));
#5208 = CARTESIAN_POINT('',(-37.50948080369,-56.34061136318,
    -16.53459819013));
#5209 = CARTESIAN_POINT('',(-37.31002207941,-56.6167390116,
    -16.20906392064));
#5210 = CARTESIAN_POINT('',(-37.11068980215,-56.89243968538,
    -15.88281073197));
#5211 = CARTESIAN_POINT('',(-36.91149316815,-57.16770885414,
    -15.55583591979));
#5212 = CARTESIAN_POINT('',(-36.71244124293,-57.44254136844,
    -15.22813675295));
#5213 = CARTESIAN_POINT('',(-36.30404297512,-57.97181810385,
    -14.576967012));
#5214 = CARTESIAN_POINT('',(-36.09798019306,-58.25465052357,
    -14.23646852811));
#5215 = CARTESIAN_POINT('',(-35.89209237634,-58.53700145653,
    -13.89518619564));
#5216 = CARTESIAN_POINT('',(-35.68638945283,-58.81886384243,
    -13.5531169554));
#5217 = CARTESIAN_POINT('',(-35.48088132927,-59.10022997229,
    -13.21025775921));
#5218 = CARTESIAN_POINT('',(-35.05720637855,-59.64538819008,
    -12.52458498734));
#5219 = CARTESIAN_POINT('',(-34.84233144707,-59.93755261943,
    -12.16472094822));
#5220 = CARTESIAN_POINT('',(-34.62769225835,-60.22915434057,
    -11.80398420762));
#5221 = CARTESIAN_POINT('',(-34.41330025934,-60.52018302773,
    -11.44237135177));
#5222 = CARTESIAN_POINT('',(-34.19916699449,-60.81062761445,
    -11.07987904209));
#5223 = CARTESIAN_POINT('',(-33.75776017699,-61.37443624574,
    -10.35349774119));
#5224 = CARTESIAN_POINT('',(-33.5337853875,-61.6761626359,
    -9.972547872927));
#5225 = CARTESIAN_POINT('',(-33.31012095119,-61.97722103081,
    -9.590624892409));
#5226 = CARTESIAN_POINT('',(-33.08678050972,-62.27759696763,
    -9.207725226087));
#5227 = CARTESIAN_POINT('',(-32.86377794479,-62.577275103,
    -8.823845488934));
#5228 = CARTESIAN_POINT('',(-32.40009450183,-63.16487689413,
    -8.046488659409));
#5229 = CARTESIAN_POINT('',(-32.16273450793,-63.48112268577,
    -7.635901442396));
#5230 = CARTESIAN_POINT('',(-31.92579236098,-63.79653603945,
    -7.224191181791));
#5231 = CARTESIAN_POINT('',(-31.68928565868,-64.11109610491,
    -6.811354398925));
#5232 = CARTESIAN_POINT('',(-31.45323244409,-64.42478087939,
    -6.397388032152));
#5233 = CARTESIAN_POINT('',(-30.96030150657,-65.04395330876,
    -5.553335230174));
#5234 = CARTESIAN_POINT('',(-30.70677194497,-65.37771726251,
    -5.10609248541));
#5235 = CARTESIAN_POINT('',(-30.45381346581,-65.71040925434,
    -4.657532111221));
#5236 = CARTESIAN_POINT('',(-30.20144995176,-66.04199873796,
    -4.20765166049));
#5237 = CARTESIAN_POINT('',(-29.94970603541,-66.37245358451,
    -3.756449574397));
#5238 = CARTESIAN_POINT('',(-29.41506112301,-67.03711322669,
    -2.818420027736));
#5239 = CARTESIAN_POINT('',(-29.13558884117,-67.39945545008,
    -2.314297733209));
#5240 = CARTESIAN_POINT('',(-28.85695315481,-67.76029927342,
    -1.808531667437));
#5241 = CARTESIAN_POINT('',(-28.57919062088,-68.11959547653,
    -1.301122839485));
#5242 = CARTESIAN_POINT('',(-28.30233911514,-68.47729239049,
    -0.792074357527));
#5243 = CARTESIAN_POINT('',(-27.71279938941,-69.20140468453,
    0.273266357807));
#5244 = CARTESIAN_POINT('',(-27.40363259057,-69.59580742003,
    0.846961040752));
#5245 = CARTESIAN_POINT('',(-27.09572041841,-69.98804689406,
    1.422710488479));
#5246 = CARTESIAN_POINT('',(-26.78912074544,-70.37804252975,
    2.000502570047));
#5247 = CARTESIAN_POINT('',(-26.48389354875,-70.76571011804,
    2.580320142118));
#5248 = CARTESIAN_POINT('',(-25.62085634562,-71.80084297434,
    4.190869200257));
#5249 = CARTESIAN_POINT('',(-25.06964235153,-72.47113207655,
    5.243213932492));
#5250 = CARTESIAN_POINT('',(-24.52355744554,-73.13288138052,
    6.302064514723));
#5251 = CARTESIAN_POINT('',(-23.98300010093,-73.78552413432,
    7.367211557511));
#5252 = CARTESIAN_POINT('',(-23.44838228242,-74.42846800052,
    8.438358989828));
#5253 = CARTESIAN_POINT('',(-22.29921440006,-75.76692073676,
    10.753026642874));
#5254 = CARTESIAN_POINT('',(-21.69024564811,-76.48710033412,
    12.015568407231));
#5255 = CARTESIAN_POINT('',(-21.09059635765,-77.19228398559,
    13.285092556865));
#5256 = CARTESIAN_POINT('',(-20.50091540248,-77.88152491606,
    14.560737311941));
#5257 = CARTESIAN_POINT('',(-19.92178871027,-78.55393401906,
    15.841415599167));
#5258 = CARTESIAN_POINT('',(-19.35367885964,-79.20878896452,
    17.125779249772));
#5259 = CARTESIAN_POINT('',(-37.83768328781,-55.71269923571,
    -16.53287846942));
#5260 = CARTESIAN_POINT('',(-37.63446712279,-55.9928990623,
    -16.20916999189));
#5261 = CARTESIAN_POINT('',(-37.43137978981,-56.27263351929,
    -15.88467364844));
#5262 = CARTESIAN_POINT('',(-37.22843154856,-56.5518983042,
    -15.55938649388));
#5263 = CARTESIAN_POINT('',(-37.0256325149,-56.83068843357,
    -15.23330555347));
#5264 = CARTESIAN_POINT('',(-36.8229926609,-57.10899824305,
    -14.90642782294));
#5265 = CARTESIAN_POINT('',(-36.40552893928,-57.64348609046,
    -14.25670176097));
#5266 = CARTESIAN_POINT('',(-36.1957179215,-57.92976626231,
    -13.91689823776));
#5267 = CARTESIAN_POINT('',(-35.98609936559,-58.21551679871,
    -13.57623248112));
#5268 = CARTESIAN_POINT('',(-35.77668419222,-58.50072993334,
    -13.23470112593));
#5269 = CARTESIAN_POINT('',(-35.56748329879,-58.78539718633,
    -12.8923008192));
#5270 = CARTESIAN_POINT('',(-35.13448195768,-59.33541154714,
    -12.20732330344));
#5271 = CARTESIAN_POINT('',(-34.91570352849,-59.63084334592,
    -11.84776609361));
#5272 = CARTESIAN_POINT('',(-34.69718441634,-59.92565616568,
    -11.48724891215));
#5273 = CARTESIAN_POINT('',(-34.47893721286,-60.21983864806,
    -11.12576800392));
#5274 = CARTESIAN_POINT('',(-34.26097461697,-60.51337861995,
    -10.76331969648));
#5275 = CARTESIAN_POINT('',(-33.80996994641,-61.08160484931,
    -10.03676590673));
#5276 = CARTESIAN_POINT('',(-33.58195744446,-61.38636480233,
    -9.655668968647));
#5277 = CARTESIAN_POINT('',(-33.354286331,-61.69038996058,
    -9.273501607089));
#5278 = CARTESIAN_POINT('',(-33.12697161188,-61.99366441493,
    -8.890259891148));
#5279 = CARTESIAN_POINT('',(-32.90002855694,-62.29617128768,
    -8.505940097292));
#5280 = CARTESIAN_POINT('',(-32.4264296068,-62.8876401141,
    -7.727387185833));
#5281 = CARTESIAN_POINT('',(-32.18482761739,-63.20663153264,
    -7.316108440101));
#5282 = CARTESIAN_POINT('',(-31.94368525962,-63.52470726943,
    -6.903594346417));
#5283 = CARTESIAN_POINT('',(-31.70302189096,-63.84184438918,
    -6.489841078246));
#5284 = CARTESIAN_POINT('',(-31.4628573588,-64.15801868885,
    -6.074845267777));
#5285 = CARTESIAN_POINT('',(-30.95962148879,-64.78032612857,
    -5.228334515907));
#5286 = CARTESIAN_POINT('',(-30.70163406166,-65.11643831278,
    -4.779723142969));
#5287 = CARTESIAN_POINT('',(-30.4442748252,-65.45137133887,
    -4.329662377662));
#5288 = CARTESIAN_POINT('',(-30.18757005037,-65.78509160594,
    -3.878149528159));
#5289 = CARTESIAN_POINT('',(-29.93154683301,-66.11756377222,
    -3.425182879758));
#5290 = CARTESIAN_POINT('',(-29.38606254108,-66.7843282053,
    -2.483055156055));
#5291 = CARTESIAN_POINT('',(-29.10177398538,-67.14844675804,
    -1.976645272375));
#5292 = CARTESIAN_POINT('',(-28.8184056847,-67.51091707073,
    -1.468427240324));
#5293 = CARTESIAN_POINT('',(-28.5359978517,-67.87168500116,
    -0.958402169877));
#5294 = CARTESIAN_POINT('',(-28.25459214971,-68.23069371352,
    -0.446573480022));
#5295 = CARTESIAN_POINT('',(-27.65364205163,-68.95531129327,
    0.625105620375));
#5296 = CARTESIAN_POINT('',(-27.33937215205,-69.35058136704,
    1.202323216468));
#5297 = CARTESIAN_POINT('',(-27.02648234182,-69.74347185318,
    1.78180105382));
#5298 = CARTESIAN_POINT('',(-26.71503628071,-70.13389411715,
    2.363525788399));
#5299 = CARTESIAN_POINT('',(-26.40509994349,-70.52175552899,
    2.94747856253));
#5300 = CARTESIAN_POINT('',(-25.52603424856,-71.55362629227,
    4.570401326768));
#5301 = CARTESIAN_POINT('',(-24.96556143769,-72.22161697674,
    5.631370378684));
#5302 = CARTESIAN_POINT('',(-24.41073062371,-72.88021388316,
    6.699495865593));
#5303 = CARTESIAN_POINT('',(-23.86198012725,-73.52879358438,
    7.774547459117));
#5304 = CARTESIAN_POINT('',(-23.31976310951,-74.16670450924,
    8.856199481121));
#5305 = CARTESIAN_POINT('',(-22.153476744,-75.49000780992,
    11.194947248645));
#5306 = CARTESIAN_POINT('',(-21.53694777257,-76.20141310121,
    12.471191183179));
#5307 = CARTESIAN_POINT('',(-20.93067020878,-76.89632285201,
    13.755115741516));
#5308 = CARTESIAN_POINT('',(-20.3353578138,-77.57369560971,
    15.045772965841));
#5309 = CARTESIAN_POINT('',(-19.75165510809,-78.23255335719,
    16.34196707553));
#5310 = CARTESIAN_POINT('',(-19.1800709281,-78.87210153138,
    17.642215084937));
#5311 = CARTESIAN_POINT('',(-37.96630992761,-55.36133781992,
    -16.20634072098));
#5312 = CARTESIAN_POINT('',(-37.75941958876,-55.64503497475,
    -15.88385399959));
#5313 = CARTESIAN_POINT('',(-37.55266979398,-55.92822445366,
    -15.5605077881));
#5314 = CARTESIAN_POINT('',(-37.34607173562,-56.21090156301,
    -15.23629887359));
#5315 = CARTESIAN_POINT('',(-37.13963644917,-56.49306086634,
    -14.91122401088));
#5316 = CARTESIAN_POINT('',(-36.93337481326,-56.77469618431,
    -14.58527992257));
#5317 = CARTESIAN_POINT('',(-36.50681178472,-57.31424335708,
    -13.93710974552));
#5318 = CARTESIAN_POINT('',(-36.29321867809,-57.60381949437,
    -13.59811338893));
#5319 = CARTESIAN_POINT('',(-36.07983552987,-57.89281784754,
    -13.25817641405));
#5320 = CARTESIAN_POINT('',(-35.86667425351,-58.18122994424,
    -12.91729514984));
#5321 = CARTESIAN_POINT('',(-35.65374673709,-58.4690465337,
    -12.57546593849));
#5322 = CARTESIAN_POINT('',(-35.21138515247,-59.02376525086,
    -11.89129588478));
#5323 = CARTESIAN_POINT('',(-34.98866937245,-59.3223126324,
    -11.53215771017));
#5324 = CARTESIAN_POINT('',(-34.76623648375,-59.62018476411,
    -11.17197229378));
#5325 = CARTESIAN_POINT('',(-34.54410022269,-59.91736925504,
    -10.81073553909));
#5326 = CARTESIAN_POINT('',(-34.32227444263,-60.21385282544,
    -10.44844343982));
#5327 = CARTESIAN_POINT('',(-33.86163806588,-60.7863448662,
    -9.721829367153));
#5328 = CARTESIAN_POINT('',(-33.62955399835,-61.09398659541,
    -9.340697565184));
#5329 = CARTESIAN_POINT('',(-33.39784235462,-61.40082673034,
    -8.958398028518));
#5330 = CARTESIAN_POINT('',(-33.16651950472,-61.70684791554,
    -8.574926468888));
#5331 = CARTESIAN_POINT('',(-32.93560210665,-62.01203173902,
    -8.19027882426));
#5332 = CARTESIAN_POINT('',(-32.45205379622,-62.60721581406,
    -7.410642036797));
#5333 = CARTESIAN_POINT('',(-32.20617595818,-62.92880107283,
    -6.998783968276));
#5334 = CARTESIAN_POINT('',(-31.96079953647,-63.24938740606,
    -6.585578247443));
#5335 = CARTESIAN_POINT('',(-31.71594564834,-63.56894979343,
    -6.171020699897));
#5336 = CARTESIAN_POINT('',(-31.47163594547,-63.88746183162,
    -5.755107651663));
#5337 = CARTESIAN_POINT('',(-30.95806128985,-64.51275249502,
    -4.906251155832));
#5338 = CARTESIAN_POINT('',(-30.69558214406,-64.85106112302,
    -4.456383360649));
#5339 = CARTESIAN_POINT('',(-30.43378829719,-65.18808339672,
    -4.004934410155));
#5340 = CARTESIAN_POINT('',(-30.17270840846,-65.52378266056,
    -3.551901367812));
#5341 = CARTESIAN_POINT('',(-29.91237203697,-65.85812035992,
    -3.097282363033));
#5342 = CARTESIAN_POINT('',(-29.35601451238,-66.52683779723,
    -2.151168668218));
#5343 = CARTESIAN_POINT('',(-29.06687582969,-66.89258089264,
    -1.642583401315));
#5344 = CARTESIAN_POINT('',(-28.77874106159,-67.25652590801,
    -1.132025608917));
#5345 = CARTESIAN_POINT('',(-28.49165407639,-67.61861377909,
    -0.619496501904));
#5346 = CARTESIAN_POINT('',(-28.20566032502,-67.97878250318,
    -0.104999810083));
#5347 = CARTESIAN_POINT('',(-27.59326600148,-68.70375358199,
    0.972905469447));
#5348 = CARTESIAN_POINT('',(-27.27385914804,-69.09973920735,
    1.553533772757));
#5349 = CARTESIAN_POINT('',(-26.95595784662,-69.49312891894,
    2.136627793805));
#5350 = CARTESIAN_POINT('',(-26.63963154423,-69.88382602453,
    2.722172975463));
#5351 = CARTESIAN_POINT('',(-26.32495221337,-70.27172947324,
    3.310148745724));
#5352 = CARTESIAN_POINT('',(-25.42982417353,-71.30018635683,
    4.945333010131));
#5353 = CARTESIAN_POINT('',(-24.86005869274,-71.9657268369,
    6.014814175795));
#5354 = CARTESIAN_POINT('',(-24.29644811765,-72.6210195591,
    7.092102361454));
#5355 = CARTESIAN_POINT('',(-23.73947061623,-73.26538442108,
    8.176946299782));
#5356 = CARTESIAN_POINT('',(-23.18962054613,-73.89811061793,
    9.268990705543));
#5357 = CARTESIAN_POINT('',(-22.00618184435,-75.20611269639,
    11.631706381615));
#5358 = CARTESIAN_POINT('',(-21.38205880031,-75.90859189493,
    12.921540280395));
#5359 = CARTESIAN_POINT('',(-20.76911911007,-76.59307595839,
    14.219753041506));
#5360 = CARTESIAN_POINT('',(-20.16814142217,-77.25842875666,
    15.525310529149));
#5361 = CARTESIAN_POINT('',(-19.57982884983,-77.90358336195,
    16.836908255371));
#5362 = CARTESIAN_POINT('',(-19.00473648737,-78.5276729782,
    18.152928417648));
#5363 = CARTESIAN_POINT('',(-38.22382704256,-54.65789428566,
    -15.55259543902));
#5364 = CARTESIAN_POINT('',(-38.00723266439,-54.94492554529,
    -15.22794075629));
#5365 = CARTESIAN_POINT('',(-37.79079054229,-55.23140682267,
    -14.90235495929));
#5366 = CARTESIAN_POINT('',(-37.57451280131,-55.51733303304,
    -14.57583456734));
#5367 = CARTESIAN_POINT('',(-37.35841139658,-55.80269828688,
    -14.24837606485));
#5368 = CARTESIAN_POINT('',(-37.14249811325,-56.08749588992,
    -13.91997590129));
#5369 = CARTESIAN_POINT('',(-36.70080591229,-56.63193916459,
    -13.26997189167));
#5370 = CARTESIAN_POINT('',(-36.47740085132,-56.9246480439,
    -12.92839298422));
#5371 = CARTESIAN_POINT('',(-36.25422324528,-57.21673099041,
    -12.58579507361));
#5372 = CARTESIAN_POINT('',(-36.03128600043,-57.50817882573,
    -12.24217418291));
#5373 = CARTESIAN_POINT('',(-35.80860199551,-57.79898152821,
    -11.89752634946));
#5374 = CARTESIAN_POINT('',(-35.35085030188,-58.35824137828,
    -11.21077404031));
#5375 = CARTESIAN_POINT('',(-35.11816730553,-58.65974111916,
    -10.84866518344));
#5376 = CARTESIAN_POINT('',(-34.88579077477,-58.96050933938,
    -10.48542181465));
#5377 = CARTESIAN_POINT('',(-34.65373559062,-59.26053261542,
    -10.12103949603));
#5378 = CARTESIAN_POINT('',(-34.4220167609,-59.55979656089,
    -9.755513887446));
#5379 = CARTESIAN_POINT('',(-33.94571881247,-60.13639118962,
    -9.025449814371));
#5380 = CARTESIAN_POINT('',(-33.70353331384,-60.44675147159,
    -8.640893431038));
#5381 = CARTESIAN_POINT('',(-33.46175127435,-60.75624335975,
    -8.255072001783));
#5382 = CARTESIAN_POINT('',(-33.22039042816,-61.06484805237,
    -7.867980880984));
#5383 = CARTESIAN_POINT('',(-32.97946882147,-61.37254560312,
    -7.479615668103));
#5384 = CARTESIAN_POINT('',(-32.47994128524,-61.97128170335,
    -6.695505287155));
#5385 = CARTESIAN_POINT('',(-32.22375773306,-62.29529757892,
    -6.279678178364));
#5386 = CARTESIAN_POINT('',(-31.9681173819,-62.61823128515,
    -5.862391112903));
#5387 = CARTESIAN_POINT('',(-31.7130431088,-62.9400557167,
    -5.443639568502));
#5388 = CARTESIAN_POINT('',(-31.45855836972,-63.26074226997,
    -5.023419565022));
#5389 = CARTESIAN_POINT('',(-30.92861506299,-63.88885293362,
    -4.16882760775));
#5390 = CARTESIAN_POINT('',(-30.65561433304,-64.22919478198,
    -3.714313672842));
#5391 = CARTESIAN_POINT('',(-30.38335601026,-64.56814307983,
    -3.25808681968));
#5392 = CARTESIAN_POINT('',(-30.11187114212,-64.90565811702,
    -2.800143867014));
#5393 = CARTESIAN_POINT('',(-29.841191751,-65.241698126,-2.340482788377)
  );
#5394 = CARTESIAN_POINT('',(-29.26793112825,-65.91220534411,
    -1.386993404971));
#5395 = CARTESIAN_POINT('',(-28.96791245308,-66.27940975877,
    -0.872843037364));
#5396 = CARTESIAN_POINT('',(-28.66898135203,-66.64466625337,
    -0.356555767138));
#5397 = CARTESIAN_POINT('',(-28.37118534914,-67.00791084166,
    0.161867093921));
#5398 = CARTESIAN_POINT('',(-28.0745736829,-67.36907635405,
    0.682421505189));
#5399 = CARTESIAN_POINT('',(-27.44470526839,-68.09423770847,
    1.769942681332));
#5400 = CARTESIAN_POINT('',(-27.11413159558,-68.49077566199,
    2.357371409341));
#5401 = CARTESIAN_POINT('',(-26.78518893747,-68.88450137559,
    2.947471331564));
#5402 = CARTESIAN_POINT('',(-26.45795252831,-69.27531009936,
    3.540226677782));
#5403 = CARTESIAN_POINT('',(-26.13250033829,-69.66309236151,
    4.135615161654));
#5404 = CARTESIAN_POINT('',(-25.21528008804,-70.68797214197,
    5.78645064371));
#5405 = CARTESIAN_POINT('',(-24.63019207183,-71.3508991942,
    6.867833640605));
#5406 = CARTESIAN_POINT('',(-24.05177187014,-72.00272450873,
    7.957674242492));
#5407 = CARTESIAN_POINT('',(-23.48053749824,-72.64271130803,
    9.055700243105));
#5408 = CARTESIAN_POINT('',(-22.91702451028,-73.27008955344,
    10.161526750104));
#5409 = CARTESIAN_POINT('',(-21.71040360673,-74.56262718624,
    12.551600052205));
#5410 = CARTESIAN_POINT('',(-21.07265662459,-75.25601706859,
    13.858413632711));
#5411 = CARTESIAN_POINT('',(-20.44702494239,-75.92991222128,
    15.174304314077));
#5412 = CARTESIAN_POINT('',(-19.83435209606,-76.58308183668,
    16.498151782518));
#5413 = CARTESIAN_POINT('',(-19.23539979159,-77.21437007635,
    17.828542842754));
#5414 = CARTESIAN_POINT('',(-18.65076938116,-77.82283791123,
    19.163724875383));
#5415 = CARTESIAN_POINT('',(-38.35271751771,-54.30581216719,
    -15.22538790551));
#5416 = CARTESIAN_POINT('',(-38.13237900317,-54.59604098014,
    -14.90217702011));
#5417 = CARTESIAN_POINT('',(-37.91220445671,-54.88567750453,
    -14.57796339626));
#5418 = CARTESIAN_POINT('',(-37.69220693608,-55.17471626443,
    -14.25274328555));
#5419 = CARTESIAN_POINT('',(-37.47239931602,-55.4631509173,
    -13.92651290194));
#5420 = CARTESIAN_POINT('',(-37.25279428824,-55.75097425392,
    -13.5992684218));
#5421 = CARTESIAN_POINT('',(-36.8019328178,-56.30017707903,
    -12.95104233829));
#5422 = CARTESIAN_POINT('',(-36.57467570544,-56.59588214887,
    -12.61049263864));
#5423 = CARTESIAN_POINT('',(-36.34766354455,-56.89091313723,
    -12.26884555098));
#5424 = CARTESIAN_POINT('',(-36.12091023416,-57.1852601597,
    -11.92609679244));
#5425 = CARTESIAN_POINT('',(-35.8944296437,-57.47891242373,
    -11.58224209557));
#5426 = CARTESIAN_POINT('',(-35.42724774401,-58.04257685524,
    -10.89651928966));
#5427 = CARTESIAN_POINT('',(-35.19055743428,-58.34689240397,
    -10.5350515092));
#5428 = CARTESIAN_POINT('',(-34.95419716443,-58.65042016122,
    -10.17236194666));
#5429 = CARTESIAN_POINT('',(-34.71818296015,-58.95314567089,
    -9.808445822783));
#5430 = CARTESIAN_POINT('',(-34.48253098371,-59.25505343995,
    -9.443298463552));
#5431 = CARTESIAN_POINT('',(-33.99653136655,-59.83561410516,
    -8.713396148745));
#5432 = CARTESIAN_POINT('',(-33.75020433979,-60.14855638841,
    -8.329026942718));
#5433 = CARTESIAN_POINT('',(-33.50431180749,-60.46056347833,
    -7.943295379543));
#5434 = CARTESIAN_POINT('',(-33.25887286797,-60.77161512689,
    -7.556196456243));
#5435 = CARTESIAN_POINT('',(-33.0139069556,-61.08168985344,
    -7.167725433779));
#5436 = CARTESIAN_POINT('',(-32.50436009653,-61.68384142738,
    -6.382753218016));
#5437 = CARTESIAN_POINT('',(-32.24383073317,-62.01015136827,
    -5.966568827625));
#5438 = CARTESIAN_POINT('',(-31.98388635553,-62.33529589602,
    -5.548812176204));
#5439 = CARTESIAN_POINT('',(-31.7245516004,-62.65924582027,
    -5.129478393618));
#5440 = CARTESIAN_POINT('',(-31.46585172808,-62.98197033714,
    -4.708563193561));
#5441 = CARTESIAN_POINT('',(-30.92549967318,-63.61276444956,
    -3.851847533517));
#5442 = CARTESIAN_POINT('',(-30.64793726204,-63.95500296679,
    -3.396299217553));
#5443 = CARTESIAN_POINT('',(-30.37117436629,-64.29574073733,
    -2.938906220393));
#5444 = CARTESIAN_POINT('',(-30.09524442171,-64.63493499638,
    -2.479665116075));
#5445 = CARTESIAN_POINT('',(-29.8201819139,-64.97254076352,
    -2.018573722249));
#5446 = CARTESIAN_POINT('',(-29.23597809595,-65.64470121094,
    -1.06132040892));
#5447 = CARTESIAN_POINT('',(-28.93103933125,-66.01323039336,
    -0.545216699279));
#5448 = CARTESIAN_POINT('',(-28.62727180022,-66.37966181572,
    -2.681170989485E-02));
#5449 = CARTESIAN_POINT('',(-28.32472668259,-66.74392656975,
    0.493893146541));
#5450 = CARTESIAN_POINT('',(-28.02345700443,-67.10595231896,
    1.016893518586));
#5451 = CARTESIAN_POINT('',(-27.3820744019,-67.83116739751,
    2.110418832674));
#5452 = CARTESIAN_POINT('',(-27.04629381269,-68.22812112771,
    2.70103622671));
#5453 = CARTESIAN_POINT('',(-26.71226970084,-68.62204629185,
    3.29453029144));
#5454 = CARTESIAN_POINT('',(-26.38008308786,-69.01283008231,
    3.890884043549));
#5455 = CARTESIAN_POINT('',(-26.04981794165,-69.40035460641,
    4.490073482361));
#5456 = CARTESIAN_POINT('',(-25.11646538394,-70.42152073228,
    6.152948423398));
#5457 = CARTESIAN_POINT('',(-24.52201473526,-71.08169780519,
    7.242621492853));
#5458 = CARTESIAN_POINT('',(-23.93474480992,-71.72991916057,8.3414027523
    ));
#5459 = CARTESIAN_POINT('',(-23.35521347051,-72.36539134571,
    9.448999056529));
#5460 = CARTESIAN_POINT('',(-22.78399746765,-72.9872850882,
    10.564995906096));
#5461 = CARTESIAN_POINT('',(-21.56015426528,-74.26422172386,
    12.978815075556));
#5462 = CARTESIAN_POINT('',(-20.91474324799,-74.94838573855,
    14.298996579119));
#5463 = CARTESIAN_POINT('',(-20.28237947679,-75.61155542899,
    15.62895342207));
#5464 = CARTESIAN_POINT('',(-19.66397137499,-76.25240531003,
    16.96747911264));
#5465 = CARTESIAN_POINT('',(-19.06033924134,-76.8696906326,
    18.31305174822));
#5466 = CARTESIAN_POINT('',(-18.47213068589,-77.46240013462,
    19.663783892531));
#5467 = CARTESIAN_POINT('',(-38.48160799286,-53.95373004872,
    -14.898180372));
#5468 = CARTESIAN_POINT('',(-38.25750154699,-54.24700846741,
    -14.57653030576));
#5469 = CARTESIAN_POINT('',(-38.0335707812,-54.53965229121,
    -14.2538058769));
#5470 = CARTESIAN_POINT('',(-37.80982968594,-54.83165565306,
    -13.93000306925));
#5471 = CARTESIAN_POINT('',(-37.58629205557,-55.12301175737,
    -13.60511782636));
#5472 = CARTESIAN_POINT('',(-37.36297148837,-55.41371288,-13.27914605148
    ));
#5473 = CARTESIAN_POINT('',(-36.9029169535,-55.96752730796,
    -12.6328149159));
#5474 = CARTESIAN_POINT('',(-36.67178399477,-56.26608062074,
    -12.29341144589));
#5475 = CARTESIAN_POINT('',(-36.44091348405,-56.56391170338,
    -11.95283220301));
#5476 = CARTESIAN_POINT('',(-36.21032031316,-56.86100996542,
    -11.61107259848));
#5477 = CARTESIAN_POINT('',(-35.98001934219,-57.15736384341,
    -11.26812806002));
#5478 = CARTESIAN_POINT('',(-35.50338344148,-57.72528490876,
    -10.58355177917));
#5479 = CARTESIAN_POINT('',(-35.2626620234,-58.03226831776,
    -10.22284209695));
#5480 = CARTESIAN_POINT('',(-35.02229421948,-58.33840766445,
    -9.860823362514));
#5481 = CARTESIAN_POINT('',(-34.7822972001,-58.64368746018,
    -9.497490455202));
#5482 = CARTESIAN_POINT('',(-34.54268828198,-58.94809110524,
    -9.132838367159));
#5483 = CARTESIAN_POINT('',(-34.04696320112,-59.53246985936,
    -8.403214832454));
#5484 = CARTESIAN_POINT('',(-33.79647085126,-59.8478461963,
    -8.019149825565));
#5485 = CARTESIAN_POINT('',(-33.54644403117,-60.16222054038,
    -7.633625150304));
#5486 = CARTESIAN_POINT('',(-33.29690320336,-60.47557119731,
    -7.246635446338));
#5487 = CARTESIAN_POINT('',(-33.04786919034,-60.78787515208,
    -6.858175636124));
#5488 = CARTESIAN_POINT('',(-32.52827921346,-61.39329425213,
    -6.072458607379));
#5489 = CARTESIAN_POINT('',(-32.26338024396,-61.72175031076,
    -5.656033957222));
#5490 = CARTESIAN_POINT('',(-31.99910804486,-62.04895771244,
    -5.237924741674));
#5491 = CARTESIAN_POINT('',(-31.73548901274,-62.37488518181,
    -4.818125742736));
#5492 = CARTESIAN_POINT('',(-31.4725502122,-62.6994997147,
    -4.396632367937));
#5493 = CARTESIAN_POINT('',(-30.92176561418,-63.3328293283,
    -3.537910026953));
#5494 = CARTESIAN_POINT('',(-30.63961772686,-63.67681656682,
    -3.081444351767));
#5495 = CARTESIAN_POINT('',(-30.35832646319,-64.01919586246,
    -2.623002232442));
#5496 = CARTESIAN_POINT('',(-30.07792764718,-64.35992139578,
    -2.162579998306));
#5497 = CARTESIAN_POINT('',(-29.79845822773,-64.69894497349,
    -1.700175311124));
#5498 = CARTESIAN_POINT('',(-29.20328741961,-65.37261070265,
    -0.739275089706));
#5499 = CARTESIAN_POINT('',(-28.89340477041,-65.74231670525,
    -0.221335059865));
#5500 = CARTESIAN_POINT('',(-28.58477701443,-66.10977510778,
    0.299070626845));
#5501 = CARTESIAN_POINT('',(-28.27745898709,-66.47491207996,
    0.821940456824));
#5502 = CARTESIAN_POINT('',(-27.97150750203,-66.8376501184,
    1.347269767812));
#5503 = CARTESIAN_POINT('',(-27.31858691652,-67.56277097351,
    2.446682198011));
#5504 = CARTESIAN_POINT('',(-26.97757561594,-67.9599925328,
    3.040371236242));
#5505 = CARTESIAN_POINT('',(-26.63844625538,-68.35396919988,
    3.637142421645));
#5506 = CARTESIAN_POINT('',(-26.30128564361,-68.74458010946,
    4.236977557811));
#5507 = CARTESIAN_POINT('',(-25.96618374624,-69.13169894794,
    4.839850929731));
#5508 = CARTESIAN_POINT('',(-25.0166750861,-70.14900347161,
    6.514648307915));
#5509 = CARTESIAN_POINT('',(-24.41283800999,-70.80628261762,
    7.612494428096));
#5510 = CARTESIAN_POINT('',(-23.81669456603,-71.45075206628,
    8.72009932327));
#5511 = CARTESIAN_POINT('',(-23.22884246414,-72.08156168967,
    9.837148909281));
#5512 = CARTESIAN_POINT('',(-22.6498996514,-72.69782298166,
    10.963199079583));
#5513 = CARTESIAN_POINT('',(-21.40881035524,-73.95901067259,
    13.400647094568));
#5514 = CARTESIAN_POINT('',(-20.75571150783,-74.63380087203,
    14.734079499355));
#5515 = CARTESIAN_POINT('',(-20.11659185266,-75.28609715263,
    16.077985482057));
#5516 = CARTESIAN_POINT('',(-19.49242470042,-75.91447935174,
    17.431072372923));
#5517 = CARTESIAN_POINT('',(-18.88408894263,-76.51761380963,
    18.791709562014));
#5518 = CARTESIAN_POINT('',(-18.29227844719,-77.09441703121,
    20.157874796173));
#5519 = CARTESIAN_POINT('',(-38.73942408712,-53.24946981119,
    -14.24367608682));
#5520 = CARTESIAN_POINT('',(-38.50545663976,-53.54519428451,
    -13.92055205215));
#5521 = CARTESIAN_POINT('',(-38.27167658447,-53.8402418566,
    -13.59628203069));
#5522 = CARTESIAN_POINT('',(-38.03809884441,-54.13460626929,
    -13.27086173853));
#5523 = CARTESIAN_POINT('',(-37.80473813358,-54.42828027394,
    -12.94428684877));
#5524 = CARTESIAN_POINT('',(-37.57160895678,-54.72125563145,
    -12.61655299154));
#5525 = CARTESIAN_POINT('',(-37.0962682873,-55.27907811114,
    -11.96908201632));
#5526 = CARTESIAN_POINT('',(-36.85516641205,-55.57987611576,
    -11.62778998836));
#5527 = CARTESIAN_POINT('',(-36.61434448133,-55.87990374155,
    -11.28524380267));
#5528 = CARTESIAN_POINT('',(-36.37381837977,-56.17914969204,
    -10.94143856455));
#5529 = CARTESIAN_POINT('',(-36.13360395812,-56.47760163288,
    -10.5963693969));
#5530 = CARTESIAN_POINT('',(-35.64142098621,-57.04917578097,
    -9.909904853533));
#5531 = CARTESIAN_POINT('',(-35.39057538963,-57.35822349912,
    -9.546918481967));
#5532 = CARTESIAN_POINT('',(-35.14010698146,-57.66637088415,
    -9.182535788032));
#5533 = CARTESIAN_POINT('',(-34.89003407682,-57.97360141481,
    -8.8167513097));
#5534 = CARTESIAN_POINT('',(-34.64037514685,-58.27989738476,
    -8.449559705255));
#5535 = CARTESIAN_POINT('',(-34.12883153212,-58.86749067666,
    -7.717180163062));
#5536 = CARTESIAN_POINT('',(-33.86808078899,-59.18469751618,
    -7.330384567721));
#5537 = CARTESIAN_POINT('',(-33.60782661096,-59.50083556332,
    -6.942031992785));
#5538 = CARTESIAN_POINT('',(-33.34809082467,-59.8158816775,
    -6.552116720562));
#5539 = CARTESIAN_POINT('',(-33.08889564085,-60.12981130936,
    -6.160633335009));
#5540 = CARTESIAN_POINT('',(-32.55316947599,-60.73789438443,
    -5.371136705692));
#5541 = CARTESIAN_POINT('',(-32.27780783016,-61.06789300967,
    -4.951437008178));
#5542 = CARTESIAN_POINT('',(-32.00311473944,-61.39655973418,
    -4.529940440914));
#5543 = CARTESIAN_POINT('',(-31.72911836017,-61.72386119755,
    -4.106641438034));
#5544 = CARTESIAN_POINT('',(-31.45584756124,-62.04976219535,
    -3.681535100902));
#5545 = CARTESIAN_POINT('',(-30.88853734992,-62.68502375902,
    -2.81777129139));
#5546 = CARTESIAN_POINT('',(-30.59571091626,-63.03015616771,
    -2.357353469392));
#5547 = CARTESIAN_POINT('',(-30.30379821449,-63.37357343733,
    -1.894827440313));
#5548 = CARTESIAN_POINT('',(-30.0128374569,-63.71522669382,
    -1.430189288767));
#5549 = CARTESIAN_POINT('',(-29.72286805563,-64.05506453098,
    -0.963436520641));
#5550 = CARTESIAN_POINT('',(-29.11063718718,-64.72963199076,
    4.145396456742E-03));
#5551 = CARTESIAN_POINT('',(-28.78971758331,-65.09991126242,
    0.526956534088));
#5552 = CARTESIAN_POINT('',(-28.47013653221,-65.46779309401,
    1.052397705713));
#5553 = CARTESIAN_POINT('',(-28.15195252499,-65.83319873323,
    1.580467296825));
#5554 = CARTESIAN_POINT('',(-27.83522616288,-66.19604550979,
    2.111160334347));
#5555 = CARTESIAN_POINT('',(-27.16467452422,-66.92046859033,
    3.219494668247));
#5556 = CARTESIAN_POINT('',(-26.81233944209,-67.3173544276,
    3.819290138263));
#5557 = CARTESIAN_POINT('',(-26.46201176265,-67.71077904652,
    4.422373231928));
#5558 = CARTESIAN_POINT('',(-26.11378408193,-68.10061352409,
    5.028724539741));
#5559 = CARTESIAN_POINT('',(-25.76775236323,-68.48672312583,
    5.638316632358));
#5560 = CARTESIAN_POINT('',(-24.79599453049,-69.4995624962,
    7.328071235279));
#5561 = CARTESIAN_POINT('',(-24.17667795678,-70.15334016419,
    8.437125193777));
#5562 = CARTESIAN_POINT('',(-23.56556792403,-70.79345415501,
    9.556588512267));
#5563 = CARTESIAN_POINT('',(-22.96330198949,-71.41899766555,
    10.68612616765));
#5564 = CARTESIAN_POINT('',(-22.3705392967,-72.02902295591,
    11.825264446277));
#5565 = CARTESIAN_POINT('',(-21.10611083659,-73.273858151,
    14.289376094377));
#5566 = CARTESIAN_POINT('',(-20.4392310889,-73.93867098409,
    15.639094187978));
#5567 = CARTESIAN_POINT('',(-19.78726247959,-74.57949030373,
    16.999984098021));
#5568 = CARTESIAN_POINT('',(-19.15124320674,-75.19480126979,
    18.370666976773));
#5569 = CARTESIAN_POINT('',(-18.53211075463,-75.78318131187,
    19.749403506964));
#5570 = CARTESIAN_POINT('',(-17.93060524904,-76.3434747019,
    21.134036618561));
#5571 = CARTESIAN_POINT('',(-38.86834970624,-52.89729169213,
    -13.91637933516));
#5572 = CARTESIAN_POINT('',(-38.63057502606,-53.19577392614,
    -13.59505362264));
#5573 = CARTESIAN_POINT('',(-38.39299944997,-53.4935369526,
    -13.27251029915));
#5574 = CARTESIAN_POINT('',(-38.15563883381,-53.79057412218,
    -12.94874481304));
#5575 = CARTESIAN_POINT('',(-37.91850881119,-54.08687773323,
    -12.62375256699));
#5576 = CARTESIAN_POINT('',(-37.6816247935,-54.38243903169,-12.297528918
    ));
#5577 = CARTESIAN_POINT('',(-37.1970517581,-54.94458126918,
    -11.6521903937));
#5578 = CARTESIAN_POINT('',(-36.95203473501,-55.24793567169,
    -11.31228209837));
#5579 = CARTESIAN_POINT('',(-36.707315153,-55.55047154671,
    -10.97104126044));
#5580 = CARTESIAN_POINT('',(-36.46290988945,-55.85217689171,
    -10.62846267931));
#5581 = CARTESIAN_POINT('',(-36.21883578581,-56.15303860146,
    -10.28454117306));
#5582 = CARTESIAN_POINT('',(-35.7171595114,-56.72857753834,
    -9.599460657749));
#5583 = CARTESIAN_POINT('',(-35.462243505,-57.04000127171,
    -9.237469887413));
#5584 = CARTESIAN_POINT('',(-35.20772826129,-57.35046840114,
    -8.87399552456));
#5585 = CARTESIAN_POINT('',(-34.95363324007,-57.6599613728,
    -8.509031765785));
#5586 = CARTESIAN_POINT('',(-34.69997806695,-57.96846137371,
    -8.142572935515));
#5587 = CARTESIAN_POINT('',(-34.17866968703,-58.55958090946,
    -7.41070967641));
#5588 = CARTESIAN_POINT('',(-33.91371431933,-58.87892995762,
    -7.024455783195));
#5589 = CARTESIAN_POINT('',(-33.64928655204,-59.19714341388,
    -6.636547599159));
#5590 = CARTESIAN_POINT('',(-33.38540957598,-59.51419669136,
    -6.246979049257));
#5591 = CARTESIAN_POINT('',(-33.12210699003,-59.83006370639,
    -5.85574437894));
#5592 = CARTESIAN_POINT('',(-32.57629840589,-60.44112246253,
    -5.065740439629));
#5593 = CARTESIAN_POINT('',(-32.29652785244,-60.77297536045,
    -4.646037985335));
#5594 = CARTESIAN_POINT('',(-32.01746763879,-61.10341311385,
    -4.224426356932));
#5595 = CARTESIAN_POINT('',(-31.73914768105,-61.43240027729,
    -3.800899640686));
#5596 = CARTESIAN_POINT('',(-31.46159865242,-61.75989944606,
    -3.375452631798));
#5597 = CARTESIAN_POINT('',(-30.8838165965,-62.39740466586,
    -2.509919644335));
#5598 = CARTESIAN_POINT('',(-30.58636538519,-62.74399395079,
    -2.048821966101));
#5599 = CARTESIAN_POINT('',(-30.28988501402,-63.08876090045,
    -1.585484317844));
#5600 = CARTESIAN_POINT('',(-29.99441608353,-63.43165358617,
    -1.119902539466));
#5601 = CARTESIAN_POINT('',(-29.70000046914,-63.77261738885,
    -0.652073980971));
#5602 = CARTESIAN_POINT('',(-29.07676330903,-64.44839828531,
    0.318917341228));
#5603 = CARTESIAN_POINT('',(-28.75086051919,-64.8195625321,
    0.843327296074));
#5604 = CARTESIAN_POINT('',(-28.42637994166,-65.18817949881,
    1.370531662037));
#5605 = CARTESIAN_POINT('',(-28.10338372326,-65.55416551113,
    1.900528723705));
#5606 = CARTESIAN_POINT('',(-27.78193625278,-65.91743273188,
    2.433313197184));
#5607 = CARTESIAN_POINT('',(-27.09980732966,-66.64146974391,
    3.547297144207));
#5608 = CARTESIAN_POINT('',(-26.74220223468,-67.03833156523,
    4.149926755431));
#5609 = CARTESIAN_POINT('',(-26.38673000506,-67.43151584204,
    4.756049466783));
#5610 = CARTESIAN_POINT('',(-26.03348902407,-67.82088559368,
    5.365644655666));
#5611 = CARTESIAN_POINT('',(-25.68258125274,-68.20629766474,
    5.978683178404));
#5612 = CARTESIAN_POINT('',(-24.69462801609,-69.21498358787,
    7.680122715484));
#5613 = CARTESIAN_POINT('',(-24.06588571347,-69.86557148391,
    8.797112221722));
#5614 = CARTESIAN_POINT('',(-23.44586286062,-70.50164172295,
    9.925161672952));
#5615 = CARTESIAN_POINT('',(-22.83523686212,-71.12223082669,
    11.06391510713));
#5616 = CARTESIAN_POINT('',(-22.23470805799,-71.7263318215,
    12.212869203506));
#5617 = CARTESIAN_POINT('',(-20.95299420261,-72.95512622682,
    14.700372194144));
#5618 = CARTESIAN_POINT('',(-20.27838732332,-73.6102733996,
    16.063103685982));
#5619 = CARTESIAN_POINT('',(-19.61962352857,-74.23992746436,
    17.437705232789));
#5620 = CARTESIAN_POINT('',(-18.9778059038,-74.84247890343,
    18.82271180885));
#5621 = CARTESIAN_POINT('',(-18.35393052608,-75.41641623578,
    20.216275389565));
#5622 = CARTESIAN_POINT('',(-17.74878377902,-75.96051150032,
    21.616104088024));
#5623 = CARTESIAN_POINT('',(-38.99727532535,-52.54511357308,
    -13.58908258349));
#5624 = CARTESIAN_POINT('',(-38.75567956515,-52.84620979611,
    -13.26967653642));
#5625 = CARTESIAN_POINT('',(-38.51429462104,-53.14654450527,
    -12.94898125422));
#5626 = CARTESIAN_POINT('',(-38.27313728157,-53.4461106601,
    -12.62699191747));
#5627 = CARTESIAN_POINT('',(-38.03222409997,-53.74490010588,
    -12.30370365842));
#5628 = CARTESIAN_POINT('',(-37.79157139417,-54.04290357364,
    -11.97911156097));
#5629 = CARTESIAN_POINT('',(-37.29775214564,-54.60922179727,
    -11.3360268309));
#5630 = CARTESIAN_POINT('',(-37.04880612751,-54.91498882603,
    -10.9976236115));
#5631 = CARTESIAN_POINT('',(-36.80017504698,-55.2198891786,
    -10.65780946464));
#5632 = CARTESIAN_POINT('',(-36.55187677424,-55.52391014646,
    -10.31657888381));
#5633 = CARTESIAN_POINT('',(-36.3039291414,-55.82703785347,
    -9.973926382253));
#5634 = CARTESIAN_POINT('',(-35.79274571728,-56.40639780749,
    -9.290351238293));
#5635 = CARTESIAN_POINT('',(-35.53374545384,-56.72005378442,
    -8.929477412489));
#5636 = CARTESIAN_POINT('',(-35.27516952738,-57.03269688659,
    -8.56703272402));
#5637 = CARTESIAN_POINT('',(-35.01703854238,-57.34430852759,
    -8.203011028105));
#5638 = CARTESIAN_POINT('',(-34.75937327888,-57.65486878779,
    -7.837406315313));
#5639 = CARTESIAN_POINT('',(-34.22828628658,-58.24937079574,
    -7.106180682599));
#5640 = CARTESIAN_POINT('',(-33.95911244709,-58.57071828088,
    -6.720589834812));
#5641 = CARTESIAN_POINT('',(-33.69049724333,-58.8908633746,
    -6.333247384979));
#5642 = CARTESIAN_POINT('',(-33.42246523029,-59.20978004374,
    -5.944146900699));
#5643 = CARTESIAN_POINT('',(-33.15504139501,-59.52744067027,
    -5.553282288923));
#5644 = CARTESIAN_POINT('',(-32.59913654437,-60.14133133583,
    -4.762892382919));
#5645 = CARTESIAN_POINT('',(-32.31494323608,-60.47489473478,
    -4.343308515147));
#5646 = CARTESIAN_POINT('',(-32.03150205229,-60.80695974541,
    -3.921703168908));
#5647 = CARTESIAN_POINT('',(-31.74884466887,-61.13748883725,
    -3.498070082599));
#5648 = CARTESIAN_POINT('',(-31.46700356334,-61.46644240533,
    -3.072403745258));
#5649 = CARTESIAN_POINT('',(-30.8787358156,-62.1060475096,
    -2.205222923145));
#5650 = CARTESIAN_POINT('',(-30.57664597944,-62.45394989912,
    -1.743566731979));
#5651 = CARTESIAN_POINT('',(-30.27558409165,-62.79992275717,
    -1.279538807846));
#5652 = CARTESIAN_POINT('',(-29.97559314106,-63.14391110046,
    -0.813134745939));
#5653 = CARTESIAN_POINT('',(-29.67671746633,-63.485857097,
    -0.344351740378));
#5654 = CARTESIAN_POINT('',(-29.04246016737,-64.16270765848,
    0.629927643622));
#5655 = CARTESIAN_POINT('',(-28.71156034433,-64.53461310874,
    1.155815072378));
#5656 = CARTESIAN_POINT('',(-28.38216639317,-64.90382143892,
    1.684661289377));
#5657 = CARTESIAN_POINT('',(-28.05434411637,-65.27024405268,
    2.216464478299));
#5658 = CARTESIAN_POINT('',(-27.72816169032,-65.63378794596,
    2.751219044432));
#5659 = CARTESIAN_POINT('',(-27.03444163552,-66.35729511783,
    3.870731261277));
#5660 = CARTESIAN_POINT('',(-26.67155268048,-66.75398915153,
    4.476073670407));
#5661 = CARTESIAN_POINT('',(-26.31092205347,-67.14678931459,
    5.085114656142));
#5662 = CARTESIAN_POINT('',(-25.952653925,-67.53555056863,5.697832382793
    ));
#5663 = CARTESIAN_POINT('',(-25.59685625382,-67.92012133736,
    6.314195992349));
#5664 = CARTESIAN_POINT('',(-24.59269376605,-68.92451004159,
    8.027199120286));
#5665 = CARTESIAN_POINT('',(-23.95451188732,-69.57176439402,
    9.152002830962));
#5666 = CARTESIAN_POINT('',(-23.32556236716,-70.20364710962,
    10.288517071629));
#5667 = CARTESIAN_POINT('',(-22.70656245749,-70.81913803491,
    11.4363649413));
#5668 = CARTESIAN_POINT('',(-22.0982536948,-71.41717096251,
    12.59501351212));
#5669 = CARTESIAN_POINT('',(-20.79924059695,-72.62978080639,
    15.105786501995));
#5670 = CARTESIAN_POINT('',(-20.11689273886,-73.27511854722,
    16.481410048767));
#5671 = CARTESIAN_POINT('',(-19.45131991145,-73.89346358543,
    17.869601889037));
#5672 = CARTESIAN_POINT('',(-18.80369008755,-74.48311172585,
    19.268810819104));
#5673 = CARTESIAN_POINT('',(-18.17505793699,-75.04246257681,
    20.67708010704));
#5674 = CARTESIAN_POINT('',(-17.56625610126,-75.5702159442,
    22.091983049058));
#5675 = CARTESIAN_POINT('',(-39.25492922816,-51.84129638391,
    -12.93499004533));
#5676 = CARTESIAN_POINT('',(-39.00339683445,-52.14397711565,
    -12.61484150843));
#5677 = CARTESIAN_POINT('',(-38.75208696883,-52.44585402718,
    -12.29333211223));
#5678 = CARTESIAN_POINT('',(-38.50101735255,-52.74691968692,
    -11.97045676956));
#5679 = CARTESIAN_POINT('',(-38.25020545847,-53.04716548711,
    -11.64621034224));
#5680 = CARTESIAN_POINT('',(-37.99966851107,-53.34658164383,
    -11.32058764106));
#5681 = CARTESIAN_POINT('',(-37.49048749592,-53.91604637327,
    -10.67709454994));
#5682 = CARTESIAN_POINT('',(-37.23149692926,-54.22319654794,
    -10.33753425118));
#5683 = CARTESIAN_POINT('',(-36.97283879672,-54.52943189775,
    -9.996484640128));
#5684 = CARTESIAN_POINT('',(-36.7145319613,-54.83473900814,
    -9.653939904306));
#5685 = CARTESIAN_POINT('',(-36.45659524578,-55.13910323207,
    -9.309894252169));
#5686 = CARTESIAN_POINT('',(-35.92978911845,-55.7212547229,
    -8.625162324287));
#5687 = CARTESIAN_POINT('',(-35.66058904449,-56.03611346306,
    -8.262743287739));
#5688 = CARTESIAN_POINT('',(-35.39183688178,-56.34990305764,
    -7.898666118377));
#5689 = CARTESIAN_POINT('',(-35.1235543795,-56.66260388765,
    -7.532924330044));
#5690 = CARTESIAN_POINT('',(-34.85576347215,-56.97419492683,
    -7.165511579452));
#5691 = CARTESIAN_POINT('',(-34.30878231397,-57.57104992663,
    -6.432261417852));
#5692 = CARTESIAN_POINT('',(-34.0292744492,-57.89336636843,
    -6.044671460216));
#5693 = CARTESIAN_POINT('',(-33.75035625548,-58.21441361929,
    -5.655232589308));
#5694 = CARTESIAN_POINT('',(-33.47205365197,-58.53416419974,
    -5.263938015375));
#5695 = CARTESIAN_POINT('',(-33.19439301387,-58.85258895746,
    -4.870781306861));
#5696 = CARTESIAN_POINT('',(-32.62227634324,-59.4682820521,
    -4.077343278888));
#5697 = CARTESIAN_POINT('',(-32.32754472662,-59.80252647174,
    -3.655215842361));
#5698 = CARTESIAN_POINT('',(-32.0336070192,-60.13518925927,
    -3.230954623008));
#5699 = CARTESIAN_POINT('',(-31.74049665661,-60.4662307992,
    -2.804553011359));
#5700 = CARTESIAN_POINT('',(-31.44824792069,-60.79560928625,
    -2.376005190287));
#5701 = CARTESIAN_POINT('',(-30.84337892765,-61.43628479467,
    -1.504514378248));
#5702 = CARTESIAN_POINT('',(-30.53053491313,-61.78447080845,
    -1.039637518871));
#5703 = CARTESIAN_POINT('',(-30.21877595523,-62.13062009456,
    -0.572257163585));
#5704 = CARTESIAN_POINT('',(-29.90814743105,-62.47467461508,
    -0.102368662872));
#5705 = CARTESIAN_POINT('',(-29.5986961425,-62.81657332516,
    0.370030945032));
#5706 = CARTESIAN_POINT('',(-28.94730315119,-63.49346407133,
    1.350260546109));
#5707 = CARTESIAN_POINT('',(-28.60529074148,-63.86508124473,
    1.880287604054));
#5708 = CARTESIAN_POINT('',(-28.26486786318,-64.23385145805,
    2.413437827365));
#5709 = CARTESIAN_POINT('',(-27.9261039745,-64.59968119292,
    2.949709298819));
#5710 = CARTESIAN_POINT('',(-27.58907103938,-64.96247227839,
    3.489096112883));
#5711 = CARTESIAN_POINT('',(-26.87764429942,-65.68442012978,
    4.616798754827));
#5712 = CARTESIAN_POINT('',(-26.50335593083,-66.07991689554,
    5.227516117139));
#5713 = CARTESIAN_POINT('',(-26.13145135293,-66.4713034645,
    5.842137532535));
#5714 = CARTESIAN_POINT('',(-25.7620405235,-66.85842674062,
    6.460639952231));
#5715 = CARTESIAN_POINT('',(-25.39523739898,-67.24112672669,
    7.082990803882));
#5716 = CARTESIAN_POINT('',(-24.3687501066,-68.2401887317,8.810219677954
    ));
#5717 = CARTESIAN_POINT('',(-23.71501309827,-68.88308006018,
    9.945499748344));
#5718 = CARTESIAN_POINT('',(-23.0710213573,-69.50974577202,
    11.093140933725));
#5719 = CARTESIAN_POINT('',(-22.43753198297,-70.11910903853,
    12.252745394166));
#5720 = CARTESIAN_POINT('',(-21.81532770823,-70.71004441858,
    13.42375059471));
#5721 = CARTESIAN_POINT('',(-20.49289981442,-71.9054402207,
    15.960455739098));
#5722 = CARTESIAN_POINT('',(-19.79669542403,-72.53993904925,
    17.351633496081));
#5723 = CARTESIAN_POINT('',(-19.11819801047,-73.14594558058,
    18.75607778509));
#5724 = CARTESIAN_POINT('',(-18.45864043396,-73.72166094203,
    20.172151224441));
#5725 = CARTESIAN_POINT('',(-17.81913595708,-74.26539583127,
    21.597788374875));
#5726 = CARTESIAN_POINT('',(-17.20056347918,-74.77577782118,
    23.03042771573));
#5727 = CARTESIAN_POINT('',(-39.38365751185,-51.4896573138,
    -12.60819425883));
#5728 = CARTESIAN_POINT('',(-39.12829543994,-51.79467039031,
    -12.29021623328));
#5729 = CARTESIAN_POINT('',(-38.87316760814,-52.0988373403,
    -11.97080572423));
#5730 = CARTESIAN_POINT('',(-38.61829267038,-52.40215034103,
    -11.64995737681));
#5731 = CARTESIAN_POINT('',(-38.36368901914,-52.7046003317,
    -11.32766578239));
#5732 = CARTESIAN_POINT('',(-38.10937478546,-53.00617701346,
    -11.00392547865));
#5733 = CARTESIAN_POINT('',(-37.59093895902,-53.57953608479,
    -10.36293702764));
#5734 = CARTESIAN_POINT('',(-37.32801079913,-53.88881724144,
    -10.0251326507));
#5735 = CARTESIAN_POINT('',(-37.06543256991,-54.19713542456,
    -9.685760576606));
#5736 = CARTESIAN_POINT('',(-36.80322412713,-54.50447651356,
    -9.344814686966));
#5737 = CARTESIAN_POINT('',(-36.54140528424,-54.81082509048,
    -9.002288885416));
#5738 = CARTESIAN_POINT('',(-36.00508340903,-55.39651595421,
    -8.319313174779));
#5739 = CARTESIAN_POINT('',(-35.73179047987,-55.71332529367,
    -7.958261928653));
#5740 = CARTESIAN_POINT('',(-35.45896903623,-56.02900921673,
    -7.595465279565));
#5741 = CARTESIAN_POINT('',(-35.186641972,-56.34354707183,-7.23091639998
    ));
#5742 = CARTESIAN_POINT('',(-34.9148323761,-56.65691672605,
    -6.864608612756));
#5743 = CARTESIAN_POINT('',(-34.35806400737,-57.2568725538,
    -6.132246923436));
#5744 = CARTESIAN_POINT('',(-34.07432907264,-57.58090578833,
    -5.745570857117));
#5745 = CARTESIAN_POINT('',(-33.79121484428,-57.90360303239,
    -5.356948566302));
#5746 = CARTESIAN_POINT('',(-33.50874860561,-58.22493536024,
    -4.966372903881));
#5747 = CARTESIAN_POINT('',(-33.22695812001,-58.54487208521,
    -4.573837099796));
#5748 = CARTESIAN_POINT('',(-32.64473658471,-59.16311544501,
    -3.78026395102));
#5749 = CARTESIAN_POINT('',(-32.34557361509,-59.49878872143,
    -3.358505946905));
#5750 = CARTESIAN_POINT('',(-32.04724633935,-59.83279712194,
    -2.934501855605));
#5751 = CARTESIAN_POINT('',(-31.74978995292,-60.16509894602,
    -2.508244719783));
#5752 = CARTESIAN_POINT('',(-31.45324054192,-60.49565018813,
    -2.079728416146));
#5753 = CARTESIAN_POINT('',(-30.83787725889,-61.13814393677,
    -1.206840615347));
#5754 = CARTESIAN_POINT('',(-30.52038602135,-61.48736141087,
    -0.741656088928));
#5755 = CARTESIAN_POINT('',(-30.20403694867,-61.83443496112,
    -0.273836303656));
#5756 = CARTESIAN_POINT('',(-29.88887780621,-62.17930349496,
    0.196623634698));
#5757 = CARTESIAN_POINT('',(-29.57495785915,-62.52190275464,
    0.669726843778));
#5758 = CARTESIAN_POINT('',(-28.91253613081,-63.19958152159,
    1.652993660765));
#5759 = CARTESIAN_POINT('',(-28.56551808974,-63.5716582542,
    2.184247346732));
#5760 = CARTESIAN_POINT('',(-28.22017323964,-63.94073818673,
    2.71878857519));
#5761 = CARTESIAN_POINT('',(-27.87657469439,-64.30672287879,
    3.256615328007));
#5762 = CARTESIAN_POINT('',(-27.53479820552,-64.66950899254,
    3.797721388837));
#5763 = CARTESIAN_POINT('',(-26.81177173573,-65.39064535951,
    4.930701454712));
#5764 = CARTESIAN_POINT('',(-26.4321909089,-65.7856926934,5.54388076904)
  );
#5765 = CARTESIAN_POINT('',(-26.05511933544,-66.17641350435,
    6.16116961293));
#5766 = CARTESIAN_POINT('',(-25.68067276036,-66.56264663862,
    6.782543724505));
#5767 = CARTESIAN_POINT('',(-25.30897113782,-66.9442236781,
    7.407968817085));
#5768 = CARTESIAN_POINT('',(-24.26626599616,-67.93870681996,
    9.146510436125));
#5769 = CARTESIAN_POINT('',(-23.60308081353,-68.57798296058,
    10.289353865063));
#5770 = CARTESIAN_POINT('',(-22.95015380709,-69.20017950473,
    11.445208993992));
#5771 = CARTESIAN_POINT('',(-22.30828192342,-69.80416294853,
    12.613657044036));
#5772 = CARTESIAN_POINT('',(-21.67828909195,-70.38874861711,
    13.794105873136));
#5773 = CARTESIAN_POINT('',(-20.33855335749,-71.56767821355,
    16.35383017087));
#5774 = CARTESIAN_POINT('',(-19.63459939013,-72.19208596588,
    17.757649136898));
#5775 = CARTESIAN_POINT('',(-18.94928434574,-72.78650182642,
    19.17543287348));
#5776 = CARTESIAN_POINT('',(-18.28390597193,-73.34903224497,
    20.605457820947));
#5777 = CARTESIAN_POINT('',(-17.63963612405,-73.87789900856,
    22.045549832713));
#5778 = CARTESIAN_POINT('',(-17.01739995931,-74.37165745708,
    23.493012571238));
#5779 = CARTESIAN_POINT('',(-39.51238579554,-51.13801824368,
    -12.28139847233));
#5780 = CARTESIAN_POINT('',(-39.25318991084,-51.44522442162,
    -11.96571618148));
#5781 = CARTESIAN_POINT('',(-38.99423997825,-51.75154216669,
    -11.64852978296));
#5782 = CARTESIAN_POINT('',(-38.7355555844,-52.05696326505,
    -11.32983365414));
#5783 = CARTESIAN_POINT('',(-38.4771560414,-52.36147820285,
    -11.00962211598));
#5784 = CARTESIAN_POINT('',(-38.21906038683,-52.66507616629,
    -10.68788943302));
#5785 = CARTESIAN_POINT('',(-37.69136561449,-53.24219033614,
    -10.0495308455));
#5786 = CARTESIAN_POINT('',(-37.42449572678,-53.55346323142,
    -9.713607613736));
#5787 = CARTESIAN_POINT('',(-37.15799326627,-53.86372500449,
    -9.376038299952));
#5788 = CARTESIAN_POINT('',(-36.89187908153,-54.17296082872,
    -9.036816479852));
#5789 = CARTESIAN_POINT('',(-36.62617397667,-54.48115451529,
    -8.695935752247));
#5790 = CARTESIAN_POINT('',(-36.08033221897,-55.07024550854,
    -8.014841482214));
#5791 = CARTESIAN_POINT('',(-35.8029423,-55.38886620395,-7.655283249868)
  );
#5792 = CARTESIAN_POINT('',(-35.52604744084,-55.70630521213,
    -7.293892344413));
#5793 = CARTESIAN_POINT('',(-35.24967168004,-56.02254084896,
    -6.930661596936));
#5794 = CARTESIAN_POINT('',(-34.97383926101,-56.33754987486,
    -6.565583996436));
#5795 = CARTESIAN_POINT('',(-34.40727954711,-56.94046728719,
    -5.834236002755));
#5796 = CARTESIAN_POINT('',(-34.11931340782,-57.26607807109,
    -5.448599051112));
#5797 = CARTESIAN_POINT('',(-33.83199901022,-57.590286065,
    -5.060918563749));
#5798 = CARTESIAN_POINT('',(-33.54536500179,-57.91306089689,
    -4.671187036198));
#5799 = CARTESIAN_POINT('',(-33.25944053409,-58.23437034575,
    -4.279397359901));
#5800 = CARTESIAN_POINT('',(-32.66710999952,-58.85502472735,
    -3.48581431368));
#5801 = CARTESIAN_POINT('',(-32.36351154229,-59.19198761718,
    -3.064550965336));
#5802 = CARTESIAN_POINT('',(-32.06079056363,-59.5272023873,
    -2.640929225447));
#5803 = CARTESIAN_POINT('',(-31.75898401875,-59.86062525218,
    -2.21494178881));
#5804 = CARTESIAN_POINT('',(-31.45812979807,-60.19221000598,
    -1.786582225968));
#5805 = CARTESIAN_POINT('',(-30.83226809046,-60.83638275149,
    -0.912422659768));
#5806 = CARTESIAN_POINT('',(-30.51012549528,-61.18649244255,
    -0.447055689663));
#5807 = CARTESIAN_POINT('',(-30.18918217321,-61.53435101358,
    2.107830223626E-02));
#5808 = CARTESIAN_POINT('',(-29.86948827787,-61.87989431737,
    0.491984454872));
#5809 = CARTESIAN_POINT('',(-29.5510955377,-62.2230548833,0.96566604177)
  );
#5810 = CARTESIAN_POINT('',(-28.87764093773,-62.90138242766,
    1.951844851309));
#5811 = CARTESIAN_POINT('',(-28.5256131307,-63.27377947613,
    2.484199941939));
#5812 = CARTESIAN_POINT('',(-28.17534217419,-63.64302988451,
    3.020006952185));
#5813 = CARTESIAN_POINT('',(-27.82690483777,-64.00903029039,
    3.559263763008));
#5814 = CARTESIAN_POINT('',(-27.48038066055,-64.37167218905,
    4.101963847244));
#5815 = CARTESIAN_POINT('',(-26.74575032631,-65.09185782825,
    5.240096113693));
#5816 = CARTESIAN_POINT('',(-26.36087290665,-65.48631648691,
    5.855612156679));
#5817 = CARTESIAN_POINT('',(-25.97863020302,-65.87623229649,
    6.475443205704));
#5818 = CARTESIAN_POINT('',(-25.59914374769,-66.26143604555,
    7.099563785799));
#5819 = CARTESIAN_POINT('',(-25.22253949253,-66.64175089509,
    7.727937895948));
#5820 = CARTESIAN_POINT('',(-24.16361236698,-67.63151593043,
    9.477667036598));
#5821 = CARTESIAN_POINT('',(-23.49097487546,-68.26703763982,
    10.627948600726));
#5822 = CARTESIAN_POINT('',(-22.82910846894,-68.88462577292,
    11.791892449843));
#5823 = CARTESIAN_POINT('',(-22.17884994132,-69.48309015066,
    12.969058866132));
#5824 = CARTESIAN_POINT('',(-21.54106441851,-70.06118686441,
    14.15882610043));
#5825 = CARTESIAN_POINT('',(-20.18401670881,-71.22351101181,
    16.741444328152));
#5826 = CARTESIAN_POINT('',(-19.47230902987,-71.83768844457,
    18.157779279867));
#5827 = CARTESIAN_POINT('',(-18.78017222005,-72.42037439094,
    19.588777240663));
#5828 = CARTESIAN_POINT('',(-18.10896891434,-72.96958062323,
    21.032628472888));
#5829 = CARTESIAN_POINT('',(-17.45992956085,-73.48344001782,
    22.487050122628));
#5830 = CARTESIAN_POINT('',(-16.83402557467,-73.96043568157,
    23.949211035464));
#5831 = CARTESIAN_POINT('',(-39.76585665961,-50.44562760203,
    -11.63792519664));
#5832 = CARTESIAN_POINT('',(-39.4968979116,-50.75362453559,
    -11.32233074146));
#5833 = CARTESIAN_POINT('',(-39.2281968277,-51.06069072997,
    -11.00516055443));
#5834 = CARTESIAN_POINT('',(-38.95977392725,-51.36681758016,
    -10.68640874519));
#5835 = CARTESIAN_POINT('',(-38.69164944197,-51.6719951193,
    -10.36606936425));
#5836 = CARTESIAN_POINT('',(-38.423843316,-51.97621201863,
    -10.04413640305));
#5837 = CARTESIAN_POINT('',(-37.88096054724,-52.55567894121,
    -9.406199779969));
#5838 = CARTESIAN_POINT('',(-37.6042198812,-52.86754122933,
    -9.069949794346));
#5839 = CARTESIAN_POINT('',(-37.32786413889,-53.17834424656,
    -8.731975341846));
#5840 = CARTESIAN_POINT('',(-37.05191516167,-53.48807246024,
    -8.392269692254));
#5841 = CARTESIAN_POINT('',(-36.77639474432,-53.79670891066,
    -8.05082613956));
#5842 = CARTESIAN_POINT('',(-36.21510405362,-54.38779768765,
    -7.369405411097));
#5843 = CARTESIAN_POINT('',(-35.92768809433,-54.70682739321,
    -7.009132293498));
#5844 = CARTESIAN_POINT('',(-35.64079076912,-55.02461914073,
    -6.646939232641));
#5845 = CARTESIAN_POINT('',(-35.35443726125,-55.34115021349,
    -6.282818718238));
#5846 = CARTESIAN_POINT('',(-35.06865296856,-55.65639626529,
    -5.916763405431));
#5847 = CARTESIAN_POINT('',(-34.48637285898,-56.2608729164,
    -5.184221208356));
#5848 = CARTESIAN_POINT('',(-34.18824646462,-56.58665890389,
    -4.797415472355));
#5849 = CARTESIAN_POINT('',(-33.89080284726,-56.91097530185,
    -4.408468889409));
#5850 = CARTESIAN_POINT('',(-33.59407201855,-57.23379029199,
    -4.017373597696));
#5851 = CARTESIAN_POINT('',(-33.29808451823,-57.55507011895,
    -3.624122150153));
#5852 = CARTESIAN_POINT('',(-32.68971593387,-58.17673317656,
    -2.828321307455));
#5853 = CARTESIAN_POINT('',(-32.37575293852,-58.51358333401,
    -2.405344715847));
#5854 = CARTESIAN_POINT('',(-32.06270920643,-58.84860212796,
    -1.979897428336));
#5855 = CARTESIAN_POINT('',(-31.75062345258,-59.18174368784,
    -1.55197179185));
#5856 = CARTESIAN_POINT('',(-31.43953537171,-59.51295960755,
    -1.12156107077));
#5857 = CARTESIAN_POINT('',(-30.79724618899,-60.15740900413,
    -0.243921840135));
#5858 = CARTESIAN_POINT('',(-30.46452318566,-60.50700856637,
    0.223835472688));
#5859 = CARTESIAN_POINT('',(-30.13305656369,-60.85424981238,
    0.694491570248));
#5860 = CARTESIAN_POINT('',(-29.80289886496,-61.19906554034,
    1.168051836199));
#5861 = CARTESIAN_POINT('',(-29.47410428116,-61.54138506673,
    1.644519699948));
#5862 = CARTESIAN_POINT('',(-28.78368775905,-62.2189590427,
    2.635818401072));
#5863 = CARTESIAN_POINT('',(-28.42072113554,-62.59027406124,
    3.171482795399));
#5864 = CARTESIAN_POINT('',(-28.0595950221,-62.95829259967,
    3.710763486466));
#5865 = CARTESIAN_POINT('',(-27.70038984399,-63.3229063736,
    4.253658254329));
#5866 = CARTESIAN_POINT('',(-27.34318892791,-63.68400171138,
    4.800160261005));
#5867 = CARTESIAN_POINT('',(-26.59102567871,-64.40183427701,
    5.945652627061));
#5868 = CARTESIAN_POINT('',(-26.1949226157,-64.79430191466,
    6.565713297737));
#5869 = CARTESIAN_POINT('',(-25.80157973138,-65.18201037707,
    7.190294450932));
#5870 = CARTESIAN_POINT('',(-25.41112434529,-65.56478239514,
    7.81936939858));
#5871 = CARTESIAN_POINT('',(-25.023688407,-65.94243270893,8.452900425333
    ));
#5872 = CARTESIAN_POINT('',(-23.94261024704,-66.92607729198,
    10.216024986625));
#5873 = CARTESIAN_POINT('',(-23.25459139611,-67.55644222435,
    11.375952584976));
#5874 = CARTESIAN_POINT('',(-22.57785653899,-68.16801960061,
    12.550193053316));
#5875 = CARTESIAN_POINT('',(-21.91328231691,-68.75956256649,
    13.738285734883));
#5876 = CARTESIAN_POINT('',(-21.26177505225,-69.32976797963,
    14.939579273412));
#5877 = CARTESIAN_POINT('',(-19.88148631679,-70.47408433218,
    17.547299330155));
#5878 = CARTESIAN_POINT('',(-19.15609587575,-71.07662909958,
    18.97835816659));
#5879 = CARTESIAN_POINT('',(-18.45120824999,-71.64618278601,
    20.424778250633));
#5880 = CARTESIAN_POINT('',(-17.76825096186,-72.18066248625,
    21.884663666651));
#5881 = CARTESIAN_POINT('',(-17.10851305225,-72.67811216604,
    23.355622853397));
#5882 = CARTESIAN_POINT('',(-16.4730121941,-73.13694269924,
    24.834689839578));
#5883 = CARTESIAN_POINT('',(-39.89059923999,-50.1048760305,
    -11.32124770746));
#5884 = CARTESIAN_POINT('',(-39.61799725422,-50.41484037676,
    -11.00827063016));
#5885 = CARTESIAN_POINT('',(-39.34566464457,-50.72383167751,
    -10.69364619684));
#5886 = CARTESIAN_POINT('',(-39.07362286306,-51.03184093661,
    -10.37736824939));
#5887 = CARTESIAN_POINT('',(-38.80189306106,-51.33885773416,
    -10.05943056789));
#5888 = CARTESIAN_POINT('',(-38.53049608924,-51.64487022645,
    -9.739826870664));
#5889 = CARTESIAN_POINT('',(-37.97854494961,-52.22786655885,
    -9.104841754239));
#5890 = CARTESIAN_POINT('',(-37.69805313079,-52.54149489687,
    -8.770794556975));
#5891 = CARTESIAN_POINT('',(-37.41796373222,-52.85401581534,
    -8.434944507976));
#5892 = CARTESIAN_POINT('',(-37.13829958807,-53.16541307555,
    -8.097284571108));
#5893 = CARTESIAN_POINT('',(-36.85908348379,-53.47566894689,
    -7.757807735543));
#5894 = CARTESIAN_POINT('',(-36.28846348563,-54.06993216469,
    -7.078590090868));
#5895 = CARTESIAN_POINT('',(-35.99714111157,-54.39054753748,
    -6.720131630232));
#5896 = CARTESIAN_POINT('',(-35.70636094587,-54.70986868141,
    -6.359665956192));
#5897 = CARTESIAN_POINT('',(-35.41614931647,-55.02787184719,
    -5.99718521708));
#5898 = CARTESIAN_POINT('',(-35.12653277568,-55.34453158195,
    -5.632681734181));
#5899 = CARTESIAN_POINT('',(-34.53465189597,-55.95174412893,
    -4.901474875929));
#5900 = CARTESIAN_POINT('',(-34.23248487209,-56.27888197707,
    -4.516029897787));
#5901 = CARTESIAN_POINT('',(-33.93103166051,-56.60448343617,
    -4.128346761476));
#5902 = CARTESIAN_POINT('',(-33.63032363709,-56.92851524163,
    -3.738417247818));
#5903 = CARTESIAN_POINT('',(-33.33039272969,-57.25094210377,
    -3.346233571245));
#5904 = CARTESIAN_POINT('',(-32.7121057211,-57.87479049446,
    -2.550744474287));
#5905 = CARTESIAN_POINT('',(-32.39389781317,-58.21270457661,
    -2.128584181634));
#5906 = CARTESIAN_POINT('',(-32.0766509532,-58.54870405146,
    -1.703840888717));
#5907 = CARTESIAN_POINT('',(-31.76040561594,-58.88274096342,
    -1.2765065946));
#5908 = CARTESIAN_POINT('',(-31.44520330042,-59.21476470611,
    -0.846574257497));
#5909 = CARTESIAN_POINT('',(-30.79260626815,-59.86066741083,
    3.201509535521E-02));
#5910 = CARTESIAN_POINT('',(-30.45542248222,-60.21093350133,
    0.499633208679));
#5911 = CARTESIAN_POINT('',(-30.11955218589,-60.5587340794,
    0.970281869684));
#5912 = CARTESIAN_POINT('',(-29.78505030932,-60.9039988886,
    1.443966706732));
#5913 = CARTESIAN_POINT('',(-29.45197350745,-61.24665403251,
    1.920691305116));
#5914 = CARTESIAN_POINT('',(-28.75071468874,-61.92465109718,
    2.914580355608));
#5915 = CARTESIAN_POINT('',(-28.38292887431,-62.29606074286,
    3.451024511414));
#5916 = CARTESIAN_POINT('',(-28.01706722949,-62.66402406843,
    3.991249341086));
#5917 = CARTESIAN_POINT('',(-27.65321383525,-63.02842786747,
    4.535252523771));
#5918 = CARTESIAN_POINT('',(-27.29145580585,-63.38915330145,
    5.083026910669));
#5919 = CARTESIAN_POINT('',(-26.52787926725,-64.1058094506,
    6.233349834115));
#5920 = CARTESIAN_POINT('',(-26.12667018643,-64.4974627243,
    6.855425590265));
#5921 = CARTESIAN_POINT('',(-25.72834674698,-64.88414049662,
    7.482227305412));
#5922 = CARTESIAN_POINT('',(-25.33304205568,-65.26565744076,
    8.113727078396));
#5923 = CARTESIAN_POINT('',(-24.94089405979,-65.64181987589,
    8.749885479536));
#5924 = CARTESIAN_POINT('',(-23.84378449098,-66.62052066371,
    10.523875919254));
#5925 = CARTESIAN_POINT('',(-23.14650390619,-67.24690547615,
    11.690920009611));
#5926 = CARTESIAN_POINT('',(-22.46102022402,-67.85364875264,
    12.872927554956));
#5927 = CARTESIAN_POINT('',(-21.78824993304,-68.43944696374,
    14.069416959585));
#5928 = CARTESIAN_POINT('',(-21.12914055208,-69.00293773333,
    15.279707260127));
#5929 = CARTESIAN_POINT('',(-19.73173041641,-70.13042294813,
    17.909999603675));
#5930 = CARTESIAN_POINT('',(-18.99877683882,-70.72251170724,
    19.353252782613));
#5931 = CARTESIAN_POINT('',(-18.28725802267,-71.28010979079,
    20.812565447686));
#5932 = CARTESIAN_POINT('',(-17.59866637767,-71.80103961606,
    22.285955505279));
#5933 = CARTESIAN_POINT('',(-16.93434953749,-72.28325623812,
    23.770922686815));
#5934 = CARTESIAN_POINT('',(-16.29537143293,-72.72509829785,
    25.264366204123));
#5935 = CARTESIAN_POINT('',(-40.01534182037,-49.76412445896,
    -11.00457021828));
#5936 = CARTESIAN_POINT('',(-39.73910142247,-50.07592917023,
    -10.69433212799));
#5937 = CARTESIAN_POINT('',(-39.46314211269,-50.38671852966,
    -10.38237505752));
#5938 = CARTESIAN_POINT('',(-39.18748627576,-50.69648314999,
    -10.06869258099));
#5939 = CARTESIAN_POINT('',(-38.91215598266,-51.00521215825,
    -9.753278208068));
#5940 = CARTESIAN_POINT('',(-38.63717299062,-51.31289319581,
    -9.436125383949));
#5941 = CARTESIAN_POINT('',(-38.07615830576,-51.89929189033,
    -8.804213383318));
#5942 = CARTESIAN_POINT('',(-37.79192015977,-52.21455923057,
    -8.472490583548));
#5943 = CARTESIAN_POINT('',(-37.50810193058,-52.52867100258,
    -8.138886547185));
#5944 = CARTESIAN_POINT('',(-37.22472744513,-52.84161026163,
    -7.803393932176));
#5945 = CARTESIAN_POINT('',(-36.94182047953,-53.1533585062,
    -7.466005422875));
#5946 = CARTESIAN_POINT('',(-36.36187599956,-53.75066911712,
    -6.789112471121));
#5947 = CARTESIAN_POINT('',(-36.06665203636,-54.07274310945,
    -6.432590276585));
#5948 = CARTESIAN_POINT('',(-35.77199385579,-54.3934666021,
    -6.073973598495));
#5949 = CARTESIAN_POINT('',(-35.4779289305,-54.71281481319,
    -5.713254243809));
#5950 = CARTESIAN_POINT('',(-35.18448496722,-55.03076118323,
    -5.350424199954));
#5951 = CARTESIAN_POINT('',(-34.58300814302,-55.64058257838,
    -4.620674289659));
#5952 = CARTESIAN_POINT('',(-34.27680531523,-55.96894523949,
    -4.236711678512));
#5953 = CARTESIAN_POINT('',(-33.97134733508,-56.29570471202,
    -3.85041359797));
#5954 = CARTESIAN_POINT('',(-33.66666694256,-56.62082628511,
    -3.461771471501));
#5955 = CARTESIAN_POINT('',(-33.36279745372,-56.94427313474,
    -3.070777175035));
#5956 = CARTESIAN_POINT('',(-32.73459684652,-57.57017981082,
    -2.27572143295));
#5957 = CARTESIAN_POINT('',(-32.41214885165,-57.90903076997,
    -1.854499048386));
#5958 = CARTESIAN_POINT('',(-32.09070368942,-58.24588387803,
    -1.430581359199));
#5959 = CARTESIAN_POINT('',(-31.77030359437,-58.58068909438,
    -1.003960016586));
#5960 = CARTESIAN_POINT('',(-31.45099186984,-58.91339361236,
    -0.574627672596));
#5961 = CARTESIAN_POINT('',(-30.78809181364,-59.56062257754,
    0.30479019334));
#5962 = CARTESIAN_POINT('',(-30.44645207075,-59.91142814859,
    0.77214749803));
#5963 = CARTESIAN_POINT('',(-30.10618292569,-60.25966101103,
    1.242667113344));
#5964 = CARTESIAN_POINT('',(-29.7673416969,-60.60524785378,
    1.716354912355));
#5965 = CARTESIAN_POINT('',(-29.42998750259,-60.94811156754,
    2.193214636238));
#5966 = CARTESIAN_POINT('',(-28.71789121291,-61.62640467321,
    3.189572426964));
#5967 = CARTESIAN_POINT('',(-28.34529103318,-61.99778189833,
    3.726674735115));
#5968 = CARTESIAN_POINT('',(-27.97469868261,-62.36556296335,
    4.267722094256));
#5969 = CARTESIAN_POINT('',(-27.60620189786,-62.72962973981,
    4.812712082628));
#5970 = CARTESIAN_POINT('',(-27.23989158078,-63.08985822229,
    5.361637240615));
#5971 = CARTESIAN_POINT('',(-26.46490657839,-63.80521090726,
    6.516669112316));
#5972 = CARTESIAN_POINT('',(-26.0585963054,-64.19592276933,
    7.140638344805));
#5973 = CARTESIAN_POINT('',(-25.65529713645,-64.58144280387,
    7.769539012769));
#5974 = CARTESIAN_POINT('',(-25.25514796556,-64.96157762639,
    8.403342001955));
#5975 = CARTESIAN_POINT('',(-24.85829273772,-65.33612513517,
    9.042006168346));
#5976 = CARTESIAN_POINT('',(-23.74515658567,-66.30975508007,
    10.826740877355));
#5977 = CARTESIAN_POINT('',(-23.03861909266,-66.93203272487,
    12.000779850583));
#5978 = CARTESIAN_POINT('',(-22.34439141107,-67.53381485391,
    13.190432863799));
#5979 = CARTESIAN_POINT('',(-21.66342987681,-68.11374126253,
    14.395197382354));
#5980 = CARTESIAN_POINT('',(-20.99672320518,-68.67039034089,
    15.614362835776));
#5981 = CARTESIAN_POINT('',(-19.58219649492,-69.78091737023,
    18.267105856993));
#5982 = CARTESIAN_POINT('',(-18.84168460642,-70.36242307337,
    19.722431769299));
#5983 = CARTESIAN_POINT('',(-18.1235394255,-70.90793850635,
    21.194515406268));
#5984 = CARTESIAN_POINT('',(-17.42931824926,-71.41519140895,
    22.6812884963));
#5985 = CARTESIAN_POINT('',(-16.76042730414,-71.8820479256,
    24.180142063491));
#5986 = CARTESIAN_POINT('',(-16.11797677879,-72.30677446416,
    25.687840502792));
#5987 = CARTESIAN_POINT('',(-40.14374879616,-49.4133630857,
    -10.67859011939));
#5988 = CARTESIAN_POINT('',(-39.86370523151,-49.72683458263,
    -10.37115679527));
#5989 = CARTESIAN_POINT('',(-39.58395446698,-50.0392484214,
    -10.06193286678));
#5990 = CARTESIAN_POINT('',(-39.30451982,-50.3505948236,-9.750911640322)
  );
#5991 = CARTESIAN_POINT('',(-39.02542428118,-50.66086246323,
    -9.438086355115));
#5992 = CARTESIAN_POINT('',(-38.7466905143,-50.97003846671,
    -9.123450183247));
#5993 = CARTESIAN_POINT('',(-38.17644752958,-51.55966594399,
    -8.494677077552));
#5994 = CARTESIAN_POINT('',(-37.88829830182,-51.87639870711,
    -8.165344454419));
#5995 = CARTESIAN_POINT('',(-37.60058648738,-52.19192775331,
    -7.834052209834));
#5996 = CARTESIAN_POINT('',(-37.313336906,-52.50623543184,
    -7.500792695826));
#5997 = CARTESIAN_POINT('',(-37.02657432448,-52.8193024703,
    -7.165558291931));
#5998 = CARTESIAN_POINT('',(-36.43714060806,-53.41948689498,
    -6.491055812242));
#5999 = CARTESIAN_POINT('',(-36.1378503011,-53.7428459275,
    -6.136535662947));
#6000 = CARTESIAN_POINT('',(-35.83914935104,-54.06479818952,
    -5.77983375995));
#6001 = CARTESIAN_POINT('',(-35.54106637523,-54.38531786659,
    -5.420941568832));
#6002 = CARTESIAN_POINT('',(-35.24363023485,-54.70437729255,
    -5.059850743164));
#6003 = CARTESIAN_POINT('',(-34.63239271153,-55.31663395652,
    -4.331623559968));
#6004 = CARTESIAN_POINT('',(-34.32198932523,-55.64604785124,
    -3.949209094958));
#6005 = CARTESIAN_POINT('',(-34.01236182188,-55.97379175787,
    -3.564361849329));
#6006 = CARTESIAN_POINT('',(-33.70354430564,-56.29982951923,
    -3.177072889191));
#6007 = CARTESIAN_POINT('',(-33.39557148074,-56.624122777,
    -2.787333751973));
#6008 = CARTESIAN_POINT('',(-32.75729252031,-57.25191415912,
    -1.992777143905));
#6009 = CARTESIAN_POINT('',(-32.43043968387,-57.59152841593,
    -1.572558446572));
#6010 = CARTESIAN_POINT('',(-32.10463146477,-57.92906157785,
    -1.149532140257));
#6011 = CARTESIAN_POINT('',(-31.77991185731,-58.26446151923,
    -0.72368952829));
#6012 = CARTESIAN_POINT('',(-31.45632596914,-58.59767323316,
    -0.295022956556));
#6013 = CARTESIAN_POINT('',(-30.7829581344,-59.24605487943,0.58515764332
    ));
#6014 = CARTESIAN_POINT('',(-30.43669767991,-59.5972263517,
    1.052188360235));
#6015 = CARTESIAN_POINT('',(-30.09186493151,-59.94571791915,
    1.522513150715));
#6016 = CARTESIAN_POINT('',(-29.74851959588,-60.2914532161,
    1.996138132547));
#6017 = CARTESIAN_POINT('',(-29.4067232545,-60.63435192035,
    2.473067202787));
#6018 = CARTESIAN_POINT('',(-28.68362473923,-61.31276748767,
    3.471827954604));
#6019 = CARTESIAN_POINT('',(-28.30604543959,-61.6839387129,
    4.009522635957));
#6020 = CARTESIAN_POINT('',(-27.93055762865,-62.05136393801,
    4.551326745425));
#6021 = CARTESIAN_POINT('',(-27.55725269877,-62.41492011254,
    5.097237760342));
#6022 = CARTESIAN_POINT('',(-27.18622533938,-62.77447806418,
    5.647247910274));
#6023 = CARTESIAN_POINT('',(-26.39966711859,-63.48835370561,
    6.806922951088));
#6024 = CARTESIAN_POINT('',(-25.9880908988,-63.8779505767,7.432719880774
    ));
#6025 = CARTESIAN_POINT('',(-25.57965124572,-64.26213929411,
    8.063653722412));
#6026 = CARTESIAN_POINT('',(-25.17449284063,-64.64071841566,
    8.699694148657));
#6027 = CARTESIAN_POINT('',(-24.77276562621,-65.01347741873,
    9.340798301158));
#6028 = CARTESIAN_POINT('',(-23.64343813631,-65.98186294137,
    11.136211500315));
#6029 = CARTESIAN_POINT('',(-22.92747898045,-66.59985983919,
    12.317179577272));
#6030 = CARTESIAN_POINT('',(-22.22434254482,-67.19650724142,
    13.514412279216));
#6031 = CARTESIAN_POINT('',(-21.53502501265,-67.77038826822,
    14.727386132555));
#6032 = CARTESIAN_POINT('',(-20.86055629573,-68.32002207599,
    15.955360959713));
#6033 = CARTESIAN_POINT('',(-19.42874825627,-69.41341734052,
    18.630488879458));
#6034 = CARTESIAN_POINT('',(-18.68051330223,-69.98416640834,
    20.097821745989));
#6035 = CARTESIAN_POINT('',(-17.95557700192,-70.5174256114,
    21.582610575711));
#6036 = CARTESIAN_POINT('',(-17.25556153983,-71.01082801199,
    23.082700919041));
#6037 = CARTESIAN_POINT('',(-16.58193173514,-71.46215084387,
    24.595375092744));
#6038 = CARTESIAN_POINT('',(-15.93584403439,-71.86958828191,
    26.117262674896));
#6039 = CARTESIAN_POINT('',(-40.14741319157,-49.40335328399,
    -10.66928750969));
#6040 = CARTESIAN_POINT('',(-39.86948172574,-49.72013772241,
    -10.36662942952));
#6041 = CARTESIAN_POINT('',(-39.59185477203,-50.03582219635,
    -10.06210912081));
#6042 = CARTESIAN_POINT('',(-39.31455658058,-50.35039653625,
    -9.755719622213));
#6043 = CARTESIAN_POINT('',(-39.0376110616,-50.66384896308,
    -9.447453902515));
#6044 = CARTESIAN_POINT('',(-38.76104178545,-50.97616608832,
    -9.13730486069));
#6045 = CARTESIAN_POINT('',(-38.18748576644,-51.57066850421,
    -8.513641127725));
#6046 = CARTESIAN_POINT('',(-37.90134072247,-51.89051284603,
    -8.188669159021));
#6047 = CARTESIAN_POINT('',(-37.61565058836,-52.20910532225,
    -7.861659184006));
#6048 = CARTESIAN_POINT('',(-37.33044117663,-52.52642757611,
    -7.532603248792));
#6049 = CARTESIAN_POINT('',(-37.04573824475,-52.84245956428,
    -7.201493428095));
#6050 = CARTESIAN_POINT('',(-36.45273055745,-53.44716395857,
    -6.531351898264));
#6051 = CARTESIAN_POINT('',(-36.15528917229,-53.77345418711,
    -6.180804272002));
#6052 = CARTESIAN_POINT('',(-35.85846071831,-54.09828137434,
    -5.827987621891));
#6053 = CARTESIAN_POINT('',(-35.56227495756,-54.42161867321,
    -5.472893072134));
#6054 = CARTESIAN_POINT('',(-35.26676190565,-54.74343731093,
    -5.115511942444));
#6055 = CARTESIAN_POINT('',(-34.65167894878,-55.35977539956,
    -4.39077796414));
#6056 = CARTESIAN_POINT('',(-34.34299026952,-55.69188668372,
    -4.011882123059));
#6057 = CARTESIAN_POINT('',(-34.03510850854,-56.02226118028,
    -3.630456190134));
#6058 = CARTESIAN_POINT('',(-33.72806913416,-56.35086128576,
    -3.246490874121));
#6059 = CARTESIAN_POINT('',(-33.42190823876,-56.67764710749,
    -2.859977373944));
#6060 = CARTESIAN_POINT('',(-32.77946619068,-57.3089693515,
    -2.067890377684));
#6061 = CARTESIAN_POINT('',(-32.45412377823,-57.65099306179,
    -1.650645845375));
#6062 = CARTESIAN_POINT('',(-32.12986776783,-57.99085243341,
    -1.230481399725));
#6063 = CARTESIAN_POINT('',(-31.80674391353,-58.32849325566,
    -0.807387996196));
#6064 = CARTESIAN_POINT('',(-31.48479912729,-58.66385832136,
    -0.381357674509));
#6065 = CARTESIAN_POINT('',(-30.80687877957,-59.31503880457,
    0.497615181515));
#6066 = CARTESIAN_POINT('',(-30.46191287907,-59.66822233389,
    0.962348832861));
#6067 = CARTESIAN_POINT('',(-30.11843179288,-60.0186187622,
    1.430508320715));
#6068 = CARTESIAN_POINT('',(-29.77649761599,-60.36614866917,
    1.902100007576));
#6069 = CARTESIAN_POINT('',(-29.43617439312,-60.71072851975,
    2.377127946381));
#6070 = CARTESIAN_POINT('',(-28.70798891782,-61.39091270456,
    3.376321181496));
#6071 = CARTESIAN_POINT('',(-28.33134576383,-61.76352408572,
    3.91263775826));
#6072 = CARTESIAN_POINT('',(-27.95687775809,-62.13223962676,
    4.453228140262));
#6073 = CARTESIAN_POINT('',(-27.58467994866,-62.4969313552,
    4.998089703931));
#6074 = CARTESIAN_POINT('',(-27.21485081252,-62.85746493182,
    5.547214368017));
#6075 = CARTESIAN_POINT('',(-26.4226346389,-63.57150968556,6.70956210015
    ));
#6076 = CARTESIAN_POINT('',(-26.01170773789,-63.9616377215,
    7.335216249241));
#6077 = CARTESIAN_POINT('',(-25.60404286625,-64.34614127761,
    7.966212786762));
#6078 = CARTESIAN_POINT('',(-25.19979049252,-64.72481085404,
    8.602520172273));
#6079 = CARTESIAN_POINT('',(-24.79910655709,-65.09742750724,
    9.24409383309));
#6080 = CARTESIAN_POINT('',(-23.65950299492,-66.06221476344,
    11.048215044604));
#6081 = CARTESIAN_POINT('',(-22.94003744178,-66.67757707011,
    12.234141747497));
#6082 = CARTESIAN_POINT('',(-22.23390751767,-67.27073590137,
    13.436983660377));
#6083 = CARTESIAN_POINT('',(-21.54214925317,-67.84021770218,
    14.656196370708));
#6084 = CARTESIAN_POINT('',(-20.86583375653,-68.3844823952,
    15.89101009381));
#6085 = CARTESIAN_POINT('',(-19.42265965343,-69.46239205077,
    18.58655243429));
#6086 = CARTESIAN_POINT('',(-18.67261689943,-70.02403063909,
    20.063921777254));
#6087 = CARTESIAN_POINT('',(-17.9468047453,-70.54667976807,
    21.559445321937));
#6088 = CARTESIAN_POINT('',(-17.24691026291,-71.02787782247,
    23.070882440772));
#6089 = CARTESIAN_POINT('',(-16.57445686423,-71.46531312543,
    24.595406743195));
#6090 = CARTESIAN_POINT('',(-15.93064725364,-71.85710761878,
    26.129512990405));
#6091 = CARTESIAN_POINT('',(-40.15107758698,-49.39334348227,
    -10.65998489999));
#6092 = CARTESIAN_POINT('',(-39.87525819682,-49.71344067958,
    -10.36210225998));
#6093 = CARTESIAN_POINT('',(-39.5997550308,-50.03239560607,
    -10.06228576726));
#6094 = CARTESIAN_POINT('',(-39.32459327173,-50.35019770107,
    -9.760528192731));
#6095 = CARTESIAN_POINT('',(-39.04979774947,-50.6668347325,
    -9.456822234752));
#6096 = CARTESIAN_POINT('',(-38.77539294091,-50.98229279688,
    -9.151160519179));
#6097 = CARTESIAN_POINT('',(-38.19852386447,-51.58166996876,
    -8.532606355152));
#6098 = CARTESIAN_POINT('',(-37.91438298115,-51.90462570667,
    -8.211995237085));
#6099 = CARTESIAN_POINT('',(-37.63071450423,-52.22628143031,
    -7.889267727851));
#6100 = CARTESIAN_POINT('',(-37.347545239,-52.54661807688,
    -7.564415567639));
#6101 = CARTESIAN_POINT('',(-37.06490193362,-52.86561483216,
    -7.23743052635));
#6102 = CARTESIAN_POINT('',(-36.46832025232,-53.47483901345,
    -6.571650142584));
#6103 = CARTESIAN_POINT('',(-36.17272776582,-53.8040602554,
    -6.225075235565));
#6104 = CARTESIAN_POINT('',(-35.87777178479,-54.13176218521,
    -5.876144034548));
#6105 = CARTESIAN_POINT('',(-35.58348321595,-54.45791692328,
    -5.524847322361));
#6106 = CARTESIAN_POINT('',(-35.28989322937,-54.78249459015,
    -5.171176084859));
#6107 = CARTESIAN_POINT('',(-34.67096481581,-55.40291392082,
    -4.449935507656));
#6108 = CARTESIAN_POINT('',(-34.36399082047,-55.73772241183,
    -4.074558486714));
#6109 = CARTESIAN_POINT('',(-34.05785477871,-56.0707273157,
    -3.696554062702));
#6110 = CARTESIAN_POINT('',(-33.75259352305,-56.40188958269,
    -3.315912587021));
#6111 = CARTESIAN_POINT('',(-33.44824453402,-56.73116778578,
    -2.932624920094));
#6112 = CARTESIAN_POINT('',(-32.80163937514,-57.36602070905,
    -2.143007731853));
#6113 = CARTESIAN_POINT('',(-32.47780736355,-57.71045369023,
    -1.728737560776));
#6114 = CARTESIAN_POINT('',(-32.15510353871,-58.05263908892,
    -1.311435171999));
#6115 = CARTESIAN_POINT('',(-31.83357541443,-58.39252060944,
    -0.891091173118));
#6116 = CARTESIAN_POINT('',(-31.51327170699,-58.7300388443,
    -0.467697297687));
#6117 = CARTESIAN_POINT('',(-30.83079882315,-59.38401798184,
    0.410067618275));
#6118 = CARTESIAN_POINT('',(-30.48712745349,-59.73921338559,
    0.872504007844));
#6119 = CARTESIAN_POINT('',(-30.14499800639,-60.09151449214,
    1.338497996864));
#6120 = CARTESIAN_POINT('',(-29.80447496509,-60.44083882655,
    1.808056192544));
#6121 = CARTESIAN_POINT('',(-29.46562483758,-60.78709964083,
    2.281182803704));
#6122 = CARTESIAN_POINT('',(-28.73235237913,-61.46905226052,
    3.280808325909));
#6123 = CARTESIAN_POINT('',(-28.35664534765,-61.843103615,3.815746601874
    ));
#6124 = CARTESIAN_POINT('',(-27.98319712397,-62.21310928936,
    4.355123060202));
#6125 = CARTESIAN_POINT('',(-27.61210641184,-62.5789363891,
    4.898934976415));
#6126 = CARTESIAN_POINT('',(-27.24347547583,-62.9404454081,
    5.447173958444));
#6127 = CARTESIAN_POINT('',(-26.44560132624,-63.65465909153,
    6.612194185689));
#6128 = CARTESIAN_POINT('',(-26.03532372086,-64.04531810971,
    7.237705357975));
#6129 = CARTESIAN_POINT('',(-25.62843360753,-64.43013632191,
    7.868764395169));
#6130 = CARTESIAN_POINT('',(-25.22508724203,-64.8088961706,
    8.505338543738));
#6131 = CARTESIAN_POINT('',(-24.82544656244,-65.18137029132,
    9.147381516663));
#6132 = CARTESIAN_POINT('',(-23.67556690485,-66.14255909847,
    10.960210544324));
#6133 = CARTESIAN_POINT('',(-22.95259493129,-66.75528663139,
    12.151095676944));
#6134 = CARTESIAN_POINT('',(-22.24347149558,-67.34495670907,
    13.359546604551));
#6135 = CARTESIAN_POINT('',(-21.54927247561,-67.91003910128,
    14.584997975664));
#6136 = CARTESIAN_POINT('',(-20.8711101761,-68.44893449694,
    15.826650398503));
#6137 = CARTESIAN_POINT('',(-19.41656998623,-69.51135836093,
    18.542606963507));
#6138 = CARTESIAN_POINT('',(-18.66471940912,-70.06388628714,
    20.030012586696));
#6139 = CARTESIAN_POINT('',(-17.93803137803,-70.57592515943,
    21.536270650131));
#6140 = CARTESIAN_POINT('',(-17.23825785222,-71.04491868504,
    23.059054348262));
#6141 = CARTESIAN_POINT('',(-16.56698083641,-71.46846627646,
    24.595428583196));
#6142 = CARTESIAN_POINT('',(-15.92544929284,-71.84461764252,
    26.141753299255));
#6143 = CARTESIAN_POINT('',(-40.31584351893,-48.94326260312,
    -10.24170221359));
#6144 = CARTESIAN_POINT('',(-40.03449907791,-49.26453502436,
    -9.946061022649));
#6145 = CARTESIAN_POINT('',(-39.75348257303,-49.58462286846,
    -9.648414354824));
#6146 = CARTESIAN_POINT('',(-39.47282011982,-49.9035151836,
    -9.348754713265));
#6147 = CARTESIAN_POINT('',(-39.19253746773,-50.22119928467,
    -9.047074525913));
#6148 = CARTESIAN_POINT('',(-38.91266000022,-50.53766075325,
    -8.743366145499));
#6149 = CARTESIAN_POINT('',(-38.32484073982,-51.13977514617,
    -8.127387559318));
#6150 = CARTESIAN_POINT('',(-38.03506689061,-51.46370474523,
    -7.808603300797));
#6151 = CARTESIAN_POINT('',(-37.74578294434,-51.78628618133,
    -7.48762426625));
#6152 = CARTESIAN_POINT('',(-37.45701669909,-52.10749968566,
    -7.164441889949));
#6153 = CARTESIAN_POINT('',(-37.16879589368,-52.42732367309,
    -6.839047636974));
#6154 = CARTESIAN_POINT('',(-36.56100309182,-53.03893010642,
    -6.175094408182));
#6155 = CARTESIAN_POINT('',(-36.25962237745,-53.36894482684,
    -5.829958229313));
#6156 = CARTESIAN_POINT('',(-35.95890174283,-53.69738396429,
    -5.482378486299));
#6157 = CARTESIAN_POINT('',(-35.65887323936,-54.0242186066,
    -5.132345620589));
#6158 = CARTESIAN_POINT('',(-35.35956919158,-54.34941776768,
    -4.779850284182));
#6159 = CARTESIAN_POINT('',(-34.7291581948,-54.97178080544,
    -4.059569116988));
#6160 = CARTESIAN_POINT('',(-34.41626175683,-55.30714896834,
    -3.685176925091));
#6161 = CARTESIAN_POINT('',(-34.10423430777,-55.64064674457,
    -3.308060018901));
#6162 = CARTESIAN_POINT('',(-33.79311404428,-55.97223363811,
    -2.928208392461));
#6163 = CARTESIAN_POINT('',(-33.48293983509,-56.30186668761,
    -2.545612567691));
#6164 = CARTESIAN_POINT('',(-32.82453443887,-56.9381127552,
    -1.755931196375));
#6165 = CARTESIAN_POINT('',(-32.49457570162,-57.2828174723,
    -1.342101395439));
#6166 = CARTESIAN_POINT('',(-32.16578693579,-57.62519136313,
    -0.925127072443));
#6167 = CARTESIAN_POINT('',(-31.838217415,-57.96517604696,
    -0.504998487117));
#6168 = CARTESIAN_POINT('',(-31.51191765982,-58.30270991604,
    -8.170706685077E-02));
#6169 = CARTESIAN_POINT('',(-30.81725511333,-58.95735017295,
    0.797383900143));
#6170 = CARTESIAN_POINT('',(-30.46724114797,-59.31241991619,
    1.260057019027));
#6171 = CARTESIAN_POINT('',(-30.11882621342,-59.66448816603,
    1.726419500304));
#6172 = CARTESIAN_POINT('',(-29.77207718118,-60.0134693929,
    2.196478195896));
#6173 = CARTESIAN_POINT('',(-29.4270630225,-60.35927363595,
    2.670237470505));
#6174 = CARTESIAN_POINT('',(-28.68106645435,-61.04085715557,
    3.672829270891));
#6175 = CARTESIAN_POINT('',(-28.29865841884,-61.41421094842,
    4.208923237149));
#6176 = CARTESIAN_POINT('',(-27.91859285069,-61.78336922115,
    4.749619762895));
#6177 = CARTESIAN_POINT('',(-27.54097210933,-62.14819415723,
    5.294916022744));
#6178 = CARTESIAN_POINT('',(-27.16590224691,-62.50854108366,
    5.84480331381));
#6179 = CARTESIAN_POINT('',(-26.35473299481,-63.22078616184,
    7.015030027259));
#6180 = CARTESIAN_POINT('',(-25.93746755853,-63.6098386273,
    7.642932213832));
#6181 = CARTESIAN_POINT('',(-25.52371507697,-63.99283396065,
    8.276587741792));
#6182 = CARTESIAN_POINT('',(-25.11363759315,-64.36954654664,
    8.915962644511));
#6183 = CARTESIAN_POINT('',(-24.70740304289,-64.73974059993,
    9.561008920636));
#6184 = CARTESIAN_POINT('',(-23.53961016334,-65.69519342309,
    11.385079755536));
#6185 = CARTESIAN_POINT('',(-22.80549464283,-66.3031486473,
    12.583457308977));
#6186 = CARTESIAN_POINT('',(-22.08574056897,-66.88719243644,
    13.800051242403));
#6187 = CARTESIAN_POINT('',(-21.38146366699,-67.4457378851,
    15.034275265391));
#6188 = CARTESIAN_POINT('',(-20.69381743809,-67.97712644845,
    16.285300379057));
#6189 = CARTESIAN_POINT('',(-19.22027403491,-69.02192698591,
    19.02420515968));
#6190 = CARTESIAN_POINT('',(-18.45897850815,-69.56320671507,
    20.524181054185));
#6191 = CARTESIAN_POINT('',(-17.72377747357,-70.06249779572,
    22.043707627464));
#6192 = CARTESIAN_POINT('',(-17.01648777779,-70.51714925759,
    23.580371895983));
#6193 = CARTESIAN_POINT('',(-16.33875001831,-70.92467160251,
    25.131130054521));
#6194 = CARTESIAN_POINT('',(-15.69185941524,-71.28304230633,
    26.692207230521));
#6195 = CARTESIAN_POINT('',(-40.47694505546,-48.50319152568,
    -9.832722136884));
#6196 = CARTESIAN_POINT('',(-40.19034317592,-48.82566787206,
    -9.539360507399));
#6197 = CARTESIAN_POINT('',(-39.90408094452,-49.14691733497,
    -9.243921776856));
#6198 = CARTESIAN_POINT('',(-39.61818540948,-49.46692857147,
    -8.94639818066));
#6199 = CARTESIAN_POINT('',(-39.33268323991,-49.78568844338,
    -8.64678187632));
#6200 = CARTESIAN_POINT('',(-39.04760072578,-50.10318201736,
    -8.345064943453));
#6201 = CARTESIAN_POINT('',(-38.44909889375,-50.70806233253,
    -7.731700047505));
#6202 = CARTESIAN_POINT('',(-38.15395969099,-51.03299449393,
    -7.414780760916));
#6203 = CARTESIAN_POINT('',(-37.8593278877,-51.35653034371,
    -7.095588313443));
#6204 = CARTESIAN_POINT('',(-37.56523227475,-51.678649407,
    -6.774113833439));
#6205 = CARTESIAN_POINT('',(-37.27170158164,-51.9993293278,
    -6.450348481166));
#6206 = CARTESIAN_POINT('',(-36.65296527157,-52.61334671437,
    -5.788260519734));
#6207 = CARTESIAN_POINT('',(-36.34606394167,-52.94418361446,
    -5.444601181402));
#6208 = CARTESIAN_POINT('',(-36.03984626578,-53.27338866076,
    -5.098411008777));
#6209 = CARTESIAN_POINT('',(-35.73434544003,-53.60093190852,
    -4.749680101931));
#6210 = CARTESIAN_POINT('',(-35.42959494337,-53.926781265,
    -4.398398779007));
#6211 = CARTESIAN_POINT('',(-34.7879689757,-54.55111671106,
    -3.679115134208));
#6212 = CARTESIAN_POINT('',(-34.46941770744,-54.88707324705,
    -3.305745883744));
#6213 = CARTESIAN_POINT('',(-34.15176646341,-55.22109259685,
    -2.929554607761));
#6214 = CARTESIAN_POINT('',(-33.83505480443,-55.55313281815,
    -2.550530942949));
#6215 = CARTESIAN_POINT('',(-33.5193229874,-55.88314941527,
    -2.168665072723));
#6216 = CARTESIAN_POINT('',(-32.84938496618,-56.52081732838,
    -1.37895763072));
#6217 = CARTESIAN_POINT('',(-32.51356711559,-56.86582248262,
    -0.965606312311));
#6218 = CARTESIAN_POINT('',(-32.17896102112,-57.20841356678,
    -0.548998167483));
#6219 = CARTESIAN_POINT('',(-31.84561771615,-57.54853011513,
    -0.129123108098));
#6220 = CARTESIAN_POINT('',(-31.51358952555,-57.88610831962,
    0.294027744617));
#6221 = CARTESIAN_POINT('',(-30.80700492874,-58.54143839712,
    1.174406650255));
#6222 = CARTESIAN_POINT('',(-30.45091598002,-58.89641118105,
    1.637278386068));
#6223 = CARTESIAN_POINT('',(-30.09648317035,-59.24827527539,
    2.103971247215));
#6224 = CARTESIAN_POINT('',(-29.7437757595,-59.59694209594,
    2.574492330332));
#6225 = CARTESIAN_POINT('',(-29.39286518198,-59.94231846896,
    3.048846156002));
#6226 = CARTESIAN_POINT('',(-28.63441211647,-60.6235615897,
    4.054366122184));
#6227 = CARTESIAN_POINT('',(-28.24557068928,-60.99624652214,
    4.591577666349));
#6228 = CARTESIAN_POINT('',(-27.85915538898,-61.36458609444,
    5.133556147126));
#6229 = CARTESIAN_POINT('',(-27.47527223072,-61.72843756806,
    5.680298638224));
#6230 = CARTESIAN_POINT('',(-27.09403105421,-62.08765110313,
    6.231796125939));
#6231 = CARTESIAN_POINT('',(-26.26983431194,-62.79795627725,
    7.407191213205));
#6232 = CARTESIAN_POINT('',(-25.8458486571,-63.18543089121,
    8.037446301679));
#6233 = CARTESIAN_POINT('',(-25.42550141964,-63.56663204691,
    8.673660208018));
#6234 = CARTESIAN_POINT('',(-25.00896042984,-63.94132607142,9.3157977525
    ));
#6235 = CARTESIAN_POINT('',(-24.59639962122,-64.30926875848,
    9.963809219439));
#6236 = CARTESIAN_POINT('',(-23.41096113206,-65.25901429885,
    11.799083749191));
#6237 = CARTESIAN_POINT('',(-22.66596967692,-65.86222591555,
    13.004915611064));
#6238 = CARTESIAN_POINT('',(-21.93585257725,-66.44067211737,
    14.229614437923));
#6239 = CARTESIAN_POINT('',(-21.2217654056,-66.99270932368,
    15.472573000399));
#6240 = CARTESIAN_POINT('',(-20.52490285963,-67.51661975593,
    16.732932692506));
#6241 = CARTESIAN_POINT('',(-19.03262385547,-68.54382566806,
    19.49474757636));
#6242 = CARTESIAN_POINT('',(-18.26215099141,-69.07388590138,
    21.007255629795));
#6243 = CARTESIAN_POINT('',(-17.51870456567,-69.56045789158,
    22.540012600532));
#6244 = CARTESIAN_POINT('',(-16.80416631226,-70.00079599092,
    24.090519327053));
#6245 = CARTESIAN_POINT('',(-16.12023542144,-70.39232179056,
    25.655623296807));
#6246 = CARTESIAN_POINT('',(-15.46825337119,-70.73294053333,
    27.231414820362));
#6247 = CARTESIAN_POINT('',(-40.63804659199,-48.06312044824,
    -9.423742060178));
#6248 = CARTESIAN_POINT('',(-40.34628079204,-48.38678156264,
    -9.132641214408));
#6249 = CARTESIAN_POINT('',(-40.05486635224,-48.70917348724,
    -8.839391643408));
#6250 = CARTESIAN_POINT('',(-39.76383125349,-49.03028448795,
    -8.543985314834));
#6251 = CARTESIAN_POINT('',(-39.47320308454,-49.35010097358,
    -8.246414115768));
#6252 = CARTESIAN_POINT('',(-39.18300904191,-49.66860749584,
    -7.946669852707));
#6253 = CARTESIAN_POINT('',(-38.57391815636,-50.27623457613,
    -7.335899869251));
#6254 = CARTESIAN_POINT('',(-38.27350711817,-50.60215014275,
    -7.020826776855));
#6255 = CARTESIAN_POINT('',(-37.97362097598,-50.92662124907,
    -6.703402138716));
#6256 = CARTESIAN_POINT('',(-37.67428951345,-51.2496267142,
    -6.383616777269));
#6257 = CARTESIAN_POINT('',(-37.37554245075,-51.57114341124,
    -6.061461547958));
#6258 = CARTESIAN_POINT('',(-36.74595615057,-52.18755259393,
    -5.401220076147));
#6259 = CARTESIAN_POINT('',(-36.43362772325,-52.51919251656,
    -5.059018800612));
#6260 = CARTESIAN_POINT('',(-36.12200652422,-52.84914431458,
    -4.714199420635));
#6261 = CARTESIAN_POINT('',(-35.81112689429,-53.17737701066,
    -4.366751694913));
#6262 = CARTESIAN_POINT('',(-35.50102346687,-53.50385740542,
    -4.016665607731));
#6263 = CARTESIAN_POINT('',(-34.84827604642,-54.13014610266,
    -3.298360707588));
#6264 = CARTESIAN_POINT('',(-34.52416346598,-54.46667185461,
    -2.925995620817));
#6265 = CARTESIAN_POINT('',(-34.20098194509,-54.80119362086,
    -2.550711197302));
#6266 = CARTESIAN_POINT('',(-33.87877240874,-55.13366801279,
    -2.172496716377));
#6267 = CARTESIAN_POINT('',(-33.55757650199,-55.4640490004,
    -1.791342022956));
#6268 = CARTESIAN_POINT('',(-32.87619937388,-56.1031196019,
    -1.001589732524));
#6269 = CARTESIAN_POINT('',(-32.53461592806,-56.44840603615,
    -0.588698118903));
#6270 = CARTESIAN_POINT('',(-32.19428602306,-56.79119515652,
    -0.172437374503));
#6271 = CARTESIAN_POINT('',(-31.85526245202,-57.13142441226,
    0.24720293668));
#6272 = CARTESIAN_POINT('',(-31.51759934413,-57.46902779504,
    0.670231999584));
#6273 = CARTESIAN_POINT('',(-30.79918621512,-58.125028536,1.551917621607
    ));
#6274 = CARTESIAN_POINT('',(-30.43711580115,-58.47988520349,
    2.015006752088));
#6275 = CARTESIAN_POINT('',(-30.07675863447,-58.8315259852,
    2.482048770846));
#6276 = CARTESIAN_POINT('',(-29.71818636313,-59.1798592423,
    2.953051019228));
#6277 = CARTESIAN_POINT('',(-29.36147288488,-59.52478858816,
    3.428018173699));
#6278 = CARTESIAN_POINT('',(-28.59065684012,-60.20567215291,
    4.436485083416));
#6279 = CARTESIAN_POINT('',(-28.19547553935,-60.5776690678,
    4.974832983227));
#6280 = CARTESIAN_POINT('',(-27.80280402503,-60.94517078254,
    5.518112196776));
#6281 = CARTESIAN_POINT('',(-27.41275196798,-61.30802963659,
    6.066319696863));
#6282 = CARTESIAN_POINT('',(-27.02543299551,-61.66609062317,
    6.619446158968));
#6283 = CARTESIAN_POINT('',(-26.18830228118,-62.37443673611,
    7.80002839779));
#6284 = CARTESIAN_POINT('',(-25.75768992588,-62.76031434144,
    8.432655165905));
#6285 = CARTESIAN_POINT('',(-25.33084145064,-63.13970216236,
    9.071446228363));
#6286 = CARTESIAN_POINT('',(-24.90793047298,-63.51235846825,
    9.716365192348));
#6287 = CARTESIAN_POINT('',(-24.48913692412,-63.87803063196,
    10.36736062784));
#6288 = CARTESIAN_POINT('',(-23.28614634345,-64.82204973242,
    12.213857630186));
#6289 = CARTESIAN_POINT('',(-22.5303724718,-65.42049858449,
    13.427162578232));
#6290 = CARTESIAN_POINT('',(-21.78998586443,-65.99332804185,
    14.659985076263));
#6291 = CARTESIAN_POINT('',(-21.06618194122,-66.53883784869,
    15.911696955967));
#6292 = CARTESIAN_POINT('',(-20.3601965963,-67.05525099271,
    17.181410004255));
#6293 = CARTESIAN_POINT('',(-18.84927550928,-68.06484312239,
    19.96615376908));
#6294 = CARTESIAN_POINT('',(-18.06971882602,-68.58366470273,
    21.491212759185));
#6295 = CARTESIAN_POINT('',(-17.31812052723,-69.05749844537,
    23.037218905119));
#6296 = CARTESIAN_POINT('',(-16.5964272343,-69.48350402504,
    24.601586867382));
#6297 = CARTESIAN_POINT('',(-15.90639673027,-69.85901412227,
    26.181055426093));
#6298 = CARTESIAN_POINT('',(-15.24941675095,-70.18186174688,
    27.771580074942));
#6299 = CARTESIAN_POINT('',(-40.9608788425,-47.18125960837,
    -8.604184646779));
#6300 = CARTESIAN_POINT('',(-40.65665694316,-47.50388344404,
    -8.312726087448));
#6301 = CARTESIAN_POINT('',(-40.35279811598,-47.8251957836,
    -8.019047178712));
#6302 = CARTESIAN_POINT('',(-40.04933127457,-48.1451845018,
    -7.723139620484));
#6303 = CARTESIAN_POINT('',(-39.74628492726,-48.46383555442,
    -7.424995029413));
#6304 = CARTESIAN_POINT('',(-39.44368717717,-48.78113297823,
    -7.124604938882));
#6305 = CARTESIAN_POINT('',(-38.81671505913,-49.3892847769,
    -6.513811370641));
#6306 = CARTESIAN_POINT('',(-38.50374000653,-49.71396170202,
    -6.19796597516));
#6307 = CARTESIAN_POINT('',(-38.19130734646,-50.03714601815,
    -5.879690649078));
#6308 = CARTESIAN_POINT('',(-37.87944785538,-50.35881583839,
    -5.558975908911));
#6309 = CARTESIAN_POINT('',(-37.56819224412,-50.67894726493,
    -5.235812305284));
#6310 = CARTESIAN_POINT('',(-36.92046377487,-51.29552619701,
    -4.574798825816));
#6311 = CARTESIAN_POINT('',(-36.59541607116,-51.62574709545,
    -4.231437115801));
#6312 = CARTESIAN_POINT('',(-36.27109917001,-51.95422359846,
    -3.885370031196));
#6313 = CARTESIAN_POINT('',(-35.94754855693,-52.28092369613,
    -3.536586989321));
#6314 = CARTESIAN_POINT('',(-35.62480001979,-52.60581308244,
    -3.185077640604));
#6315 = CARTESIAN_POINT('',(-34.95363896759,-53.23183298412,
    -2.465132987839));
#6316 = CARTESIAN_POINT('',(-34.61667289601,-53.56670590531,
    -2.091153567483));
#6317 = CARTESIAN_POINT('',(-34.28066891929,-53.89950804127,
    -1.714157499158));
#6318 = CARTESIAN_POINT('',(-33.94566932659,-54.2301945571,
    -1.334133704843));
#6319 = CARTESIAN_POINT('',(-33.61171715115,-54.55871788846,
    -0.951071690949));
#6320 = CARTESIAN_POINT('',(-32.91160873718,-55.19696913163,
    -0.158656054813));
#6321 = CARTESIAN_POINT('',(-32.55696751716,-55.54031479915,
    0.256394351299));
#6322 = CARTESIAN_POINT('',(-32.20362162266,-55.88107990901,
    0.674926192548));
#6323 = CARTESIAN_POINT('',(-31.85162560659,-56.21919982541,
    1.096950252807));
#6324 = CARTESIAN_POINT('',(-31.50103540243,-56.55460633975,
    1.522476023177));
#6325 = CARTESIAN_POINT('',(-30.76350156224,-57.20905569743,
    2.408086858862));
#6326 = CARTESIAN_POINT('',(-30.38815750405,-57.56157420175,
    2.874011881288));
#6327 = CARTESIAN_POINT('',(-30.01458380139,-57.9107696241,
    3.344021554935));
#6328 = CARTESIAN_POINT('',(-29.64285449059,-58.25654727102,
    3.818123465859));
#6329 = CARTESIAN_POINT('',(-29.27304593265,-58.59880754299,
    4.296322446408));
#6330 = CARTESIAN_POINT('',(-28.48257472967,-59.27710950502,
    5.310354796938));
#6331 = CARTESIAN_POINT('',(-28.07376137635,-59.64619635562,
    5.852457549673));
#6332 = CARTESIAN_POINT('',(-27.66754146903,-60.01063816608,
    6.39965599327));
#6333 = CARTESIAN_POINT('',(-27.26402833422,-60.37028235383,
    6.951946999623));
#6334 = CARTESIAN_POINT('',(-26.86333938682,-60.72496874518,
    7.509320933396));
#6335 = CARTESIAN_POINT('',(-26.00598252145,-61.42913375021,
    8.697708821052));
#6336 = CARTESIAN_POINT('',(-25.56145128674,-61.81119230018,
    9.335325766085));
#6337 = CARTESIAN_POINT('',(-25.12080939474,-62.18654473959,
    9.979312481939));
#6338 = CARTESIAN_POINT('',(-24.68423625024,-62.55494128014,
    10.629631362705));
#6339 = CARTESIAN_POINT('',(-24.25191778218,-62.91612087376,
    11.286229264028));
#6340 = CARTESIAN_POINT('',(-23.02408293102,-63.85219148757,
    13.146567236243));
#6341 = CARTESIAN_POINT('',(-22.2502344639,-64.44365552828,
    14.369963767739));
#6342 = CARTESIAN_POINT('',(-21.49228616986,-65.00864619446,
    15.61352843422));
#6343 = CARTESIAN_POINT('',(-20.75147331612,-65.5454065551,
    16.87661212843));
#6344 = CARTESIAN_POINT('',(-20.02907299328,-66.05210036415,
    18.158297030176));
#6345 = CARTESIAN_POINT('',(-18.49221764442,-67.04185666465,
    20.96858817325));
#6346 = CARTESIAN_POINT('',(-17.696284963,-67.54721754528,
    22.508816597302));
#6347 = CARTESIAN_POINT('',(-16.92924261219,-68.00609099363,
    24.07069041571));
#6348 = CARTESIAN_POINT('',(-16.19310210078,-68.4155420069,
    25.651538110992));
#6349 = CARTESIAN_POINT('',(-15.48967980455,-68.77281435499,
    27.247989755937));
#6350 = CARTESIAN_POINT('',(-14.82040971719,-69.0756688147,
    28.855866027358));
#6351 = CARTESIAN_POINT('',(-41.12260955647,-46.73946984593,
    -8.193607310087));
#6352 = CARTESIAN_POINT('',(-40.81338205465,-47.06323288056,
    -7.904363154365));
#6353 = CARTESIAN_POINT('',(-40.504529337,-47.38564211274,
    -7.612827025063));
#6354 = CARTESIAN_POINT('',(-40.19608124981,-47.70668502611,
    -7.31899035435));
#6355 = CARTESIAN_POINT('',(-39.88806722106,-48.02634712339,
    -7.022844488444));
#6356 = CARTESIAN_POINT('',(-39.58051626039,-48.34461192641,
    -6.724380687612));
#6357 = CARTESIAN_POINT('',(-38.94311340676,-48.95546492115,
    -6.116135651756));
#6358 = CARTESIAN_POINT('',(-38.62502483666,-49.28107968242,
    -5.802090070359));
#6359 = CARTESIAN_POINT('',(-38.30749615562,-49.60515368605,
    -5.485536173503));
#6360 = CARTESIAN_POINT('',(-37.99055913288,-49.92766433906,
    -5.166464171786));
#6361 = CARTESIAN_POINT('',(-37.67424546997,-50.24858697277,
    -4.844864311013));
#6362 = CARTESIAN_POINT('',(-37.01582532854,-50.86751213192,
    -4.185650941058));
#6363 = CARTESIAN_POINT('',(-36.68550884533,-51.19849048384,
    -3.843700913731));
#6364 = CARTESIAN_POINT('',(-36.35594673897,-51.52766816951,
    -3.498958241668));
#6365 = CARTESIAN_POINT('',(-36.02717563965,-51.85501214645,
    -3.15141200081));
#6366 = CARTESIAN_POINT('',(-35.69923248968,-52.18048700197,
    -2.801051507727));
#6367 = CARTESIAN_POINT('',(-35.01710830262,-52.80841458577,
    -2.08203921951));
#6368 = CARTESIAN_POINT('',(-34.67473923679,-53.14381115387,
    -1.709017582738));
#6369 = CARTESIAN_POINT('',(-34.33336330114,-53.47707013721,
    -1.332881986774));
#6370 = CARTESIAN_POINT('',(-33.993024149,-53.80814525462,
    -0.953620996239));
#6371 = CARTESIAN_POINT('',(-33.65376620177,-54.13698740741,
    -0.571223779041));
#6372 = CARTESIAN_POINT('',(-32.94237699885,-54.77659576991,
    0.221283085631));
#6373 = CARTESIAN_POINT('',(-32.58212850153,-55.12017714838,
    0.635920167063));
#6374 = CARTESIAN_POINT('',(-32.22321711442,-55.46109472539,
    1.054150987992));
#6375 = CARTESIAN_POINT('',(-31.86569915021,-55.79928178012,
    1.475986680156));
#6376 = CARTESIAN_POINT('',(-31.50963234669,-56.13466790369,
    1.901437040823));
#6377 = CARTESIAN_POINT('',(-30.76042829223,-56.78974235577,
    2.788400973001));
#6378 = CARTESIAN_POINT('',(-30.37926108672,-57.1420991746,
    3.254589770203));
#6379 = CARTESIAN_POINT('',(-29.99992134498,-57.49102571526,
    3.724994981568));
#6380 = CARTESIAN_POINT('',(-29.62248549161,-57.83642422967,
    4.199624437864));
#6381 = CARTESIAN_POINT('',(-29.24703235088,-58.17819190542,
    4.678483127323));
#6382 = CARTESIAN_POINT('',(-28.44435648658,-58.8560887424,
    5.695508801495));
#6383 = CARTESIAN_POINT('',(-28.02936157762,-59.22444200639,
    6.238794289985));
#6384 = CARTESIAN_POINT('',(-27.61704377419,-59.58800039024,
    6.78733984646));
#6385 = CARTESIAN_POINT('',(-27.20752005853,-59.94660638935,
    7.341142241911));
#6386 = CARTESIAN_POINT('',(-26.80091163309,-60.30009466315,
    7.900191530181));
#6387 = CARTESIAN_POINT('',(-25.93077911359,-61.00225503795,
    9.093812949501));
#6388 = CARTESIAN_POINT('',(-25.47977949635,-61.38267101022,
    9.733847954283));
#6389 = CARTESIAN_POINT('',(-25.0327946845,-61.75616454579,
    10.380458206364));
#6390 = CARTESIAN_POINT('',(-24.59000987007,-62.12247779867,
    11.03360488674));
#6391 = CARTESIAN_POINT('',(-24.15161697969,-62.48134129988,
    11.693233136724));
#6392 = CARTESIAN_POINT('',(-22.90638835496,-63.41163990472,
    13.56483996164));
#6393 = CARTESIAN_POINT('',(-22.12191578926,-63.99829561173,
    14.795755959417));
#6394 = CARTESIAN_POINT('',(-21.35385630545,-64.5576239644,
    16.047490677178));
#6395 = CARTESIAN_POINT('',(-20.60348501808,-65.08781135651,
    17.319374068723));
#6396 = CARTESIAN_POINT('',(-19.87212021422,-65.58696230827,
    18.610458706758));
#6397 = CARTESIAN_POINT('',(-18.31678110043,-66.55905925726,
    21.443725110911));
#6398 = CARTESIAN_POINT('',(-17.51192291774,-67.05313591586,
    22.99655085174));
#6399 = CARTESIAN_POINT('',(-16.73688701182,-67.49922554758,
    24.571720225454));
#6400 = CARTESIAN_POINT('',(-15.99374977881,-67.89429847213,
    26.166475536585));
#6401 = CARTESIAN_POINT('',(-15.28438618729,-68.23550954875,
    27.777338150595));
#6402 = CARTESIAN_POINT('',(-14.6102764888,-68.52054732124,
    29.399993927418));
#6403 = CARTESIAN_POINT('',(-41.28434027045,-46.29768008349,
    -7.783029973394));
#6404 = CARTESIAN_POINT('',(-40.97020069278,-46.62256448645,
    -7.495982743773));
#6405 = CARTESIAN_POINT('',(-40.65644761128,-46.94605278063,
    -7.206571916396));
#6406 = CARTESIAN_POINT('',(-40.34311180494,-47.26813205854,
    -6.91478865569));
#6407 = CARTESIAN_POINT('',(-40.03022362137,-47.58878736986,
    -6.620624037441));
#6408 = CARTESIAN_POINT('',(-39.71781297677,-47.90800172147,
    -6.3240690488));
#6409 = CARTESIAN_POINT('',(-39.07007291419,-48.52153808164,
    -5.71835506782));
#6410 = CARTESIAN_POINT('',(-38.74696435321,-48.84807284846,
    -5.406091822999));
#6411 = CARTESIAN_POINT('',(-38.42443317782,-49.17301870894,
    -5.091241877862));
#6412 = CARTESIAN_POINT('',(-38.10251215007,-49.49635236411,
    -4.773795137086));
#6413 = CARTESIAN_POINT('',(-37.78123396213,-49.81804837437,
    -4.453741541659));
#6414 = CARTESIAN_POINT('',(-37.11221567516,-50.43930192996,
    -3.796310803708));
#6415 = CARTESIAN_POINT('',(-36.77672393909,-50.77101990473,
    -3.455754981562));
#6416 = CARTESIAN_POINT('',(-36.44201015415,-51.10088094244,
    -3.112319244532));
#6417 = CARTESIAN_POINT('',(-36.10811209521,-51.42885096802,
    -2.765992327182));
#6418 = CARTESIAN_POINT('',(-35.77506785904,-51.75489346214,
    -2.416763212225));
#6419 = CARTESIAN_POINT('',(-35.08207406377,-52.38471089742,
    -1.698665811048));
#6420 = CARTESIAN_POINT('',(-34.73439553032,-52.7206132818,
    -1.326584480352));
#6421 = CARTESIAN_POINT('',(-34.38774116238,-53.0543112819,
    -0.95129187924));
#6422 = CARTESIAN_POINT('',(-34.04215597742,-53.38575717026,
    -0.572776214976));
#6423 = CARTESIAN_POINT('',(-33.69768578503,-53.71490031385,
    -0.191026316967));
#6424 = CARTESIAN_POINT('',(-32.97510931978,-54.35584796507,
    0.601589253749));
#6425 = CARTESIAN_POINT('',(-32.6093470718,-54.69964722386,1.01583048801
    ));
#6426 = CARTESIAN_POINT('',(-32.24496371872,-55.0406994374,
    1.433777766127));
#6427 = CARTESIAN_POINT('',(-31.882017333,-55.37893579983,1.855442567706
    ));
#6428 = CARTESIAN_POINT('',(-31.52056745675,-55.71428370202,
    2.280834996177));
#6429 = CARTESIAN_POINT('',(-30.75978671464,-56.36996541786,
    3.169169502355));
#6430 = CARTESIAN_POINT('',(-30.37288988844,-56.72214272057,
    3.635639551842));
#6431 = CARTESIAN_POINT('',(-29.98787763427,-57.07078254892,
    4.106457778434));
#6432 = CARTESIAN_POINT('',(-29.60482876496,-57.41578410019,
    4.581632257611));
#6433 = CARTESIAN_POINT('',(-29.22382456806,-57.75704134911,
    5.061168133487));
#6434 = CARTESIAN_POINT('',(-28.40903756908,-58.4345152304,
    6.081204608811));
#6435 = CARTESIAN_POINT('',(-27.9879546311,-58.80211707717,
    6.625690310563));
#6436 = CARTESIAN_POINT('',(-27.56963245821,-59.16477420378,
    7.175600457425));
#6437 = CARTESIAN_POINT('',(-27.15419168833,-59.52232418363,
    7.730931719481));
#6438 = CARTESIAN_POINT('',(-26.74175731148,-59.87459650925,
    8.291673839757));
#6439 = CARTESIAN_POINT('',(-25.85894266448,-60.57473442318,
    9.49054626825));
#6440 = CARTESIAN_POINT('',(-25.40156819135,-60.95348998714,
    10.133016810289));
#6441 = CARTESIAN_POINT('',(-24.94833398627,-61.32510678825,
    10.782268076104));
#6442 = CARTESIAN_POINT('',(-24.49943102854,-61.68931892283,
    11.4382600336));
#6443 = CARTESIAN_POINT('',(-24.05505724249,-62.045848501,
    12.100936109754));
#6444 = CARTESIAN_POINT('',(-22.79252837081,-62.97035726624,
    13.983829264879));
#6445 = CARTESIAN_POINT('',(-21.99752523316,-63.55218680894,
    15.222282206444));
#6446 = CARTESIAN_POINT('',(-21.21944808621,-64.10583501747,
    16.482204452993));
#6447 = CARTESIAN_POINT('',(-20.45961189184,-64.62943161043,
    17.762905019383));
#6448 = CARTESIAN_POINT('',(-19.71937613359,-65.12102187427,
    19.063406871215));
#6449 = CARTESIAN_POINT('',(-18.1456467815,-66.07544164112,
    21.919666013955));
#6450 = CARTESIAN_POINT('',(-17.33195662418,-66.55821624706,
    23.48510654907));
#6451 = CARTESIAN_POINT('',(-16.54902068977,-66.99150423154,
    25.073588955597));
#6452 = CARTESIAN_POINT('',(-15.79898026181,-67.37218123674,
    26.682269360086));
#6453 = CARTESIAN_POINT('',(-15.08376890163,-67.69731321126,
    28.307560420668));
#6454 = CARTESIAN_POINT('',(-14.40491311864,-67.9645164659,
    29.945013180402));
#6455 = CARTESIAN_POINT('',(-41.60834057063,-45.41262855474,
    -6.960507293135));
#6456 = CARTESIAN_POINT('',(-41.2822536948,-45.73635254433,
    -6.672978472801));
#6457 = CARTESIAN_POINT('',(-40.95656502715,-46.05863811882,
    -6.383014430539));
#6458 = CARTESIAN_POINT('',(-40.63130627936,-46.37947197957,
    -6.090606063028));
#6459 = CARTESIAN_POINT('',(-40.30650871867,-46.69883872324,
    -5.795744175625));
#6460 = CARTESIAN_POINT('',(-39.98220316781,-47.01672084174,
    -5.498419482362));
#6461 = CARTESIAN_POINT('',(-39.31709067397,-47.63065878566,
    -4.892558039448));
#6462 = CARTESIAN_POINT('',(-38.9819268998,-47.95583177632,
    -4.579398614391));
#6463 = CARTESIAN_POINT('',(-38.64735800776,-48.27936771196,
    -4.26357410416));
#6464 = CARTESIAN_POINT('',(-38.31341775268,-48.60124258759,
    -3.945074107514));
#6465 = CARTESIAN_POINT('',(-37.9801398174,-48.92143019271,
    -3.623888260621));
#6466 = CARTESIAN_POINT('',(-37.29348816259,-49.54273036305,
    -2.965561637862));
#6467 = CARTESIAN_POINT('',(-36.94578595135,-49.87290617898,
    -2.623721504086));
#6468 = CARTESIAN_POINT('',(-36.59888526551,-50.20116878704,
    -2.278914185277));
#6469 = CARTESIAN_POINT('',(-36.25282502465,-50.52748307955,
    -1.931128074623));
#6470 = CARTESIAN_POINT('',(-35.90764447997,-50.85181143057,
    -1.580351820981));
#6471 = CARTESIAN_POINT('',(-35.19674585418,-51.48123693566,
    -0.860490790032));
#6472 = CARTESIAN_POINT('',(-34.8367226308,-51.81536335463,
    -0.486671248602));
#6473 = CARTESIAN_POINT('',(-34.47775460825,-52.14721858979,
    -0.109543125529));
#6474 = CARTESIAN_POINT('',(-34.11988816817,-52.4767534674,
    0.270905729275));
#6475 = CARTESIAN_POINT('',(-33.76317050831,-52.80391582011,
    0.654686824908));
#6476 = CARTESIAN_POINT('',(-33.02237155843,-53.44392097834,
    1.450089618478));
#6477 = CARTESIAN_POINT('',(-32.64406033747,-53.78565633576,
    1.86661352238));
#6478 = CARTESIAN_POINT('',(-32.26716979611,-54.12456140413,
    2.286955774497));
#6479 = CARTESIAN_POINT('',(-31.89175976658,-54.46056529258,
    2.711128202302));
#6480 = CARTESIAN_POINT('',(-31.51789159528,-54.79359319167,
    3.13914121539));
#6481 = CARTESIAN_POINT('',(-30.73849894322,-55.4476003896,4.03152481238
    ));
#6482 = CARTESIAN_POINT('',(-30.33883727402,-55.79731639449,
    4.500954630962));
#6483 = CARTESIAN_POINT('',(-29.94111728509,-56.14338772883,
    4.974864389593));
#6484 = CARTESIAN_POINT('',(-29.54542017755,-56.48571053528,
    5.453262408463));
#6485 = CARTESIAN_POINT('',(-29.15182970217,-56.82417557566,
    5.936153987568));
#6486 = CARTESIAN_POINT('',(-28.3178963462,-57.49894471958,
    6.961879780854));
#6487 = CARTESIAN_POINT('',(-27.88369015689,-57.86351336742,
    7.51024421268));
#6488 = CARTESIAN_POINT('',(-27.45232839222,-58.2229874551,
    8.064197466742));
#6489 = CARTESIAN_POINT('',(-27.0239353458,-58.57719963399,
    8.623736112214));
#6490 = CARTESIAN_POINT('',(-26.59863979524,-58.92597422975,
    9.188849581307));
#6491 = CARTESIAN_POINT('',(-25.69610779844,-59.62180790113,
    10.395651535785));
#6492 = CARTESIAN_POINT('',(-25.22532324711,-59.99662127507,
    11.043236131892));
#6493 = CARTESIAN_POINT('',(-24.75880442649,-60.36407956002,
    11.697806928255));
#6494 = CARTESIAN_POINT('',(-24.29674810315,-60.72390879461,
    12.359322679681));
#6495 = CARTESIAN_POINT('',(-23.83935819911,-61.07582266806,
    13.027725098816));
#6496 = CARTESIAN_POINT('',(-22.55249385818,-61.992259812,
    14.924583100961));
#6497 = CARTESIAN_POINT('',(-21.73992492627,-62.56698140869,
    16.173251503127));
#6498 = CARTESIAN_POINT('',(-20.94479489388,-63.11266769139,
    17.444039795276));
#6499 = CARTESIAN_POINT('',(-20.1684585702,-63.6273917035,
    18.736236053322));
#6500 = CARTESIAN_POINT('',(-19.41231663525,-64.10913949773,
    20.048833635762));
#6501 = CARTESIAN_POINT('',(-17.81316182255,-65.04360030075,
    22.930764033902));
#6502 = CARTESIAN_POINT('',(-16.98360446828,-65.51279107234,
    24.511497880114));
#6503 = CARTESIAN_POINT('',(-16.18573328308,-65.93099562787,
    26.115971836266));
#6504 = CARTESIAN_POINT('',(-15.42175443785,-66.29499493203,
    27.741255850924));
#6505 = CARTESIAN_POINT('',(-14.6936600867,-66.60176602276,
    29.383653874891));
#6506 = CARTESIAN_POINT('',(-14.00302299689,-66.84885297786,
    31.038582134347));
#6507 = CARTESIAN_POINT('',(-41.77061015684,-44.96936678842,
    -6.548561949567));
#6508 = CARTESIAN_POINT('',(-41.43977452811,-45.29417027193,
    -6.263187542643));
#6509 = CARTESIAN_POINT('',(-41.10934881956,-45.61749303401,
    -5.975306289616));
#6510 = CARTESIAN_POINT('',(-40.77936567558,-45.9393213849,
    -5.684908819421));
#6511 = CARTESIAN_POINT('',(-40.44985728302,-46.25963946819,
    -5.391985666984));
#6512 = CARTESIAN_POINT('',(-40.12085537117,-46.57842926087,
    -5.096527273221));
#6513 = CARTESIAN_POINT('',(-39.44556899133,-47.19500869581,
    -4.493154372492));
#6514 = CARTESIAN_POINT('',(-39.10554854923,-47.5210598176,
    -4.18173477132));
#6515 = CARTESIAN_POINT('',(-38.7661404858,-47.8454257357,
    -3.867571700117));
#6516 = CARTESIAN_POINT('',(-38.42737954865,-48.16808173907,
    -3.550654451721));
#6517 = CARTESIAN_POINT('',(-38.0893004113,-48.48900084633,
    -3.230972357482));
#6518 = CARTESIAN_POINT('',(-37.39221393388,-49.11258753869,
    -2.574385854037));
#6519 = CARTESIAN_POINT('',(-37.03949979273,-49.44346110308,
    -2.233897412751));
#6520 = CARTESIAN_POINT('',(-36.68761075126,-49.77236518876,
    -1.890354516284));
#6521 = CARTESIAN_POINT('',(-36.33658687373,-50.0992636555,
    -1.543745216448));
#6522 = CARTESIAN_POINT('',(-35.98646856581,-50.42411777071,
    -1.19405782824));
#6523 = CARTESIAN_POINT('',(-35.26486365475,-51.05539125287,
    -0.47506917164));
#6524 = CARTESIAN_POINT('',(-34.89969428671,-51.38998161371,
    -0.102147423595));
#6525 = CARTESIAN_POINT('',(-34.53561115481,-51.72223399123,
    0.274180217316));
#6526 = CARTESIAN_POINT('',(-34.17266200486,-52.05209776537,
    0.65392625854));
#6527 = CARTESIAN_POINT('',(-33.81089542279,-52.37951923447,
    1.037102547675));
#6528 = CARTESIAN_POINT('',(-33.05907253353,-53.02082180701,
    1.832656559981));
#6529 = CARTESIAN_POINT('',(-32.67541088486,-53.36273317034,
    2.248827129402));
#6530 = CARTESIAN_POINT('',(-32.29321170048,-53.70173100083,
    2.668928351398));
#6531 = CARTESIAN_POINT('',(-31.91253657239,-54.03774232257,
    3.092972401308));
#6532 = CARTESIAN_POINT('',(-31.5334486513,-54.37069012587,
    3.520969994892));
#6533 = CARTESIAN_POINT('',(-30.74264263455,-55.02526271316,
    4.414766678574));
#6534 = CARTESIAN_POINT('',(-30.33741466762,-55.37475732752,
    4.884520262131));
#6535 = CARTESIAN_POINT('',(-29.93418548919,-55.72050007513,
    5.358885548679));
#6536 = CARTESIAN_POINT('',(-29.53303868866,-56.06238404404,
    5.837871103121));
#6537 = CARTESIAN_POINT('',(-29.13406048008,-56.40029678317,
    6.321482381334));
#6538 = CARTESIAN_POINT('',(-28.28817931236,-57.074601097,7.350261488463
    ));
#6539 = CARTESIAN_POINT('',(-27.84804841699,-57.43837645319,
    7.899868646242));
#6540 = CARTESIAN_POINT('',(-27.4108456058,-57.79690740923,
    8.455229003382));
#6541 = CARTESIAN_POINT('',(-26.97669882811,-58.15002169445,
    9.01633902815));
#6542 = CARTESIAN_POINT('',(-26.54574064909,-58.49753846762,
    9.58318784194));
#6543 = CARTESIAN_POINT('',(-25.63068984774,-59.19130780372,
    10.795283318282));
#6544 = CARTESIAN_POINT('',(-25.15369376346,-59.56441889495,
    11.445345964337));
#6545 = CARTESIAN_POINT('',(-24.68108887258,-59.92995857102,
    12.102600287125));
#6546 = CARTESIAN_POINT('',(-24.21307772888,-60.2876448129,
    12.767003828362));
#6547 = CARTESIAN_POINT('',(-23.74987025211,-60.6371828889,
    13.438496586357));
#6548 = CARTESIAN_POINT('',(-22.44586898718,-61.54778831883,
    15.346683431402));
#6549 = CARTESIAN_POINT('',(-21.62293280628,-62.11764187681,
    16.602931290047));
#6550 = CARTESIAN_POINT('',(-20.8179484337,-62.65760614096,
    17.881949623676));
#6551 = CARTESIAN_POINT('',(-20.03231052597,-63.16569747949,
    19.183005569257));
#6552 = CARTESIAN_POINT('',(-19.26746095958,-63.6398427114,
    20.505062878185));
#6553 = CARTESIAN_POINT('',(-17.65007923152,-64.55658445788,
    23.410028527602));
#6554 = CARTESIAN_POINT('',(-16.81185322557,-65.0144313024,
    25.003419680792));
#6555 = CARTESIAN_POINT('',(-16.00624533483,-65.41979233627,
    26.621249182448));
#6556 = CARTESIAN_POINT('',(-15.2355266176,-65.76935384668,
    28.260500803155));
#6557 = CARTESIAN_POINT('',(-14.50174782074,-66.0600039609,
    29.917369786385));
#6558 = CARTESIAN_POINT('',(-13.80652796938,-66.28921452374,
    31.587137541442));
#6559 = CARTESIAN_POINT('',(-41.93287974305,-44.52610502211,-6.136616606
    ));
#6560 = CARTESIAN_POINT('',(-41.59738882668,-44.85197148348,
    -5.853380423516));
#6561 = CARTESIAN_POINT('',(-41.2623195425,-45.1763149171,
    -5.567565770755));
#6562 = CARTESIAN_POINT('',(-40.92770546758,-45.49912124206,
    -5.279163008907));
#6563 = CARTESIAN_POINT('',(-40.59357970841,-45.82037414893,
    -4.988162402467));
#6564 = CARTESIAN_POINT('',(-40.25997490084,-46.14005509974,
    -4.694554119235));
#6565 = CARTESIAN_POINT('',(-39.57460810024,-46.75925950966,
    -4.093653571723));
#6566 = CARTESIAN_POINT('',(-39.22982445548,-47.08617224652,
    -3.783957605468));
#6567 = CARTESIAN_POINT('',(-38.88567068592,-47.41135163102,
    -3.471439784323));
#6568 = CARTESIAN_POINT('',(-38.54218253195,-47.73477224609,
    -3.156089095208));
#6569 = CARTESIAN_POINT('',(-38.19939565778,-48.05640633944,
    -2.837894564656));
#6570 = CARTESIAN_POINT('',(-37.49196782304,-48.68226303777,
    -2.183031991555));
#6571 = CARTESIAN_POINT('',(-37.13433521723,-49.01381783455,
    -1.843879053791));
#6572 = CARTESIAN_POINT('',(-36.77755128539,-49.3433468818,
    -1.501584390697));
#6573 = CARTESIAN_POINT('',(-36.42165723645,-49.67081300673,
    -1.156135712709));
#6574 = CARTESIAN_POINT('',(-36.06669463054,-49.99617637007,
    -0.807521000968));
#6575 = CARTESIAN_POINT('',(-35.33447689947,-50.62928131326,
    -8.9388529747E-02));
#6576 = CARTESIAN_POINT('',(-34.96425485202,-50.96431909992,
    0.282651613881));
#6577 = CARTESIAN_POINT('',(-34.59515007603,-51.29695210373,0.6581949616
    ));
#6578 = CARTESIAN_POINT('',(-34.22721168149,-51.62712825836,
    1.037254378212));
#6579 = CARTESIAN_POINT('',(-33.86048964246,-51.95479232781,
    1.419842049819));
#6580 = CARTESIAN_POINT('',(-33.09773627908,-52.59737579859,
    2.215563469828));
#6581 = CARTESIAN_POINT('',(-32.70881766796,-52.93944665179,
    2.631396893737));
#6582 = CARTESIAN_POINT('',(-32.32140330581,-53.27852072834,
    3.051273274582));
#6583 = CARTESIAN_POINT('',(-31.93555654443,-53.61452296733,
    3.475205135565));
#6584 = CARTESIAN_POINT('',(-31.55134233881,-53.94737415877,
    3.903203498614));
#6585 = CARTESIAN_POINT('',(-30.74921642263,-54.60249561937,
    4.798429457956));
#6586 = CARTESIAN_POINT('',(-30.33851562322,-54.95175232715,
    5.268522995457));
#6587 = CARTESIAN_POINT('',(-29.92987072055,-55.29714997199,
    5.743359998892));
#6588 = CARTESIAN_POINT('',(-29.5233676923,-55.6385785873,6.222949277875
    ));
#6589 = CARTESIAN_POINT('',(-29.11909521576,-55.97592250912,
    6.707296444164));
#6590 = CARTESIAN_POINT('',(-28.26135970156,-56.64974547682,
    7.739145054104));
#6591 = CARTESIAN_POINT('',(-27.81539756538,-57.01271102531,
    8.290011126806));
#6592 = CARTESIAN_POINT('',(-27.37244717294,-57.37028233365,
    8.846794775993));
#6593 = CARTESIAN_POINT('',(-26.93264012923,-57.72228220915,
    9.409492369026));
#6594 = CARTESIAN_POINT('',(-26.49611278701,-58.06852464368,
    9.978092716481));
#6595 = CARTESIAN_POINT('',(-25.56863664637,-58.76021312846,
    11.195497903655));
#6596 = CARTESIAN_POINT('',(-25.08552249442,-59.13160542091,
    11.848054788627));
#6597 = CARTESIAN_POINT('',(-24.60692499851,-59.49520997206,
    12.508008826809));
#6598 = CARTESIAN_POINT('',(-24.13305249972,-59.85073670518,
    13.175316346825));
#6599 = CARTESIAN_POINT('',(-23.66412091548,-60.19788246768,
    13.849915632649));
#6600 = CARTESIAN_POINT('',(-22.34307619182,-61.10263966755,
    15.769447509563));
#6601 = CARTESIAN_POINT('',(-21.50986622718,-61.66760867075,
    17.033291013657));
#6602 = CARTESIAN_POINT('',(-20.69512097967,-62.2018344003,
    18.320555577734));
#6603 = CARTESIAN_POINT('',(-19.90027495315,-62.70327654922,
    19.630487399818));
#6604 = CARTESIAN_POINT('',(-19.12681122058,-63.16980270275,
    20.962020624203));
#6605 = CARTESIAN_POINT('',(-17.49129604243,-64.06880887663,
    23.890037713868));
#6606 = CARTESIAN_POINT('',(-16.64449485005,-64.51529527803,
    25.496102363002));
#6607 = CARTESIAN_POINT('',(-15.83124371904,-64.90779627419,
    27.127303599132));
#6608 = CARTESIAN_POINT('',(-15.05387859505,-65.24290347478,
    28.780539014856));
#6609 = CARTESIAN_POINT('',(-14.31450881774,-65.51741609645,
    30.451895146319));
#6610 = CARTESIAN_POINT('',(-13.61479967009,-65.72873375098,
    32.136518585946));
#6611 = CARTESIAN_POINT('',(-42.25802762948,-43.63791870319,
    -5.31118060835));
#6612 = CARTESIAN_POINT('',(-41.91110089174,-43.96250939984,
    -5.027346642882));
#6613 = CARTESIAN_POINT('',(-41.56460749819,-44.28553476241,
    -4.740862582961));
#6614 = CARTESIAN_POINT('',(-41.21858195862,-44.60698031885,
    -4.451718522034));
#6615 = CARTESIAN_POINT('',(-40.87305829911,-44.9268293067,
    -4.159904454165));
#6616 = CARTESIAN_POINT('',(-40.52807006208,-45.24506267304,
    -3.865410274038));
#6617 = CARTESIAN_POINT('',(-39.82584230701,-45.86455331535,
    -3.264246072317));
#6618 = CARTESIAN_POINT('',(-39.46951492585,-46.18998892469,
    -2.953537733553));
#6619 = CARTESIAN_POINT('',(-39.11383491643,-46.513643033,-2.63992915504
    ));
#6620 = CARTESIAN_POINT('',(-38.75883901193,-46.83548951716,
    -2.323409017781));
#6621 = CARTESIAN_POINT('',(-38.40456386722,-47.15549985401,
    -2.003966043489));
#6622 = CARTESIAN_POINT('',(-37.68001414141,-47.78128781573,
    -1.348091393308));
#6623 = CARTESIAN_POINT('',(-37.31068253723,-48.11118510231,
    -1.007537951639));
#6624 = CARTESIAN_POINT('',(-36.94222318128,-48.43900036855,
    -0.663755514492));
#6625 = CARTESIAN_POINT('',(-36.57467842721,-48.76469540905,
    -0.316731450926));
#6626 = CARTESIAN_POINT('',(-36.20809098959,-49.08822927793,
    3.354659177403E-02));
#6627 = CARTESIAN_POINT('',(-35.45847990478,-49.72082693956,
    0.753558885041));
#6628 = CARTESIAN_POINT('',(-35.0764246442,-50.05397340945,
    1.127453431677));
#6629 = CARTESIAN_POINT('',(-34.6955176904,-50.38464829696,
    1.504948493631));
#6630 = CARTESIAN_POINT('',(-34.31580951752,-50.71279808949,
    1.886057293057));
#6631 = CARTESIAN_POINT('',(-33.93735148782,-51.03836601669,
    2.270792354561));
#6632 = CARTESIAN_POINT('',(-33.1568871166,-51.67989164313,
    3.069417189699));
#6633 = CARTESIAN_POINT('',(-32.75593100929,-52.01978324359,
    3.487649475523));
#6634 = CARTESIAN_POINT('',(-32.35652093565,-52.35659482362,
    3.910037022641));
#6635 = CARTESIAN_POINT('',(-31.95872200724,-52.69024923726,
    4.336592702124));
#6636 = CARTESIAN_POINT('',(-31.56260098338,-53.02066507425,
    4.767327842063));
#6637 = CARTESIAN_POINT('',(-30.74237463404,-53.67399666557,
    5.666719084491));
#6638 = CARTESIAN_POINT('',(-30.31942046842,-54.02067672417,
    6.139888583362));
#6639 = CARTESIAN_POINT('',(-29.89857930779,-54.36339052365,
    6.61793331111));
#6640 = CARTESIAN_POINT('',(-29.47993951809,-54.70202504277,
    7.100862322059));
#6641 = CARTESIAN_POINT('',(-29.06359223986,-55.0364614047,
    7.588681383851));
#6642 = CARTESIAN_POINT('',(-28.18722184546,-55.70746428366,
    8.626335504027));
#6643 = CARTESIAN_POINT('',(-27.72864793475,-56.06728128187,
    9.181196499078));
#6644 = CARTESIAN_POINT('',(-27.27316942733,-56.42155419991,
    9.742139447737));
#6645 = CARTESIAN_POINT('',(-26.82092158387,-56.7701009231,
    10.309160616461));
#6646 = CARTESIAN_POINT('',(-26.37204454473,-57.1127302764,
    10.882248505008));
#6647 = CARTESIAN_POINT('',(-25.42536253107,-57.79999916726,
    12.10769941044));
#6648 = CARTESIAN_POINT('',(-24.92934977771,-58.16733391834,
    12.765486541754));
#6649 = CARTESIAN_POINT('',(-24.43797914307,-58.52666460197,
    13.430876302757));
#6650 = CARTESIAN_POINT('',(-23.95146475545,-58.87769308374,
    14.103823808978));
#6651 = CARTESIAN_POINT('',(-23.47002853002,-59.22010779015,
    14.784265630057));
#6652 = CARTESIAN_POINT('',(-22.12515981389,-60.11667801737,
    16.717878546264));
#6653 = CARTESIAN_POINT('',(-21.27489553179,-60.67442372319,
    17.992053703233));
#6654 = CARTESIAN_POINT('',(-20.44360887562,-61.20057217555,
    19.290300505183));
#6655 = CARTESIAN_POINT('',(-19.63277419658,-61.69302639226,
    20.611844211198));
#6656 = CARTESIAN_POINT('',(-18.84391576411,-62.14959472482,
    21.955589358465));
#6657 = CARTESIAN_POINT('',(-17.18348660214,-63.02852658351,
    24.909393895803));
#6658 = CARTESIAN_POINT('',(-16.32132968961,-63.4613137992,
    26.530868048309));
#6659 = CARTESIAN_POINT('',(-15.49365478459,-63.83861601506,
    28.178177026338));
#6660 = CARTESIAN_POINT('',(-14.70286272013,-64.15693016325,
    29.848132244505));
#6661 = CARTESIAN_POINT('',(-13.95112142864,-64.41296654977,
    31.536711531625));
#6662 = CARTESIAN_POINT('',(-13.24014245097,-64.60405255339,
    33.238926663249));
#6663 = CARTESIAN_POINT('',(-42.42090592969,-43.19299415059,
    -4.897689954268));
#6664 = CARTESIAN_POINT('',(-42.06948520575,-43.51860737558,
    -4.615952907009));
#6665 = CARTESIAN_POINT('',(-41.718509538,-43.84261296016,
    -4.331494141123));
#6666 = CARTESIAN_POINT('',(-41.36801436893,-44.16499604115,
    -4.044303482311));
#6667 = CARTESIAN_POINT('',(-41.01803464425,-44.48573940305,
    -3.754370654208));
#6668 = CARTESIAN_POINT('',(-40.66860481292,-44.804823478,-3.46168527838
    ));
#6669 = CARTESIAN_POINT('',(-39.95645793854,-45.42689864575,
    -2.862952123645));
#6670 = CARTESIAN_POINT('',(-39.59552865616,-45.75315542064,
    -2.553926113566));
#6671 = CARTESIAN_POINT('',(-39.23526424204,-46.07758254582,
    -2.24192147888));
#6672 = CARTESIAN_POINT('',(-38.87570242216,-46.40015319216,
    -1.926926594671));
#6673 = CARTESIAN_POINT('',(-38.51688084207,-46.72083806557,
    -1.608929877833));
#6674 = CARTESIAN_POINT('',(-37.78215106036,-47.34885558374,
    -0.954737851765));
#6675 = CARTESIAN_POINT('',(-37.40806229297,-47.67939365319,
    -0.615478607386));
#6676 = CARTESIAN_POINT('',(-37.03486934808,-48.00779343147,
    -0.272903097381));
#6677 = CARTESIAN_POINT('',(-36.66261572404,-48.33401568063,
    7.3001650568E-02));
#6678 = CARTESIAN_POINT('',(-36.29134528986,-48.65801834812,
    0.422248323033));
#6679 = CARTESIAN_POINT('',(-35.53128268649,-49.29240702125,
    1.141445737152));
#6680 = CARTESIAN_POINT('',(-35.14433604794,-49.62596046743,
    1.514499985603));
#6681 = CARTESIAN_POINT('',(-34.75856875148,-49.95697553172,
    1.891252060596));
#6682 = CARTESIAN_POINT('',(-34.37403263543,-50.28539725521,
    2.271715541641));
#6683 = CARTESIAN_POINT('',(-33.99078045022,-50.61116733322,
    2.655903291848));
#6684 = CARTESIAN_POINT('',(-33.19954690631,-51.25393340838,
    3.454736840921));
#6685 = CARTESIAN_POINT('',(-32.79349513798,-51.59394404918,
    3.872673287466));
#6686 = CARTESIAN_POINT('',(-32.38903118803,-51.93079142575,
    4.294877299663));
#6687 = CARTESIAN_POINT('',(-31.98622192776,-52.26439630711,
    4.721362096451));
#6688 = CARTESIAN_POINT('',(-31.5851359208,-52.59467508272,
    5.152139312087));
#6689 = CARTESIAN_POINT('',(-30.75375097346,-53.24851509782,
    6.053001136407));
#6690 = CARTESIAN_POINT('',(-30.3254852768,-53.59491680032,
    6.526551895453));
#6691 = CARTESIAN_POINT('',(-29.89938969337,-53.93724504749,
    7.005109646319));
#6692 = CARTESIAN_POINT('',(-29.47555497738,-54.27538376349,
    7.48868368804));
#6693 = CARTESIAN_POINT('',(-29.05407473264,-54.60921085859,
    7.977279944141));
#6694 = CARTESIAN_POINT('',(-28.1660112932,-55.27969194189,9.01804487336
    ));
#6695 = CARTESIAN_POINT('',(-27.70176744312,-55.63865868288,
    9.574206089564));
#6696 = CARTESIAN_POINT('',(-27.24070265587,-55.99193150369,
    10.136613636501));
#6697 = CARTESIAN_POINT('',(-26.78295584783,-56.33932336763,
    10.705263679721));
#6698 = CARTESIAN_POINT('',(-26.32867094693,-56.68063793277,
    11.280144408165));
#6699 = CARTESIAN_POINT('',(-25.36972489542,-57.36578552278,
    12.510946330661));
#6700 = CARTESIAN_POINT('',(-24.86775537581,-57.73136102555,
    13.171269007123));
#6701 = CARTESIAN_POINT('',(-24.37055343759,-58.08871613474,
    13.839399789753));
#6702 = CARTESIAN_POINT('',(-23.87833899631,-58.43754465822,
    14.515292580984));
#6703 = CARTESIAN_POINT('',(-23.39133996486,-58.77752660161,
    15.198882236124));
#6704 = CARTESIAN_POINT('',(-22.02958909142,-59.66820814924,
    17.143881490431));
#6705 = CARTESIAN_POINT('',(-21.16921232702,-60.22102885076,
    18.42569359908));
#6706 = CARTESIAN_POINT('',(-20.32832609736,-60.74139831899,
    19.73222793771));
#6707 = CARTESIAN_POINT('',(-19.50844460097,-61.22716289656,
    21.06268882646));
#6708 = CARTESIAN_POINT('',(-18.71113330375,-61.67607170122,
    22.415951195415));
#6709 = CARTESIAN_POINT('',(-17.03273199312,-62.53722753779,
    25.392848479232));
#6710 = CARTESIAN_POINT('',(-16.1621611956,-62.95861386083,
    27.027037433914));
#6711 = CARTESIAN_POINT('',(-15.32700435175,-63.32301558945,
    28.687759452648));
#6712 = CARTESIAN_POINT('',(-14.52972718198,-63.62683497831,
    30.371739772064));
#6713 = CARTESIAN_POINT('',(-13.77255621147,-63.86669342274,
    32.074847513648));
#6714 = CARTESIAN_POINT('',(-13.05724923894,-64.03984606852,
    33.791959636074));
#6715 = CARTESIAN_POINT('',(-42.5837842299,-42.74806959798,
    -4.484199300186));
#6716 = CARTESIAN_POINT('',(-42.22796304085,-43.07469010694,
    -4.204544228664));
#6717 = CARTESIAN_POINT('',(-41.87259862,-43.39966066917,-3.922095814341
    ));
#6718 = CARTESIAN_POINT('',(-41.51772734252,-43.72296603034,
    -3.636843615173));
#6719 = CARTESIAN_POINT('',(-41.16338507377,-44.04458852192,
    -3.348777084365));
#6720 = CARTESIAN_POINT('',(-40.80960716924,-44.3645080611,
    -3.057885570364));
#6721 = CARTESIAN_POINT('',(-40.08763469665,-44.98915250993,
    -2.461568520142));
#6722 = CARTESIAN_POINT('',(-39.72219703413,-45.31621520601,
    -2.154209896277));
#6723 = CARTESIAN_POINT('',(-39.35744173641,-45.64140010369,
    -1.843794262946));
#6724 = CARTESIAN_POINT('',(-38.99340752225,-45.96467966782,
    -1.530309689316));
#6725 = CARTESIAN_POINT('',(-38.63013302787,-46.28602383342,
    -1.213744287461));
#6726 = CARTESIAN_POINT('',(-37.88531671137,-46.91625566367,
    -0.561219943034));
#6727 = CARTESIAN_POINT('',(-37.50656430185,-47.24741927162,
    -0.223239953473));
#6728 = CARTESIAN_POINT('',(-37.12873128912,-47.57638831758,
    0.118143571862));
#6729 = CARTESIAN_POINT('',(-36.75186231621,-47.90312253102,
    0.462943946666));
#6730 = CARTESIAN_POINT('',(-36.37600240658,-48.22757875274,
    0.811174191368));
#6731 = CARTESIAN_POINT('',(-35.60558180573,-48.86374319301,
    1.52957166881));
#6732 = CARTESIAN_POINT('',(-35.2138373103,-49.19768837112,
    1.901800561547));
#6733 = CARTESIAN_POINT('',(-34.82330319228,-49.52902836781,
    2.277824592051));
#6734 = CARTESIAN_POINT('',(-34.43403265417,-49.85770677788,
    2.657657697188));
#6735 = CARTESIAN_POINT('',(-34.04607983453,-50.18366376234,
    3.04131307857));
#6736 = CARTESIAN_POINT('',(-33.24417063904,-50.82765504186,
    3.840370284049));
#6737 = CARTESIAN_POINT('',(-32.83311673079,-51.16776947862,
    4.258025833785));
#6738 = CARTESIAN_POINT('',(-32.4236924256,-51.50463740736,
    4.680061253533));
#6739 = CARTESIAN_POINT('',(-32.01596635457,-51.83817751207,
    5.106490110099));
#6740 = CARTESIAN_POINT('',(-31.61000888562,-52.16830398193,
    5.537324343902));
#6741 = CARTESIAN_POINT('',(-30.76755886138,-52.82263717645,
    6.439671692586));
#6742 = CARTESIAN_POINT('',(-30.33407515477,-53.16874527846,
    6.913618654279));
#6743 = CARTESIAN_POINT('',(-29.90281866964,-53.51067272897,
    7.392704370734));
#6744 = CARTESIAN_POINT('',(-29.47388254845,-53.84830039748,
    7.876938385699));
#6745 = CARTESIAN_POINT('',(-29.04736285829,-54.18150298138,
    8.366326778581));
#6746 = CARTESIAN_POINT('',(-28.1476998949,-54.85144702464,
    9.410217459313));
#6747 = CARTESIAN_POINT('',(-27.67787962655,-55.20954826403,
    9.967693839143));
#6748 = CARTESIAN_POINT('',(-27.21132208057,-55.56180574326,
    10.53158092683));
#6749 = CARTESIAN_POINT('',(-26.74816982905,-55.90802750358,
    11.101874787019));
#6750 = CARTESIAN_POINT('',(-26.28857058749,-56.24801203618,
    11.678563297831));
#6751 = CARTESIAN_POINT('',(-25.31745401922,-56.93102308097,
    12.914731179863));
#6752 = CARTESIAN_POINT('',(-24.80962125446,-57.29482409107,
    13.577604343945));
#6753 = CARTESIAN_POINT('',(-24.30668153375,-57.65018838143,
    14.248491090672));
#6754 = CARTESIAN_POINT('',(-23.80886055992,-57.99680170227,
    14.927344109385));
#6755 = CARTESIAN_POINT('',(-23.31639224352,-58.33433563826,
    15.614096541057));
#6756 = CARTESIAN_POINT('',(-21.93785273388,-59.21911326193,
    17.570497075936));
#6757 = CARTESIAN_POINT('',(-21.06745700827,-59.76699371478,
    18.859961078737));
#6758 = CARTESIAN_POINT('',(-20.21706472622,-60.28156895452,
    20.174797896518));
#6759 = CARTESIAN_POINT('',(-19.38822993356,-60.76062864857,
    21.514190910475));
#6760 = CARTESIAN_POINT('',(-18.5825592927,-61.20186268096,
    22.87698544359));
#6761 = CARTESIAN_POINT('',(-16.88627935451,-62.04522725103,
    25.876990416357));
#6762 = CARTESIAN_POINT('',(-16.0073881931,-62.45519743705,
    27.523909115688));
#6763 = CARTESIAN_POINT('',(-15.1648429315,-62.80668343407,
    29.198059117598));
#6764 = CARTESIAN_POINT('',(-14.36117417751,-63.09599281922,
    30.896079480735));
#6765 = CARTESIAN_POINT('',(-13.59866704909,-63.3196580772,
    32.613730619254));
#6766 = CARTESIAN_POINT('',(-12.87912560279,-63.47486212078,
    34.345754674954));
#6767 = CARTESIAN_POINT('',(-42.9083946582,-41.86135142008,
    -3.660127719466));
#6768 = CARTESIAN_POINT('',(-42.54171952866,-42.18661263618,
    -3.379794454713));
#6769 = CARTESIAN_POINT('',(-42.17551287931,-42.51018159921,
    -3.096596222986));
#6770 = CARTESIAN_POINT('',(-41.80981201805,-42.83204266374,
    -2.810522314496));
#6771 = CARTESIAN_POINT('',(-41.44465372983,-43.15217770815,
    -2.521561912014));
#6772 = CARTESIAN_POINT('',(-41.08007427672,-43.47056613473,
    -2.229704090874));
#6773 = CARTESIAN_POINT('',(-40.34182273053,-44.09541328781,
    -1.633042976199));
#6774 = CARTESIAN_POINT('',(-39.96542321248,-44.42091532823,
    -1.32459156958));
#6775 = CARTESIAN_POINT('',(-39.58972355578,-44.74449142157,
    -1.013004768637));
#6776 = CARTESIAN_POINT('',(-39.21476347195,-45.06611332667,
    -0.698270336618));
#6777 = CARTESIAN_POINT('',(-38.8405825879,-45.38575020763,
    -0.380376080779));
#6778 = CARTESIAN_POINT('',(-38.07922626121,-46.01582977312,
    0.273240750974));
#6779 = CARTESIAN_POINT('',(-37.68935673419,-46.34525234273,
    0.612701654684));
#6780 = CARTESIAN_POINT('',(-37.30043017822,-46.67242407954,
    0.955653364315));
#6781 = CARTESIAN_POINT('',(-36.91249238105,-46.99730368043,
    1.302109534941));
#6782 = CARTESIAN_POINT('',(-36.52558952057,-47.31984687955,
    1.652083520847));
#6783 = CARTESIAN_POINT('',(-35.73835744686,-47.95542051011,
    2.372441230579));
#6784 = CARTESIAN_POINT('',(-35.33536161917,-48.28739084331,
    2.74660493657));
#6785 = CARTESIAN_POINT('',(-34.93360720421,-48.61668919556,
    3.124661091552));
#6786 = CARTESIAN_POINT('',(-34.53314876864,-48.9432577154,
    3.506623989747));
#6787 = CARTESIAN_POINT('',(-34.1340418392,-49.26703502947,3.89250717127
    ));
#6788 = CARTESIAN_POINT('',(-33.31500351673,-49.9098849365,
    4.694548202124));
#6789 = CARTESIAN_POINT('',(-32.89249399317,-50.2477365924,
    5.114683024018));
#6790 = CARTESIAN_POINT('',(-32.47165585737,-50.58225849647,
    5.539310020285));
#6791 = CARTESIAN_POINT('',(-32.05255950018,-50.91336724769,
    5.968443105594));
#6792 = CARTESIAN_POINT('',(-31.63527709385,-51.24097483496,
    6.402094526532));
#6793 = CARTESIAN_POINT('',(-30.77530851732,-51.89343463206,
    7.308687568546));
#6794 = CARTESIAN_POINT('',(-30.33015332537,-52.23688255676,
    7.785790901854));
#6795 = CARTESIAN_POINT('',(-29.88728246316,-52.57604263376,
    8.268164752866));
#6796 = CARTESIAN_POINT('',(-29.44679146139,-52.91079267794,
    8.755818910042));
#6797 = CARTESIAN_POINT('',(-29.00877885042,-53.24100417381,
    9.24875960867));
#6798 = CARTESIAN_POINT('',(-28.0910628877,-53.90804460019,
    10.298536209884));
#6799 = CARTESIAN_POINT('',(-27.60921272568,-54.26291376117,
    10.860087922306));
#6800 = CARTESIAN_POINT('',(-27.13070894559,-54.61178932196,
    11.428214719711));
#6801 = CARTESIAN_POINT('',(-26.6556977752,-54.95447440182,
    12.002912565834));
#6802 = CARTESIAN_POINT('',(-26.18433071759,-55.29076232506,
    12.584169027982));
#6803 = CARTESIAN_POINT('',(-25.19459015717,-55.9692702478,
    13.828463038517));
#6804 = CARTESIAN_POINT('',(-24.67444067187,-56.32893018838,
    14.496646859185));
#6805 = CARTESIAN_POINT('',(-24.1593096933,-56.67993708309,
    15.173049738977));
#6806 = CARTESIAN_POINT('',(-23.64942871151,-57.02196862443,
    15.857623154139));
#6807 = CARTESIAN_POINT('',(-23.14503763479,-57.35468797619,
    16.550298531311));
#6808 = CARTESIAN_POINT('',(-21.74325601356,-58.23119509907,
    18.520860515728));
#6809 = CARTESIAN_POINT('',(-20.85638785136,-58.77176872642,
    19.820736581648));
#6810 = CARTESIAN_POINT('',(-19.99003604152,-59.27818316082,
    21.146636047548));
#6811 = CARTESIAN_POINT('',(-19.14579447722,-59.74817139453,
    22.497721355679));
#6812 = CARTESIAN_POINT('',(-18.32531101732,-60.1793640778,
    23.872808221921));
#6813 = CARTESIAN_POINT('',(-16.60469897619,-61.00257080455,
    26.898681052604));
#6814 = CARTESIAN_POINT('',(-15.71103397549,-61.39875827672,
    28.561089665552));
#6815 = CARTESIAN_POINT('',(-14.85464682076,-61.7349619653,
    30.251427819604));
#6816 = CARTESIAN_POINT('',(-14.03813300717,-62.00739476991,
    31.966248395429));
#6817 = CARTESIAN_POINT('',(-13.26383624544,-62.21250026459,
    33.701203099851));
#6818 = CARTESIAN_POINT('',(-12.53360685,-62.34738912913,35.450899257791
    ));
#6819 = CARTESIAN_POINT('',(-43.07012678629,-41.41955779479,
    -3.249546792827));
#6820 = CARTESIAN_POINT('',(-42.69928272138,-41.74581402825,
    -2.971286601611));
#6821 = CARTESIAN_POINT('',(-42.32891884866,-42.07033570233,
    -2.690089819246));
#6822 = CARTESIAN_POINT('',(-41.95907340874,-42.39310678043,
    -2.405945468199));
#6823 = CARTESIAN_POINT('',(-41.58978410619,-42.71410868793,
    -2.11884246081));
#6824 = CARTESIAN_POINT('',(-41.22108810961,-43.03332031214,
    -1.828769599298));
#6825 = CARTESIAN_POINT('',(-40.47324249494,-43.66072447969,
    -1.234515686935));
#6826 = CARTESIAN_POINT('',(-40.0925661265,-43.98702017469,
    -0.927722764328));
#6827 = CARTESIAN_POINT('',(-39.71260711593,-44.31134177394,
    -0.61771606254));
#6828 = CARTESIAN_POINT('',(-39.33340616756,-44.63366033022,
    -0.304483038899));
#6829 = CARTESIAN_POINT('',(-38.95500389896,-44.95394423678,
    1.198880415845E-02));
#6830 = CARTESIAN_POINT('',(-38.18379256721,-45.58622584775,
    0.66394685647));
#6831 = CARTESIAN_POINT('',(-37.7894909278,-45.91626168926,
    1.002137407563));
#6832 = CARTESIAN_POINT('',(-37.39615583374,-46.24399042714,
    1.343906034725));
#6833 = CARTESIAN_POINT('',(-37.00383421743,-46.56936972571,
    1.689266734406));
#6834 = CARTESIAN_POINT('',(-36.61257341123,-46.89235421246,
    2.03823319475));
#6835 = CARTESIAN_POINT('',(-35.81521486978,-47.52969134355,
    2.757799870006));
#6836 = CARTESIAN_POINT('',(-35.40765271496,-47.86204114208,
    3.131147122484));
#6837 = CARTESIAN_POINT('',(-35.00136300817,-48.19165216013,
    3.508484135178));
#6838 = CARTESIAN_POINT('',(-34.59640168026,-48.51846509995,
    3.889825559666));
#6839 = CARTESIAN_POINT('',(-34.19282564615,-48.84241705387,
    4.275185274564));
#6840 = CARTESIAN_POINT('',(-33.36334320183,-49.48647989865,
    5.077458864025));
#6841 = CARTESIAN_POINT('',(-32.93606306808,-49.82442308391,
    5.497321691312));
#6842 = CARTESIAN_POINT('',(-32.51049610679,-50.15895327355,
    5.92178899733));
#6843 = CARTESIAN_POINT('',(-32.08671446857,-50.48998498152,
    6.350875044618));
#6844 = CARTESIAN_POINT('',(-31.66479212999,-50.81742799644,
    6.784592385924));
#6845 = CARTESIAN_POINT('',(-30.79399000629,-51.47036870635,
    7.692679854503));
#6846 = CARTESIAN_POINT('',(-30.34384833414,-51.81351076397,
    8.170188292658));
#6847 = CARTESIAN_POINT('',(-29.89604809995,-52.1522577777,8.65309901146
    ));
#6848 = CARTESIAN_POINT('',(-29.45068722273,-52.48648450779,
    9.141422044081));
#6849 = CARTESIAN_POINT('',(-29.00786669607,-52.81605922585,
    9.63516378169));
#6850 = CARTESIAN_POINT('',(-28.07878273915,-53.4825503456,
    10.688075036619));
#6851 = CARTESIAN_POINT('',(-27.59158768859,-53.83654173838,
    11.250950814867));
#6852 = CARTESIAN_POINT('',(-27.10782267952,-54.18438969098,
    11.820566055223));
#6853 = CARTESIAN_POINT('',(-26.62763759538,-54.52589240062,
    12.396916620515));
#6854 = CARTESIAN_POINT('',(-26.15118772684,-54.86083802472,
    12.979989767232));
#6855 = CARTESIAN_POINT('',(-25.1495081794,-55.53719713564,
    14.229658639503));
#6856 = CARTESIAN_POINT('',(-24.62372697869,-55.89507031695,
    14.900401849993));
#6857 = CARTESIAN_POINT('',(-24.10308974737,-56.24407412623,
    15.579569596083));
#6858 = CARTESIAN_POINT('',(-23.58783376276,-56.58387819832,
    16.267112140928));
#6859 = CARTESIAN_POINT('',(-23.07820493084,-56.91413727608,
    16.962959196833));
#6860 = CARTESIAN_POINT('',(-21.65986620315,-57.7847282084,
    18.944931364023));
#6861 = CARTESIAN_POINT('',(-20.76321060947,-58.32034932047,
    20.252468226295));
#6862 = CARTESIAN_POINT('',(-19.88758427698,-58.82095725978,
    21.586679073547));
#6863 = CARTESIAN_POINT('',(-19.03462094616,-59.28422834337,
    22.946705409085));
#6864 = CARTESIAN_POINT('',(-18.20600967235,-59.70773398777,
    24.331333341688));
#6865 = CARTESIAN_POINT('',(-16.46775053339,-60.51313718142,
    27.380322763523));
#6866 = CARTESIAN_POINT('',(-15.56599669854,-60.89789624997,
    29.055470023319));
#6867 = CARTESIAN_POINT('',(-14.7024526558,-61.22117194034,
    30.759245062749));
#6868 = CARTESIAN_POINT('',(-13.87977878773,-61.47908247464,
    32.488114584495));
#6869 = CARTESIAN_POINT('',(-13.10037739782,-61.66798251628,
    34.237621588054));
#6870 = CARTESIAN_POINT('',(-12.36614505835,-61.784910512,
    36.002238581468));
#6871 = CARTESIAN_POINT('',(-43.23185891439,-40.9777641695,
    -2.838965866188));
#6872 = CARTESIAN_POINT('',(-42.85693753355,-41.30500171564,
    -2.562765315223));
#6873 = CARTESIAN_POINT('',(-42.48250805693,-41.63046239606,
    -2.283556548935));
#6874 = CARTESIAN_POINT('',(-42.10860965779,-41.95412978305,
    -2.001328322045));
#6875 = CARTESIAN_POINT('',(-41.73528096036,-42.27598484893,
    -1.716069276464));
#6876 = CARTESIAN_POINT('',(-41.36256003978,-42.59600596608,
    -1.427767941293));
#6877 = CARTESIAN_POINT('',(-40.60521197609,-43.22595344342,
    -0.835907797958));
#6878 = CARTESIAN_POINT('',(-40.22035037671,-43.5530290883,
    -0.530759926078));
#6879 = CARTESIAN_POINT('',(-39.83622363173,-43.87808248876,
    -0.222319890159));
#6880 = CARTESIAN_POINT('',(-39.45287343827,-44.20108399154,
    8.942515839074E-02));
#6881 = CARTESIAN_POINT('',(-39.07034140458,-44.522001219,0.404488021951
    ));
#6882 = CARTESIAN_POINT('',(-38.28936668722,-45.15647117076,
    1.054800728108));
#6883 = CARTESIAN_POINT('',(-37.89072455489,-45.48710657947,
    1.391734359869));
#6884 = CARTESIAN_POINT('',(-37.49307254217,-45.81537861374,
    1.732333337847));
#6885 = CARTESIAN_POINT('',(-37.09645872618,-46.14124390529,
    2.076611999869));
#6886 = CARTESIAN_POINT('',(-36.70093159372,-46.46465597499,
    2.424584367936));
#6887 = CARTESIAN_POINT('',(-35.89353820399,-47.10374290192,
    3.143373442002));
#6888 = CARTESIAN_POINT('',(-35.48150134148,-47.43645846107,
    3.515917674253));
#6889 = CARTESIAN_POINT('',(-35.07076796234,-47.76636844023,
    3.892548977944));
#6890 = CARTESIAN_POINT('',(-34.66139536155,-48.09341209535,
    4.27328236201));
#6891 = CARTESIAN_POINT('',(-34.2534418422,-48.41752498442,
    4.658132043569));
#6892 = CARTESIAN_POINT('',(-33.4136068955,-49.06278706226,
    5.460651624923));
#6893 = CARTESIAN_POINT('',(-32.98164777102,-49.40080807219,
    5.880255890888));
#6894 = CARTESIAN_POINT('',(-32.55144360368,-49.73533284271,
    6.304576939943));
#6895 = CARTESIAN_POINT('',(-32.1230683039,-50.06627380273,
    6.733629382494));
#6896 = CARTESIAN_POINT('',(-31.69659765252,-50.39353854061,
    7.167426077455));
#6897 = CARTESIAN_POINT('',(-30.81505360111,-51.04694645864,
    8.077021405884));
#6898 = CARTESIAN_POINT('',(-30.3600170682,-51.38976894448,
    8.554948382173));
#6899 = CARTESIAN_POINT('',(-29.90737908151,-51.72808919024,
    9.038409402051));
#6900 = CARTESIAN_POINT('',(-29.45723994829,-52.06177890155,
    9.527414743402));
#6901 = CARTESIAN_POINT('',(-29.0097031254,-52.39070313712,
    10.021970953277));
#6902 = CARTESIAN_POINT('',(-28.06934279372,-53.05663124554,
    11.078030295206));
#6903 = CARTESIAN_POINT('',(-27.57689447408,-53.40973116543,
    11.642243572566));
#6904 = CARTESIAN_POINT('',(-27.08795985547,-53.75653780514,
    12.213360689158));
#6905 = CARTESIAN_POINT('',(-26.60269247705,-54.09684443987,
    12.791377406905));
#6906 = CARTESIAN_POINT('',(-26.12125141704,-54.43043406014,
    13.376280671477));
#6907 = CARTESIAN_POINT('',(-25.10772450203,-55.10463065455,
    14.63133783877));
#6908 = CARTESIAN_POINT('',(-24.57640320537,-55.46070337189,
    15.304653872366));
#6909 = CARTESIAN_POINT('',(-24.05035134076,-55.80769039106,
    15.98659991804));
#6910 = CARTESIAN_POINT('',(-23.52981197278,-56.14525328919,
    16.677125025854));
#6911 = CARTESIAN_POINT('',(-23.01503700512,-56.47303838827,
    17.376157193777));
#6912 = CARTESIAN_POINT('',(-21.58023279041,-57.33769942534,
    19.369552977025));
#6913 = CARTESIAN_POINT('',(-20.67388138472,-57.86835431744,
    20.684764068935));
#6914 = CARTESIAN_POINT('',(-19.78907214902,-58.36314205696,
    22.027299730825));
#6915 = CARTESIAN_POINT('',(-18.92747867114,-58.81968228575,
    23.396280527057));
#6916 = CARTESIAN_POINT('',(-18.09083120287,-59.23548718658,
    24.790462959306));
#6917 = CARTESIAN_POINT('',(-16.33501658555,-60.02307314244,
    27.862582405577));
#6918 = CARTESIAN_POINT('',(-15.425265536,-60.39639010268,
    29.550481745509));
#6919 = CARTESIAN_POINT('',(-14.55465622471,-60.70672409015,
    31.267707103601));
#6920 = CARTESIAN_POINT('',(-13.72591392162,-60.95009864945,
    33.010639004554));
#6921 = CARTESIAN_POINT('',(-12.94149952298,-61.12277953334,
    34.774711740535));
#6922 = CARTESIAN_POINT('',(-12.20335585894,-61.22173295556,
    36.554263002708));
#6923 = CARTESIAN_POINT('',(-43.55475154651,-40.09573838889,
    -2.019255165113));
#6924 = CARTESIAN_POINT('',(-43.16959455082,-40.42155949764,
    -1.742325086306));
#6925 = CARTESIAN_POINT('',(-42.78494117134,-40.74556143434,-1.462315168
    ));
#6926 = CARTESIAN_POINT('',(-42.40083151405,-41.06772738015,
    -1.179213897174));
#6927 = CARTESIAN_POINT('',(-42.01730512278,-41.38803785434,
    -0.893009645307));
#6928 = CARTESIAN_POINT('',(-41.63440097926,-41.70647071436,
    -0.603690668383));
#6929 = CARTESIAN_POINT('',(-40.8613921676,-42.33656375141,
    -1.14351259812E-02));
#6930 = CARTESIAN_POINT('',(-40.46618703833,-42.66202159611,
    0.294856863266));
#6931 = CARTESIAN_POINT('',(-40.07173426,-42.9854090477,0.60451940141));
#6932 = CARTESIAN_POINT('',(-39.67807652251,-43.30669574692,
    0.917565642961));
#6933 = CARTESIAN_POINT('',(-39.28525642478,-43.6258485452,1.23400869512
    ));
#6934 = CARTESIAN_POINT('',(-38.48836002287,-44.26010908768,
    1.885465223215));
#6935 = CARTESIAN_POINT('',(-38.07921909866,-44.58894631352,
    2.223931103738));
#6936 = CARTESIAN_POINT('',(-37.67109186835,-44.91536389411,
    2.566149600627));
#6937 = CARTESIAN_POINT('',(-37.26402755374,-45.23931742858,
    2.912135393084));
#6938 = CARTESIAN_POINT('',(-36.85807579607,-45.56075933115,
    3.261902836968));
#6939 = CARTESIAN_POINT('',(-36.03448925911,-46.19919830384,
    3.982703477937));
#6940 = CARTESIAN_POINT('',(-35.61181938997,-46.52988187356,
    4.357233858054));
#6941 = CARTESIAN_POINT('',(-35.19048403952,-46.85769306375,
    4.735948620837));
#6942 = CARTESIAN_POINT('',(-34.7705418669,-47.1825696841,5.118863132574
    ));
#6943 = CARTESIAN_POINT('',(-34.35205256339,-47.50444575825,
    5.505991948889));
#6944 = CARTESIAN_POINT('',(-33.49570681535,-48.14850931908,
    6.311546690229));
#6945 = CARTESIAN_POINT('',(-33.05291040119,-48.48421040361,
    6.733681562966));
#6946 = CARTESIAN_POINT('',(-32.61191072887,-48.81633200493,
    7.160645523153));
#6947 = CARTESIAN_POINT('',(-32.17278346857,-49.14478446693,
    7.592453529062));
#6948 = CARTESIAN_POINT('',(-31.73560620544,-49.4694731777,8.02911874577
    ));
#6949 = CARTESIAN_POINT('',(-30.83716192738,-50.12095055378,
    8.943011102142));
#6950 = CARTESIAN_POINT('',(-30.37107223477,-50.46105571778,
    9.424145784659));
#6951 = CARTESIAN_POINT('',(-29.90743819662,-50.79655144551,
    9.910946273707));
#6952 = CARTESIAN_POINT('',(-29.44636250846,-51.12730638796,
    10.403423091882));
#6953 = CARTESIAN_POINT('',(-28.9879510904,-51.45318239096,
    10.901582942118));
#6954 = CARTESIAN_POINT('',(-28.03015608502,-52.11614973798,
    11.963579539141));
#6955 = CARTESIAN_POINT('',(-27.52629619735,-52.46596043492,
    12.531919483707));
#6956 = CARTESIAN_POINT('',(-27.02603367027,-52.80932801167,
    13.10732764463));
#6957 = CARTESIAN_POINT('',(-26.52952569861,-53.14604082142,
    13.689799682924));
#6958 = CARTESIAN_POINT('',(-26.03693514818,-53.47587668779,
    14.279322233446));
#6959 = CARTESIAN_POINT('',(-25.00540256666,-54.14551301561,
    15.542556863855));
#6960 = CARTESIAN_POINT('',(-24.46238287509,-54.49738751891,
    16.22123488865));
#6961 = CARTESIAN_POINT('',(-23.92475807825,-54.83995999789,
    16.908748402003));
#6962 = CARTESIAN_POINT('',(-23.39277702795,-55.17288397201,
    17.605045240879));
#6963 = CARTESIAN_POINT('',(-22.86669762561,-55.49579734233,
    18.310051688914));
#6964 = CARTESIAN_POINT('',(-21.40926962494,-56.35213073407,
    20.317660256314));
#6965 = CARTESIAN_POINT('',(-20.4870641083,-56.87542165614,
    21.643334745957));
#6966 = CARTESIAN_POINT('',(-19.58691367045,-57.3619914458,
    22.996984390578));
#6967 = CARTESIAN_POINT('',(-18.71053174655,-57.80940306971,
    24.377708815597));
#6968 = CARTESIAN_POINT('',(-17.85968978489,-58.2151094769,
    25.784234915586));
#6969 = CARTESIAN_POINT('',(-16.08016139025,-58.9824804449,
    28.882273554388));
#6970 = CARTESIAN_POINT('',(-15.15625482705,-59.34195754676,
    30.585714142548));
#6971 = CARTESIAN_POINT('',(-14.27242194827,-59.63695208126,
    32.319178987398));
#6972 = CARTESIAN_POINT('',(-13.43145291121,-59.86339291549,
    34.078962435651));
#6973 = CARTESIAN_POINT('',(-12.6358672049,-60.01745689156,
    35.860390072148));
#6974 = CARTESIAN_POINT('',(-11.88765391734,-60.09603799021,
    37.657664771175));
#6975 = CARTESIAN_POINT('',(-43.71591205055,-39.65550623358,
    -1.610125390677));
#6976 = CARTESIAN_POINT('',(-43.32688195871,-39.98229107431,
    -1.335239276355));
#6977 = CARTESIAN_POINT('',(-42.93836719509,-40.30721443668,
    -1.057201698361));
#6978 = CARTESIAN_POINT('',(-42.55040879836,-40.63025911069,
    -0.776000875926));
#6979 = CARTESIAN_POINT('',(-42.16304723199,-40.95140516257,
    -0.491624910101));
#6980 = CARTESIAN_POINT('',(-41.77632238422,-41.27062993484,
    -0.204061783753));
#6981 = CARTESIAN_POINT('',(-40.99401534331,-41.90324870099,
    0.385815665387));
#6982 = CARTESIAN_POINT('',(-40.59482920287,-42.22946891489,
    0.690478279673));
#6983 = CARTESIAN_POINT('',(-40.1964129099,-42.553570587,0.998589827714)
  );
#6984 = CARTESIAN_POINT('',(-39.7988101471,-42.87552265204,
    1.310163769939));
#6985 = CARTESIAN_POINT('',(-39.40206450405,-43.19529119053,
    1.625213518366));
#6986 = CARTESIAN_POINT('',(-38.5956089363,-43.8317224931,2.275040376072
    ));
#6987 = CARTESIAN_POINT('',(-38.18233173894,-44.16114170547,
    2.612265013029));
#6988 = CARTESIAN_POINT('',(-37.77009180975,-44.48808500175,2.9533295365
    ));
#6989 = CARTESIAN_POINT('',(-37.35893951522,-44.81250694851,
    3.298248967063));
#6990 = CARTESIAN_POINT('',(-36.94892565106,-45.13435885334,
    3.647037994436));
#6991 = CARTESIAN_POINT('',(-36.11550848559,-45.77453004119,
    4.367076709981));
#6992 = CARTESIAN_POINT('',(-35.68856812854,-46.10556179084,
    4.740819745636));
#6993 = CARTESIAN_POINT('',(-35.2629933255,-46.43365436146,
    5.118844475182));
#6994 = CARTESIAN_POINT('',(-34.83884409977,-46.75874411641,
    5.501166622263));
#6995 = CARTESIAN_POINT('',(-34.4161815308,-47.08076354502,
    5.887801081004));
#6996 = CARTESIAN_POINT('',(-33.54968750014,-47.72600875823,
    6.693617490003));
#6997 = CARTESIAN_POINT('',(-33.10241631502,-48.06177008674,
    7.115509477184));
#6998 = CARTESIAN_POINT('',(-32.65698365644,-48.39386868825,
    7.542342856174));
#6999 = CARTESIAN_POINT('',(-32.21346695434,-48.72221282162,
    7.974132933111));
#7000 = CARTESIAN_POINT('',(-31.77194559818,-49.04670567466,
    8.41089317924));
#7001 = CARTESIAN_POINT('',(-30.86296361218,-49.69863267816,
    9.326309071227));
#7002 = CARTESIAN_POINT('',(-30.39218327859,-50.03840068971,
    9.807877967643));
#7003 = CARTESIAN_POINT('',(-29.9239157077,-50.37345206878,
    10.295244433533));
#7004 = CARTESIAN_POINT('',(-29.4582659833,-50.70365241175,
    10.788419236203));
#7005 = CARTESIAN_POINT('',(-28.99534248878,-51.02886035158,
    11.287409234472));
#7006 = CARTESIAN_POINT('',(-28.02647532842,-51.69124710658,
    12.352569594261));
#7007 = CARTESIAN_POINT('',(-27.51756639145,-52.04014874995,
    12.922262713704));
#7008 = CARTESIAN_POINT('',(-27.0123384746,-52.38245743312,
    13.499188426629));
#7009 = CARTESIAN_POINT('',(-26.51095242842,-52.71795658727,
    14.083342293143));
#7010 = CARTESIAN_POINT('',(-26.01357490629,-53.04641886912,
    14.674710637285));
#7011 = CARTESIAN_POINT('',(-24.97039917698,-53.71387509974,
    15.943349238482));
#7012 = CARTESIAN_POINT('',(-24.42204360922,-54.06393155839,
    16.624615762149));
#7013 = CARTESIAN_POINT('',(-23.87920839887,-54.40446966657,
    17.314923250852));
#7014 = CARTESIAN_POINT('',(-23.34214818497,-54.73513488605,
    18.014218328462));
#7015 = CARTESIAN_POINT('',(-22.81112686665,-55.05555669699,
    18.722425564282));
#7016 = CARTESIAN_POINT('',(-21.33743759874,-55.90594261279,
    20.741473423505));
#7017 = CARTESIAN_POINT('',(-20.40574048985,-56.42424973421,
    22.074837818551));
#7018 = CARTESIAN_POINT('',(-19.49661136857,-56.90498174339,
    23.436827953575));
#7019 = CARTESIAN_POINT('',(-18.61180351738,-57.3456449318,
    24.826522515054));
#7020 = CARTESIAN_POINT('',(-17.75312958103,-57.74363301473,
    26.242618790455));
#7021 = CARTESIAN_POINT('',(-15.9562499278,-58.49316916426,
    29.363803129459));
#7022 = CARTESIAN_POINT('',(-15.02455036967,-58.84118657712,
    31.08001147352));
#7023 = CARTESIAN_POINT('',(-14.1338564421,-59.12322182804,
    32.826942312797));
#7024 = CARTESIAN_POINT('',(-13.28702318979,-59.33510910658,
    34.600803816024));
#7025 = CARTESIAN_POINT('',(-12.48662869453,-59.47293634421,
    36.396812860708));
#7026 = CARTESIAN_POINT('',(-11.73470830218,-59.53352528867,
    38.20903750426));
#7027 = CARTESIAN_POINT('',(-43.87707255459,-39.21527407827,
    -1.200995616241));
#7028 = CARTESIAN_POINT('',(-43.48425980275,-39.54301030996,
    -0.928141369776));
#7029 = CARTESIAN_POINT('',(-43.09197409115,-39.86884275696,
    -0.652064035464));
#7030 = CARTESIAN_POINT('',(-42.70025739114,-40.19275381813,
    -0.372751564792));
#7031 = CARTESIAN_POINT('',(-42.3091510858,-40.51472310669,
    -9.019178838105E-02));
#7032 = CARTESIAN_POINT('',(-41.91869596996,-40.83472745018,
    0.19562758402));
#7033 = CARTESIAN_POINT('',(-41.12718113595,-41.4698596044,
    0.783139036527));
#7034 = CARTESIAN_POINT('',(-40.7241044205,-41.79682984646,1.08618437248
    ));
#7035 = CARTESIAN_POINT('',(-40.32181504904,-42.12163339807,
    1.392757027046));
#7036 = CARTESIAN_POINT('',(-39.92035769708,-42.44423848789,
    1.702870766574));
#7037 = CARTESIAN_POINT('',(-39.51977694487,-42.76461042556,
    2.016539307899));
#7038 = CARTESIAN_POINT('',(-38.70385264743,-43.4032001472,
    2.664748591844));
#7039 = CARTESIAN_POINT('',(-38.28652961307,-43.73318900505,
    3.000744081863));
#7040 = CARTESIAN_POINT('',(-37.87026742115,-44.060645676,3.340666728544
    ));
#7041 = CARTESIAN_POINT('',(-37.45511758287,-44.38552369403,
    3.684531893844));
#7042 = CARTESIAN_POINT('',(-37.04113204837,-44.70777326009,
    4.032354601334));
#7043 = CARTESIAN_POINT('',(-36.19797469054,-45.34966432205,
    4.751643488082));
#7044 = CARTESIAN_POINT('',(-35.76685428174,-45.68103191062,
    5.124611275905));
#7045 = CARTESIAN_POINT('',(-35.33713046225,-46.00939352063,
    5.501958068842));
#7046 = CARTESIAN_POINT('',(-34.90886461958,-46.33468406916,
    5.883699947895));
#7047 = CARTESIAN_POINT('',(-34.48211922131,-46.65683451121,
    6.269852145691));
#7048 = CARTESIAN_POINT('',(-33.60556734418,-47.30324903576,
    7.075942318977));
#7049 = CARTESIAN_POINT('',(-33.15391182425,-47.63905826722,
    7.497603517231));
#7050 = CARTESIAN_POINT('',(-32.70413661556,-47.97112152789,
    7.924318411652));
#7051 = CARTESIAN_POINT('',(-32.25632090781,-48.29934499159,
    8.356102656247));
#7052 = CARTESIAN_POINT('',(-31.81054589478,-48.62362964587,
    8.792970028424));
#7053 = CARTESIAN_POINT('',(-30.89111663699,-49.27599393578,
    9.709921552656));
#7054 = CARTESIAN_POINT('',(-30.41573609857,-49.61541245383,
    10.191936759599));
#7055 = CARTESIAN_POINT('',(-29.9429254311,-49.95000714322,
    10.679881298959));
#7056 = CARTESIAN_POINT('',(-29.47279210663,-50.27964054569,
    11.173766182755));
#7057 = CARTESIAN_POINT('',(-29.0054469718,-50.60416808131,
    11.673598425684));
#7058 = CARTESIAN_POINT('',(-28.02559809261,-51.26596190326,
    12.741934644868));
#7059 = CARTESIAN_POINT('',(-27.51173054249,-51.61394215202,
    13.312993035817));
#7060 = CARTESIAN_POINT('',(-27.00162767203,-51.95517960059,
    13.891448397372));
#7061 = CARTESIAN_POINT('',(-26.49545398748,-52.28945275811,
    14.477296188735));
#7062 = CARTESIAN_POINT('',(-25.9933799298,-52.61652911441,
    15.070522423127));
#7063 = CARTESIAN_POINT('',(-24.93865148886,-53.2817929068,
    16.34457709174));
#7064 = CARTESIAN_POINT('',(-24.38505048107,-53.63001897976,
    17.028444210907));
#7065 = CARTESIAN_POINT('',(-23.83709529334,-53.96851037611,
    17.721557771588));
#7066 = CARTESIAN_POINT('',(-23.295046352,-54.29690449992,
    18.423863184561));
#7067 = CARTESIAN_POINT('',(-22.75917355386,-54.61482241046,
    19.135283304794));
#7068 = CARTESIAN_POINT('',(-21.26931345487,-55.4592485093,
    21.16578255247));
#7069 = CARTESIAN_POINT('',(-20.3282151899,-55.97255948902,
    22.506848949548));
#7070 = CARTESIAN_POINT('',(-19.41019782133,-56.4474413767,
    23.877191671604));
#7071 = CARTESIAN_POINT('',(-18.51705447901,-56.88134378859,
    25.27586846617));
#7072 = CARTESIAN_POINT('',(-17.65063900413,-57.27160120624,
    26.701547013612));
#7073 = CARTESIAN_POINT('',(-15.83649852845,-58.00329019626,
    29.845889149446));
#7074 = CARTESIAN_POINT('',(-14.89709641155,-58.33983557909,
    31.574877346037));
#7075 = CARTESIAN_POINT('',(-13.99963187135,-58.60889920538,
    33.335286276371));
#7076 = CARTESIAN_POINT('',(-13.14702483995,-58.80622058721,
    35.123237931198));
#7077 = CARTESIAN_POINT('',(-12.34191199188,-58.92779874538,
    36.933840480699));
#7078 = CARTESIAN_POINT('',(-11.58637493088,-58.97038319462,
    38.761027165405));
#7079 = CARTESIAN_POINT('',(-44.19888201124,-38.33620714094,
    -0.384034716309));
#7080 = CARTESIAN_POINT('',(-43.79641745069,-38.66246899622,
    -0.110397100312));
#7081 = CARTESIAN_POINT('',(-43.39449164237,-38.98678476048,
    0.166535227705));
#7082 = CARTESIAN_POINT('',(-42.99314749035,-39.30913644146,0.446774584)
  );
#7083 = CARTESIAN_POINT('',(-42.59242729733,-39.62950319931,
    0.730333408386));
#7084 = CARTESIAN_POINT('',(-42.19237276468,-39.94786134665,
    1.017224264228));
#7085 = CARTESIAN_POINT('',(-41.38578098885,-40.58308112156,
    1.605184957489));
#7086 = CARTESIAN_POINT('',(-40.97294454965,-40.90837562442,
    1.909428252496));
#7087 = CARTESIAN_POINT('',(-40.56091295099,-41.23145528815,
    2.217277250975));
#7088 = CARTESIAN_POINT('',(-40.14973186114,-41.55228763538,
    2.528746025193));
#7089 = CARTESIAN_POINT('',(-39.73944685103,-41.87083720486,
    2.843848596803));
#7090 = CARTESIAN_POINT('',(-38.90818467518,-42.5091595782,
    3.493255544374));
#7091 = CARTESIAN_POINT('',(-38.48094665509,-42.83729231417,
    3.830837124844));
#7092 = CARTESIAN_POINT('',(-38.05479305172,-43.16283659241,
    4.172433132123));
#7093 = CARTESIAN_POINT('',(-37.62977652096,-43.48574491435,
    4.518059269545));
#7094 = CARTESIAN_POINT('',(-37.2059501674,-43.80596637425,4.86773089454
    ));
#7095 = CARTESIAN_POINT('',(-36.34718346848,-44.44715154297,
    5.58908518988));
#7096 = CARTESIAN_POINT('',(-35.9060138592,-44.77642920308,
    5.964092967257));
#7097 = CARTESIAN_POINT('',(-35.46627187454,-45.1026340851,
    6.343577060973));
#7098 = CARTESIAN_POINT('',(-35.02802026619,-45.42569965984,
    6.727553909385));
#7099 = CARTESIAN_POINT('',(-34.59132288989,-45.74555534795,
    7.116039083625));
#7100 = CARTESIAN_POINT('',(-33.69884401756,-46.39071341647,
    7.925218258585));
#7101 = CARTESIAN_POINT('',(-33.23693501411,-46.72414478352,
    8.349463905298));
#7102 = CARTESIAN_POINT('',(-32.77694810657,-47.05374693597,
    8.778875552539));
#7103 = CARTESIAN_POINT('',(-32.31896424445,-47.37942396265,
    9.213469202179));
#7104 = CARTESIAN_POINT('',(-31.86306642582,-47.70107465079,
    9.653258937792));
#7105 = CARTESIAN_POINT('',(-30.92732074752,-48.35145045973,
    10.574561331655));
#7106 = CARTESIAN_POINT('',(-30.44147085555,-48.68809371692,
    11.059838086514));
#7107 = CARTESIAN_POINT('',(-29.95824794276,-49.01980594926,
    11.551175936732));
#7108 = CARTESIAN_POINT('',(-29.47776186949,-49.34644664385,
    12.048586139039));
#7109 = CARTESIAN_POINT('',(-29.00012594563,-49.66786800789,
    12.552075864016));
#7110 = CARTESIAN_POINT('',(-28.00342619889,-50.32664312942,
    13.626403179982));
#7111 = CARTESIAN_POINT('',(-27.47873088688,-50.67127621621,
    14.201642079825));
#7112 = CARTESIAN_POINT('',(-26.95788391408,-51.0090166628,
    14.784442327398));
#7113 = CARTESIAN_POINT('',(-26.44105344245,-51.33963805632,
    15.374799280997));
#7114 = CARTESIAN_POINT('',(-25.92841370049,-51.6629027197,
    15.972698643025));
#7115 = CARTESIAN_POINT('',(-24.85626339918,-52.32354830649,
    17.254984616442));
#7116 = CARTESIAN_POINT('',(-24.29154780263,-52.6675182264,
    17.944267568497));
#7117 = CARTESIAN_POINT('',(-23.73260348882,-53.00153714354,
    18.643002438544));
#7118 = CARTESIAN_POINT('',(-23.17969667131,-53.32523440432,
    19.351133424267));
#7119 = CARTESIAN_POINT('',(-22.63310324462,-53.63822264708,
    20.0685816663));
#7120 = CARTESIAN_POINT('',(-21.12120316582,-54.47426316157,
    22.113347539816));
#7121 = CARTESIAN_POINT('',(-20.16483459603,-54.98015223224,
    23.464931176314));
#7122 = CARTESIAN_POINT('',(-19.23205983146,-55.44675823104,
    24.846441722789));
#7123 = CARTESIAN_POINT('',(-18.32471184927,-55.87147409903,
    26.256915987831));
#7124 = CARTESIAN_POINT('',(-17.44468568713,-56.25157508402,
    27.6949920447));
#7125 = CARTESIAN_POINT('',(-15.60741524028,-56.96299114717,
    30.865307214753));
#7126 = CARTESIAN_POINT('',(-14.65444141588,-57.28563873261,
    32.60989050126));
#7127 = CARTESIAN_POINT('',(-13.74433711433,-57.53930496691,
    34.386592760039));
#7128 = CARTESIAN_POINT('',(-12.8800871551,-57.71963468465,
    36.191449803855));
#7129 = CARTESIAN_POINT('',(-12.0643868055,-57.82253799598,
    38.019461095558));
#7130 = CARTESIAN_POINT('',(-11.29936392714,-57.84469218263,
    39.864425058807));
#7131 = CARTESIAN_POINT('',(-44.35953096385,-37.89737235893,
    2.37964091884E-02));
#7132 = CARTESIAN_POINT('',(-43.9534825303,-38.22456991103,
    0.295416147507));
#7133 = CARTESIAN_POINT('',(-43.54798456098,-38.54977906578,
    0.57040222202));
#7134 = CARTESIAN_POINT('',(-43.14308089266,-38.87298143978,
    0.848767216731));
#7135 = CARTESIAN_POINT('',(-42.73881474767,-39.19415574016,
    1.130523841882));
#7136 = CARTESIAN_POINT('',(-42.33522873393,-39.51327776459,
    1.415684933955));
#7137 = CARTESIAN_POINT('',(-41.51962795199,-40.15099523343,
    2.001293620762));
#7138 = CARTESIAN_POINT('',(-41.10309972476,-40.47702407031,
    2.303933627616));
#7139 = CARTESIAN_POINT('',(-40.6873938346,-40.8007899194,2.610257722799
    ));
#7140 = CARTESIAN_POINT('',(-40.27255694258,-41.12225959728,
    2.920280284497));
#7141 = CARTESIAN_POINT('',(-39.85863561029,-41.4413968718,
    3.234015639184));
#7142 = CARTESIAN_POINT('',(-39.01810349175,-42.08186197007,
    3.881819003174));
#7143 = CARTESIAN_POINT('',(-38.58701842165,-42.41054865739,
    4.218185426884));
#7144 = CARTESIAN_POINT('',(-38.15704134254,-42.73659061616,
    4.558653547553));
#7145 = CARTESIAN_POINT('',(-37.72822605501,-43.05993931522,
    4.903239409889));
#7146 = CARTESIAN_POINT('',(-37.30062681809,-43.38054274221,
    5.25195870518));
#7147 = CARTESIAN_POINT('',(-36.4323187138,-44.02343209091,
    5.972577161903));
#7148 = CARTESIAN_POINT('',(-35.98716783975,-44.3530298958,
    6.346823681625));
#7149 = CARTESIAN_POINT('',(-35.54347562565,-44.67948812307,
    6.725643828912));
#7150 = CARTESIAN_POINT('',(-35.10130618732,-45.00273879725,
    7.109054399475));
#7151 = CARTESIAN_POINT('',(-34.66072476871,-45.32270980466,
    7.497071302948));
#7152 = CARTESIAN_POINT('',(-33.75838683691,-45.96902149038,
    8.306538232375));
#7153 = CARTESIAN_POINT('',(-33.29229228563,-46.30248506625,
    8.730567080339));
#7154 = CARTESIAN_POINT('',(-32.82816161497,-46.63203618372,
    9.15987423319));
#7155 = CARTESIAN_POINT('',(-32.36607753419,-46.95757684659,
    9.594476040667));
#7156 = CARTESIAN_POINT('',(-31.90612484567,-47.27900364183,
    10.034386892507));
#7157 = CARTESIAN_POINT('',(-30.96013068257,-47.92980104304,
    10.957238908793));
#7158 = CARTESIAN_POINT('',(-30.46987937276,-48.2660791126,
    11.442975964358));
#7159 = CARTESIAN_POINT('',(-29.98231215037,-48.59731896111,
    11.934905878225));
#7160 = CARTESIAN_POINT('',(-29.49754126401,-48.92337702107,
    12.433040151835));
#7161 = CARTESIAN_POINT('',(-29.01568248684,-49.24410228675,
    12.937386111652));
#7162 = CARTESIAN_POINT('',(-28.00819980825,-49.9022687811,
    14.014903277191));
#7163 = CARTESIAN_POINT('',(-27.47874467008,-50.24596477915,
    14.591521438719));
#7164 = CARTESIAN_POINT('',(-26.95322153066,-50.58261829699,
    15.175865325102));
#7165 = CARTESIAN_POINT('',(-26.43180220764,-50.91199799974,
    15.767930193729));
#7166 = CARTESIAN_POINT('',(-25.91466471713,-51.23386104344,
    16.367701436184));
#7167 = CARTESIAN_POINT('',(-24.83116049117,-51.89229849786,
    17.655417467196));
#7168 = CARTESIAN_POINT('',(-24.26139824157,-52.23442233794,
    18.347315004931));
#7169 = CARTESIAN_POINT('',(-23.69753273738,-52.56637884911,
    19.048869937135));
#7170 = CARTESIAN_POINT('',(-23.13983597941,-52.88778932008,
    19.760025248399));
#7171 = CARTESIAN_POINT('',(-22.5885898599,-53.1982579683,
    20.480700365024));
#7172 = CARTESIAN_POINT('',(-21.06071773699,-54.02832297168,
    22.536931617171));
#7173 = CARTESIAN_POINT('',(-20.0951467981,-54.52920020654,
    23.89623124588));
#7174 = CARTESIAN_POINT('',(-19.15368257324,-54.98994038968,
    25.286108369566));
#7175 = CARTESIAN_POINT('',(-18.2381978869,-55.40787978701,
    26.705578857874));
#7176 = CARTESIAN_POINT('',(-17.35062897321,-55.78023441258,
    28.153251176962));
#7177 = CARTESIAN_POINT('',(-15.49629649091,-56.47378762209,
    31.346738134025));
#7178 = CARTESIAN_POINT('',(-14.53581889472,-56.78494748335,
    33.10411526324));
#7179 = CARTESIAN_POINT('',(-13.61914276754,-57.0256263989,
    34.894309603254));
#7180 = CARTESIAN_POINT('',(-12.74931781619,-57.19137452578,
    36.71327078885));
#7181 = CARTESIAN_POINT('',(-11.92909790078,-57.27801306351,
    38.555889575549));
#7182 = CARTESIAN_POINT('',(-11.16065714076,-57.2821470608,
    40.41582957013));
#7183 = CARTESIAN_POINT('',(-44.52017991647,-37.45853757691,
    0.431627534685));
#7184 = CARTESIAN_POINT('',(-44.11063698685,-37.78665977993,
    0.701240222474));
#7185 = CARTESIAN_POINT('',(-43.70165623349,-38.11275127928,
    0.974290870632));
#7186 = CARTESIAN_POINT('',(-43.29328242582,-38.43679330041,
    1.250792330906));
#7187 = CARTESIAN_POINT('',(-42.8855597058,-38.75876409742,1.53075758397
    ));
#7188 = CARTESIAN_POINT('',(-42.47853158791,-39.07863895302,
    1.814199739423));
#7189 = CARTESIAN_POINT('',(-41.65401117681,-39.71884306989,
    2.397467246924));
#7190 = CARTESIAN_POINT('',(-41.2338805385,-40.04559519491,
    2.698514792771));
#7191 = CARTESIAN_POINT('',(-40.81458973379,-40.37003618344,
    3.003324811807));
#7192 = CARTESIAN_POINT('',(-40.39618641654,-40.69213214607,
    3.311911988134));
#7193 = CARTESIAN_POINT('',(-39.97871813902,-41.01184607974,
    3.624290953045));
#7194 = CARTESIAN_POINT('',(-39.12900545473,-41.65444285704,4.2705015606
    ));
#7195 = CARTESIAN_POINT('',(-38.69416271155,-41.9836724498,4.6056636547)
  );
#7196 = CARTESIAN_POINT('',(-38.26045153365,-42.3102010432,
    4.945014715906));
#7197 = CARTESIAN_POINT('',(-37.8279268663,-42.63397907349,
    5.288571130304));
#7198 = CARTESIAN_POINT('',(-37.39664412298,-42.95495342167,
    5.63634892304));
#7199 = CARTESIAN_POINT('',(-36.51888399027,-43.59953590445,
    6.356242368293));
#7200 = CARTESIAN_POINT('',(-36.06984122839,-43.92944280821,
    6.729738457509));
#7201 = CARTESIAN_POINT('',(-35.62228816178,-44.25614333484,
    7.107905485515));
#7202 = CARTESIAN_POINT('',(-35.17629027044,-44.57956806256,
    7.490760605376));
#7203 = CARTESIAN_POINT('',(-34.73191418646,-44.89964334336,
    7.878320065232));
#7204 = CARTESIAN_POINT('',(-33.81980657212,-45.54709760039,
    8.688085576272));
#7205 = CARTESIAN_POINT('',(-33.34961584997,-45.88058233916,
    9.111908452635));
#7206 = CARTESIAN_POINT('',(-32.88143079313,-46.21007137575,
    9.541121938244));
#7207 = CARTESIAN_POINT('',(-32.41533587064,-46.53546462892,
    9.975742730706));
#7208 = CARTESIAN_POINT('',(-31.95141768918,-46.85665648536,
    10.415785525921));
#7209 = CARTESIAN_POINT('',(-30.99526441823,-47.50786443293,
    11.340197991778));
#7210 = CARTESIAN_POINT('',(-30.50070106752,-47.84376626897,
    11.826406175197));
#7211 = CARTESIAN_POINT('',(-30.00887891248,-48.17452268776,
    12.318938979861));
#7212 = CARTESIAN_POINT('',(-29.51991258998,-48.49998706717,
    12.817808151923));
#7213 = CARTESIAN_POINT('',(-29.03392033644,-48.82000518861,
    13.323021173727));
#7214 = CARTESIAN_POINT('',(-28.01574410296,-49.47755200986,
    14.403739015988));
#7215 = CARTESIAN_POINT('',(-27.48161851556,-49.82029987327,
    14.981747266349));
#7216 = CARTESIAN_POINT('',(-26.95150858647,-50.15585541647,
    15.567645618689));
#7217 = CARTESIAN_POINT('',(-26.42558978902,-50.48398238255,
    16.161429229491));
#7218 = CARTESIAN_POINT('',(-25.90404392689,-50.80443276067,
    16.763083179522));
#7219 = CARTESIAN_POINT('',(-24.80927515322,-51.46065103681,
    18.056240095277));
#7220 = CARTESIAN_POINT('',(-24.23455562753,-51.80091775117,
    18.750763045839));
#7221 = CARTESIAN_POINT('',(-23.66585830991,-52.13080081047,
    19.455148867348));
#7222 = CARTESIAN_POINT('',(-23.10346098843,-52.44991344574,
    20.169339331302));
#7223 = CARTESIAN_POINT('',(-22.54765155303,-52.75785145351,
    20.893252149666));
#7224 = CARTESIAN_POINT('',(-21.00389676297,-53.58192989989,
    22.960959607592));
#7225 = CARTESIAN_POINT('',(-20.02921283192,-54.07778425301,
    24.32798605566));
#7226 = CARTESIAN_POINT('',(-19.07914852372,-54.53264757462,
    25.726240583705));
#7227 = CARTESIAN_POINT('',(-18.15561651017,-54.94379945538,
    27.154718122427));
#7228 = CARTESIAN_POINT('',(-17.26059422189,-55.30839667562,
    28.611997530883));
#7229 = CARTESIAN_POINT('',(-15.38928908107,-55.98407598558,
    31.828667102103));
#7230 = CARTESIAN_POINT('',(-14.42139709004,-56.28373707679,
    33.598848901174));
#7231 = CARTESIAN_POINT('',(-13.49823851416,-56.51141762767,
    35.402546149572));
#7232 = CARTESIAN_POINT('',(-12.62292794765,-56.6625731178,
    37.235622304096));
#7233 = CARTESIAN_POINT('',(-11.79827784338,-56.73293583602,
    39.092859412937));
#7234 = CARTESIAN_POINT('',(-11.02650857865,-56.71903859806,
    40.967786265999));
#7235 = CARTESIAN_POINT('',(-44.84149633668,-36.58081743665,
    1.247336788701));
#7236 = CARTESIAN_POINT('',(-44.42285622587,-36.90740635917,
    1.517789240844));
#7237 = CARTESIAN_POINT('',(-44.00479000331,-37.23192227169,
    1.791751277531));
#7238 = CARTESIAN_POINT('',(-43.58734337115,-37.55434600854,
    2.069236018253));
#7239 = CARTESIAN_POINT('',(-43.17056139097,-37.87465537075,
    2.350256714115));
#7240 = CARTESIAN_POINT('',(-42.7544884838,-38.19282512612,
    2.634826747832));
#7241 = CARTESIAN_POINT('',(-41.91544575839,-38.8330579596,
    3.218599890911));
#7242 = CARTESIAN_POINT('',(-41.48611002386,-39.15807544132,
    3.520901790637));
#7243 = CARTESIAN_POINT('',(-41.05763161946,-39.48073363789,
    3.827044548409));
#7244 = CARTESIAN_POINT('',(-40.63005919184,-39.80099795384,
    4.13704315425));
#7245 = CARTESIAN_POINT('',(-40.20344128394,-40.11883061523,
    4.45091254427));
#7246 = CARTESIAN_POINT('',(-39.33894534877,-40.76110114014,
    5.098377210276));
#7247 = CARTESIAN_POINT('',(-38.89474224738,-41.08841570693,
    5.435181789649));
#7248 = CARTESIAN_POINT('',(-38.45169428555,-41.41297300354,
    5.776262606277));
#7249 = CARTESIAN_POINT('',(-38.00985755324,-41.73472243365,
    6.121636387622));
#7250 = CARTESIAN_POINT('',(-37.56928861837,-42.05360977159,
    6.471319492686));
#7251 = CARTESIAN_POINT('',(-36.6764737721,-42.69742745703,
    7.193334741354));
#7252 = CARTESIAN_POINT('',(-36.21793643726,-43.02518552825,
    7.568927214949));
#7253 = CARTESIAN_POINT('',(-35.760919833,-43.3496704228,7.949287938557)
  );
#7254 = CARTESIAN_POINT('',(-35.3054908035,-43.67081127265,
    8.334434422602));
#7255 = CARTESIAN_POINT('',(-34.85171736901,-43.98853289542,
    8.724383253723));
#7256 = CARTESIAN_POINT('',(-33.924237387,-44.63467179233,9.537294161263
    ));
#7257 = CARTESIAN_POINT('',(-33.44434780884,-44.96571976261,
    9.963757880909));
#7258 = CARTESIAN_POINT('',(-32.96650568068,-45.2926887869,
    10.395724514161));
#7259 = CARTESIAN_POINT('',(-32.49079723133,-45.61547669894,
    10.833211106491));
#7260 = CARTESIAN_POINT('',(-32.01731087179,-45.93397568516,
    11.276232659966));
#7261 = CARTESIAN_POINT('',(-31.04539580786,-46.58313624768,
    12.205052390278));
#7262 = CARTESIAN_POINT('',(-30.54091773111,-46.91620391876,
    12.694578516437));
#7263 = CARTESIAN_POINT('',(-30.03923795828,-47.24401897641,
    13.190561026782));
#7264 = CARTESIAN_POINT('',(-29.5404735145,-47.56643174387,
    13.69301191218));
#7265 = CARTESIAN_POINT('',(-29.04474509945,-47.88328478963,
    14.201938810856));
#7266 = CARTESIAN_POINT('',(-28.01027262593,-48.53775400638,
    15.288704144722));
#7267 = CARTESIAN_POINT('',(-27.46587390417,-48.87709580373,
    15.870949298801));
#7268 = CARTESIAN_POINT('',(-26.92557450026,-49.20909544086,
    16.461248931982));
#7269 = CARTESIAN_POINT('',(-26.38955354324,-49.53351173885,
    17.059598099844));
#7270 = CARTESIAN_POINT('',(-25.85799662437,-49.85009151997,
    17.665981572336));
#7271 = CARTESIAN_POINT('',(-24.74636061785,-50.50163268642,
    18.967426187719));
#7272 = CARTESIAN_POINT('',(-24.16108113092,-50.83758434363,
    19.667421365992));
#7273 = CARTESIAN_POINT('',(-23.58194931473,-51.16293601964,
    20.377484891691));
#7274 = CARTESIAN_POINT('',(-23.00924874459,-51.47729288779,
    21.097557323218));
#7275 = CARTESIAN_POINT('',(-22.44327330817,-51.78024232369,
    21.827554658207));
#7276 = CARTESIAN_POINT('',(-20.87803316582,-52.59587628164,
    23.909585136796));
#7277 = CARTESIAN_POINT('',(-19.88863355748,-53.08424982163,
    25.287185219108));
#7278 = CARTESIAN_POINT('',(-18.92436648079,-53.53077835026,
    26.696663966396));
#7279 = CARTESIAN_POINT('',(-17.98718445489,-53.93268478304,
    28.136995370417));
#7280 = CARTESIAN_POINT('',(-17.07910610687,-54.28706666654,
    29.606728683124));
#7281 = CARTESIAN_POINT('',(-15.18522562241,-54.94241414554,
    32.849427683386));
#7282 = CARTESIAN_POINT('',(-14.2043165514,-55.22811853526,
    34.635260967198));
#7283 = CARTESIAN_POINT('',(-13.26907284169,-55.44034279007,
    36.455307938864));
#7284 = CARTESIAN_POINT('',(-12.38267397488,-55.57444771202,
    38.305345877201));
#7285 = CARTESIAN_POINT('',(-11.54799099659,-55.62607667932,
    40.180048123069));
#7286 = CARTESIAN_POINT('',(-10.76729054201,-55.59169027468,
    42.072808649497));
#7287 = CARTESIAN_POINT('',(-45.00216380428,-36.1419320784,
    1.655214917221));
#7288 = CARTESIAN_POINT('',(-44.58020687626,-36.46942445695,
    1.923681144411));
#7289 = CARTESIAN_POINT('',(-44.15883554849,-36.79480151917,
    2.195728580321));
#7290 = CARTESIAN_POINT('',(-43.73809645583,-37.11804370824,
    2.471370612184));
#7291 = CARTESIAN_POINT('',(-43.31803557948,-37.43912837219,
    2.750620761537));
#7292 = CARTESIAN_POINT('',(-42.898698247,-37.75802976384,3.033492684212
    ));
#7293 = CARTESIAN_POINT('',(-42.05091357128,-38.40072805045,
    3.614945473563));
#7294 = CARTESIAN_POINT('',(-41.61815310451,-38.72644762541,
    3.915675737861));
#7295 = CARTESIAN_POINT('',(-41.1862674644,-39.04975976653,
    4.220325245063));
#7296 = CARTESIAN_POINT('',(-40.7553062904,-39.37062917233,
    4.528909291111));
#7297 = CARTESIAN_POINT('',(-40.32531911612,-39.68901729797,
    4.841443116933));
#7298 = CARTESIAN_POINT('',(-39.45182029404,-40.33339830701,
    5.487335852083));
#7299 = CARTESIAN_POINT('',(-39.00403719844,-40.66123458435,
    5.822956927424));
#7300 = CARTESIAN_POINT('',(-38.55743281666,-40.9862573207,
    6.162941510166));
#7301 = CARTESIAN_POINT('',(-38.11206438337,-41.30841488713,
    6.507306669151));
#7302 = CARTESIAN_POINT('',(-37.66798962095,-41.62765195137,
    6.856069097237));
#7303 = CARTESIAN_POINT('',(-36.7659004251,-42.27314157599,
    7.577380160015));
#7304 = CARTESIAN_POINT('',(-36.30364888128,-42.60118755118,
    7.952243028681));
#7305 = CARTESIAN_POINT('',(-35.84294910337,-42.92589355019,
    8.331971458585));
#7306 = CARTESIAN_POINT('',(-35.38386929969,-43.24718725868,
    8.716583317507));
#7307 = CARTESIAN_POINT('',(-34.92647887868,-43.56499195995,
    9.106095530589));
#7308 = CARTESIAN_POINT('',(-33.98940689299,-44.21225223327,
    9.919325845319));
#7309 = CARTESIAN_POINT('',(-33.5055988228,-44.54330017156,
    10.345604418943));
#7310 = CARTESIAN_POINT('',(-33.02387998731,-44.87018592007,
    10.777498210532));
#7311 = CARTESIAN_POINT('',(-32.5443383751,-45.19280522752,
    11.215024613424));
#7312 = CARTESIAN_POINT('',(-32.06706420146,-45.51104808004,
    11.658198935852));
#7313 = CARTESIAN_POINT('',(-31.08516770852,-46.16059799402,
    12.588599941313));
#7314 = CARTESIAN_POINT('',(-30.57655526972,-46.49326823668,
    13.078618020904));
#7315 = CARTESIAN_POINT('',(-30.07079824309,-46.82057866971,
    13.575224247625));
#7316 = CARTESIAN_POINT('',(-29.56801604202,-47.14237656173,
    14.078430857051));
#7317 = CARTESIAN_POINT('',(-29.06833182944,-47.45850126834,
    14.588245643293));
#7318 = CARTESIAN_POINT('',(-28.02334347988,-48.11232961711,
    15.678232479459));
#7319 = CARTESIAN_POINT('',(-27.47445198773,-48.45070208492,
    16.261888547948));
#7320 = CARTESIAN_POINT('',(-26.929743473,-48.78158255251,
    16.853763472665));
#7321 = CARTESIAN_POINT('',(-26.3894007204,-49.10472491893,
    17.45385220828));
#7322 = CARTESIAN_POINT('',(-25.85361310876,-49.41987083957,
    18.062139213926));
#7323 = CARTESIAN_POINT('',(-24.73089023338,-50.06917163285,
    19.36904553963));
#7324 = CARTESIAN_POINT('',(-24.14083114919,-50.40324496945,
    20.071686956308));
#7325 = CARTESIAN_POINT('',(-23.55704519842,-50.72650199869,
    20.78460219689));
#7326 = CARTESIAN_POINT('',(-22.97982174362,-51.03853983623,
    21.507730606685));
#7327 = CARTESIAN_POINT('',(-22.40946067016,-51.33893743679,
    22.240986468991));
#7328 = CARTESIAN_POINT('',(-20.8285155395,-52.14856364284,
    24.334513978937));
#7329 = CARTESIAN_POINT('',(-19.83018061785,-52.6318931062,
    25.719861706186));
#7330 = CARTESIAN_POINT('',(-18.85749113667,-53.07252357839,
    27.13773868341));
#7331 = CARTESIAN_POINT('',(-17.91243946241,-53.46762129972,
    28.587097963424));
#7332 = CARTESIAN_POINT('',(-16.99708541864,-53.81422458299,
    30.066459191077));
#7333 = CARTESIAN_POINT('',(-15.08640995452,-54.45167696755,
    33.332361631074));
#7334 = CARTESIAN_POINT('',(-14.09826416751,-54.7258613923,
    35.13102041032));
#7335 = CARTESIAN_POINT('',(-13.15671568795,-54.92506608756,
    36.964591115947));
#7336 = CARTESIAN_POINT('',(-12.26500888483,-55.04455717786,
    38.82876484879));
#7337 = CARTESIAN_POINT('',(-11.42607339652,-55.07988913075,
    40.718106242379));
#7338 = CARTESIAN_POINT('',(-10.64222211607,-55.02745029596,
    42.625874452865));
#7339 = CARTESIAN_POINT('',(-45.16283127188,-35.70304672016,
    2.06309304574));
#7340 = CARTESIAN_POINT('',(-44.73764648439,-36.03143268798,
    2.329582719321));
#7341 = CARTESIAN_POINT('',(-44.31305900916,-36.35766103316,
    2.599725225794));
#7342 = CARTESIAN_POINT('',(-43.88911641373,-36.68171180772,
    2.873534220141));
#7343 = CARTESIAN_POINT('',(-43.46586559894,-37.00356190666,
    3.151023494327));
#7344 = CARTESIAN_POINT('',(-43.04335279891,-37.32318506785,
    3.432206977302));
#7345 = CARTESIAN_POINT('',(-42.18691513061,-37.96833894085,
    4.011349084266));
#7346 = CARTESIAN_POINT('',(-41.75081888935,-38.2947507423,
    4.310517384478));
#7347 = CARTESIAN_POINT('',(-41.31561497129,-38.61870696123,
    4.613683312452));
#7348 = CARTESIAN_POINT('',(-40.88135400865,-38.94017159014,
    4.920862470049));
#7349 = CARTESIAN_POINT('',(-40.44808652572,-39.25910531328,
    5.232070403016));
#7350 = CARTESIAN_POINT('',(-39.56567377448,-39.90558693971,
    5.876400878652));
#7351 = CARTESIAN_POINT('',(-39.1143996424,-40.23393506087,
    6.210848121302));
#7352 = CARTESIAN_POINT('',(-38.66432779842,-40.5594133702,
    6.549746141502));
#7353 = CARTESIAN_POINT('',(-38.2155166219,-40.88196920622,
    6.893112349469));
#7354 = CARTESIAN_POINT('',(-37.76802498966,-41.20154613,7.240963771919)
  );
#7355 = CARTESIAN_POINT('',(-36.85675040197,-41.84869782707,
    7.961580320147));
#7356 = CARTESIAN_POINT('',(-36.39087360692,-42.1770218395,
    8.335723255226));
#7357 = CARTESIAN_POINT('',(-35.92657961309,-42.50193907622,
    8.71482906277));
#7358 = CARTESIAN_POINT('',(-35.46393799298,-42.8233757766,9.09891596791
    ));
#7359 = CARTESIAN_POINT('',(-35.0030195432,-43.14125368964,
    9.488001234293));
#7360 = CARTESIAN_POINT('',(-34.05644451155,-43.78962547262,
    10.301560627558));
#7361 = CARTESIAN_POINT('',(-33.56880690708,-44.12066351218,
    10.727663726501));
#7362 = CARTESIAN_POINT('',(-33.08330032201,-44.44745611817,
    11.159494347768));
#7363 = CARTESIAN_POINT('',(-32.60001450467,-44.76989695428,
    11.597070232565));
#7364 = CARTESIAN_POINT('',(-32.11904147468,-45.08787380636,
    12.040406995288));
#7365 = CARTESIAN_POINT('',(-31.12725251047,-45.73780320507,
    12.97239894724));
#7366 = CARTESIAN_POINT('',(-30.61459466738,-46.07006615256,
    13.462918651605));
#7367 = CARTESIAN_POINT('',(-30.10484934468,-46.39686209423,
    13.960158266043));
#7368 = CARTESIAN_POINT('',(-29.59813834405,-46.71803524406,
    14.46413027084));
#7369 = CARTESIAN_POINT('',(-29.09458729169,-47.03342174479,
    14.974842615989));
#7370 = CARTESIAN_POINT('',(-28.03917202382,-47.68659935883,
    16.068060625796));
#7371 = CARTESIAN_POINT('',(-27.48587671905,-48.02399263036,
    16.653137280038));
#7372 = CARTESIAN_POINT('',(-26.93684805123,-48.35374406166,
    17.246597167633));
#7373 = CARTESIAN_POINT('',(-26.39227246078,-48.67560262978,
    17.848435142343));
#7374 = CARTESIAN_POINT('',(-25.85234311412,-48.98930482319,
    18.458635352485));
#7375 = CARTESIAN_POINT('',(-24.71862232762,-49.63635537656,
    19.771013059852));
#7376 = CARTESIAN_POINT('',(-24.12387260393,-49.96854052579,
    20.476310386277));
#7377 = CARTESIAN_POINT('',(-23.53552147631,-50.28969304152,
    21.192087013085));
#7378 = CARTESIAN_POINT('',(-22.95386409459,-50.59940198172,
    21.918281072489));
#7379 = CARTESIAN_POINT('',(-22.37920634184,-50.89723788019,
    22.654805133455));
#7380 = CARTESIAN_POINT('',(-20.78264518061,-51.70084646759,
    24.7598393461));
#7381 = CARTESIAN_POINT('',(-19.7754639034,-52.1791219876,
    26.152944389628));
#7382 = CARTESIAN_POINT('',(-18.79444097546,-52.6138445366,
    27.579229268131));
#7383 = CARTESIAN_POINT('',(-17.84160861058,-53.00212367972,
    29.037626095479));
#7384 = CARTESIAN_POINT('',(-16.91906782881,-53.34093849604,
    30.526624909418));
#7385 = CARTESIAN_POINT('',(-14.99168634276,-53.96048591941,
    33.815740460493));
#7386 = CARTESIAN_POINT('',(-13.9963927975,-54.22314051245,
    35.627234406515));
#7387 = CARTESIAN_POINT('',(-13.04862850584,-54.40931578142,
    37.474338517446));
#7388 = CARTESIAN_POINT('',(-12.15170272414,-54.51418317332,
    39.352657716136));
#7389 = CARTESIAN_POINT('',(-11.30860368355,-54.53320824507,
    41.256647928789));
#7390 = CARTESIAN_POINT('',(-10.52169053499,-54.46270711338,
    43.179433494676));
#7391 = CARTESIAN_POINT('',(-45.32349873947,-35.26416136191,
    2.470971174259));
#7392 = CARTESIAN_POINT('',(-44.89517485316,-35.59343162821,
    2.735493401043));
#7393 = CARTESIAN_POINT('',(-44.46745999111,-35.92050196553,
    3.003740084895));
#7394 = CARTESIAN_POINT('',(-44.04040265357,-36.24535203478,
    3.275725148539));
#7395 = CARTESIAN_POINT('',(-43.61405066099,-36.56795827789,
    3.551462654372));
#7396 = CARTESIAN_POINT('',(-43.18845115404,-36.88829391782,
    3.83096680446));
#7397 = CARTESIAN_POINT('',(-42.32344925382,-37.5358940864,
    4.407807335851));
#7398 = CARTESIAN_POINT('',(-41.8841059987,-37.86298882353,
    4.705422778791));
#7399 = CARTESIAN_POINT('',(-41.44567256332,-38.18757982947,
    5.007114234351));
#7400 = CARTESIAN_POINT('',(-41.00820057269,-38.50963039068,
    5.31289761031));
#7401 = CARTESIAN_POINT('',(-40.57174154176,-38.82910042051,
    5.622788757236));
#7402 = CARTESIAN_POINT('',(-39.68050362201,-39.47767337352,
    6.265566080171));
#7403 = CARTESIAN_POINT('',(-39.22582721409,-39.80652404768,
    6.598848596943));
#7404 = CARTESIAN_POINT('',(-38.77237666855,-40.13244863919,
    6.936669161414));
#7405 = CARTESIAN_POINT('',(-38.32021150944,-40.455393454,7.279045525177
    ));
#7406 = CARTESIAN_POINT('',(-37.86939176803,-40.77530094652,
    7.625995048805));
#7407 = CARTESIAN_POINT('',(-36.94902054915,-41.42410542522,
    8.345926189297));
#7408 = CARTESIAN_POINT('',(-36.47960726351,-41.75269818407,
    8.719358297604));
#7409 = CARTESIAN_POINT('',(-36.01180781441,-42.07781736769,
    9.097850589599));
#7410 = CARTESIAN_POINT('',(-35.54569313851,-42.39938776917,
    9.481421647772));
#7411 = CARTESIAN_POINT('',(-35.08133542059,-42.71732960316,
    9.870089074271));
#7412 = CARTESIAN_POINT('',(-34.12534610365,-43.36680360499,
    10.683986652883));
#7413 = CARTESIAN_POINT('',(-33.63396772554,-43.69782245502,
    11.109923383959));
#7414 = CARTESIAN_POINT('',(-33.14476215151,-44.02451262768,
    11.541699941717));
#7415 = CARTESIAN_POINT('',(-32.65782088969,-44.34676570164,
    11.979334415233));
#7416 = CARTESIAN_POINT('',(-32.173237764,-44.66446726247,
    12.422842725064));
#7417 = CARTESIAN_POINT('',(-31.17164508918,-45.3147668551,
    13.356434730321));
#7418 = CARTESIAN_POINT('',(-30.65503060241,-45.64661321661,
    13.847465166274));
#7419 = CARTESIAN_POINT('',(-30.1413857443,-45.97288537611,
    14.345347275242));
#7420 = CARTESIAN_POINT('',(-29.63083470476,-46.29342449295,
    14.850093782224));
#7421 = CARTESIAN_POINT('',(-29.12350557326,-46.60806349698,
    15.361712793095));
#7422 = CARTESIAN_POINT('',(-28.05775214774,-47.26058108549,
    16.458171083357));
#7423 = CARTESIAN_POINT('',(-27.50014179097,-47.59698586993,
    17.044677430165));
#7424 = CARTESIAN_POINT('',(-26.94688173071,-47.92559897414,
    17.639731387451));
#7425 = CARTESIAN_POINT('',(-26.39816206307,-48.24616445314,
    18.24332770807));
#7426 = CARTESIAN_POINT('',(-25.85417974202,-48.55841362852,
    18.855450229522));
#7427 = CARTESIAN_POINT('',(-24.70954980505,-49.20320465117,
    20.173308425365));
#7428 = CARTESIAN_POINT('',(-24.11019820249,-49.53349232223,
    20.881270768351));
#7429 = CARTESIAN_POINT('',(-23.51737065868,-49.85253103364,
    21.599917888197));
#7430 = CARTESIAN_POINT('',(-22.93136811068,-50.15990178568,
    22.329186704024));
#7431 = CARTESIAN_POINT('',(-22.35250243928,-50.45516669127,
    23.068988070464));
#7432 = CARTESIAN_POINT('',(-20.74041400813,-51.25274836921,
    25.185538092621));
#7433 = CARTESIAN_POINT('',(-19.724475136,-51.72596065505,
    26.586409559242));
#7434 = CARTESIAN_POINT('',(-18.73520752194,-52.15476599006,
    28.021111445837));
#7435 = CARTESIAN_POINT('',(-17.77468322709,-52.53621726416,
    29.488554927333));
#7436 = CARTESIAN_POINT('',(-16.84504446795,-52.86723432271,
    30.987200434374));
#7437 = CARTESIAN_POINT('',(-14.90104572063,-53.46886749409,
    34.29953820334));
#7438 = CARTESIAN_POINT('',(-13.89869317776,-53.71998296462,
    36.123876422951));
#7439 = CARTESIAN_POINT('',(-12.94480183464,-53.89311951648,37.984523046
    ));
#7440 = CARTESIAN_POINT('',(-12.04274583501,-53.98335391917,
    39.876996817351));
#7441 = CARTESIAN_POINT('',(-11.19557200279,-53.98606281897,
    41.79564495588));
#7442 = CARTESIAN_POINT('',(-10.40568574674,-53.89749009958,
    43.733456983982));
#7443 = ADVANCED_FACE('',(#7444),#7463,.F.);
#7444 = FACE_BOUND('',#7445,.T.);
#7445 = EDGE_LOOP('',(#7446,#7454,#7455,#7456));
#7446 = ORIENTED_EDGE('',*,*,#7447,.T.);
#7447 = EDGE_CURVE('',#7448,#3314,#7450,.T.);
#7448 = VERTEX_POINT('',#7449);
#7449 = CARTESIAN_POINT('',(-5.222E-12,-78.86232335714,-2.517467586495)
  );
#7450 = LINE('',#7451,#7452);
#7451 = CARTESIAN_POINT('',(-5.22212E-12,-78.86232335714,-2.517467586495
    ));
#7452 = VECTOR('',#7453,1.);
#7453 = DIRECTION('',(-3.147E-14,0.811852882769,0.583862052834));
#7454 = ORIENTED_EDGE('',*,*,#3313,.T.);
#7455 = ORIENTED_EDGE('',*,*,#7447,.F.);
#7456 = ORIENTED_EDGE('',*,*,#7457,.F.);
#7457 = EDGE_CURVE('',#7448,#7448,#7458,.T.);
#7458 = CIRCLE('',#7459,1.5);
#7459 = AXIS2_PLACEMENT_3D('',#7460,#7461,#7462);
#7460 = CARTESIAN_POINT('',(-6.8872E-12,-77.98653027789,-3.735246910649)
  );
#7461 = DIRECTION('',(-3.186664116439E-14,0.811852882769,0.583862052834)
  );
#7462 = DIRECTION('',(1.112E-12,-0.583862052834,0.811852882769));
#7463 = CYLINDRICAL_SURFACE('',#7464,1.5);
#7464 = AXIS2_PLACEMENT_3D('',#7465,#7466,#7467);
#7465 = CARTESIAN_POINT('',(-6.88979E-12,-77.98653027789,-3.735246910649
    ));
#7466 = DIRECTION('',(3.132E-14,-0.811852882769,-0.583862052834));
#7467 = DIRECTION('',(1.11178E-12,-0.583862052834,0.811852882769));
#7468 = ADVANCED_FACE('',(#7469),#7502,.T.);
#7469 = FACE_BOUND('',#7470,.T.);
#7470 = EDGE_LOOP('',(#7471,#7472,#7501));
#7471 = ORIENTED_EDGE('',*,*,#4626,.F.);
#7472 = ORIENTED_EDGE('',*,*,#7473,.T.);
#7473 = EDGE_CURVE('',#3933,#3675,#7474,.T.);
#7474 = B_SPLINE_CURVE_WITH_KNOTS('',7,(#7475,#7476,#7477,#7478,#7479,
    #7480,#7481,#7482,#7483,#7484,#7485,#7486,#7487,#7488,#7489,#7490,
    #7491,#7492,#7493,#7494,#7495,#7496,#7497,#7498,#7499,#7500),
  .UNSPECIFIED.,.F.,.F.,(8,6,6,6,8),(0.,0.207746855071,0.499999987577,
    0.792888035211,1.),.UNSPECIFIED.);
#7475 = CARTESIAN_POINT('',(-10.40568574674,-53.89749009958,
    43.733456983982));
#7476 = CARTESIAN_POINT('',(-9.882384046023,-54.24694298398,
    43.390924643943));
#7477 = CARTESIAN_POINT('',(-9.342994446133,-54.57785170365,
    43.066569221098));
#7478 = CARTESIAN_POINT('',(-8.787757815198,-54.88946425212,
    42.761127829212));
#7479 = CARTESIAN_POINT('',(-8.217069954348,-55.18085754224,
    42.475505274663));
#7480 = CARTESIAN_POINT('',(-7.631529060372,-55.4509865761,
    42.210725860305));
#7481 = CARTESIAN_POINT('',(-7.031974517263,-55.69874665144,
    41.967872410924));
#7482 = CARTESIAN_POINT('',(-5.557926967451,-56.23859103958,
    41.438719069293));
#7483 = CARTESIAN_POINT('',(-4.670675102676,-56.50775588559,
    41.174884748062));
#7484 = CARTESIAN_POINT('',(-3.761088135745,-56.72739619648,
    40.959594180963));
#7485 = CARTESIAN_POINT('',(-2.833488425049,-56.89454560473,
    40.795754989765));
#7486 = CARTESIAN_POINT('',(-1.893253282395,-57.00682590392,
    40.685698283014));
#7487 = CARTESIAN_POINT('',(-0.946577900784,-57.06295565621,
    40.630680121045));
#7488 = CARTESIAN_POINT('',(0.94863517373,-57.0629556131,40.630680163293
    ));
#7489 = CARTESIAN_POINT('',(1.897367650534,-57.00658167147,
    40.685937678705));
#7490 = CARTESIAN_POINT('',(2.839617302683,-56.89381284285,
    40.796473240077));
#7491 = CARTESIAN_POINT('',(3.769149107132,-56.72594194621,
    40.961019631352));
#7492 = CARTESIAN_POINT('',(4.680554670632,-56.50536754398,
    41.177225791094));
#7493 = CARTESIAN_POINT('',(5.569490860736,-56.23507900174,
    41.442161554937));
#7494 = CARTESIAN_POINT('',(7.042968210095,-55.6941996766,
    41.972329337738));
#7495 = CARTESIAN_POINT('',(7.640476583962,-55.44685616598,
    42.214774472021));
#7496 = CARTESIAN_POINT('',(8.224046584562,-55.17729369419,
    42.478998544479));
#7497 = CARTESIAN_POINT('',(8.792848768614,-54.88660628995,
    42.763929192464));
#7498 = CARTESIAN_POINT('',(9.34629166946,-54.57582863335,
    43.068552226629));
#7499 = CARTESIAN_POINT('',(9.883983560513,-54.24587485263,
    43.391971622083));
#7500 = CARTESIAN_POINT('',(10.405685746748,-53.89749009958,
    43.733456983982));
#7501 = ORIENTED_EDGE('',*,*,#3674,.T.);
#7502 = B_SPLINE_SURFACE_WITH_KNOTS('',1,4,(
    (#7503,#7504,#7505,#7506,#7507,#7508,#7509,#7510,#7511,#7512,#7513
      ,#7514,#7515,#7516,#7517,#7518,#7519,#7520,#7521,#7522,#7523,#7524
      ,#7525,#7526,#7527,#7528,#7529,#7530,#7531,#7532,#7533,#7534,#7535
      ,#7536,#7537,#7538,#7539,#7540,#7541,#7542,#7543,#7544,#7545,#7546
      ,#7547,#7548,#7549,#7550,#7551,#7552,#7553,#7554,#7555)
    ,(#7556,#7557,#7558,#7559,#7560,#7561,#7562,#7563,#7564,#7565,#7566
      ,#7567,#7568,#7569,#7570,#7571,#7572,#7573,#7574,#7575,#7576,#7577
      ,#7578,#7579,#7580,#7581,#7582,#7583,#7584,#7585,#7586,#7587,#7588
      ,#7589,#7590,#7591,#7592,#7593,#7594,#7595,#7596,#7597,#7598,#7599
      ,#7600,#7601,#7602,#7603,#7604,#7605,#7606,#7607,#7608
  )),.UNSPECIFIED.,.F.,.F.,.F.,(2,2),(5,3,3,3,3,3,3,3,3,3,3,3,3,3,3,3,3,
    5),(0.,42.864640130088),(0.,6.930831776833E-02,0.138608648591,
    0.208129651147,0.277897239412,0.348159260451,0.418158696015,
    0.487925674262,0.557421239568,0.559001977009,0.61281310959,
    0.668343584583,0.723959185623,0.779559626351,0.835046254464,
    0.890323941405,0.945303265011,1.),.UNSPECIFIED.);
#7503 = CARTESIAN_POINT('',(-10.40568574674,-53.89749009958,
    43.733456983982));
#7504 = CARTESIAN_POINT('',(-10.52169053499,-54.46270711338,
    43.179433494676));
#7505 = CARTESIAN_POINT('',(-10.64222211607,-55.02745029596,
    42.625874452865));
#7506 = CARTESIAN_POINT('',(-10.76729054201,-55.59169027468,
    42.072808649497));
#7507 = CARTESIAN_POINT('',(-11.02650857865,-56.71903859806,
    40.967786265999));
#7508 = CARTESIAN_POINT('',(-11.16065714076,-57.2821470608,
    40.41582957013));
#7509 = CARTESIAN_POINT('',(-11.29936392714,-57.84469218263,
    39.864425058807));
#7510 = CARTESIAN_POINT('',(-11.58637493088,-58.97038319462,
    38.761027165405));
#7511 = CARTESIAN_POINT('',(-11.73470830218,-59.53352528867,
    38.20903750426));
#7512 = CARTESIAN_POINT('',(-11.88765391734,-60.09603799021,
    37.657664771175));
#7513 = CARTESIAN_POINT('',(-12.20335585894,-61.22173295556,
    36.554263002708));
#7514 = CARTESIAN_POINT('',(-12.36614505835,-61.784910512,
    36.002238581468));
#7515 = CARTESIAN_POINT('',(-12.53360685,-62.34738912913,35.450899257791
    ));
#7516 = CARTESIAN_POINT('',(-12.87912560279,-63.47486212078,
    34.345754674954));
#7517 = CARTESIAN_POINT('',(-13.05724923894,-64.03984606852,
    33.791959636074));
#7518 = CARTESIAN_POINT('',(-13.24014245097,-64.60405255339,
    33.238926663249));
#7519 = CARTESIAN_POINT('',(-13.61479967009,-65.72873375098,
    32.136518585946));
#7520 = CARTESIAN_POINT('',(-13.80652796938,-66.28921452374,
    31.587137541442));
#7521 = CARTESIAN_POINT('',(-14.00302299689,-66.84885297786,
    31.038582134347));
#7522 = CARTESIAN_POINT('',(-14.40491311864,-67.9645164659,
    29.945013180402));
#7523 = CARTESIAN_POINT('',(-14.6102764888,-68.52054732124,
    29.399993927418));
#7524 = CARTESIAN_POINT('',(-14.82040971719,-69.0756688147,
    28.855866027358));
#7525 = CARTESIAN_POINT('',(-15.24941675095,-70.18186174688,
    27.771580074942));
#7526 = CARTESIAN_POINT('',(-15.46825337119,-70.73294053333,
    27.231414820362));
#7527 = CARTESIAN_POINT('',(-15.69185941524,-71.28304230633,
    26.692207230521));
#7528 = CARTESIAN_POINT('',(-15.92544929284,-71.84461764252,
    26.141753299255));
#7529 = CARTESIAN_POINT('',(-15.93064725364,-71.85710761878,
    26.129512990405));
#7530 = CARTESIAN_POINT('',(-15.93584403439,-71.86958828191,
    26.117262674896));
#7531 = CARTESIAN_POINT('',(-16.11797677879,-72.30677446416,
    25.687840502792));
#7532 = CARTESIAN_POINT('',(-16.29537143293,-72.72509829785,
    25.264366204123));
#7533 = CARTESIAN_POINT('',(-16.4730121941,-73.13694269924,
    24.834689839578));
#7534 = CARTESIAN_POINT('',(-16.83402557467,-73.96043568157,
    23.949211035464));
#7535 = CARTESIAN_POINT('',(-17.01739995931,-74.37165745708,
    23.493012571238));
#7536 = CARTESIAN_POINT('',(-17.20056347918,-74.77577782118,
    23.03042771573));
#7537 = CARTESIAN_POINT('',(-17.56625610126,-75.5702159442,
    22.091983049058));
#7538 = CARTESIAN_POINT('',(-17.74878377902,-75.96051150032,
    21.616104088024));
#7539 = CARTESIAN_POINT('',(-17.93060524904,-76.3434747019,
    21.134036618561));
#7540 = CARTESIAN_POINT('',(-18.29227844719,-77.09441703121,
    20.157874796173));
#7541 = CARTESIAN_POINT('',(-18.47213068589,-77.46240013462,
    19.663783892531));
#7542 = CARTESIAN_POINT('',(-18.65076938116,-77.82283791123,
    19.163724875383));
#7543 = CARTESIAN_POINT('',(-19.00473648737,-78.5276729782,
    18.152928417648));
#7544 = CARTESIAN_POINT('',(-19.1800709281,-78.87210153138,
    17.642215084937));
#7545 = CARTESIAN_POINT('',(-19.35367885964,-79.20878896452,
    17.125779249772));
#7546 = CARTESIAN_POINT('',(-19.69626619936,-79.86520421543,
    16.083661367812));
#7547 = CARTESIAN_POINT('',(-19.86526059911,-80.18499108522,
    15.558021629771));
#7548 = CARTESIAN_POINT('',(-20.03201713533,-80.496858028,
    15.026933367014));
#7549 = CARTESIAN_POINT('',(-20.35963506168,-81.1028623262,
    13.957005134588));
#7550 = CARTESIAN_POINT('',(-20.52052346508,-81.39708628392,
    13.418222651761));
#7551 = CARTESIAN_POINT('',(-20.67867237061,-81.68322900928,
    12.874297176481));
#7552 = CARTESIAN_POINT('',(-20.9881638836,-82.23766528255,
    11.77925521067));
#7553 = CARTESIAN_POINT('',(-21.13953738253,-82.5060430392,
    11.22819022188));
#7554 = CARTESIAN_POINT('',(-21.28767637484,-82.76616749757,
    10.672305204646));
#7555 = CARTESIAN_POINT('',(-21.43232006504,-83.01790673675,
    10.111752467343));
#7556 = CARTESIAN_POINT('',(10.405685746748,-53.89749009958,
    43.733456983982));
#7557 = CARTESIAN_POINT('',(10.521690534991,-54.46270711338,
    43.179433494676));
#7558 = CARTESIAN_POINT('',(10.642222116079,-55.02745029596,
    42.625874452865));
#7559 = CARTESIAN_POINT('',(10.767290542014,-55.59169027468,
    42.072808649497));
#7560 = CARTESIAN_POINT('',(11.02650857865,-56.71903859806,
    40.967786265999));
#7561 = CARTESIAN_POINT('',(11.160657140765,-57.2821470608,
    40.41582957013));
#7562 = CARTESIAN_POINT('',(11.299363927143,-57.84469218263,
    39.864425058807));
#7563 = CARTESIAN_POINT('',(11.586374930889,-58.97038319462,
    38.761027165405));
#7564 = CARTESIAN_POINT('',(11.734708302183,-59.53352528867,
    38.20903750426));
#7565 = CARTESIAN_POINT('',(11.887653917349,-60.09603799021,
    37.657664771175));
#7566 = CARTESIAN_POINT('',(12.203355858947,-61.22173295556,
    36.554263002708));
#7567 = CARTESIAN_POINT('',(12.366145058357,-61.784910512,
    36.002238581468));
#7568 = CARTESIAN_POINT('',(12.533606850003,-62.34738912913,
    35.450899257791));
#7569 = CARTESIAN_POINT('',(12.879125602797,-63.47486212078,
    34.345754674954));
#7570 = CARTESIAN_POINT('',(13.057249238943,-64.03984606852,
    33.791959636074));
#7571 = CARTESIAN_POINT('',(13.240142450972,-64.60405255339,
    33.238926663249));
#7572 = CARTESIAN_POINT('',(13.61479967009,-65.72873375098,
    32.136518585946));
#7573 = CARTESIAN_POINT('',(13.806527969381,-66.28921452374,
    31.587137541442));
#7574 = CARTESIAN_POINT('',(14.003022996898,-66.84885297786,
    31.038582134347));
#7575 = CARTESIAN_POINT('',(14.40491311864,-67.9645164659,
    29.945013180402));
#7576 = CARTESIAN_POINT('',(14.610276488804,-68.52054732124,
    29.399993927418));
#7577 = CARTESIAN_POINT('',(14.820409717198,-69.0756688147,
    28.855866027358));
#7578 = CARTESIAN_POINT('',(15.249416750952,-70.18186174688,
    27.771580074942));
#7579 = CARTESIAN_POINT('',(15.46825337119,-70.73294053333,
    27.231414820362));
#7580 = CARTESIAN_POINT('',(15.691859415241,-71.28304230633,
    26.692207230521));
#7581 = CARTESIAN_POINT('',(15.925449292846,-71.84461764252,
    26.141753299255));
#7582 = CARTESIAN_POINT('',(15.930647253645,-71.85710761878,
    26.129512990405));
#7583 = CARTESIAN_POINT('',(15.935844034392,-71.86958828191,
    26.117262674896));
#7584 = CARTESIAN_POINT('',(16.117976778795,-72.30677446416,
    25.687840502792));
#7585 = CARTESIAN_POINT('',(16.295371432932,-72.72509829785,
    25.264366204123));
#7586 = CARTESIAN_POINT('',(16.473012194106,-73.13694269924,
    24.834689839578));
#7587 = CARTESIAN_POINT('',(16.83402557467,-73.96043568157,
    23.949211035464));
#7588 = CARTESIAN_POINT('',(17.017399959314,-74.37165745708,
    23.493012571238));
#7589 = CARTESIAN_POINT('',(17.200563479187,-74.77577782118,
    23.03042771573));
#7590 = CARTESIAN_POINT('',(17.566256101267,-75.5702159442,
    22.091983049058));
#7591 = CARTESIAN_POINT('',(17.748783779025,-75.96051150032,
    21.616104088024));
#7592 = CARTESIAN_POINT('',(17.930605249046,-76.3434747019,
    21.134036618561));
#7593 = CARTESIAN_POINT('',(18.292278447195,-77.09441703121,
    20.157874796173));
#7594 = CARTESIAN_POINT('',(18.472130685894,-77.46240013462,
    19.663783892531));
#7595 = CARTESIAN_POINT('',(18.650769381161,-77.82283791123,
    19.163724875383));
#7596 = CARTESIAN_POINT('',(19.004736487375,-78.5276729782,
    18.152928417648));
#7597 = CARTESIAN_POINT('',(19.180070928107,-78.87210153138,
    17.642215084937));
#7598 = CARTESIAN_POINT('',(19.353678859642,-79.20878896452,
    17.125779249772));
#7599 = CARTESIAN_POINT('',(19.696266199365,-79.86520421543,
    16.083661367812));
#7600 = CARTESIAN_POINT('',(19.86526059911,-80.18499108522,
    15.558021629771));
#7601 = CARTESIAN_POINT('',(20.032017135335,-80.496858028,
    15.026933367014));
#7602 = CARTESIAN_POINT('',(20.359635061684,-81.1028623262,
    13.957005134588));
#7603 = CARTESIAN_POINT('',(20.52052346508,-81.39708628392,
    13.418222651761));
#7604 = CARTESIAN_POINT('',(20.678672370614,-81.68322900928,
    12.874297176481));
#7605 = CARTESIAN_POINT('',(20.988163883606,-82.23766528255,
    11.77925521067));
#7606 = CARTESIAN_POINT('',(21.139537382538,-82.5060430392,
    11.22819022188));
#7607 = CARTESIAN_POINT('',(21.287676374841,-82.76616749757,
    10.672305204646));
#7608 = CARTESIAN_POINT('',(21.432320065044,-83.01790673675,
    10.111752467343));
#7609 = ADVANCED_FACE('',(#7610),#7616,.T.);
#7610 = FACE_BOUND('',#7611,.F.);
#7611 = EDGE_LOOP('',(#7612,#7613,#7614,#7615));
#7612 = ORIENTED_EDGE('',*,*,#3932,.F.);
#7613 = ORIENTED_EDGE('',*,*,#7473,.T.);
#7614 = ORIENTED_EDGE('',*,*,#3684,.F.);
#7615 = ORIENTED_EDGE('',*,*,#3722,.T.);
#7616 = CYLINDRICAL_SURFACE('',#7617,19.);
#7617 = AXIS2_PLACEMENT_3D('',#7618,#7619,#7620);
#7618 = CARTESIAN_POINT('',(0.,-1.324E-14,59.630680142146));
#7619 = DIRECTION('',(0.,1.,2.2E-16));
#7620 = DIRECTION('',(1.,0.,0.));
#7621 = ADVANCED_FACE('',(#7622),#7641,.F.);
#7622 = FACE_BOUND('',#7623,.F.);
#7623 = EDGE_LOOP('',(#7624,#7625,#7633,#7640));
#7624 = ORIENTED_EDGE('',*,*,#3704,.F.);
#7625 = ORIENTED_EDGE('',*,*,#7626,.T.);
#7626 = EDGE_CURVE('',#3705,#7627,#7629,.T.);
#7627 = VERTEX_POINT('',#7628);
#7628 = CARTESIAN_POINT('',(-1.5,-55.5,38.3));
#7629 = LINE('',#7630,#7631);
#7630 = CARTESIAN_POINT('',(-1.5,-54.1,38.3));
#7631 = VECTOR('',#7632,1.);
#7632 = DIRECTION('',(0.,-1.,0.));
#7633 = ORIENTED_EDGE('',*,*,#7634,.T.);
#7634 = EDGE_CURVE('',#7627,#7627,#7635,.T.);
#7635 = CIRCLE('',#7636,1.5);
#7636 = AXIS2_PLACEMENT_3D('',#7637,#7638,#7639);
#7637 = CARTESIAN_POINT('',(0.,-55.5,38.3));
#7638 = DIRECTION('',(0.,1.,-2.22044604925E-16));
#7639 = DIRECTION('',(-1.,0.,0.));
#7640 = ORIENTED_EDGE('',*,*,#7626,.F.);
#7641 = CYLINDRICAL_SURFACE('',#7642,1.5);
#7642 = AXIS2_PLACEMENT_3D('',#7643,#7644,#7645);
#7643 = CARTESIAN_POINT('',(0.,-54.1,38.3));
#7644 = DIRECTION('',(0.,1.,-2.22044604925E-16));
#7645 = DIRECTION('',(-1.,0.,0.));
#7646 = ADVANCED_FACE('',(#7647),#7711,.T.);
#7647 = FACE_BOUND('',#7648,.T.);
#7648 = EDGE_LOOP('',(#7649,#7658,#7663,#7664,#7671,#7678,#7685,#7692,
    #7699,#7704,#7705,#7706));
#7649 = ORIENTED_EDGE('',*,*,#7650,.T.);
#7650 = EDGE_CURVE('',#7651,#7653,#7655,.T.);
#7651 = VERTEX_POINT('',#7652);
#7652 = CARTESIAN_POINT('',(49.583104529648,-35.26416136191,
    -29.50338453873));
#7653 = VERTEX_POINT('',#7654);
#7654 = CARTESIAN_POINT('',(-49.58310452964,-35.26416136191,
    -29.50338453873));
#7655 = B_SPLINE_CURVE_WITH_KNOTS('',1,(#7656,#7657),.UNSPECIFIED.,.F.,
  .F.,(2,2),(0.,99.166209059297),.PIECEWISE_BEZIER_KNOTS.);
#7656 = CARTESIAN_POINT('',(49.583104529648,-35.26416136191,
    -29.50338453873));
#7657 = CARTESIAN_POINT('',(-49.58310452964,-35.26416136191,
    -29.50338453873));
#7658 = ORIENTED_EDGE('',*,*,#7659,.T.);
#7659 = EDGE_CURVE('',#7653,#3863,#7660,.T.);
#7660 = B_SPLINE_CURVE_WITH_KNOTS('',1,(#7661,#7662),.UNSPECIFIED.,.F.,
  .F.,(2,2),(0.,31.97435571299),.PIECEWISE_BEZIER_KNOTS.);
#7661 = CARTESIAN_POINT('',(-49.58310452964,-35.26416136191,
    -29.50338453873));
#7662 = CARTESIAN_POINT('',(-49.58310452964,-35.26416136191,
    2.470971174259));
#7663 = ORIENTED_EDGE('',*,*,#3862,.T.);
#7664 = ORIENTED_EDGE('',*,*,#7665,.F.);
#7665 = EDGE_CURVE('',#7666,#3865,#7668,.T.);
#7666 = VERTEX_POINT('',#7667);
#7667 = CARTESIAN_POINT('',(-45.32349873947,-35.26416136191,
    -9.263947904896));
#7668 = B_SPLINE_CURVE_WITH_KNOTS('',1,(#7669,#7670),.UNSPECIFIED.,.F.,
  .F.,(2,2),(0.,26.734919079155),.PIECEWISE_BEZIER_KNOTS.);
#7669 = CARTESIAN_POINT('',(-45.32349873947,-35.26416136191,
    -24.26394790489));
#7670 = CARTESIAN_POINT('',(-45.32349873947,-35.26416136191,
    2.470971174259));
#7671 = ORIENTED_EDGE('',*,*,#7672,.F.);
#7672 = EDGE_CURVE('',#7673,#7666,#7675,.T.);
#7673 = VERTEX_POINT('',#7674);
#7674 = CARTESIAN_POINT('',(-45.32349873947,-35.26416136191,
    -24.26394790489));
#7675 = B_SPLINE_CURVE_WITH_KNOTS('',1,(#7676,#7677),.UNSPECIFIED.,.F.,
  .F.,(2,2),(0.,26.734919079155),.PIECEWISE_BEZIER_KNOTS.);
#7676 = CARTESIAN_POINT('',(-45.32349873947,-35.26416136191,
    -24.26394790489));
#7677 = CARTESIAN_POINT('',(-45.32349873947,-35.26416136191,
    2.470971174259));
#7678 = ORIENTED_EDGE('',*,*,#7679,.T.);
#7679 = EDGE_CURVE('',#7673,#7680,#7682,.T.);
#7680 = VERTEX_POINT('',#7681);
#7681 = CARTESIAN_POINT('',(-34.32349873947,-35.26416136191,
    -24.26394790489));
#7682 = B_SPLINE_CURVE_WITH_KNOTS('',1,(#7683,#7684),.UNSPECIFIED.,.F.,
  .F.,(2,2),(0.,90.646997478956),.PIECEWISE_BEZIER_KNOTS.);
#7683 = CARTESIAN_POINT('',(-45.32349873947,-35.26416136191,
    -24.26394790489));
#7684 = CARTESIAN_POINT('',(45.323498739478,-35.26416136191,
    -24.26394790489));
#7685 = ORIENTED_EDGE('',*,*,#7686,.T.);
#7686 = EDGE_CURVE('',#7680,#7687,#7689,.T.);
#7687 = VERTEX_POINT('',#7688);
#7688 = CARTESIAN_POINT('',(34.323498739478,-35.26416136191,
    -24.26394790489));
#7689 = B_SPLINE_CURVE_WITH_KNOTS('',1,(#7690,#7691),.UNSPECIFIED.,.F.,
  .F.,(2,2),(0.,90.646997478956),.PIECEWISE_BEZIER_KNOTS.);
#7690 = CARTESIAN_POINT('',(-45.32349873947,-35.26416136191,
    -24.26394790489));
#7691 = CARTESIAN_POINT('',(45.323498739478,-35.26416136191,
    -24.26394790489));
#7692 = ORIENTED_EDGE('',*,*,#7693,.T.);
#7693 = EDGE_CURVE('',#7687,#7694,#7696,.T.);
#7694 = VERTEX_POINT('',#7695);
#7695 = CARTESIAN_POINT('',(45.323498739478,-35.26416136191,
    -24.26394790489));
#7696 = B_SPLINE_CURVE_WITH_KNOTS('',1,(#7697,#7698),.UNSPECIFIED.,.F.,
  .F.,(2,2),(0.,90.646997478956),.PIECEWISE_BEZIER_KNOTS.);
#7697 = CARTESIAN_POINT('',(-45.32349873947,-35.26416136191,
    -24.26394790489));
#7698 = CARTESIAN_POINT('',(45.323498739478,-35.26416136191,
    -24.26394790489));
#7699 = ORIENTED_EDGE('',*,*,#7700,.T.);
#7700 = EDGE_CURVE('',#7694,#4112,#7701,.T.);
#7701 = B_SPLINE_CURVE_WITH_KNOTS('',1,(#7702,#7703),.UNSPECIFIED.,.F.,
  .F.,(2,2),(0.,26.734919079155),.PIECEWISE_BEZIER_KNOTS.);
#7702 = CARTESIAN_POINT('',(45.323498739478,-35.26416136191,
    -24.26394790489));
#7703 = CARTESIAN_POINT('',(45.323498739478,-35.26416136191,
    2.470971174259));
#7704 = ORIENTED_EDGE('',*,*,#4111,.T.);
#7705 = ORIENTED_EDGE('',*,*,#3926,.T.);
#7706 = ORIENTED_EDGE('',*,*,#7707,.T.);
#7707 = EDGE_CURVE('',#3917,#7651,#7708,.T.);
#7708 = B_SPLINE_CURVE_WITH_KNOTS('',1,(#7709,#7710),.UNSPECIFIED.,.F.,
  .F.,(2,2),(0.,31.97435571299),.PIECEWISE_BEZIER_KNOTS.);
#7709 = CARTESIAN_POINT('',(49.583104529648,-35.26416136191,
    2.470971174259));
#7710 = CARTESIAN_POINT('',(49.583104529648,-35.26416136191,
    -29.50338453873));
#7711 = B_SPLINE_SURFACE_WITH_KNOTS('',1,1,(
    (#7712,#7713)
    ,(#7714,#7715
    )),.UNSPECIFIED.,.F.,.F.,.F.,(2,2),(2,2),(0.,31.97435571299),(0.,
    99.166209059297),.PIECEWISE_BEZIER_KNOTS.);
#7712 = CARTESIAN_POINT('',(49.583104529648,-35.26416136191,
    2.470971174259));
#7713 = CARTESIAN_POINT('',(-49.58310452964,-35.26416136191,
    2.470971174259));
#7714 = CARTESIAN_POINT('',(49.583104529648,-35.26416136191,
    -29.50338453873));
#7715 = CARTESIAN_POINT('',(-49.58310452964,-35.26416136191,
    -29.50338453873));
#7716 = ADVANCED_FACE('',(#7717),#7756,.T.);
#7717 = FACE_BOUND('',#7718,.T.);
#7718 = EDGE_LOOP('',(#7719,#7733,#7743,#7755));
#7719 = ORIENTED_EDGE('',*,*,#7720,.F.);
#7720 = EDGE_CURVE('',#7721,#3882,#7723,.T.);
#7721 = VERTEX_POINT('',#7722);
#7722 = CARTESIAN_POINT('',(28.5,-89.19567837159,5.));
#7723 = B_SPLINE_CURVE_WITH_KNOTS('',5,(#7724,#7725,#7726,#7727,#7728,
    #7729,#7730,#7731,#7732),.UNSPECIFIED.,.F.,.F.,(6,3,6),(0.,
    0.49531783148,1.),.UNSPECIFIED.);
#7724 = CARTESIAN_POINT('',(28.5,-89.19567837159,5.));
#7725 = CARTESIAN_POINT('',(27.162528482924,-87.41829435509,
    11.293170899685));
#7726 = CARTESIAN_POINT('',(25.890553964013,-85.80608385805,
    14.940196597264));
#7727 = CARTESIAN_POINT('',(23.308461119429,-81.95294101847,
    21.999117622418));
#7728 = CARTESIAN_POINT('',(19.169069770083,-74.97905803096,
    29.122993765883));
#7729 = CARTESIAN_POINT('',(15.068896451712,-65.60514018324,
    37.942617470533));
#7730 = CARTESIAN_POINT('',(13.91878161092,-62.12427440355,
    41.464605836485));
#7731 = CARTESIAN_POINT('',(12.42129074481,-57.32500455985,
    46.004229936638));
#7732 = CARTESIAN_POINT('',(11.5,-53.21862317911,50.));
#7733 = ORIENTED_EDGE('',*,*,#7734,.F.);
#7734 = EDGE_CURVE('',#7735,#7721,#7737,.T.);
#7735 = VERTEX_POINT('',#7736);
#7736 = CARTESIAN_POINT('',(38.14826625585,-66.5,-26.55805694678));
#7737 = B_SPLINE_CURVE_WITH_KNOTS('',4,(#7738,#7739,#7740,#7741,#7742),
  .UNSPECIFIED.,.F.,.F.,(5,5),(0.,1.),.PIECEWISE_BEZIER_KNOTS.);
#7738 = CARTESIAN_POINT('',(38.14826625585,-66.5,-26.55805694678));
#7739 = CARTESIAN_POINT('',(35.810646879515,-71.99879699768,
    -18.91204848867));
#7740 = CARTESIAN_POINT('',(33.362134784497,-77.75844764619,
    -10.90332629129));
#7741 = CARTESIAN_POINT('',(31.061684501966,-83.16981154698,
    -3.378892460984));
#7742 = CARTESIAN_POINT('',(28.5,-89.19567837159,5.));
#7743 = ORIENTED_EDGE('',*,*,#7744,.T.);
#7744 = EDGE_CURVE('',#7735,#3917,#7745,.T.);
#7745 = B_SPLINE_CURVE_WITH_KNOTS('',5,(#7746,#7747,#7748,#7749,#7750,
    #7751,#7752,#7753,#7754),.UNSPECIFIED.,.F.,.F.,(6,3,6),(0.,
    18.111042675242,36.564487534761),.UNSPECIFIED.);
#7746 = CARTESIAN_POINT('',(38.14826625585,-66.5,-26.55805694678));
#7747 = CARTESIAN_POINT('',(39.397084061878,-63.08868183848,
    -23.38774825144));
#7748 = CARTESIAN_POINT('',(40.178831135975,-60.95323183231,
    -21.40316768684));
#7749 = CARTESIAN_POINT('',(41.731389974807,-56.71220312647,
    -17.46176745774));
#7750 = CARTESIAN_POINT('',(43.740427098829,-51.22424099519,
    -12.36152959053));
#7751 = CARTESIAN_POINT('',(46.279413317241,-44.28864978492,
    -5.915937570044));
#7752 = CARTESIAN_POINT('',(47.222293254768,-41.71304312757,
    -3.522297400774));
#7753 = CARTESIAN_POINT('',(48.497089717607,-38.23076068018,
    -0.286038042991));
#7754 = CARTESIAN_POINT('',(49.583104529648,-35.26416136191,
    2.470971174259));
#7755 = ORIENTED_EDGE('',*,*,#3916,.F.);
#7756 = B_SPLINE_SURFACE_WITH_KNOTS('',4,5,(
    (#7757,#7758,#7759,#7760,#7761,#7762,#7763,#7764,#7765)
    ,(#7766,#7767,#7768,#7769,#7770,#7771,#7772,#7773,#7774)
    ,(#7775,#7776,#7777,#7778,#7779,#7780,#7781,#7782,#7783)
    ,(#7784,#7785,#7786,#7787,#7788,#7789,#7790,#7791,#7792)
    ,(#7793,#7794,#7795,#7796,#7797,#7798,#7799,#7800,#7801
  )),.UNSPECIFIED.,.F.,.F.,.F.,(5,5),(6,3,6),(0.,1.),(0.,0.495317831489,
    1.),.UNSPECIFIED.);
#7757 = CARTESIAN_POINT('',(28.5,-89.19567837159,5.));
#7758 = CARTESIAN_POINT('',(27.162528482924,-87.41829435509,
    11.293170899685));
#7759 = CARTESIAN_POINT('',(25.890553964013,-85.80608385805,
    14.940196597264));
#7760 = CARTESIAN_POINT('',(23.308461119429,-81.95294101847,
    21.999117622418));
#7761 = CARTESIAN_POINT('',(19.169069770083,-74.97905803096,
    29.122993765883));
#7762 = CARTESIAN_POINT('',(15.068896451712,-65.60514018324,
    37.942617470533));
#7763 = CARTESIAN_POINT('',(13.91878161092,-62.12427440355,
    41.464605836485));
#7764 = CARTESIAN_POINT('',(12.42129074481,-57.32500455985,
    46.004229936638));
#7765 = CARTESIAN_POINT('',(11.5,-53.21862317911,50.));
#7766 = CARTESIAN_POINT('',(31.061684501966,-83.16981154698,
    -3.378892460984));
#7767 = CARTESIAN_POINT('',(29.786595806381,-81.63692800646,
    1.836928019177));
#7768 = CARTESIAN_POINT('',(28.522033011923,-80.55419528868,
    4.90847339585));
#7769 = CARTESIAN_POINT('',(25.758986637701,-78.19178463719,
    10.869518539141));
#7770 = CARTESIAN_POINT('',(22.084257613193,-73.19268887988,
    16.678499055822));
#7771 = CARTESIAN_POINT('',(19.004141728169,-65.79090039927,
    23.635454718973));
#7772 = CARTESIAN_POINT('',(18.15435271577,-63.09140006679,
    26.441537465511));
#7773 = CARTESIAN_POINT('',(17.224985006503,-59.26463112045,
    30.069811302205));
#7774 = CARTESIAN_POINT('',(16.771439373358,-56.06007083712,
    33.343584483278));
#7775 = CARTESIAN_POINT('',(33.362134784497,-77.75844764619,
    -10.90332629129));
#7776 = CARTESIAN_POINT('',(32.681750411183,-75.95027436533,
    -6.800953469364));
#7777 = CARTESIAN_POINT('',(31.868274527479,-74.7296534208,
    -4.449094223387));
#7778 = CARTESIAN_POINT('',(30.01627222851,-72.23727880095,
    -2.143409741151E-02));
#7779 = CARTESIAN_POINT('',(27.866583152557,-67.43332825754,
    4.728015737887));
#7780 = CARTESIAN_POINT('',(26.62722698762,-60.43629207856,
    10.813021309344));
#7781 = CARTESIAN_POINT('',(26.378422035385,-57.88163052741,
    13.199921268865));
#7782 = CARTESIAN_POINT('',(26.256295468384,-54.21351133436,
    16.415128666651));
#7783 = CARTESIAN_POINT('',(26.393921729559,-51.08063827474,
    19.287387837674));
#7784 = CARTESIAN_POINT('',(35.810646879515,-71.99879699768,
    -18.91204848867));
#7785 = CARTESIAN_POINT('',(35.981938693926,-69.53065370564,
    -15.48592739672));
#7786 = CARTESIAN_POINT('',(35.902157236883,-67.92366664352,
    -13.43075825389));
#7787 = CARTESIAN_POINT('',(35.609544779565,-64.71310647342,
    -9.489860249709));
#7788 = CARTESIAN_POINT('',(35.472544289375,-59.66682261011,
    -4.795498743384));
#7789 = CARTESIAN_POINT('',(36.137519026049,-52.82879706653,
    1.206737795992));
#7790 = CARTESIAN_POINT('',(36.493240935926,-50.33152218688,
    3.494190704243));
#7791 = CARTESIAN_POINT('',(37.116775296772,-46.82921999379,
    6.616292190479));
#7792 = CARTESIAN_POINT('',(37.790973515292,-43.84937041347,
    9.365096453475));
#7793 = CARTESIAN_POINT('',(38.14826625585,-66.5,-26.55805694678));
#7794 = CARTESIAN_POINT('',(39.397084061878,-63.08868183848,
    -23.38774825144));
#7795 = CARTESIAN_POINT('',(40.178831135975,-60.95323183231,
    -21.40316768684));
#7796 = CARTESIAN_POINT('',(41.731389974807,-56.71220312647,
    -17.46176745774));
#7797 = CARTESIAN_POINT('',(43.740427098829,-51.22424099519,
    -12.36152959053));
#7798 = CARTESIAN_POINT('',(46.279413317241,-44.28864978492,
    -5.915937570044));
#7799 = CARTESIAN_POINT('',(47.222293254768,-41.71304312757,
    -3.522297400774));
#7800 = CARTESIAN_POINT('',(48.497089717607,-38.23076068018,
    -0.286038042991));
#7801 = CARTESIAN_POINT('',(49.583104529648,-35.26416136191,
    2.470971174259));
#7802 = ADVANCED_FACE('',(#7803),#7847,.F.);
#7803 = FACE_BOUND('',#7804,.T.);
#7804 = EDGE_LOOP('',(#7805,#7806));
#7805 = ORIENTED_EDGE('',*,*,#3881,.F.);
#7806 = ORIENTED_EDGE('',*,*,#7807,.T.);
#7807 = EDGE_CURVE('',#3872,#3882,#7808,.T.);
#7808 = B_SPLINE_CURVE_WITH_KNOTS('',7,(#7809,#7810,#7811,#7812,#7813,
    #7814,#7815,#7816,#7817,#7818,#7819,#7820,#7821,#7822,#7823,#7824,
    #7825,#7826,#7827,#7828,#7829,#7830,#7831,#7832,#7833,#7834,#7835,
    #7836,#7837,#7838,#7839,#7840,#7841,#7842,#7843,#7844,#7845,#7846),
  .UNSPECIFIED.,.F.,.F.,(8,6,6,6,6,6,8),(0.,8.816037529394E-02,
    0.284108544063,0.499999916079,0.716515247026,0.912500353644,1.),
  .UNSPECIFIED.);
#7809 = CARTESIAN_POINT('',(-11.5,-53.21862317911,49.999999999999));
#7810 = CARTESIAN_POINT('',(-11.29081948242,-53.47532024677,
    49.75021743879));
#7811 = CARTESIAN_POINT('',(-11.0763670904,-53.72576073719,
    49.506998315768));
#7812 = CARTESIAN_POINT('',(-10.85657855239,-53.97012524656,
    49.270033117995));
#7813 = CARTESIAN_POINT('',(-10.6314222611,-54.2084865148,
    49.039159290474));
#7814 = CARTESIAN_POINT('',(-10.40088647868,-54.44085484489,
    48.814298847657));
#7815 = CARTESIAN_POINT('',(-10.16497254117,-54.66720265143,
    48.59542474707));
#7816 = CARTESIAN_POINT('',(-9.387420528095,-55.37703750183,
    47.909426956219));
#7817 = CARTESIAN_POINT('',(-8.824682157828,-55.83652738395,
    47.465995583566));
#7818 = CARTESIAN_POINT('',(-8.235636186114,-56.26526879324,
    47.05245900411));
#7819 = CARTESIAN_POINT('',(-7.620957813395,-56.66163164309,
    46.67022049371));
#7820 = CARTESIAN_POINT('',(-6.981784291799,-57.02366754789,
    46.321071531472));
#7821 = CARTESIAN_POINT('',(-6.319822837491,-57.34919918159,
    46.007092081228));
#7822 = CARTESIAN_POINT('',(-4.885502485142,-57.95221727943,
    45.425392873747));
#7823 = CARTESIAN_POINT('',(-4.108718782412,-58.22146050215,
    45.165615820559));
#7824 = CARTESIAN_POINT('',(-3.310414210491,-58.44087113099,
    44.953859629193));
#7825 = CARTESIAN_POINT('',(-2.494873553801,-58.6076724083,
    44.792843881022));
#7826 = CARTESIAN_POINT('',(-1.667300315388,-58.71966104901,
    44.68472819197));
#7827 = CARTESIAN_POINT('',(-0.833609138613,-58.77564529936,
    44.630680109412));
#7828 = CARTESIAN_POINT('',(0.836019575061,-58.77564523148,
    44.630680174941));
#7829 = CARTESIAN_POINT('',(1.672120754727,-58.71933684134,
    44.685041187015));
#7830 = CARTESIAN_POINT('',(2.502050215736,-58.60669973444,
    44.79378291702));
#7831 = CARTESIAN_POINT('',(3.319842581525,-58.43893978571,
    44.955723984017));
#7832 = CARTESIAN_POINT('',(4.120253782986,-58.21828533927,
    45.168680211233));
#7833 = CARTESIAN_POINT('',(4.89897040293,-57.94754204606,
    45.429903725681));
#7834 = CARTESIAN_POINT('',(6.334769770606,-57.34200264264,
    46.014033359421));
#7835 = CARTESIAN_POINT('',(6.996422642708,-57.01569867598,
    46.328756963795));
#7836 = CARTESIAN_POINT('',(7.635249207703,-56.65291185574,
    46.678629725941));
#7837 = CARTESIAN_POINT('',(8.249549524261,-56.25581870404,
    47.061573026742));
#7838 = CARTESIAN_POINT('',(8.838192697997,-55.82636419553,
    47.475799912221));
#7839 = CARTESIAN_POINT('',(9.400508933244,-55.36617361304,
    47.919913376583));
#7840 = CARTESIAN_POINT('',(10.175577724684,-54.65701808871,
    48.605273165101));
#7841 = CARTESIAN_POINT('',(10.409523331344,-54.43214291318,
    48.822729420907));
#7842 = CARTESIAN_POINT('',(10.638171022475,-54.20133801041,
    49.046083337114));
#7843 = CARTESIAN_POINT('',(10.861519853552,-53.9646294077,
    49.275362601195));
#7844 = CARTESIAN_POINT('',(11.079581609331,-53.72200607826,
    49.510644740593));
#7845 = CARTESIAN_POINT('',(11.292387394321,-53.47339617479,
    49.752089683172));
#7846 = CARTESIAN_POINT('',(11.5,-53.21862317911,50.));
#7847 = CYLINDRICAL_SURFACE('',#7848,15.);
#7848 = AXIS2_PLACEMENT_3D('',#7849,#7850,#7851);
#7849 = CARTESIAN_POINT('',(0.,0.,59.630680142129));
#7850 = DIRECTION('',(0.,1.,2.2E-16));
#7851 = DIRECTION('',(1.,0.,0.));
#7852 = ADVANCED_FACE('',(#7853),#7892,.T.);
#7853 = FACE_BOUND('',#7854,.T.);
#7854 = EDGE_LOOP('',(#7855,#7869,#7879,#7891));
#7855 = ORIENTED_EDGE('',*,*,#7856,.T.);
#7856 = EDGE_CURVE('',#3863,#7857,#7859,.T.);
#7857 = VERTEX_POINT('',#7858);
#7858 = CARTESIAN_POINT('',(-38.14826625585,-66.5,-26.55805694678));
#7859 = B_SPLINE_CURVE_WITH_KNOTS('',5,(#7860,#7861,#7862,#7863,#7864,
    #7865,#7866,#7867,#7868),.UNSPECIFIED.,.F.,.F.,(6,3,6),(0.,
    18.453444859868,36.564487534761),.UNSPECIFIED.);
#7860 = CARTESIAN_POINT('',(-49.58310452964,-35.26416136191,
    2.470971174259));
#7861 = CARTESIAN_POINT('',(-48.49708972812,-38.23076065143,
    -0.28603801628));
#7862 = CARTESIAN_POINT('',(-47.22229322531,-41.71304320803,
    -3.52229747555));
#7863 = CARTESIAN_POINT('',(-46.27941334893,-44.28864969833,
    -5.915937489571));
#7864 = CARTESIAN_POINT('',(-43.74042704692,-51.22424113697,
    -12.3615297223));
#7865 = CARTESIAN_POINT('',(-41.73139002871,-56.71220297921,
    -17.46176732089));
#7866 = CARTESIAN_POINT('',(-40.17883104435,-60.95323208259,
    -21.40316791944));
#7867 = CARTESIAN_POINT('',(-39.3970841104,-63.08868170592,
    -23.38774812825));
#7868 = CARTESIAN_POINT('',(-38.14826625585,-66.5,-26.55805694678));
#7869 = ORIENTED_EDGE('',*,*,#7870,.T.);
#7870 = EDGE_CURVE('',#7857,#7871,#7873,.T.);
#7871 = VERTEX_POINT('',#7872);
#7872 = CARTESIAN_POINT('',(-28.5,-89.19567837159,4.999999999994));
#7873 = B_SPLINE_CURVE_WITH_KNOTS('',4,(#7874,#7875,#7876,#7877,#7878),
  .UNSPECIFIED.,.F.,.F.,(5,5),(0.,1.),.PIECEWISE_BEZIER_KNOTS.);
#7874 = CARTESIAN_POINT('',(-38.14826625585,-66.5,-26.55805694678));
#7875 = CARTESIAN_POINT('',(-35.81064687951,-71.99879699769,
    -18.91204848866));
#7876 = CARTESIAN_POINT('',(-33.36213478449,-77.7584476462,
    -10.90332629128));
#7877 = CARTESIAN_POINT('',(-31.06168450195,-83.16981154701,
    -3.378892460957));
#7878 = CARTESIAN_POINT('',(-28.5,-89.19567837159,4.999999999994));
#7879 = ORIENTED_EDGE('',*,*,#7880,.T.);
#7880 = EDGE_CURVE('',#7871,#3872,#7881,.T.);
#7881 = B_SPLINE_CURVE_WITH_KNOTS('',5,(#7882,#7883,#7884,#7885,#7886,
    #7887,#7888,#7889,#7890),.UNSPECIFIED.,.F.,.F.,(6,3,6),(0.,
    0.49531783148,1.),.UNSPECIFIED.);
#7882 = CARTESIAN_POINT('',(-28.5,-89.19567837159,4.999999999994));
#7883 = CARTESIAN_POINT('',(-27.16252840098,-87.41829424119,
    11.293171110813));
#7884 = CARTESIAN_POINT('',(-25.89055415184,-85.80608410526,
    14.940196222518));
#7885 = CARTESIAN_POINT('',(-23.30846100961,-81.95294084719,
    21.999117823378));
#7886 = CARTESIAN_POINT('',(-19.16906987959,-74.97905820862,
    29.122993583901));
#7887 = CARTESIAN_POINT('',(-15.0688963855,-65.60514007267,
    37.942617578449));
#7888 = CARTESIAN_POINT('',(-13.91878167182,-62.12427450818,
    41.464605736771));
#7889 = CARTESIAN_POINT('',(-12.42129072288,-57.32500452248,
    46.004229971895));
#7890 = CARTESIAN_POINT('',(-11.5,-53.21862317911,49.999999999999));
#7891 = ORIENTED_EDGE('',*,*,#3871,.F.);
#7892 = B_SPLINE_SURFACE_WITH_KNOTS('',4,5,(
    (#7893,#7894,#7895,#7896,#7897,#7898,#7899,#7900,#7901)
    ,(#7902,#7903,#7904,#7905,#7906,#7907,#7908,#7909,#7910)
    ,(#7911,#7912,#7913,#7914,#7915,#7916,#7917,#7918,#7919)
    ,(#7920,#7921,#7922,#7923,#7924,#7925,#7926,#7927,#7928)
    ,(#7929,#7930,#7931,#7932,#7933,#7934,#7935,#7936,#7937
  )),.UNSPECIFIED.,.F.,.F.,.F.,(5,5),(6,3,6),(0.,1.),(0.,0.49531783148,
    1.),.UNSPECIFIED.);
#7893 = CARTESIAN_POINT('',(-38.14826625585,-66.5,-26.55805694678));
#7894 = CARTESIAN_POINT('',(-39.3970841104,-63.08868170592,
    -23.38774812825));
#7895 = CARTESIAN_POINT('',(-40.17883104435,-60.95323208259,
    -21.40316791944));
#7896 = CARTESIAN_POINT('',(-41.73139002871,-56.71220297921,
    -17.46176732089));
#7897 = CARTESIAN_POINT('',(-43.74042704692,-51.22424113697,
    -12.3615297223));
#7898 = CARTESIAN_POINT('',(-46.27941334893,-44.28864969833,
    -5.915937489571));
#7899 = CARTESIAN_POINT('',(-47.22229322531,-41.71304320803,
    -3.52229747555));
#7900 = CARTESIAN_POINT('',(-48.49708972812,-38.23076065143,
    -0.28603801628));
#7901 = CARTESIAN_POINT('',(-49.58310452964,-35.26416136191,
    2.470971174259));
#7902 = CARTESIAN_POINT('',(-35.81064687951,-71.99879699769,
    -18.91204848866));
#7903 = CARTESIAN_POINT('',(-35.98193869311,-69.53065359822,
    -15.48592727199));
#7904 = CARTESIAN_POINT('',(-35.90215724272,-67.92366685867,
    -13.43075848454));
#7905 = CARTESIAN_POINT('',(-35.60954478098,-64.71310633763,
    -9.48986011819));
#7906 = CARTESIAN_POINT('',(-35.47254428466,-59.66682274749,
    -4.795498868209));
#7907 = CARTESIAN_POINT('',(-36.13751903024,-52.82879698117,
    1.206737871952));
#7908 = CARTESIAN_POINT('',(-36.49324093065,-50.3315222674,
    3.494190633383));
#7909 = CARTESIAN_POINT('',(-37.11677529883,-46.8292199648,
    6.616292215863));
#7910 = CARTESIAN_POINT('',(-37.79097351528,-43.84937041347,
    9.365096453496));
#7911 = CARTESIAN_POINT('',(-33.36213478449,-77.7584476462,
    -10.90332629128));
#7912 = CARTESIAN_POINT('',(-32.68175036691,-75.95027427572,
    -6.80095333022));
#7913 = CARTESIAN_POINT('',(-31.86827462373,-74.72965360998,
    -4.449094472634));
#7914 = CARTESIAN_POINT('',(-30.01627217902,-72.23727867237,
    -2.143396067675E-02));
#7915 = CARTESIAN_POINT('',(-27.8665831957,-67.43332839312,
    4.728015611219));
#7916 = CARTESIAN_POINT('',(-26.62722696342,-60.43629199311,
    10.813021385659));
#7917 = CARTESIAN_POINT('',(-26.37842205584,-57.88163060897,
    13.199921197727));
#7918 = CARTESIAN_POINT('',(-26.25629546137,-54.21351130485,
    16.415128691992));
#7919 = CARTESIAN_POINT('',(-26.39392172958,-51.08063827473,
    19.287387837623));
#7920 = CARTESIAN_POINT('',(-31.06168450195,-83.16981154701,
    -3.378892460957));
#7921 = CARTESIAN_POINT('',(-29.78659573162,-81.63692792227,
    1.836928194367));
#7922 = CARTESIAN_POINT('',(-28.52203317486,-80.55419547075,
    4.908473088133));
#7923 = CARTESIAN_POINT('',(-25.7589865473,-78.19178450805,
    10.86951870224));
#7924 = CARTESIAN_POINT('',(-22.08425769796,-73.19268901814,
    16.678498910482));
#7925 = CARTESIAN_POINT('',(-19.00414167843,-65.79090031194,
    23.635454804936));
#7926 = CARTESIAN_POINT('',(-18.15435276003,-63.09140015015,
    26.441537386446));
#7927 = CARTESIAN_POINT('',(-17.22498499087,-59.26463109039,
    30.069811330148));
#7928 = CARTESIAN_POINT('',(-16.77143937334,-56.06007083712,
    33.343584483312));
#7929 = CARTESIAN_POINT('',(-28.5,-89.19567837159,4.999999999994));
#7930 = CARTESIAN_POINT('',(-27.16252840098,-87.41829424119,
    11.293171110813));
#7931 = CARTESIAN_POINT('',(-25.89055415184,-85.80608410526,
    14.940196222518));
#7932 = CARTESIAN_POINT('',(-23.30846100961,-81.95294084719,
    21.999117823378));
#7933 = CARTESIAN_POINT('',(-19.16906987959,-74.97905820862,
    29.122993583901));
#7934 = CARTESIAN_POINT('',(-15.0688963855,-65.60514007267,
    37.942617578449));
#7935 = CARTESIAN_POINT('',(-13.91878167182,-62.12427450818,
    41.464605736771));
#7936 = CARTESIAN_POINT('',(-12.42129072288,-57.32500452248,
    46.004229971895));
#7937 = CARTESIAN_POINT('',(-11.5,-53.21862317911,49.999999999999));
#7938 = ADVANCED_FACE('',(#7939),#8037,.F.);
#7939 = FACE_BOUND('',#7940,.F.);
#7940 = EDGE_LOOP('',(#7941,#7942,#7949,#7956,#7983,#7992,#7993,#8004,
    #8031,#8036));
#7941 = ORIENTED_EDGE('',*,*,#4212,.F.);
#7942 = ORIENTED_EDGE('',*,*,#7943,.T.);
#7943 = EDGE_CURVE('',#4213,#7944,#7946,.T.);
#7944 = VERTEX_POINT('',#7945);
#7945 = CARTESIAN_POINT('',(-40.14304550144,-43.26416136191,
    -31.03201889742));
#7946 = B_SPLINE_CURVE_WITH_KNOTS('',1,(#7947,#7948),.UNSPECIFIED.,.F.,
  .F.,(2,2),(0.,35.80070496095),.PIECEWISE_BEZIER_KNOTS.);
#7947 = CARTESIAN_POINT('',(-36.0508761873,-49.58356103774,
    -36.37828710195));
#7948 = CARTESIAN_POINT('',(-45.32349873947,-35.26416136191,
    -24.26394790489));
#7949 = ORIENTED_EDGE('',*,*,#7950,.T.);
#7950 = EDGE_CURVE('',#7944,#7951,#7953,.T.);
#7951 = VERTEX_POINT('',#7952);
#7952 = CARTESIAN_POINT('',(-34.32349873947,-43.26416136191,
    -31.03201889742));
#7953 = B_SPLINE_CURVE_WITH_KNOTS('',1,(#7954,#7955),.UNSPECIFIED.,.F.,
  .F.,(2,2),(0.,1.),.PIECEWISE_BEZIER_KNOTS.);
#7954 = CARTESIAN_POINT('',(-40.14304550144,-43.26416136191,
    -31.03201889742));
#7955 = CARTESIAN_POINT('',(-34.32349873947,-43.26416136191,
    -31.03201889742));
#7956 = ORIENTED_EDGE('',*,*,#7957,.F.);
#7957 = EDGE_CURVE('',#7958,#7951,#7960,.T.);
#7958 = VERTEX_POINT('',#7959);
#7959 = CARTESIAN_POINT('',(-34.32349873947,-41.26416136191,
    -29.34000114929));
#7960 = B_SPLINE_CURVE_WITH_KNOTS('',5,(#7961,#7962,#7963,#7964,#7965,
    #7966,#7967,#7968,#7969,#7970,#7971,#7972,#7973,#7974,#7975,#7976,
    #7977,#7978,#7979,#7980,#7981,#7982),.UNSPECIFIED.,.F.,.F.,(6,4,4,4,
    4,6),(0.,0.497141794397,0.746302871292,0.867452164098,0.931612640668
    ,1.),.UNSPECIFIED.);
#7961 = CARTESIAN_POINT('',(-34.32349873947,-41.26416136191,
    -29.34000114929));
#7962 = CARTESIAN_POINT('',(-34.32349873947,-41.46482570987,
    -29.50976496837));
#7963 = CARTESIAN_POINT('',(-34.32349873947,-41.66536099793,
    -29.67941960163));
#7964 = CARTESIAN_POINT('',(-34.32349873947,-41.86576428604,
    -29.84896256176));
#7965 = CARTESIAN_POINT('',(-34.32349873947,-42.06603253471,
    -30.01839127733));
#7966 = CARTESIAN_POINT('',(-34.32349873947,-42.36646522375,
    -30.27255999832));
#7967 = CARTESIAN_POINT('',(-34.32349873947,-42.46673313267,
    -30.35738753905));
#7968 = CARTESIAN_POINT('',(-34.32349873947,-42.56696593534,
    -30.44218537958));
#7969 = CARTESIAN_POINT('',(-34.32349873947,-42.66716322799,
    -30.52695317832));
#7970 = CARTESIAN_POINT('',(-34.32349873947,-42.81602594363,
    -30.65289235677));
#7971 = CARTESIAN_POINT('',(-34.32349873947,-42.86471879529,
    -30.69408694138));
#7972 = CARTESIAN_POINT('',(-34.32349873947,-42.91340310728,
    -30.73527430135));
#7973 = CARTESIAN_POINT('',(-34.32349873947,-42.96207883193,
    -30.77645439635));
#7974 = CARTESIAN_POINT('',(-34.32349873947,-43.03651993572,
    -30.83943223075));
#7975 = CARTESIAN_POINT('',(-34.32349873947,-43.06229394823,
    -30.86123727406));
#7976 = CARTESIAN_POINT('',(-34.32349873947,-43.08806795868,
    -30.88304231562));
#7977 = CARTESIAN_POINT('',(-34.32349873947,-43.11384196706,
    -30.90484735543));
#7978 = CARTESIAN_POINT('',(-34.32349873947,-43.16708796741,
    -30.94989394424));
#7979 = CARTESIAN_POINT('',(-34.32349873947,-43.18849611617,
    -30.96800542807));
#7980 = CARTESIAN_POINT('',(-34.32349873947,-43.21621788896,
    -30.99145829385));
#7981 = CARTESIAN_POINT('',(-34.32349873947,-43.24753828265,
    -31.01795562485));
#7982 = CARTESIAN_POINT('',(-34.32349873947,-43.26416136191,
    -31.03201889742));
#7983 = ORIENTED_EDGE('',*,*,#7984,.F.);
#7984 = EDGE_CURVE('',#7680,#7958,#7985,.T.);
#7985 = B_SPLINE_CURVE_WITH_KNOTS('',5,(#7986,#7987,#7988,#7989,#7990,
    #7991),.UNSPECIFIED.,.F.,.F.,(6,6),(0.,1.),
  .PIECEWISE_BEZIER_KNOTS.);
#7986 = CARTESIAN_POINT('',(-34.32349873947,-35.26416136191,
    -24.26394790489));
#7987 = CARTESIAN_POINT('',(-34.32349873947,-36.47117046267,
    -25.28508831521));
#7988 = CARTESIAN_POINT('',(-34.32349873947,-37.6751177381,
    -26.30363839413));
#7989 = CARTESIAN_POINT('',(-34.32349873947,-38.8756135523,
    -27.31926850623));
#7990 = CARTESIAN_POINT('',(-34.32349873947,-40.07216304346,
    -28.331559994));
#7991 = CARTESIAN_POINT('',(-34.32349873947,-41.26416136191,
    -29.34000114929));
#7992 = ORIENTED_EDGE('',*,*,#7686,.T.);
#7993 = ORIENTED_EDGE('',*,*,#7994,.T.);
#7994 = EDGE_CURVE('',#7687,#7995,#7997,.T.);
#7995 = VERTEX_POINT('',#7996);
#7996 = CARTESIAN_POINT('',(34.323498739478,-41.26416136191,
    -29.34000114929));
#7997 = B_SPLINE_CURVE_WITH_KNOTS('',5,(#7998,#7999,#8000,#8001,#8002,
    #8003),.UNSPECIFIED.,.F.,.F.,(6,6),(0.,1.),
  .PIECEWISE_BEZIER_KNOTS.);
#7998 = CARTESIAN_POINT('',(34.323498739478,-35.26416136191,
    -24.26394790489));
#7999 = CARTESIAN_POINT('',(34.323498739478,-36.47117046267,
    -25.28508831521));
#8000 = CARTESIAN_POINT('',(34.323498739478,-37.6751177381,
    -26.30363839413));
#8001 = CARTESIAN_POINT('',(34.323498739478,-38.8756135523,
    -27.31926850623));
#8002 = CARTESIAN_POINT('',(34.323498739478,-40.07216304346,
    -28.331559994));
#8003 = CARTESIAN_POINT('',(34.323498739478,-41.26416136191,
    -29.34000114929));
#8004 = ORIENTED_EDGE('',*,*,#8005,.T.);
#8005 = EDGE_CURVE('',#7995,#8006,#8008,.T.);
#8006 = VERTEX_POINT('',#8007);
#8007 = CARTESIAN_POINT('',(34.323498739478,-43.26416136191,
    -31.03201889742));
#8008 = B_SPLINE_CURVE_WITH_KNOTS('',5,(#8009,#8010,#8011,#8012,#8013,
    #8014,#8015,#8016,#8017,#8018,#8019,#8020,#8021,#8022,#8023,#8024,
    #8025,#8026,#8027,#8028,#8029,#8030),.UNSPECIFIED.,.F.,.F.,(6,4,4,4,
    4,6),(0.,0.497141794397,0.746302871292,0.867452164098,0.931612640668
    ,1.),.UNSPECIFIED.);
#8009 = CARTESIAN_POINT('',(34.323498739478,-41.26416136191,
    -29.34000114929));
#8010 = CARTESIAN_POINT('',(34.323498739478,-41.46482570987,
    -29.50976496837));
#8011 = CARTESIAN_POINT('',(34.323498739478,-41.66536099793,
    -29.67941960163));
#8012 = CARTESIAN_POINT('',(34.323498739478,-41.86576428604,
    -29.84896256176));
#8013 = CARTESIAN_POINT('',(34.323498739478,-42.06603253471,
    -30.01839127733));
#8014 = CARTESIAN_POINT('',(34.323498739478,-42.36646522375,
    -30.27255999832));
#8015 = CARTESIAN_POINT('',(34.323498739478,-42.46673313267,
    -30.35738753905));
#8016 = CARTESIAN_POINT('',(34.323498739478,-42.56696593534,
    -30.44218537958));
#8017 = CARTESIAN_POINT('',(34.323498739478,-42.66716322799,
    -30.52695317832));
#8018 = CARTESIAN_POINT('',(34.323498739478,-42.81602594363,
    -30.65289235677));
#8019 = CARTESIAN_POINT('',(34.323498739478,-42.86471879529,
    -30.69408694138));
#8020 = CARTESIAN_POINT('',(34.323498739478,-42.91340310728,
    -30.73527430135));
#8021 = CARTESIAN_POINT('',(34.323498739478,-42.96207883193,
    -30.77645439635));
#8022 = CARTESIAN_POINT('',(34.323498739478,-43.03651993572,
    -30.83943223075));
#8023 = CARTESIAN_POINT('',(34.323498739478,-43.06229394823,
    -30.86123727406));
#8024 = CARTESIAN_POINT('',(34.323498739478,-43.08806795868,
    -30.88304231562));
#8025 = CARTESIAN_POINT('',(34.323498739478,-43.11384196706,
    -30.90484735543));
#8026 = CARTESIAN_POINT('',(34.323498739478,-43.16708796741,
    -30.94989394424));
#8027 = CARTESIAN_POINT('',(34.323498739478,-43.18849611617,
    -30.96800542807));
#8028 = CARTESIAN_POINT('',(34.323498739478,-43.21621788896,
    -30.99145829385));
#8029 = CARTESIAN_POINT('',(34.323498739478,-43.24753828265,
    -31.01795562485));
#8030 = CARTESIAN_POINT('',(34.323498739478,-43.26416136191,
    -31.03201889742));
#8031 = ORIENTED_EDGE('',*,*,#8032,.T.);
#8032 = EDGE_CURVE('',#8006,#4099,#8033,.T.);
#8033 = B_SPLINE_CURVE_WITH_KNOTS('',1,(#8034,#8035),.UNSPECIFIED.,.F.,
  .F.,(2,2),(0.,1.),.PIECEWISE_BEZIER_KNOTS.);
#8034 = CARTESIAN_POINT('',(34.323498739478,-43.26416136191,
    -31.03201889742));
#8035 = CARTESIAN_POINT('',(40.143045501443,-43.26416136191,
    -31.03201889742));
#8036 = ORIENTED_EDGE('',*,*,#4096,.F.);
#8037 = B_SPLINE_SURFACE_WITH_KNOTS('',1,1,(
    (#8038,#8039)
    ,(#8040,#8041
    )),.UNSPECIFIED.,.F.,.F.,.F.,(2,2),(2,2),(0.,20.923287271664),(0.,
    90.646997478956),.PIECEWISE_BEZIER_KNOTS.);
#8038 = CARTESIAN_POINT('',(-36.0508761873,-49.58356103774,
    -36.37828710195));
#8039 = CARTESIAN_POINT('',(36.050876187305,-49.58356103774,
    -36.37828710195));
#8040 = CARTESIAN_POINT('',(-45.32349873947,-35.26416136191,
    -24.26394790489));
#8041 = CARTESIAN_POINT('',(45.323498739478,-35.26416136191,
    -24.26394790489));
#8042 = ADVANCED_FACE('',(#8043),#8069,.F.);
#8043 = FACE_BOUND('',#8044,.F.);
#8044 = EDGE_LOOP('',(#8045,#8053,#8061,#8067,#8068));
#8045 = ORIENTED_EDGE('',*,*,#8046,.F.);
#8046 = EDGE_CURVE('',#8047,#8006,#8049,.T.);
#8047 = VERTEX_POINT('',#8048);
#8048 = CARTESIAN_POINT('',(34.323498739478,-43.26416136191,
    -13.59407492379));
#8049 = LINE('',#8050,#8051);
#8050 = CARTESIAN_POINT('',(34.323498739478,-43.26416136191,
    -13.59407492379));
#8051 = VECTOR('',#8052,1.);
#8052 = DIRECTION('',(0.,2.E-15,-1.));
#8053 = ORIENTED_EDGE('',*,*,#8054,.F.);
#8054 = EDGE_CURVE('',#8055,#8047,#8057,.T.);
#8055 = VERTEX_POINT('',#8056);
#8056 = CARTESIAN_POINT('',(36.823498739478,-43.26416136191,
    -9.263947904896));
#8057 = LINE('',#8058,#8059);
#8058 = CARTESIAN_POINT('',(36.823498739478,-43.26416136191,
    -9.263947904896));
#8059 = VECTOR('',#8060,1.);
#8060 = DIRECTION('',(-0.500000000002,1.732050807567E-15,-0.866025403783
    ));
#8061 = ORIENTED_EDGE('',*,*,#8062,.T.);
#8062 = EDGE_CURVE('',#8055,#4134,#8063,.T.);
#8063 = LINE('',#8064,#8065);
#8064 = CARTESIAN_POINT('',(36.823498739478,-43.26416136191,
    -9.263947904896));
#8065 = VECTOR('',#8066,1.);
#8066 = DIRECTION('',(1.,0.,0.));
#8067 = ORIENTED_EDGE('',*,*,#4175,.T.);
#8068 = ORIENTED_EDGE('',*,*,#8032,.F.);
#8069 = PLANE('',#8070);
#8070 = AXIS2_PLACEMENT_3D('',#8071,#8072,#8073);
#8071 = CARTESIAN_POINT('',(38.644399735188,-43.26416136191,
    -20.69297543824));
#8072 = DIRECTION('',(0.,1.,1.93E-15));
#8073 = DIRECTION('',(0.,-1.93E-15,1.));
#8074 = ADVANCED_FACE('',(#8075),#8094,.T.);
#8075 = FACE_BOUND('',#8076,.T.);
#8076 = EDGE_LOOP('',(#8077,#8085,#8091,#8092,#8093));
#8077 = ORIENTED_EDGE('',*,*,#8078,.F.);
#8078 = EDGE_CURVE('',#8079,#4112,#8081,.T.);
#8079 = VERTEX_POINT('',#8080);
#8080 = CARTESIAN_POINT('',(36.823498739478,-35.26416136191,
    -9.263947904896));
#8081 = LINE('',#8082,#8083);
#8082 = CARTESIAN_POINT('',(36.823498739478,-35.26416136191,
    -9.263947904896));
#8083 = VECTOR('',#8084,1.);
#8084 = DIRECTION('',(1.,0.,0.));
#8085 = ORIENTED_EDGE('',*,*,#8086,.T.);
#8086 = EDGE_CURVE('',#8079,#8055,#8087,.T.);
#8087 = LINE('',#8088,#8089);
#8088 = CARTESIAN_POINT('',(36.823498739478,-41.26416136191,
    -9.263947904896));
#8089 = VECTOR('',#8090,1.);
#8090 = DIRECTION('',(0.,-1.,-2.05E-15));
#8091 = ORIENTED_EDGE('',*,*,#8062,.T.);
#8092 = ORIENTED_EDGE('',*,*,#4133,.T.);
#8093 = ORIENTED_EDGE('',*,*,#4118,.T.);
#8094 = PLANE('',#8095);
#8095 = AXIS2_PLACEMENT_3D('',#8096,#8097,#8098);
#8096 = CARTESIAN_POINT('',(40.417817470776,-38.84309647762,
    -9.263947904896));
#8097 = DIRECTION('',(0.,-3.3E-16,1.));
#8098 = DIRECTION('',(0.,1.,3.3E-16));
#8099 = ADVANCED_FACE('',(#8100),#8118,.F.);
#8100 = FACE_BOUND('',#8101,.F.);
#8101 = EDGE_LOOP('',(#8102,#8110,#8111,#8112));
#8102 = ORIENTED_EDGE('',*,*,#8103,.T.);
#8103 = EDGE_CURVE('',#8104,#4290,#8106,.T.);
#8104 = VERTEX_POINT('',#8105);
#8105 = CARTESIAN_POINT('',(22.459154356236,-61.88165524515,
    -26.12887423839));
#8106 = LINE('',#8107,#8108);
#8107 = CARTESIAN_POINT('',(22.459154356236,-61.88165524515,
    -26.12887423839));
#8108 = VECTOR('',#8109,1.);
#8109 = DIRECTION('',(-3.14E-14,0.811852882769,0.583862052834));
#8110 = ORIENTED_EDGE('',*,*,#4297,.T.);
#8111 = ORIENTED_EDGE('',*,*,#4343,.F.);
#8112 = ORIENTED_EDGE('',*,*,#8113,.F.);
#8113 = EDGE_CURVE('',#8104,#4344,#8114,.T.);
#8114 = LINE('',#8115,#8116);
#8115 = CARTESIAN_POINT('',(22.459154356236,-61.88165524515,
    -26.12887423839));
#8116 = VECTOR('',#8117,1.);
#8117 = DIRECTION('',(0.231388054262,-0.568016933567,0.789820442586));
#8118 = PLANE('',#8119);
#8119 = AXIS2_PLACEMENT_3D('',#8120,#8121,#8122);
#8120 = CARTESIAN_POINT('',(22.459154356236,-61.88165524515,
    -26.12887423839));
#8121 = DIRECTION('',(0.97286153606,0.135098704362,-0.187853058891));
#8122 = DIRECTION('',(0.231388054262,-0.568016933567,0.789820442586));
#8123 = ADVANCED_FACE('',(#8124),#8142,.F.);
#8124 = FACE_BOUND('',#8125,.F.);
#8125 = EDGE_LOOP('',(#8126,#8134,#8135,#8136));
#8126 = ORIENTED_EDGE('',*,*,#8127,.T.);
#8127 = EDGE_CURVE('',#8128,#4282,#8130,.T.);
#8128 = VERTEX_POINT('',#8129);
#8129 = CARTESIAN_POINT('',(15.459154356236,-61.88165524515,
    -26.12887423839));
#8130 = LINE('',#8131,#8132);
#8131 = CARTESIAN_POINT('',(15.459154356236,-61.88165524515,
    -26.12887423839));
#8132 = VECTOR('',#8133,1.);
#8133 = DIRECTION('',(-3.14E-14,0.811852882769,0.583862052834));
#8134 = ORIENTED_EDGE('',*,*,#4289,.T.);
#8135 = ORIENTED_EDGE('',*,*,#8103,.F.);
#8136 = ORIENTED_EDGE('',*,*,#8137,.F.);
#8137 = EDGE_CURVE('',#8128,#8104,#8138,.T.);
#8138 = LINE('',#8139,#8140);
#8139 = CARTESIAN_POINT('',(15.459154356236,-61.88165524515,
    -26.12887423839));
#8140 = VECTOR('',#8141,1.);
#8141 = DIRECTION('',(1.,2.5E-14,1.8E-14));
#8142 = PLANE('',#8143);
#8143 = AXIS2_PLACEMENT_3D('',#8144,#8145,#8146);
#8144 = CARTESIAN_POINT('',(15.459154356236,-61.88165524515,
    -26.12887423839));
#8145 = DIRECTION('',(0.,0.583862052834,-0.811852882769));
#8146 = DIRECTION('',(1.,2.548919404525E-14,1.833112067E-14));
#8147 = ADVANCED_FACE('',(#8148),#8166,.F.);
#8148 = FACE_BOUND('',#8149,.F.);
#8149 = EDGE_LOOP('',(#8150,#8158,#8159,#8160));
#8150 = ORIENTED_EDGE('',*,*,#8151,.T.);
#8151 = EDGE_CURVE('',#8152,#4274,#8154,.T.);
#8152 = VERTEX_POINT('',#8153);
#8153 = CARTESIAN_POINT('',(12.459154356236,-58.8478190248,
    -30.34738556207));
#8154 = LINE('',#8155,#8156);
#8155 = CARTESIAN_POINT('',(12.459154356236,-58.8478190248,
    -30.34738556207));
#8156 = VECTOR('',#8157,1.);
#8157 = DIRECTION('',(-3.14E-14,0.811852882769,0.583862052834));
#8158 = ORIENTED_EDGE('',*,*,#4281,.T.);
#8159 = ORIENTED_EDGE('',*,*,#8127,.F.);
#8160 = ORIENTED_EDGE('',*,*,#8161,.F.);
#8161 = EDGE_CURVE('',#8152,#8128,#8162,.T.);
#8162 = LINE('',#8163,#8164);
#8163 = CARTESIAN_POINT('',(12.459154356236,-58.8478190248,
    -30.34738556207));
#8164 = VECTOR('',#8165,1.);
#8165 = DIRECTION('',(0.5,-0.50563937006,0.703085220614));
#8166 = PLANE('',#8167);
#8167 = AXIS2_PLACEMENT_3D('',#8168,#8169,#8170);
#8168 = CARTESIAN_POINT('',(12.459154356236,-58.8478190248,
    -30.34738556207));
#8169 = DIRECTION('',(0.866025403785,0.291931026417,-0.405926441385));
#8170 = DIRECTION('',(0.5,-0.50563937006,0.703085220614));
#8171 = ADVANCED_FACE('',(#8172),#8190,.F.);
#8172 = FACE_BOUND('',#8173,.F.);
#8173 = EDGE_LOOP('',(#8174,#8182,#8183,#8184));
#8174 = ORIENTED_EDGE('',*,*,#8175,.T.);
#8175 = EDGE_CURVE('',#8176,#4266,#8178,.T.);
#8176 = VERTEX_POINT('',#8177);
#8177 = CARTESIAN_POINT('',(12.459154356236,-57.25789995122,
    -32.55814815058));
#8178 = LINE('',#8179,#8180);
#8179 = CARTESIAN_POINT('',(12.459154356236,-57.25789995122,
    -32.55814815058));
#8180 = VECTOR('',#8181,1.);
#8181 = DIRECTION('',(-3.14E-14,0.811852882769,0.583862052834));
#8182 = ORIENTED_EDGE('',*,*,#4273,.T.);
#8183 = ORIENTED_EDGE('',*,*,#8151,.F.);
#8184 = ORIENTED_EDGE('',*,*,#8185,.F.);
#8185 = EDGE_CURVE('',#8176,#8152,#8186,.T.);
#8186 = LINE('',#8187,#8188);
#8187 = CARTESIAN_POINT('',(12.459154356236,-57.25789995122,
    -32.55814815058));
#8188 = VECTOR('',#8189,1.);
#8189 = DIRECTION('',(-1.680056900789E-17,-0.583862052834,0.811852882769
    ));
#8190 = PLANE('',#8191);
#8191 = AXIS2_PLACEMENT_3D('',#8192,#8193,#8194);
#8192 = CARTESIAN_POINT('',(12.459154356236,-57.25789995122,
    -32.55814815058));
#8193 = DIRECTION('',(1.,2.549E-14,1.833E-14));
#8194 = DIRECTION('',(1.380385566711E-18,-0.583862052834,0.811852882769)
  );
#8195 = ADVANCED_FACE('',(#8196),#8214,.F.);
#8196 = FACE_BOUND('',#8197,.F.);
#8197 = EDGE_LOOP('',(#8198,#8206,#8207,#8208));
#8198 = ORIENTED_EDGE('',*,*,#8199,.T.);
#8199 = EDGE_CURVE('',#8200,#4258,#8202,.T.);
#8200 = VERTEX_POINT('',#8201);
#8201 = CARTESIAN_POINT('',(-12.45915435623,-57.25789995122,
    -32.55814815058));
#8202 = LINE('',#8203,#8204);
#8203 = CARTESIAN_POINT('',(-12.45915435623,-57.25789995122,
    -32.55814815058));
#8204 = VECTOR('',#8205,1.);
#8205 = DIRECTION('',(-3.14E-14,0.811852882769,0.583862052834));
#8206 = ORIENTED_EDGE('',*,*,#4265,.T.);
#8207 = ORIENTED_EDGE('',*,*,#8175,.F.);
#8208 = ORIENTED_EDGE('',*,*,#8209,.F.);
#8209 = EDGE_CURVE('',#8200,#8176,#8210,.T.);
#8210 = LINE('',#8211,#8212);
#8211 = CARTESIAN_POINT('',(-12.45915435623,-57.25789995122,
    -32.55814815058));
#8212 = VECTOR('',#8213,1.);
#8213 = DIRECTION('',(1.,2.5E-14,1.8E-14));
#8214 = PLANE('',#8215);
#8215 = AXIS2_PLACEMENT_3D('',#8216,#8217,#8218);
#8216 = CARTESIAN_POINT('',(-12.45915435623,-57.25789995122,
    -32.55814815058));
#8217 = DIRECTION('',(0.,0.583862052834,-0.811852882769));
#8218 = DIRECTION('',(1.,2.548919404525E-14,1.833112067E-14));
#8219 = ADVANCED_FACE('',(#8220),#8238,.F.);
#8220 = FACE_BOUND('',#8221,.F.);
#8221 = EDGE_LOOP('',(#8222,#8230,#8231,#8232));
#8222 = ORIENTED_EDGE('',*,*,#8223,.T.);
#8223 = EDGE_CURVE('',#8224,#4250,#8226,.T.);
#8224 = VERTEX_POINT('',#8225);
#8225 = CARTESIAN_POINT('',(-12.45915435623,-58.8478190248,
    -30.34738556207));
#8226 = LINE('',#8227,#8228);
#8227 = CARTESIAN_POINT('',(-12.45915435623,-58.8478190248,
    -30.34738556207));
#8228 = VECTOR('',#8229,1.);
#8229 = DIRECTION('',(-3.14E-14,0.811852882769,0.583862052834));
#8230 = ORIENTED_EDGE('',*,*,#4257,.T.);
#8231 = ORIENTED_EDGE('',*,*,#8199,.F.);
#8232 = ORIENTED_EDGE('',*,*,#8233,.F.);
#8233 = EDGE_CURVE('',#8224,#8200,#8234,.T.);
#8234 = LINE('',#8235,#8236);
#8235 = CARTESIAN_POINT('',(-12.45915435623,-58.8478190248,
    -30.34738556207));
#8236 = VECTOR('',#8237,1.);
#8237 = DIRECTION('',(1.680056900789E-17,0.583862052834,-0.811852882769)
  );
#8238 = PLANE('',#8239);
#8239 = AXIS2_PLACEMENT_3D('',#8240,#8241,#8242);
#8240 = CARTESIAN_POINT('',(-12.45915435623,-58.8478190248,
    -30.34738556207));
#8241 = DIRECTION('',(-1.,-2.549E-14,-1.833E-14));
#8242 = DIRECTION('',(-1.380385566711E-18,0.583862052834,-0.811852882769
    ));
#8243 = ADVANCED_FACE('',(#8244),#8262,.F.);
#8244 = FACE_BOUND('',#8245,.F.);
#8245 = EDGE_LOOP('',(#8246,#8254,#8255,#8256));
#8246 = ORIENTED_EDGE('',*,*,#8247,.T.);
#8247 = EDGE_CURVE('',#8248,#4242,#8250,.T.);
#8248 = VERTEX_POINT('',#8249);
#8249 = CARTESIAN_POINT('',(-15.45915435623,-61.88165524515,
    -26.12887423839));
#8250 = LINE('',#8251,#8252);
#8251 = CARTESIAN_POINT('',(-15.45915435623,-61.88165524515,
    -26.12887423839));
#8252 = VECTOR('',#8253,1.);
#8253 = DIRECTION('',(-3.14E-14,0.811852882769,0.583862052834));
#8254 = ORIENTED_EDGE('',*,*,#4249,.T.);
#8255 = ORIENTED_EDGE('',*,*,#8223,.F.);
#8256 = ORIENTED_EDGE('',*,*,#8257,.F.);
#8257 = EDGE_CURVE('',#8248,#8224,#8258,.T.);
#8258 = LINE('',#8259,#8260);
#8259 = CARTESIAN_POINT('',(-15.45915435623,-61.88165524515,
    -26.12887423839));
#8260 = VECTOR('',#8261,1.);
#8261 = DIRECTION('',(0.5,0.50563937006,-0.703085220614));
#8262 = PLANE('',#8263);
#8263 = AXIS2_PLACEMENT_3D('',#8264,#8265,#8266);
#8264 = CARTESIAN_POINT('',(-15.45915435623,-61.88165524515,
    -26.12887423839));
#8265 = DIRECTION('',(-0.866025403784,0.291931026417,-0.405926441385));
#8266 = DIRECTION('',(0.5,0.50563937006,-0.703085220614));
#8267 = ADVANCED_FACE('',(#8268),#8286,.F.);
#8268 = FACE_BOUND('',#8269,.F.);
#8269 = EDGE_LOOP('',(#8270,#8278,#8279,#8280));
#8270 = ORIENTED_EDGE('',*,*,#8271,.T.);
#8271 = EDGE_CURVE('',#8272,#4234,#8274,.T.);
#8272 = VERTEX_POINT('',#8273);
#8273 = CARTESIAN_POINT('',(-22.45915435623,-61.88165524515,
    -26.12887423839));
#8274 = LINE('',#8275,#8276);
#8275 = CARTESIAN_POINT('',(-22.45915435623,-61.88165524515,
    -26.12887423839));
#8276 = VECTOR('',#8277,1.);
#8277 = DIRECTION('',(-3.14E-14,0.811852882769,0.583862052834));
#8278 = ORIENTED_EDGE('',*,*,#4241,.T.);
#8279 = ORIENTED_EDGE('',*,*,#8247,.F.);
#8280 = ORIENTED_EDGE('',*,*,#8281,.F.);
#8281 = EDGE_CURVE('',#8272,#8248,#8282,.T.);
#8282 = LINE('',#8283,#8284);
#8283 = CARTESIAN_POINT('',(-22.45915435623,-61.88165524515,
    -26.12887423839));
#8284 = VECTOR('',#8285,1.);
#8285 = DIRECTION('',(1.,2.5E-14,1.8E-14));
#8286 = PLANE('',#8287);
#8287 = AXIS2_PLACEMENT_3D('',#8288,#8289,#8290);
#8288 = CARTESIAN_POINT('',(-22.45915435623,-61.88165524515,
    -26.12887423839));
#8289 = DIRECTION('',(0.,0.583862052834,-0.811852882769));
#8290 = DIRECTION('',(1.,2.548919404525E-14,1.833112067E-14));
#8291 = ADVANCED_FACE('',(#8292),#8303,.F.);
#8292 = FACE_BOUND('',#8293,.F.);
#8293 = EDGE_LOOP('',(#8294,#8295,#8296,#8297));
#8294 = ORIENTED_EDGE('',*,*,#4546,.T.);
#8295 = ORIENTED_EDGE('',*,*,#4233,.T.);
#8296 = ORIENTED_EDGE('',*,*,#8271,.F.);
#8297 = ORIENTED_EDGE('',*,*,#8298,.F.);
#8298 = EDGE_CURVE('',#4547,#8272,#8299,.T.);
#8299 = LINE('',#8300,#8301);
#8300 = CARTESIAN_POINT('',(-23.07754548259,-63.39969658252,
    -24.01805674319));
#8301 = VECTOR('',#8302,1.);
#8302 = DIRECTION('',(0.231388054262,0.568016933567,-0.789820442586));
#8303 = PLANE('',#8304);
#8304 = AXIS2_PLACEMENT_3D('',#8305,#8306,#8307);
#8305 = CARTESIAN_POINT('',(-23.07754548259,-63.39969658252,
    -24.01805674319));
#8306 = DIRECTION('',(-0.97286153606,0.135098704363,-0.187853058891));
#8307 = DIRECTION('',(0.231388054262,0.568016933567,-0.789820442586));
#8308 = ADVANCED_FACE('',(#8309),#8401,.F.);
#8309 = FACE_BOUND('',#8310,.F.);
#8310 = EDGE_LOOP('',(#8311,#8312,#8313,#8314,#8315,#8330,#8372));
#8311 = ORIENTED_EDGE('',*,*,#7943,.F.);
#8312 = ORIENTED_EDGE('',*,*,#4219,.T.);
#8313 = ORIENTED_EDGE('',*,*,#4569,.T.);
#8314 = ORIENTED_EDGE('',*,*,#7665,.F.);
#8315 = ORIENTED_EDGE('',*,*,#8316,.F.);
#8316 = EDGE_CURVE('',#8317,#7666,#8319,.T.);
#8317 = VERTEX_POINT('',#8318);
#8318 = CARTESIAN_POINT('',(-42.87935871344,-41.26416136191,
    -9.263947904896));
#8319 = B_SPLINE_CURVE_WITH_KNOTS('',5,(#8320,#8321,#8322,#8323,#8324,
    #8325,#8326,#8327,#8328,#8329),.UNSPECIFIED.,.F.,.F.,(6,4,6),(0.,
    3.149119211998E-02,1.),.UNSPECIFIED.);
#8320 = CARTESIAN_POINT('',(-42.87935871344,-41.26416136191,
    -9.263947904896));
#8321 = CARTESIAN_POINT('',(-42.89401973071,-41.22413282926,
    -9.263947904896));
#8322 = CARTESIAN_POINT('',(-42.90869322261,-41.18413847763,
    -9.263947904896));
#8323 = CARTESIAN_POINT('',(-42.92337883985,-41.14417922946,
    -9.263947904896));
#8324 = CARTESIAN_POINT('',(-42.938076532,-41.10425519021,
    -9.263947904896));
#8325 = CARTESIAN_POINT('',(-43.40519176371,-39.83756634299,
    -9.263947904896));
#8326 = CARTESIAN_POINT('',(-43.86915668136,-38.64366018854,
    -9.263947904896));
#8327 = CARTESIAN_POINT('',(-44.34403855957,-37.48343916047,
    -9.263947904896));
#8328 = CARTESIAN_POINT('',(-44.82908506627,-36.35704194019,
    -9.263947904896));
#8329 = CARTESIAN_POINT('',(-45.32349873947,-35.26416136191,
    -9.263947904896));
#8330 = ORIENTED_EDGE('',*,*,#8331,.F.);
#8331 = EDGE_CURVE('',#8332,#8317,#8334,.T.);
#8332 = VERTEX_POINT('',#8333);
#8333 = CARTESIAN_POINT('',(-42.17105638292,-43.26416136191,
    -9.263947904896));
#8334 = B_SPLINE_CURVE_WITH_KNOTS('',8,(#8335,#8336,#8337,#8338,#8339,
    #8340,#8341,#8342,#8343,#8344,#8345,#8346,#8347,#8348,#8349,#8350,
    #8351,#8352,#8353,#8354,#8355,#8356,#8357,#8358,#8359,#8360,#8361,
    #8362,#8363,#8364,#8365,#8366,#8367,#8368,#8369,#8370,#8371),
  .UNSPECIFIED.,.F.,.F.,(9,7,7,7,7,9),(0.,0.173647951011,0.633472759225,
    0.822888445822,0.910993301622,1.),.UNSPECIFIED.);
#8335 = CARTESIAN_POINT('',(-42.17105638292,-43.26416136191,
    -9.263947904896));
#8336 = CARTESIAN_POINT('',(-42.17579399928,-43.2503246665,
    -9.263947904896));
#8337 = CARTESIAN_POINT('',(-42.18931656061,-43.21083767754,
    -9.263947904896));
#8338 = CARTESIAN_POINT('',(-42.20584245625,-43.16263540016,
    -9.263947904896));
#8339 = CARTESIAN_POINT('',(-42.22187190301,-43.11605210831,
    -9.263947904896));
#8340 = CARTESIAN_POINT('',(-42.23579961693,-43.07561560629,
    -9.263947904896));
#8341 = CARTESIAN_POINT('',(-42.24793629492,-43.04043181583,
    -9.263947904896));
#8342 = CARTESIAN_POINT('',(-42.26015081057,-43.0050403601,
    -9.263947904896));
#8343 = CARTESIAN_POINT('',(-42.31717170442,-42.84018786105,
    -9.263947904896));
#8344 = CARTESIAN_POINT('',(-42.35866070981,-42.72078656783,
    -9.263947904896));
#8345 = CARTESIAN_POINT('',(-42.40024809711,-42.6016476818,
    -9.263947904896));
#8346 = CARTESIAN_POINT('',(-42.44193352739,-42.48277185505,
    -9.263947904896));
#8347 = CARTESIAN_POINT('',(-42.48371665574,-42.36415971968,
    -9.263947904896));
#8348 = CARTESIAN_POINT('',(-42.52559713127,-42.2458118878,
    -9.263947904896));
#8349 = CARTESIAN_POINT('',(-42.5675745971,-42.12772895157,
    -9.263947904896));
#8350 = CARTESIAN_POINT('',(-42.62698027647,-41.96137891973,
    -9.263947904896));
#8351 = CARTESIAN_POINT('',(-42.64432825898,-41.91289140252,
    -9.263947904896));
#8352 = CARTESIAN_POINT('',(-42.66169261255,-41.86444897151,
    -9.263947904896));
#8353 = CARTESIAN_POINT('',(-42.67907331166,-41.81605166607,
    -9.263947904896));
#8354 = CARTESIAN_POINT('',(-42.69647033065,-41.767699525,
    -9.263947904896));
#8355 = CARTESIAN_POINT('',(-42.71388364368,-41.7193925865,
    -9.263947904896));
#8356 = CARTESIAN_POINT('',(-42.73131322477,-41.67113088818,
    -9.263947904896));
#8357 = CARTESIAN_POINT('',(-42.75687380188,-41.60048706993,
    -9.263947904896));
#8358 = CARTESIAN_POINT('',(-42.76498855377,-41.57807918686,
    -9.263947904896));
#8359 = CARTESIAN_POINT('',(-42.77310330345,-41.55569078473,
    -9.263947904896));
#8360 = CARTESIAN_POINT('',(-42.78121805094,-41.53332183047,
    -9.263947904896));
#8361 = CARTESIAN_POINT('',(-42.78933279622,-41.51097229113,
    -9.263947904896));
#8362 = CARTESIAN_POINT('',(-42.79744753931,-41.48864213382,
    -9.263947904896));
#8363 = CARTESIAN_POINT('',(-42.80556228021,-41.46633132576,
    -9.263947904896));
#8364 = CARTESIAN_POINT('',(-42.82187482024,-41.42152016671,
    -9.263947904896));
#8365 = CARTESIAN_POINT('',(-42.83007615106,-41.39901051096,
    -9.263947904896));
#8366 = CARTESIAN_POINT('',(-42.83828103311,-41.37651080404,
    -9.263947904896));
#8367 = CARTESIAN_POINT('',(-42.84648947727,-41.35402101249,
    -9.263947904896));
#8368 = CARTESIAN_POINT('',(-42.85470148358,-41.3315411323,
    -9.263947904896));
#8369 = CARTESIAN_POINT('',(-42.86291704126,-41.30907118893,
    -9.263947904896));
#8370 = CARTESIAN_POINT('',(-42.8711361287,-41.28661123734,
    -9.263947904896));
#8371 = CARTESIAN_POINT('',(-42.87935871344,-41.26416136191,
    -9.263947904896));
#8372 = ORIENTED_EDGE('',*,*,#8373,.T.);
#8373 = EDGE_CURVE('',#8332,#7944,#8374,.T.);
#8374 = B_SPLINE_CURVE_WITH_KNOTS('',7,(#8375,#8376,#8377,#8378,#8379,
    #8380,#8381,#8382,#8383,#8384,#8385,#8386,#8387,#8388,#8389,#8390,
    #8391,#8392,#8393,#8394,#8395,#8396,#8397,#8398,#8399,#8400),
  .UNSPECIFIED.,.F.,.F.,(8,6,6,6,8),(0.,1.370656714939E-02,
    0.421152965408,0.845021378862,1.),.UNSPECIFIED.);
#8375 = CARTESIAN_POINT('',(-42.17105638292,-43.26416136191,
    -9.263947904896));
#8376 = CARTESIAN_POINT('',(-42.16948106727,-43.26416136191,
    -9.29203472057));
#8377 = CARTESIAN_POINT('',(-42.16709694725,-43.26416136191,
    -9.334509557323));
#8378 = CARTESIAN_POINT('',(-42.16450947653,-43.26416136191,
    -9.380509667538));
#8379 = CARTESIAN_POINT('',(-42.16206462783,-43.26416136191,
    -9.423858522015));
#8380 = CARTESIAN_POINT('',(-42.15985558983,-43.26416136191,
    -9.462972143067));
#8381 = CARTESIAN_POINT('',(-42.15771744993,-43.26416136191,
    -9.500788442426));
#8382 = CARTESIAN_POINT('',(-42.08130939008,-43.26416136191,
    -10.84929168103));
#8383 = CARTESIAN_POINT('',(-42.0034312317,-43.26416136191,
    -12.15152388951));
#8384 = CARTESIAN_POINT('',(-41.92122581838,-43.26416136191,
    -13.45107352695));
#8385 = CARTESIAN_POINT('',(-41.83426986104,-43.26416136191,
    -14.74753011653));
#8386 = CARTESIAN_POINT('',(-41.74207653287,-43.26416136191,
    -16.04036447255));
#8387 = CARTESIAN_POINT('',(-41.64407787231,-43.26416136191,
    -17.32891663136));
#8388 = CARTESIAN_POINT('',(-41.43091172146,-43.26416136191,
    -19.94757093562));
#8389 = CARTESIAN_POINT('',(-41.31522117783,-43.26416136191,
    -21.27713576159));
#8390 = CARTESIAN_POINT('',(-41.19176392607,-43.26416136191,
    -22.60026255119));
#8391 = CARTESIAN_POINT('',(-41.05966826202,-43.26416136191,
    -23.91574250891));
#8392 = CARTESIAN_POINT('',(-40.91793129312,-43.26416136191,
    -25.22194569394));
#8393 = CARTESIAN_POINT('',(-40.76539800924,-43.26416136191,
    -26.51680156869));
#8394 = CARTESIAN_POINT('',(-40.54054118505,-43.26416136191,
    -28.26614755891));
#8395 = CARTESIAN_POINT('',(-40.47872018965,-43.26416136191,
    -28.73264267627));
#8396 = CARTESIAN_POINT('',(-40.41521706214,-43.26416136191,
    -29.19713831954));
#8397 = CARTESIAN_POINT('',(-40.34996613385,-43.26416136191,
    -29.65948956865));
#8398 = CARTESIAN_POINT('',(-40.28289997701,-43.26416136191,
    -30.11953740658));
#8399 = CARTESIAN_POINT('',(-40.21394974312,-43.26416136191,
    -30.5771091529));
#8400 = CARTESIAN_POINT('',(-40.14304550144,-43.26416136191,
    -31.03201889742));
#8401 = B_SPLINE_SURFACE_WITH_KNOTS('',1,1,(
    (#8402,#8403)
    ,(#8404,#8405
    )),.UNSPECIFIED.,.F.,.F.,.F.,(2,2),(2,2),(0.,26.734919079155),(0.,
    35.80070496095),.PIECEWISE_BEZIER_KNOTS.);
#8402 = CARTESIAN_POINT('',(-36.0508761873,-49.58356103774,
    -36.37828710195));
#8403 = CARTESIAN_POINT('',(-45.32349873947,-35.26416136191,
    -24.26394790489));
#8404 = CARTESIAN_POINT('',(-36.0508761873,-60.59360939225,
    -21.0689525551));
#8405 = CARTESIAN_POINT('',(-45.32349873947,-35.26416136191,
    2.470971174259));
#8406 = ADVANCED_FACE('',(#8407),#8426,.F.);
#8407 = FACE_BOUND('',#8408,.F.);
#8408 = EDGE_LOOP('',(#8409,#8417,#8418,#8419));
#8409 = ORIENTED_EDGE('',*,*,#8410,.T.);
#8410 = EDGE_CURVE('',#8411,#4316,#8413,.T.);
#8411 = VERTEX_POINT('',#8412);
#8412 = CARTESIAN_POINT('',(-18.69999999999,-59.7116480242,
    -29.14624214133));
#8413 = LINE('',#8414,#8415);
#8414 = CARTESIAN_POINT('',(-18.69999999999,-59.7116480242,
    -29.14624214133));
#8415 = VECTOR('',#8416,1.);
#8416 = DIRECTION('',(3.147E-14,0.811852882769,0.583862052834));
#8417 = ORIENTED_EDGE('',*,*,#4315,.T.);
#8418 = ORIENTED_EDGE('',*,*,#8410,.F.);
#8419 = ORIENTED_EDGE('',*,*,#8420,.F.);
#8420 = EDGE_CURVE('',#8411,#8411,#8421,.T.);
#8421 = CIRCLE('',#8422,1.5);
#8422 = AXIS2_PLACEMENT_3D('',#8423,#8424,#8425);
#8423 = CARTESIAN_POINT('',(-18.69999999999,-58.83585494495,
    -30.36402146548));
#8424 = DIRECTION('',(-3.076335883561E-14,-0.811852882769,
    -0.583862052834));
#8425 = DIRECTION('',(-1.11155E-12,-0.583862052834,0.811852882769));
#8426 = CYLINDRICAL_SURFACE('',#8427,1.5);
#8427 = AXIS2_PLACEMENT_3D('',#8428,#8429,#8430);
#8428 = CARTESIAN_POINT('',(-18.69999999999,-58.83585494495,
    -30.36402146548));
#8429 = DIRECTION('',(-3.132E-14,-0.811852882769,-0.583862052834));
#8430 = DIRECTION('',(-1.11178E-12,-0.583862052834,0.811852882769));
#8431 = ADVANCED_FACE('',(#8432),#8451,.F.);
#8432 = FACE_BOUND('',#8433,.T.);
#8433 = EDGE_LOOP('',(#8434,#8442,#8443,#8444));
#8434 = ORIENTED_EDGE('',*,*,#8435,.T.);
#8435 = EDGE_CURVE('',#8436,#4327,#8438,.T.);
#8436 = VERTEX_POINT('',#8437);
#8437 = CARTESIAN_POINT('',(18.699999999995,-59.7116480242,
    -29.14624214133));
#8438 = LINE('',#8439,#8440);
#8439 = CARTESIAN_POINT('',(18.699999999995,-59.7116480242,
    -29.14624214133));
#8440 = VECTOR('',#8441,1.);
#8441 = DIRECTION('',(-3.147E-14,0.811852882769,0.583862052834));
#8442 = ORIENTED_EDGE('',*,*,#4326,.T.);
#8443 = ORIENTED_EDGE('',*,*,#8435,.F.);
#8444 = ORIENTED_EDGE('',*,*,#8445,.F.);
#8445 = EDGE_CURVE('',#8436,#8436,#8446,.T.);
#8446 = CIRCLE('',#8447,1.5);
#8447 = AXIS2_PLACEMENT_3D('',#8448,#8449,#8450);
#8448 = CARTESIAN_POINT('',(18.699999999993,-58.83585494495,
    -30.36402146548));
#8449 = DIRECTION('',(-3.186664116439E-14,0.811852882769,0.583862052834)
  );
#8450 = DIRECTION('',(1.112E-12,-0.583862052834,0.811852882769));
#8451 = CYLINDRICAL_SURFACE('',#8452,1.5);
#8452 = AXIS2_PLACEMENT_3D('',#8453,#8454,#8455);
#8453 = CARTESIAN_POINT('',(18.699999999993,-58.83585494495,
    -30.36402146548));
#8454 = DIRECTION('',(3.132E-14,-0.811852882769,-0.583862052834));
#8455 = DIRECTION('',(1.11178E-12,-0.583862052834,0.811852882769));
#8456 = ADVANCED_FACE('',(#8457,#8507,#8510,#8513,#8516),#8536,.F.);
#8457 = FACE_BOUND('',#8458,.F.);
#8458 = EDGE_LOOP('',(#8459,#8469,#8477,#8485,#8493,#8501));
#8459 = ORIENTED_EDGE('',*,*,#8460,.T.);
#8460 = EDGE_CURVE('',#8461,#8463,#8465,.T.);
#8461 = VERTEX_POINT('',#8462);
#8462 = CARTESIAN_POINT('',(19.221503908936,-82.0832822732,
    1.961235505426));
#8463 = VERTEX_POINT('',#8464);
#8464 = CARTESIAN_POINT('',(27.200000000002,-63.39969658252,
    -24.01805674319));
#8465 = LINE('',#8466,#8467);
#8466 = CARTESIAN_POINT('',(19.221503908936,-82.0832822732,
    1.961235505426));
#8467 = VECTOR('',#8468,1.);
#8468 = DIRECTION('',(0.241921895602,0.566518854599,-0.787737382515));
#8469 = ORIENTED_EDGE('',*,*,#8470,.F.);
#8470 = EDGE_CURVE('',#8471,#8463,#8473,.T.);
#8471 = VERTEX_POINT('',#8472);
#8472 = CARTESIAN_POINT('',(23.746699449047,-54.92245173988,
    -35.80555968166));
#8473 = LINE('',#8474,#8475);
#8474 = CARTESIAN_POINT('',(23.746699449047,-54.92245173988,
    -35.80555968166));
#8475 = VECTOR('',#8476,1.);
#8476 = DIRECTION('',(0.231388054262,-0.568016933567,0.789820442586));
#8477 = ORIENTED_EDGE('',*,*,#8478,.F.);
#8478 = EDGE_CURVE('',#8479,#8471,#8481,.T.);
#8479 = VERTEX_POINT('',#8480);
#8480 = CARTESIAN_POINT('',(-23.74669944904,-54.92245173989,
    -35.80555968166));
#8481 = LINE('',#8482,#8483);
#8482 = CARTESIAN_POINT('',(-23.74669944904,-54.92245173989,
    -35.80555968166));
#8483 = VECTOR('',#8484,1.);
#8484 = DIRECTION('',(1.,2.524355586483E-14,1.817515861585E-14));
#8485 = ORIENTED_EDGE('',*,*,#8486,.F.);
#8486 = EDGE_CURVE('',#8487,#8479,#8489,.T.);
#8487 = VERTEX_POINT('',#8488);
#8488 = CARTESIAN_POINT('',(-27.19999999999,-63.39969658252,
    -24.01805674319));
#8489 = LINE('',#8490,#8491);
#8490 = CARTESIAN_POINT('',(-27.19999999999,-63.39969658252,
    -24.01805674319));
#8491 = VECTOR('',#8492,1.);
#8492 = DIRECTION('',(0.231388054262,0.568016933567,-0.789820442586));
#8493 = ORIENTED_EDGE('',*,*,#8494,.T.);
#8494 = EDGE_CURVE('',#8487,#8495,#8497,.T.);
#8495 = VERTEX_POINT('',#8496);
#8496 = CARTESIAN_POINT('',(-19.22150390901,-82.0832822732,
    1.961235505425));
#8497 = LINE('',#8498,#8499);
#8498 = CARTESIAN_POINT('',(-27.19999999999,-63.39969658252,
    -24.01805674319));
#8499 = VECTOR('',#8500,1.);
#8500 = DIRECTION('',(0.2419218956,-0.566518854599,0.787737382516));
#8501 = ORIENTED_EDGE('',*,*,#8502,.T.);
#8502 = EDGE_CURVE('',#8495,#8461,#8503,.T.);
#8503 = LINE('',#8504,#8505);
#8504 = CARTESIAN_POINT('',(-19.22150390901,-82.0832822732,
    1.961235505425));
#8505 = VECTOR('',#8506,1.);
#8506 = DIRECTION('',(1.,2.530038556662E-14,1.821602895955E-14));
#8507 = FACE_BOUND('',#8508,.F.);
#8508 = EDGE_LOOP('',(#8509));
#8509 = ORIENTED_EDGE('',*,*,#8420,.T.);
#8510 = FACE_BOUND('',#8511,.F.);
#8511 = EDGE_LOOP('',(#8512));
#8512 = ORIENTED_EDGE('',*,*,#7457,.F.);
#8513 = FACE_BOUND('',#8514,.F.);
#8514 = EDGE_LOOP('',(#8515));
#8515 = ORIENTED_EDGE('',*,*,#8445,.F.);
#8516 = FACE_BOUND('',#8517,.F.);
#8517 = EDGE_LOOP('',(#8518,#8519,#8520,#8521,#8522,#8523,#8524,#8525,
    #8526,#8527,#8528,#8529,#8530,#8531,#8532,#8533,#8534,#8535));
#8518 = ORIENTED_EDGE('',*,*,#4529,.T.);
#8519 = ORIENTED_EDGE('',*,*,#4554,.T.);
#8520 = ORIENTED_EDGE('',*,*,#8298,.T.);
#8521 = ORIENTED_EDGE('',*,*,#8281,.T.);
#8522 = ORIENTED_EDGE('',*,*,#8257,.T.);
#8523 = ORIENTED_EDGE('',*,*,#8233,.T.);
#8524 = ORIENTED_EDGE('',*,*,#8209,.T.);
#8525 = ORIENTED_EDGE('',*,*,#8185,.T.);
#8526 = ORIENTED_EDGE('',*,*,#8161,.T.);
#8527 = ORIENTED_EDGE('',*,*,#8137,.T.);
#8528 = ORIENTED_EDGE('',*,*,#8113,.T.);
#8529 = ORIENTED_EDGE('',*,*,#4361,.T.);
#8530 = ORIENTED_EDGE('',*,*,#4385,.T.);
#8531 = ORIENTED_EDGE('',*,*,#4409,.T.);
#8532 = ORIENTED_EDGE('',*,*,#4433,.T.);
#8533 = ORIENTED_EDGE('',*,*,#4457,.T.);
#8534 = ORIENTED_EDGE('',*,*,#4481,.T.);
#8535 = ORIENTED_EDGE('',*,*,#4505,.T.);
#8536 = PLANE('',#8537);
#8537 = AXIS2_PLACEMENT_3D('',#8538,#8539,#8540);
#8538 = CARTESIAN_POINT('',(-1.156734E-11,-67.83065468907,
    -17.85686490896));
#8539 = DIRECTION('',(-3.14E-14,0.811852882769,0.583862052834));
#8540 = DIRECTION('',(0.,-0.583862052834,0.811852882769));
#8541 = ADVANCED_FACE('',(#8542,#8592),#8595,.F.);
#8542 = FACE_BOUND('',#8543,.F.);
#8543 = EDGE_LOOP('',(#8544,#8554,#8562,#8570,#8578,#8586));
#8544 = ORIENTED_EDGE('',*,*,#8545,.T.);
#8545 = EDGE_CURVE('',#8546,#8548,#8550,.T.);
#8546 = VERTEX_POINT('',#8547);
#8547 = CARTESIAN_POINT('',(3.3,-55.5,38.3));
#8548 = VERTEX_POINT('',#8549);
#8549 = CARTESIAN_POINT('',(1.65,-55.5,35.442116167511));
#8550 = LINE('',#8551,#8552);
#8551 = CARTESIAN_POINT('',(3.3,-55.5,38.3));
#8552 = VECTOR('',#8553,1.);
#8553 = DIRECTION('',(-0.5,-1.922962686384E-16,-0.866025403784));
#8554 = ORIENTED_EDGE('',*,*,#8555,.T.);
#8555 = EDGE_CURVE('',#8548,#8556,#8558,.T.);
#8556 = VERTEX_POINT('',#8557);
#8557 = CARTESIAN_POINT('',(-1.65,-55.5,35.442116167511));
#8558 = LINE('',#8559,#8560);
#8559 = CARTESIAN_POINT('',(1.65,-55.5,35.442116167511));
#8560 = VECTOR('',#8561,1.);
#8561 = DIRECTION('',(-1.,0.,0.));
#8562 = ORIENTED_EDGE('',*,*,#8563,.T.);
#8563 = EDGE_CURVE('',#8556,#8564,#8566,.T.);
#8564 = VERTEX_POINT('',#8565);
#8565 = CARTESIAN_POINT('',(-3.3,-55.5,38.3));
#8566 = LINE('',#8567,#8568);
#8567 = CARTESIAN_POINT('',(-1.65,-55.5,35.442116167511));
#8568 = VECTOR('',#8569,1.);
#8569 = DIRECTION('',(-0.5,1.922962686384E-16,0.866025403784));
#8570 = ORIENTED_EDGE('',*,*,#8571,.T.);
#8571 = EDGE_CURVE('',#8564,#8572,#8574,.T.);
#8572 = VERTEX_POINT('',#8573);
#8573 = CARTESIAN_POINT('',(-1.65,-55.5,41.157883832489));
#8574 = LINE('',#8575,#8576);
#8575 = CARTESIAN_POINT('',(-3.3,-55.5,38.3));
#8576 = VECTOR('',#8577,1.);
#8577 = DIRECTION('',(0.5,1.922962686384E-16,0.866025403784));
#8578 = ORIENTED_EDGE('',*,*,#8579,.T.);
#8579 = EDGE_CURVE('',#8572,#8580,#8582,.T.);
#8580 = VERTEX_POINT('',#8581);
#8581 = CARTESIAN_POINT('',(1.65,-55.5,41.157883832489));
#8582 = LINE('',#8583,#8584);
#8583 = CARTESIAN_POINT('',(-1.65,-55.5,41.157883832489));
#8584 = VECTOR('',#8585,1.);
#8585 = DIRECTION('',(1.,0.,0.));
#8586 = ORIENTED_EDGE('',*,*,#8587,.T.);
#8587 = EDGE_CURVE('',#8580,#8546,#8588,.T.);
#8588 = LINE('',#8589,#8590);
#8589 = CARTESIAN_POINT('',(1.65,-55.5,41.157883832489));
#8590 = VECTOR('',#8591,1.);
#8591 = DIRECTION('',(0.5,-1.922962686384E-16,-0.866025403784));
#8592 = FACE_BOUND('',#8593,.F.);
#8593 = EDGE_LOOP('',(#8594));
#8594 = ORIENTED_EDGE('',*,*,#7634,.F.);
#8595 = PLANE('',#8596);
#8596 = AXIS2_PLACEMENT_3D('',#8597,#8598,#8599);
#8597 = CARTESIAN_POINT('',(-4.485749594445E-17,-55.5,38.3));
#8598 = DIRECTION('',(0.,1.,0.));
#8599 = DIRECTION('',(0.,0.,1.));
#8600 = ADVANCED_FACE('',(#8601),#8637,.F.);
#8601 = FACE_BOUND('',#8602,.F.);
#8602 = EDGE_LOOP('',(#8603,#8612,#8624,#8625));
#8603 = ORIENTED_EDGE('',*,*,#8604,.T.);
#8604 = EDGE_CURVE('',#8605,#8607,#8609,.T.);
#8605 = VERTEX_POINT('',#8606);
#8606 = CARTESIAN_POINT('',(-32.63696542442,-60.,-50.43012353401));
#8607 = VERTEX_POINT('',#8608);
#8608 = CARTESIAN_POINT('',(32.636965424426,-60.,-50.43012353401));
#8609 = B_SPLINE_CURVE_WITH_KNOTS('',1,(#8610,#8611),.UNSPECIFIED.,.F.,
  .F.,(2,2),(0.,76.296532511701),.PIECEWISE_BEZIER_KNOTS.);
#8610 = CARTESIAN_POINT('',(-32.63696542442,-60.,-50.43012353401));
#8611 = CARTESIAN_POINT('',(32.636965424426,-60.,-50.43012353401));
#8612 = ORIENTED_EDGE('',*,*,#8613,.T.);
#8613 = EDGE_CURVE('',#8607,#7651,#8614,.T.);
#8614 = B_SPLINE_CURVE_WITH_KNOTS('',5,(#8615,#8616,#8617,#8618,#8619,
    #8620,#8621,#8622,#8623),.UNSPECIFIED.,.F.,.F.,(6,3,6),(0.,
    18.111042675242,36.564487534761),.UNSPECIFIED.);
#8615 = CARTESIAN_POINT('',(32.636965424426,-60.,-50.43012353401));
#8616 = CARTESIAN_POINT('',(34.315710399169,-57.54957960914,
    -48.35704613816));
#8617 = CARTESIAN_POINT('',(35.994455373913,-55.09915921828,
    -46.2839687423));
#8618 = CARTESIAN_POINT('',(37.673200348656,-52.64873882742,
    -44.21089134644));
#8619 = CARTESIAN_POINT('',(41.062428169701,-47.70157109981,
    -40.02554354738));
#8620 = CARTESIAN_POINT('',(44.451655990746,-42.75440337219,
    -35.84019574832));
#8621 = CARTESIAN_POINT('',(46.162138837046,-40.25765603543,
    -33.72792534513));
#8622 = CARTESIAN_POINT('',(47.872621683347,-37.76090869867,
    -31.61565494193));
#8623 = CARTESIAN_POINT('',(49.583104529648,-35.26416136191,
    -29.50338453873));
#8624 = ORIENTED_EDGE('',*,*,#7650,.T.);
#8625 = ORIENTED_EDGE('',*,*,#8626,.T.);
#8626 = EDGE_CURVE('',#7653,#8605,#8627,.T.);
#8627 = B_SPLINE_CURVE_WITH_KNOTS('',5,(#8628,#8629,#8630,#8631,#8632,
    #8633,#8634,#8635,#8636),.UNSPECIFIED.,.F.,.F.,(6,3,6),(0.,
    18.453444859868,36.564487534761),.UNSPECIFIED.);
#8628 = CARTESIAN_POINT('',(-49.58310452964,-35.26416136191,
    -29.50338453873));
#8629 = CARTESIAN_POINT('',(-47.87262168331,-37.76090869872,
    -31.61565494197));
#8630 = CARTESIAN_POINT('',(-46.16213883698,-40.25765603552,
    -33.7279253452));
#8631 = CARTESIAN_POINT('',(-44.45165599064,-42.75440337233,
    -35.84019574844));
#8632 = CARTESIAN_POINT('',(-41.0624281696,-47.70157109995,
    -40.0255435475));
#8633 = CARTESIAN_POINT('',(-37.67320034855,-52.64873882756,
    -44.21089134656));
#8634 = CARTESIAN_POINT('',(-35.99445537384,-55.09915921837,
    -46.28396874238));
#8635 = CARTESIAN_POINT('',(-34.31571039913,-57.54957960918,
    -48.3570461382));
#8636 = CARTESIAN_POINT('',(-32.63696542442,-60.,-50.43012353401));
#8637 = B_SPLINE_SURFACE_WITH_KNOTS('',5,1,(
    (#8638,#8639)
    ,(#8640,#8641)
    ,(#8642,#8643)
    ,(#8644,#8645)
    ,(#8646,#8647)
    ,(#8648,#8649)
    ,(#8650,#8651)
    ,(#8652,#8653)
    ,(#8654,#8655
    )),.UNSPECIFIED.,.F.,.F.,.F.,(6,3,6),(2,2),(0.,18.111042675242,
    36.564487534761),(0.,99.166209059297),.UNSPECIFIED.);
#8638 = CARTESIAN_POINT('',(32.636965424426,-60.,-50.43012353401));
#8639 = CARTESIAN_POINT('',(-32.63696542442,-60.,-50.43012353401));
#8640 = CARTESIAN_POINT('',(34.315710399169,-57.54957960914,
    -48.35704613816));
#8641 = CARTESIAN_POINT('',(-34.31571039913,-57.54957960918,
    -48.3570461382));
#8642 = CARTESIAN_POINT('',(35.994455373913,-55.09915921828,
    -46.2839687423));
#8643 = CARTESIAN_POINT('',(-35.99445537384,-55.09915921837,
    -46.28396874238));
#8644 = CARTESIAN_POINT('',(37.673200348656,-52.64873882742,
    -44.21089134644));
#8645 = CARTESIAN_POINT('',(-37.67320034855,-52.64873882756,
    -44.21089134656));
#8646 = CARTESIAN_POINT('',(41.062428169701,-47.70157109981,
    -40.02554354738));
#8647 = CARTESIAN_POINT('',(-41.0624281696,-47.70157109995,
    -40.0255435475));
#8648 = CARTESIAN_POINT('',(44.451655990746,-42.75440337219,
    -35.84019574832));
#8649 = CARTESIAN_POINT('',(-44.45165599064,-42.75440337233,
    -35.84019574844));
#8650 = CARTESIAN_POINT('',(46.162138837046,-40.25765603543,
    -33.72792534513));
#8651 = CARTESIAN_POINT('',(-46.16213883698,-40.25765603552,
    -33.7279253452));
#8652 = CARTESIAN_POINT('',(47.872621683347,-37.76090869867,
    -31.61565494193));
#8653 = CARTESIAN_POINT('',(-47.87262168331,-37.76090869872,
    -31.61565494197));
#8654 = CARTESIAN_POINT('',(49.583104529648,-35.26416136191,
    -29.50338453873));
#8655 = CARTESIAN_POINT('',(-49.58310452964,-35.26416136191,
    -29.50338453873));
#8656 = ADVANCED_FACE('',(#8657),#8667,.F.);
#8657 = FACE_BOUND('',#8658,.F.);
#8658 = EDGE_LOOP('',(#8659,#8660,#8661,#8662));
#8659 = ORIENTED_EDGE('',*,*,#8626,.F.);
#8660 = ORIENTED_EDGE('',*,*,#7659,.T.);
#8661 = ORIENTED_EDGE('',*,*,#7856,.T.);
#8662 = ORIENTED_EDGE('',*,*,#8663,.F.);
#8663 = EDGE_CURVE('',#8605,#7857,#8664,.T.);
#8664 = B_SPLINE_CURVE_WITH_KNOTS('',1,(#8665,#8666),.UNSPECIFIED.,.F.,
  .F.,(2,2),(0.,31.97435571299),.PIECEWISE_BEZIER_KNOTS.);
#8665 = CARTESIAN_POINT('',(-32.63696542442,-60.,-50.43012353401));
#8666 = CARTESIAN_POINT('',(-38.14826625585,-66.5,-26.55805694678));
#8667 = B_SPLINE_SURFACE_WITH_KNOTS('',1,5,(
    (#8668,#8669,#8670,#8671,#8672,#8673,#8674,#8675,#8676)
    ,(#8677,#8678,#8679,#8680,#8681,#8682,#8683,#8684,#8685
  )),.UNSPECIFIED.,.F.,.F.,.F.,(2,2),(6,3,6),(0.,31.97435571299),(0.,
    18.453444859868,36.564487534761),.UNSPECIFIED.);
#8668 = CARTESIAN_POINT('',(-49.58310452964,-35.26416136191,
    -29.50338453873));
#8669 = CARTESIAN_POINT('',(-47.87262168331,-37.76090869872,
    -31.61565494197));
#8670 = CARTESIAN_POINT('',(-46.16213883698,-40.25765603552,
    -33.7279253452));
#8671 = CARTESIAN_POINT('',(-44.45165599064,-42.75440337233,
    -35.84019574844));
#8672 = CARTESIAN_POINT('',(-41.0624281696,-47.70157109995,
    -40.0255435475));
#8673 = CARTESIAN_POINT('',(-37.67320034855,-52.64873882756,
    -44.21089134656));
#8674 = CARTESIAN_POINT('',(-35.99445537384,-55.09915921837,
    -46.28396874238));
#8675 = CARTESIAN_POINT('',(-34.31571039913,-57.54957960918,
    -48.3570461382));
#8676 = CARTESIAN_POINT('',(-32.63696542442,-60.,-50.43012353401));
#8677 = CARTESIAN_POINT('',(-49.58310452964,-35.26416136191,
    2.470971174259));
#8678 = CARTESIAN_POINT('',(-48.49708972812,-38.23076065143,
    -0.28603801628));
#8679 = CARTESIAN_POINT('',(-47.22229322531,-41.71304320803,
    -3.52229747555));
#8680 = CARTESIAN_POINT('',(-46.27941334893,-44.28864969833,
    -5.915937489571));
#8681 = CARTESIAN_POINT('',(-43.74042704692,-51.22424113697,
    -12.3615297223));
#8682 = CARTESIAN_POINT('',(-41.73139002871,-56.71220297921,
    -17.46176732089));
#8683 = CARTESIAN_POINT('',(-40.17883104435,-60.95323208259,
    -21.40316791944));
#8684 = CARTESIAN_POINT('',(-39.3970841104,-63.08868170592,
    -23.38774812825));
#8685 = CARTESIAN_POINT('',(-38.14826625585,-66.5,-26.55805694678));
#8686 = ADVANCED_FACE('',(#8687,#8713),#8724,.T.);
#8687 = FACE_BOUND('',#8688,.F.);
#8688 = EDGE_LOOP('',(#8689,#8699,#8705,#8706,#8707));
#8689 = ORIENTED_EDGE('',*,*,#8690,.F.);
#8690 = EDGE_CURVE('',#8691,#8693,#8695,.T.);
#8691 = VERTEX_POINT('',#8692);
#8692 = CARTESIAN_POINT('',(-36.82349873947,-35.26416136191,
    -9.263947904896));
#8693 = VERTEX_POINT('',#8694);
#8694 = CARTESIAN_POINT('',(-34.32349873947,-35.26416136191,
    -13.59407492379));
#8695 = LINE('',#8696,#8697);
#8696 = CARTESIAN_POINT('',(-36.82349873947,-35.26416136191,
    -9.263947904896));
#8697 = VECTOR('',#8698,1.);
#8698 = DIRECTION('',(0.500000000002,1.952050807567E-15,-0.866025403783)
  );
#8699 = ORIENTED_EDGE('',*,*,#8700,.T.);
#8700 = EDGE_CURVE('',#8691,#7666,#8701,.T.);
#8701 = LINE('',#8702,#8703);
#8702 = CARTESIAN_POINT('',(-36.82349873947,-35.26416136191,
    -9.263947904896));
#8703 = VECTOR('',#8704,1.);
#8704 = DIRECTION('',(-1.,-4.4E-16,4.4E-16));
#8705 = ORIENTED_EDGE('',*,*,#7672,.F.);
#8706 = ORIENTED_EDGE('',*,*,#7679,.T.);
#8707 = ORIENTED_EDGE('',*,*,#8708,.T.);
#8708 = EDGE_CURVE('',#7680,#8693,#8709,.T.);
#8709 = LINE('',#8710,#8711);
#8710 = CARTESIAN_POINT('',(-34.32349873947,-35.26416136191,
    -29.50338453873));
#8711 = VECTOR('',#8712,1.);
#8712 = DIRECTION('',(4.4E-16,-2.E-15,1.));
#8713 = FACE_BOUND('',#8714,.F.);
#8714 = EDGE_LOOP('',(#8715));
#8715 = ORIENTED_EDGE('',*,*,#8716,.F.);
#8716 = EDGE_CURVE('',#8717,#8717,#8719,.T.);
#8717 = VERTEX_POINT('',#8718);
#8718 = CARTESIAN_POINT('',(-38.2,-35.26416136191,-13.8));
#8719 = CIRCLE('',#8720,1.5);
#8720 = AXIS2_PLACEMENT_3D('',#8721,#8722,#8723);
#8721 = CARTESIAN_POINT('',(-39.7,-35.26416136191,-13.8));
#8722 = DIRECTION('',(0.,-1.,-1.998401444325E-15));
#8723 = DIRECTION('',(1.,0.,-0.));
#8724 = PLANE('',#8725);
#8725 = AXIS2_PLACEMENT_3D('',#8726,#8727,#8728);
#8726 = CARTESIAN_POINT('',(-40.04099208303,-35.26416136191,
    -19.71295064561));
#8727 = DIRECTION('',(-2.9E-16,1.,2.E-15));
#8728 = DIRECTION('',(0.,2.E-15,-1.));
#8729 = ADVANCED_FACE('',(#8730,#8749),#8760,.T.);
#8730 = FACE_BOUND('',#8731,.T.);
#8731 = EDGE_LOOP('',(#8732,#8740,#8741,#8742,#8743));
#8732 = ORIENTED_EDGE('',*,*,#8733,.F.);
#8733 = EDGE_CURVE('',#8079,#8734,#8736,.T.);
#8734 = VERTEX_POINT('',#8735);
#8735 = CARTESIAN_POINT('',(34.323498739478,-35.26416136191,
    -13.59407492379));
#8736 = LINE('',#8737,#8738);
#8737 = CARTESIAN_POINT('',(36.823498739478,-35.26416136191,
    -9.263947904896));
#8738 = VECTOR('',#8739,1.);
#8739 = DIRECTION('',(-0.500000000002,1.732050807567E-15,-0.866025403783
    ));
#8740 = ORIENTED_EDGE('',*,*,#8078,.T.);
#8741 = ORIENTED_EDGE('',*,*,#7700,.F.);
#8742 = ORIENTED_EDGE('',*,*,#7693,.F.);
#8743 = ORIENTED_EDGE('',*,*,#8744,.T.);
#8744 = EDGE_CURVE('',#7687,#8734,#8745,.T.);
#8745 = LINE('',#8746,#8747);
#8746 = CARTESIAN_POINT('',(34.323498739478,-35.26416136191,
    -29.50338453873));
#8747 = VECTOR('',#8748,1.);
#8748 = DIRECTION('',(0.,-2.E-15,1.));
#8749 = FACE_BOUND('',#8750,.T.);
#8750 = EDGE_LOOP('',(#8751));
#8751 = ORIENTED_EDGE('',*,*,#8752,.F.);
#8752 = EDGE_CURVE('',#8753,#8753,#8755,.T.);
#8753 = VERTEX_POINT('',#8754);
#8754 = CARTESIAN_POINT('',(38.2,-35.26416136191,-13.8));
#8755 = CIRCLE('',#8756,1.5);
#8756 = AXIS2_PLACEMENT_3D('',#8757,#8758,#8759);
#8757 = CARTESIAN_POINT('',(39.7,-35.26416136191,-13.8));
#8758 = DIRECTION('',(0.,1.,1.998401444325E-15));
#8759 = DIRECTION('',(-1.,0.,0.));
#8760 = PLANE('',#8761);
#8761 = AXIS2_PLACEMENT_3D('',#8762,#8763,#8764);
#8762 = CARTESIAN_POINT('',(40.040992083033,-35.26416136191,
    -19.71295064561));
#8763 = DIRECTION('',(2.9E-16,1.,2.E-15));
#8764 = DIRECTION('',(0.,-2.E-15,1.));
#8765 = ADVANCED_FACE('',(#8766),#8776,.F.);
#8766 = FACE_BOUND('',#8767,.F.);
#8767 = EDGE_LOOP('',(#8768,#8773,#8774,#8775));
#8768 = ORIENTED_EDGE('',*,*,#8769,.T.);
#8769 = EDGE_CURVE('',#8607,#7735,#8770,.T.);
#8770 = B_SPLINE_CURVE_WITH_KNOTS('',1,(#8771,#8772),.UNSPECIFIED.,.F.,
  .F.,(2,2),(0.,31.97435571299),.PIECEWISE_BEZIER_KNOTS.);
#8771 = CARTESIAN_POINT('',(32.636965424426,-60.,-50.43012353401));
#8772 = CARTESIAN_POINT('',(38.14826625585,-66.5,-26.55805694678));
#8773 = ORIENTED_EDGE('',*,*,#7744,.T.);
#8774 = ORIENTED_EDGE('',*,*,#7707,.T.);
#8775 = ORIENTED_EDGE('',*,*,#8613,.F.);
#8776 = B_SPLINE_SURFACE_WITH_KNOTS('',5,1,(
    (#8777,#8778)
    ,(#8779,#8780)
    ,(#8781,#8782)
    ,(#8783,#8784)
    ,(#8785,#8786)
    ,(#8787,#8788)
    ,(#8789,#8790)
    ,(#8791,#8792)
    ,(#8793,#8794
    )),.UNSPECIFIED.,.F.,.F.,.F.,(6,3,6),(2,2),(0.,18.111042675242,
    36.564487534761),(0.,31.97435571299),.UNSPECIFIED.);
#8777 = CARTESIAN_POINT('',(38.14826625585,-66.5,-26.55805694678));
#8778 = CARTESIAN_POINT('',(32.636965424426,-60.,-50.43012353401));
#8779 = CARTESIAN_POINT('',(39.397084061878,-63.08868183848,
    -23.38774825144));
#8780 = CARTESIAN_POINT('',(34.315710399169,-57.54957960914,
    -48.35704613816));
#8781 = CARTESIAN_POINT('',(40.178831135975,-60.95323183231,
    -21.40316768684));
#8782 = CARTESIAN_POINT('',(35.994455373913,-55.09915921828,
    -46.2839687423));
#8783 = CARTESIAN_POINT('',(41.731389974807,-56.71220312647,
    -17.46176745774));
#8784 = CARTESIAN_POINT('',(37.673200348656,-52.64873882742,
    -44.21089134644));
#8785 = CARTESIAN_POINT('',(43.740427098829,-51.22424099519,
    -12.36152959053));
#8786 = CARTESIAN_POINT('',(41.062428169701,-47.70157109981,
    -40.02554354738));
#8787 = CARTESIAN_POINT('',(46.279413317241,-44.28864978492,
    -5.915937570044));
#8788 = CARTESIAN_POINT('',(44.451655990746,-42.75440337219,
    -35.84019574832));
#8789 = CARTESIAN_POINT('',(47.222293254768,-41.71304312757,
    -3.522297400774));
#8790 = CARTESIAN_POINT('',(46.162138837046,-40.25765603543,
    -33.72792534513));
#8791 = CARTESIAN_POINT('',(48.497089717607,-38.23076068018,
    -0.286038042991));
#8792 = CARTESIAN_POINT('',(47.872621683347,-37.76090869867,
    -31.61565494193));
#8793 = CARTESIAN_POINT('',(49.583104529648,-35.26416136191,
    2.470971174259));
#8794 = CARTESIAN_POINT('',(49.583104529648,-35.26416136191,
    -29.50338453873));
#8795 = ADVANCED_FACE('',(#8796),#8806,.F.);
#8796 = FACE_BOUND('',#8797,.F.);
#8797 = EDGE_LOOP('',(#8798,#8803,#8804,#8805));
#8798 = ORIENTED_EDGE('',*,*,#8799,.F.);
#8799 = EDGE_CURVE('',#7871,#7721,#8800,.T.);
#8800 = B_SPLINE_CURVE_WITH_KNOTS('',1,(#8801,#8802),.UNSPECIFIED.,.F.,
  .F.,(2,2),(0.,76.296532511701),.PIECEWISE_BEZIER_KNOTS.);
#8801 = CARTESIAN_POINT('',(-28.5,-89.19567837159,4.999999999994));
#8802 = CARTESIAN_POINT('',(28.5,-89.19567837159,5.));
#8803 = ORIENTED_EDGE('',*,*,#7880,.T.);
#8804 = ORIENTED_EDGE('',*,*,#7807,.T.);
#8805 = ORIENTED_EDGE('',*,*,#7720,.F.);
#8806 = B_SPLINE_SURFACE_WITH_KNOTS('',5,1,(
    (#8807,#8808)
    ,(#8809,#8810)
    ,(#8811,#8812)
    ,(#8813,#8814)
    ,(#8815,#8816)
    ,(#8817,#8818)
    ,(#8819,#8820)
    ,(#8821,#8822)
    ,(#8823,#8824
    )),.UNSPECIFIED.,.F.,.F.,.F.,(6,3,6),(2,2),(0.,0.49531783148,1.),(0.
    ,57.000000000001),.UNSPECIFIED.);
#8807 = CARTESIAN_POINT('',(-28.5,-89.19567837159,4.999999999994));
#8808 = CARTESIAN_POINT('',(28.5,-89.19567837159,5.));
#8809 = CARTESIAN_POINT('',(-27.16252840098,-87.41829424119,
    11.293171110813));
#8810 = CARTESIAN_POINT('',(27.162528482924,-87.41829435509,
    11.293170899685));
#8811 = CARTESIAN_POINT('',(-25.89055415184,-85.80608410526,
    14.940196222518));
#8812 = CARTESIAN_POINT('',(25.890553964013,-85.80608385805,
    14.940196597264));
#8813 = CARTESIAN_POINT('',(-23.30846100961,-81.95294084719,
    21.999117823378));
#8814 = CARTESIAN_POINT('',(23.308461119429,-81.95294101847,
    21.999117622418));
#8815 = CARTESIAN_POINT('',(-19.16906987959,-74.97905820862,
    29.122993583901));
#8816 = CARTESIAN_POINT('',(19.169069770083,-74.97905803096,
    29.122993765883));
#8817 = CARTESIAN_POINT('',(-15.0688963855,-65.60514007267,
    37.942617578449));
#8818 = CARTESIAN_POINT('',(15.068896451712,-65.60514018324,
    37.942617470533));
#8819 = CARTESIAN_POINT('',(-13.91878167182,-62.12427450818,
    41.464605736771));
#8820 = CARTESIAN_POINT('',(13.91878161092,-62.12427440355,
    41.464605836485));
#8821 = CARTESIAN_POINT('',(-12.42129072288,-57.32500452248,
    46.004229971895));
#8822 = CARTESIAN_POINT('',(12.42129074481,-57.32500455985,
    46.004229936638));
#8823 = CARTESIAN_POINT('',(-11.5,-53.21862317911,49.999999999999));
#8824 = CARTESIAN_POINT('',(11.5,-53.21862317911,50.));
#8825 = ADVANCED_FACE('',(#8826),#8867,.F.);
#8826 = FACE_BOUND('',#8827,.F.);
#8827 = EDGE_LOOP('',(#8828,#8835,#8836,#8837,#8838,#8845,#8853,#8861));
#8828 = ORIENTED_EDGE('',*,*,#8829,.F.);
#8829 = EDGE_CURVE('',#7857,#8830,#8832,.T.);
#8830 = VERTEX_POINT('',#8831);
#8831 = CARTESIAN_POINT('',(-34.02689293597,-66.5,-26.55805694678));
#8832 = B_SPLINE_CURVE_WITH_KNOTS('',1,(#8833,#8834),.UNSPECIFIED.,.F.,
  .F.,(2,2),(0.,76.296532511701),.PIECEWISE_BEZIER_KNOTS.);
#8833 = CARTESIAN_POINT('',(-38.14826625585,-66.5,-26.55805694678));
#8834 = CARTESIAN_POINT('',(38.14826625585,-66.5,-26.55805694678));
#8835 = ORIENTED_EDGE('',*,*,#7870,.T.);
#8836 = ORIENTED_EDGE('',*,*,#8799,.T.);
#8837 = ORIENTED_EDGE('',*,*,#7734,.F.);
#8838 = ORIENTED_EDGE('',*,*,#8839,.F.);
#8839 = EDGE_CURVE('',#8840,#7735,#8842,.T.);
#8840 = VERTEX_POINT('',#8841);
#8841 = CARTESIAN_POINT('',(34.026892935978,-66.5,-26.55805694678));
#8842 = B_SPLINE_CURVE_WITH_KNOTS('',1,(#8843,#8844),.UNSPECIFIED.,.F.,
  .F.,(2,2),(0.,76.296532511701),.PIECEWISE_BEZIER_KNOTS.);
#8843 = CARTESIAN_POINT('',(-38.14826625585,-66.5,-26.55805694678));
#8844 = CARTESIAN_POINT('',(38.14826625585,-66.5,-26.55805694678));
#8845 = ORIENTED_EDGE('',*,*,#8846,.F.);
#8846 = EDGE_CURVE('',#8847,#8840,#8849,.T.);
#8847 = VERTEX_POINT('',#8848);
#8848 = CARTESIAN_POINT('',(25.371460020501,-86.86023016026,
    1.75258846892));
#8849 = LINE('',#8850,#8851);
#8850 = CARTESIAN_POINT('',(25.371460020501,-86.86023016026,
    1.75258846892));
#8851 = VECTOR('',#8852,1.);
#8852 = DIRECTION('',(0.240898667341,0.566667474668,-0.787944036862));
#8853 = ORIENTED_EDGE('',*,*,#8854,.F.);
#8854 = EDGE_CURVE('',#8855,#8847,#8857,.T.);
#8855 = VERTEX_POINT('',#8856);
#8856 = CARTESIAN_POINT('',(-25.3714600205,-86.86023016026,
    1.752588468918));
#8857 = LINE('',#8858,#8859);
#8858 = CARTESIAN_POINT('',(-25.3714600205,-86.86023016026,
    1.752588468918));
#8859 = VECTOR('',#8860,1.);
#8860 = DIRECTION('',(1.,9.018222170044E-15,4.097466230044E-14));
#8861 = ORIENTED_EDGE('',*,*,#8862,.F.);
#8862 = EDGE_CURVE('',#8830,#8855,#8863,.T.);
#8863 = LINE('',#8864,#8865);
#8864 = CARTESIAN_POINT('',(-34.02689293597,-66.5,-26.55805694678));
#8865 = VECTOR('',#8866,1.);
#8866 = DIRECTION('',(0.240898667341,-0.566667474668,0.787944036862));
#8867 = B_SPLINE_SURFACE_WITH_KNOTS('',4,1,(
    (#8868,#8869)
    ,(#8870,#8871)
    ,(#8872,#8873)
    ,(#8874,#8875)
    ,(#8876,#8877
    )),.UNSPECIFIED.,.F.,.F.,.F.,(5,5),(2,2),(0.,1.),(0.,76.296532511701
    ),.PIECEWISE_BEZIER_KNOTS.);
#8868 = CARTESIAN_POINT('',(-38.14826625585,-66.5,-26.55805694678));
#8869 = CARTESIAN_POINT('',(38.14826625585,-66.5,-26.55805694678));
#8870 = CARTESIAN_POINT('',(-35.81064687951,-71.99879699769,
    -18.91204848866));
#8871 = CARTESIAN_POINT('',(35.810646879515,-71.99879699768,
    -18.91204848867));
#8872 = CARTESIAN_POINT('',(-33.36213478449,-77.7584476462,
    -10.90332629128));
#8873 = CARTESIAN_POINT('',(33.362134784497,-77.75844764619,
    -10.90332629129));
#8874 = CARTESIAN_POINT('',(-31.06168450195,-83.16981154701,
    -3.378892460957));
#8875 = CARTESIAN_POINT('',(31.061684501966,-83.16981154698,
    -3.378892460984));
#8876 = CARTESIAN_POINT('',(-28.5,-89.19567837159,4.999999999994));
#8877 = CARTESIAN_POINT('',(28.5,-89.19567837159,5.));
#8878 = ADVANCED_FACE('',(#8879),#8891,.T.);
#8879 = FACE_BOUND('',#8880,.T.);
#8880 = EDGE_LOOP('',(#8881,#8882,#8883,#8884,#8885));
#8881 = ORIENTED_EDGE('',*,*,#8744,.F.);
#8882 = ORIENTED_EDGE('',*,*,#7994,.T.);
#8883 = ORIENTED_EDGE('',*,*,#8005,.T.);
#8884 = ORIENTED_EDGE('',*,*,#8046,.F.);
#8885 = ORIENTED_EDGE('',*,*,#8886,.F.);
#8886 = EDGE_CURVE('',#8734,#8047,#8887,.T.);
#8887 = LINE('',#8888,#8889);
#8888 = CARTESIAN_POINT('',(34.323498739478,-35.26416136191,
    -13.59407492379));
#8889 = VECTOR('',#8890,1.);
#8890 = DIRECTION('',(0.,-1.,0.));
#8891 = PLANE('',#8892);
#8892 = AXIS2_PLACEMENT_3D('',#8893,#8894,#8895);
#8893 = CARTESIAN_POINT('',(34.323498739478,-39.84527763871,
    -21.24074747939));
#8894 = DIRECTION('',(-1.,-0.,-0.));
#8895 = DIRECTION('',(0.,0.,-1.));
#8896 = ADVANCED_FACE('',(#8897),#8916,.T.);
#8897 = FACE_BOUND('',#8898,.T.);
#8898 = EDGE_LOOP('',(#8899,#8900,#8908,#8914,#8915));
#8899 = ORIENTED_EDGE('',*,*,#8708,.T.);
#8900 = ORIENTED_EDGE('',*,*,#8901,.T.);
#8901 = EDGE_CURVE('',#8693,#8902,#8904,.T.);
#8902 = VERTEX_POINT('',#8903);
#8903 = CARTESIAN_POINT('',(-34.32349873947,-43.26416136191,
    -13.59407492379));
#8904 = LINE('',#8905,#8906);
#8905 = CARTESIAN_POINT('',(-34.32349873947,-35.26416136191,
    -13.59407492379));
#8906 = VECTOR('',#8907,1.);
#8907 = DIRECTION('',(-0.,-1.,-0.));
#8908 = ORIENTED_EDGE('',*,*,#8909,.T.);
#8909 = EDGE_CURVE('',#8902,#7951,#8910,.T.);
#8910 = LINE('',#8911,#8912);
#8911 = CARTESIAN_POINT('',(-34.32349873947,-43.26416136191,
    -13.59407492379));
#8912 = VECTOR('',#8913,1.);
#8913 = DIRECTION('',(-0.,2.E-15,-1.));
#8914 = ORIENTED_EDGE('',*,*,#7957,.F.);
#8915 = ORIENTED_EDGE('',*,*,#7984,.F.);
#8916 = PLANE('',#8917);
#8917 = AXIS2_PLACEMENT_3D('',#8918,#8919,#8920);
#8918 = CARTESIAN_POINT('',(-34.32349873947,-39.84527763871,
    -21.24074747939));
#8919 = DIRECTION('',(1.,-1.02E-15,0.));
#8920 = DIRECTION('',(1.02E-15,1.,0.));
#8921 = ADVANCED_FACE('',(#8922),#8941,.F.);
#8922 = FACE_BOUND('',#8923,.T.);
#8923 = EDGE_LOOP('',(#8924,#8925,#8933,#8939,#8940));
#8924 = ORIENTED_EDGE('',*,*,#8909,.F.);
#8925 = ORIENTED_EDGE('',*,*,#8926,.F.);
#8926 = EDGE_CURVE('',#8927,#8902,#8929,.T.);
#8927 = VERTEX_POINT('',#8928);
#8928 = CARTESIAN_POINT('',(-36.82349873947,-43.26416136191,
    -9.263947904896));
#8929 = LINE('',#8930,#8931);
#8930 = CARTESIAN_POINT('',(-36.82349873947,-43.26416136191,
    -9.263947904896));
#8931 = VECTOR('',#8932,1.);
#8932 = DIRECTION('',(0.500000000002,1.732050807567E-15,-0.866025403783)
  );
#8933 = ORIENTED_EDGE('',*,*,#8934,.T.);
#8934 = EDGE_CURVE('',#8927,#8332,#8935,.T.);
#8935 = LINE('',#8936,#8937);
#8936 = CARTESIAN_POINT('',(-36.82349873947,-43.26416136191,
    -9.263947904896));
#8937 = VECTOR('',#8938,1.);
#8938 = DIRECTION('',(-1.,0.,0.));
#8939 = ORIENTED_EDGE('',*,*,#8373,.T.);
#8940 = ORIENTED_EDGE('',*,*,#7950,.T.);
#8941 = PLANE('',#8942);
#8942 = AXIS2_PLACEMENT_3D('',#8943,#8944,#8945);
#8943 = CARTESIAN_POINT('',(-38.64439973518,-43.26416136191,
    -20.69297543824));
#8944 = DIRECTION('',(0.,1.,1.93E-15));
#8945 = DIRECTION('',(0.,1.93E-15,-1.));
#8946 = ADVANCED_FACE('',(#8947),#8953,.T.);
#8947 = FACE_BOUND('',#8948,.T.);
#8948 = EDGE_LOOP('',(#8949,#8950,#8951,#8952));
#8949 = ORIENTED_EDGE('',*,*,#8733,.T.);
#8950 = ORIENTED_EDGE('',*,*,#8886,.T.);
#8951 = ORIENTED_EDGE('',*,*,#8054,.F.);
#8952 = ORIENTED_EDGE('',*,*,#8086,.F.);
#8953 = PLANE('',#8954);
#8954 = AXIS2_PLACEMENT_3D('',#8955,#8956,#8957);
#8955 = CARTESIAN_POINT('',(35.573498739478,-39.26416136191,
    -11.42901141434));
#8956 = DIRECTION('',(-0.866025403783,-1.1E-16,0.500000000002));
#8957 = DIRECTION('',(-0.500000000002,0.,-0.866025403783));
#8958 = ADVANCED_FACE('',(#8959),#8971,.T.);
#8959 = FACE_BOUND('',#8960,.T.);
#8960 = EDGE_LOOP('',(#8961,#8962,#8963,#8969,#8970));
#8961 = ORIENTED_EDGE('',*,*,#8331,.F.);
#8962 = ORIENTED_EDGE('',*,*,#8934,.F.);
#8963 = ORIENTED_EDGE('',*,*,#8964,.F.);
#8964 = EDGE_CURVE('',#8691,#8927,#8965,.T.);
#8965 = LINE('',#8966,#8967);
#8966 = CARTESIAN_POINT('',(-36.82349873947,-41.26416136191,
    -9.263947904896));
#8967 = VECTOR('',#8968,1.);
#8968 = DIRECTION('',(-0.,-1.,-2.05E-15));
#8969 = ORIENTED_EDGE('',*,*,#8700,.T.);
#8970 = ORIENTED_EDGE('',*,*,#8316,.F.);
#8971 = PLANE('',#8972);
#8972 = AXIS2_PLACEMENT_3D('',#8973,#8974,#8975);
#8973 = CARTESIAN_POINT('',(-40.41781747077,-38.84309647762,
    -9.263947904896));
#8974 = DIRECTION('',(0.,0.,1.));
#8975 = DIRECTION('',(1.,0.,0.));
#8976 = ADVANCED_FACE('',(#8977),#9000,.T.);
#8977 = FACE_BOUND('',#8978,.T.);
#8978 = EDGE_LOOP('',(#8979,#8989,#8994,#8995));
#8979 = ORIENTED_EDGE('',*,*,#8980,.F.);
#8980 = EDGE_CURVE('',#8981,#8983,#8985,.T.);
#8981 = VERTEX_POINT('',#8982);
#8982 = CARTESIAN_POINT('',(19.221503908936,-83.70698803874,
    0.793511399759));
#8983 = VERTEX_POINT('',#8984);
#8984 = CARTESIAN_POINT('',(27.200000000002,-65.02340234806,
    -25.18578084886));
#8985 = LINE('',#8986,#8987);
#8986 = CARTESIAN_POINT('',(19.221503908936,-83.70698803874,
    0.793511399759));
#8987 = VECTOR('',#8988,1.);
#8988 = DIRECTION('',(0.241921895602,0.566518854599,-0.787737382515));
#8989 = ORIENTED_EDGE('',*,*,#8990,.T.);
#8990 = EDGE_CURVE('',#8981,#8461,#8991,.T.);
#8991 = B_SPLINE_CURVE_WITH_KNOTS('',1,(#8992,#8993),.UNSPECIFIED.,.F.,
  .F.,(2,2),(0.,1.),.PIECEWISE_BEZIER_KNOTS.);
#8992 = CARTESIAN_POINT('',(19.221503908936,-83.70698803874,
    0.793511399759));
#8993 = CARTESIAN_POINT('',(19.221503908936,-82.0832822732,
    1.961235505426));
#8994 = ORIENTED_EDGE('',*,*,#8460,.T.);
#8995 = ORIENTED_EDGE('',*,*,#8996,.F.);
#8996 = EDGE_CURVE('',#8983,#8463,#8997,.T.);
#8997 = B_SPLINE_CURVE_WITH_KNOTS('',1,(#8998,#8999),.UNSPECIFIED.,.F.,
  .F.,(2,2),(0.,1.),.PIECEWISE_BEZIER_KNOTS.);
#8998 = CARTESIAN_POINT('',(27.200000000002,-65.02340234806,
    -25.18578084886));
#8999 = CARTESIAN_POINT('',(27.200000000002,-63.39969658252,
    -24.01805674319));
#9000 = PLANE('',#9001);
#9001 = AXIS2_PLACEMENT_3D('',#9002,#9003,#9004);
#9002 = CARTESIAN_POINT('',(19.221503908936,-82.0832822732,
    1.961235505426));
#9003 = DIRECTION('',(-0.970295726275,0.141249014592,-0.19640498835));
#9004 = DIRECTION('',(-0.241921895602,-0.566518854599,0.787737382515));
#9005 = ADVANCED_FACE('',(#9006),#9023,.T.);
#9006 = FACE_BOUND('',#9007,.T.);
#9007 = EDGE_LOOP('',(#9008,#9016,#9021,#9022));
#9008 = ORIENTED_EDGE('',*,*,#9009,.F.);
#9009 = EDGE_CURVE('',#9010,#8981,#9012,.T.);
#9010 = VERTEX_POINT('',#9011);
#9011 = CARTESIAN_POINT('',(-19.22150390901,-83.70698803874,
    0.793511399758));
#9012 = LINE('',#9013,#9014);
#9013 = CARTESIAN_POINT('',(-19.22150390901,-83.70698803874,
    0.793511399758));
#9014 = VECTOR('',#9015,1.);
#9015 = DIRECTION('',(1.,2.5E-14,1.8E-14));
#9016 = ORIENTED_EDGE('',*,*,#9017,.T.);
#9017 = EDGE_CURVE('',#9010,#8495,#9018,.T.);
#9018 = B_SPLINE_CURVE_WITH_KNOTS('',1,(#9019,#9020),.UNSPECIFIED.,.F.,
  .F.,(2,2),(0.,1.),.PIECEWISE_BEZIER_KNOTS.);
#9019 = CARTESIAN_POINT('',(-19.22150390901,-83.70698803874,
    0.793511399758));
#9020 = CARTESIAN_POINT('',(-19.22150390901,-82.0832822732,
    1.961235505425));
#9021 = ORIENTED_EDGE('',*,*,#8502,.T.);
#9022 = ORIENTED_EDGE('',*,*,#8990,.F.);
#9023 = PLANE('',#9024);
#9024 = AXIS2_PLACEMENT_3D('',#9025,#9026,#9027);
#9025 = CARTESIAN_POINT('',(-19.22150390901,-82.0832822732,
    1.961235505425));
#9026 = DIRECTION('',(0.,0.583862052834,-0.811852882769));
#9027 = DIRECTION('',(-1.,-2.559961641387E-14,-1.841053337172E-14));
#9028 = ADVANCED_FACE('',(#9029),#9046,.T.);
#9029 = FACE_BOUND('',#9030,.T.);
#9030 = EDGE_LOOP('',(#9031,#9039,#9040,#9041));
#9031 = ORIENTED_EDGE('',*,*,#9032,.T.);
#9032 = EDGE_CURVE('',#9033,#8983,#9035,.T.);
#9033 = VERTEX_POINT('',#9034);
#9034 = CARTESIAN_POINT('',(23.746699449047,-60.95124269576,
    -40.1412987525));
#9035 = LINE('',#9036,#9037);
#9036 = CARTESIAN_POINT('',(23.746699449047,-60.95124269576,
    -40.1412987525));
#9037 = VECTOR('',#9038,1.);
#9038 = DIRECTION('',(0.217461869863,-0.256432777658,0.941781591293));
#9039 = ORIENTED_EDGE('',*,*,#8996,.T.);
#9040 = ORIENTED_EDGE('',*,*,#8470,.F.);
#9041 = ORIENTED_EDGE('',*,*,#9042,.F.);
#9042 = EDGE_CURVE('',#9033,#8471,#9043,.T.);
#9043 = B_SPLINE_CURVE_WITH_KNOTS('',1,(#9044,#9045),.UNSPECIFIED.,.F.,
  .F.,(2,2),(0.,1.),.PIECEWISE_BEZIER_KNOTS.);
#9044 = CARTESIAN_POINT('',(23.746699449047,-60.95124269576,
    -40.1412987525));
#9045 = CARTESIAN_POINT('',(23.746699449047,-54.92245173988,
    -35.80555968166));
#9046 = B_SPLINE_SURFACE_WITH_KNOTS('',1,1,(
    (#9047,#9048)
    ,(#9049,#9050
    )),.UNSPECIFIED.,.F.,.F.,.F.,(2,2),(2,2),(0.,15.880027855619),(0.,1.
    ),.PIECEWISE_BEZIER_KNOTS.);
#9047 = CARTESIAN_POINT('',(23.746699449047,-60.95124269576,
    -40.1412987525));
#9048 = CARTESIAN_POINT('',(23.746699449047,-54.92245173988,
    -35.80555968166));
#9049 = CARTESIAN_POINT('',(27.200000000002,-65.02340234806,
    -25.18578084886));
#9050 = CARTESIAN_POINT('',(27.200000000002,-63.39969658252,
    -24.01805674319));
#9051 = ADVANCED_FACE('',(#9052),#9069,.T.);
#9052 = FACE_BOUND('',#9053,.T.);
#9053 = EDGE_LOOP('',(#9054,#9062,#9067,#9068));
#9054 = ORIENTED_EDGE('',*,*,#9055,.F.);
#9055 = EDGE_CURVE('',#9056,#9010,#9058,.T.);
#9056 = VERTEX_POINT('',#9057);
#9057 = CARTESIAN_POINT('',(-27.19999999999,-65.02340234806,
    -25.18578084886));
#9058 = LINE('',#9059,#9060);
#9059 = CARTESIAN_POINT('',(-27.19999999999,-65.02340234806,
    -25.18578084886));
#9060 = VECTOR('',#9061,1.);
#9061 = DIRECTION('',(0.2419218956,-0.566518854599,0.787737382516));
#9062 = ORIENTED_EDGE('',*,*,#9063,.T.);
#9063 = EDGE_CURVE('',#9056,#8487,#9064,.T.);
#9064 = B_SPLINE_CURVE_WITH_KNOTS('',1,(#9065,#9066),.UNSPECIFIED.,.F.,
  .F.,(2,2),(0.,1.),.PIECEWISE_BEZIER_KNOTS.);
#9065 = CARTESIAN_POINT('',(-27.19999999999,-65.02340234806,
    -25.18578084886));
#9066 = CARTESIAN_POINT('',(-27.19999999999,-63.39969658252,
    -24.01805674319));
#9067 = ORIENTED_EDGE('',*,*,#8494,.T.);
#9068 = ORIENTED_EDGE('',*,*,#9017,.F.);
#9069 = PLANE('',#9070);
#9070 = AXIS2_PLACEMENT_3D('',#9071,#9072,#9073);
#9071 = CARTESIAN_POINT('',(-27.19999999999,-63.39969658252,
    -24.01805674319));
#9072 = DIRECTION('',(0.970295726276,0.14124901459,-0.196404988348));
#9073 = DIRECTION('',(-0.2419218956,0.566518854599,-0.787737382516));
#9074 = ADVANCED_FACE('',(#9075),#9092,.T.);
#9075 = FACE_BOUND('',#9076,.T.);
#9076 = EDGE_LOOP('',(#9077,#9085,#9086,#9087));
#9077 = ORIENTED_EDGE('',*,*,#9078,.T.);
#9078 = EDGE_CURVE('',#9079,#9033,#9081,.T.);
#9079 = VERTEX_POINT('',#9080);
#9080 = CARTESIAN_POINT('',(-23.74669944904,-60.95124269576,
    -40.1412987525));
#9081 = LINE('',#9082,#9083);
#9082 = CARTESIAN_POINT('',(-23.74669944904,-60.95124269576,
    -40.1412987525));
#9083 = VECTOR('',#9084,1.);
#9084 = DIRECTION('',(1.,0.,0.));
#9085 = ORIENTED_EDGE('',*,*,#9042,.T.);
#9086 = ORIENTED_EDGE('',*,*,#8478,.F.);
#9087 = ORIENTED_EDGE('',*,*,#9088,.F.);
#9088 = EDGE_CURVE('',#9079,#8479,#9089,.T.);
#9089 = B_SPLINE_CURVE_WITH_KNOTS('',1,(#9090,#9091),.UNSPECIFIED.,.F.,
  .F.,(2,2),(0.,1.),.PIECEWISE_BEZIER_KNOTS.);
#9090 = CARTESIAN_POINT('',(-23.74669944904,-60.95124269576,
    -40.1412987525));
#9091 = CARTESIAN_POINT('',(-23.74669944904,-54.92245173989,
    -35.80555968166));
#9092 = PLANE('',#9093);
#9093 = AXIS2_PLACEMENT_3D('',#9094,#9095,#9096);
#9094 = CARTESIAN_POINT('',(-23.74669944904,-54.92245173989,
    -35.80555968166));
#9095 = DIRECTION('',(0.,-0.583862052834,0.811852882769));
#9096 = DIRECTION('',(1.,2.554110970404E-14,1.836845697041E-14));
#9097 = ADVANCED_FACE('',(#9098),#9109,.T.);
#9098 = FACE_BOUND('',#9099,.T.);
#9099 = EDGE_LOOP('',(#9100,#9106,#9107,#9108));
#9100 = ORIENTED_EDGE('',*,*,#9101,.T.);
#9101 = EDGE_CURVE('',#9056,#9079,#9102,.T.);
#9102 = LINE('',#9103,#9104);
#9103 = CARTESIAN_POINT('',(-27.19999999999,-65.02340234806,
    -25.18578084886));
#9104 = VECTOR('',#9105,1.);
#9105 = DIRECTION('',(0.217461869863,0.256432777658,-0.941781591293));
#9106 = ORIENTED_EDGE('',*,*,#9088,.T.);
#9107 = ORIENTED_EDGE('',*,*,#8486,.F.);
#9108 = ORIENTED_EDGE('',*,*,#9063,.F.);
#9109 = B_SPLINE_SURFACE_WITH_KNOTS('',1,1,(
    (#9110,#9111)
    ,(#9112,#9113
    )),.UNSPECIFIED.,.F.,.F.,.F.,(2,2),(2,2),(0.,15.880027855619),(0.,1.
    ),.PIECEWISE_BEZIER_KNOTS.);
#9110 = CARTESIAN_POINT('',(-27.19999999999,-65.02340234806,
    -25.18578084886));
#9111 = CARTESIAN_POINT('',(-27.19999999999,-63.39969658252,
    -24.01805674319));
#9112 = CARTESIAN_POINT('',(-23.74669944904,-60.95124269576,
    -40.1412987525));
#9113 = CARTESIAN_POINT('',(-23.74669944904,-54.92245173989,
    -35.80555968166));
#9114 = ADVANCED_FACE('',(#9115),#9140,.T.);
#9115 = FACE_BOUND('',#9116,.T.);
#9116 = EDGE_LOOP('',(#9117,#9125,#9126,#9134));
#9117 = ORIENTED_EDGE('',*,*,#9118,.T.);
#9118 = EDGE_CURVE('',#9119,#8546,#9121,.T.);
#9119 = VERTEX_POINT('',#9120);
#9120 = CARTESIAN_POINT('',(3.3,-58.2,38.3));
#9121 = LINE('',#9122,#9123);
#9122 = CARTESIAN_POINT('',(3.3,-58.2,38.3));
#9123 = VECTOR('',#9124,1.);
#9124 = DIRECTION('',(0.,1.,-2.22044604925E-16));
#9125 = ORIENTED_EDGE('',*,*,#8545,.T.);
#9126 = ORIENTED_EDGE('',*,*,#9127,.F.);
#9127 = EDGE_CURVE('',#9128,#8548,#9130,.T.);
#9128 = VERTEX_POINT('',#9129);
#9129 = CARTESIAN_POINT('',(1.65,-58.2,35.442116167511));
#9130 = LINE('',#9131,#9132);
#9131 = CARTESIAN_POINT('',(1.65,-58.2,35.442116167511));
#9132 = VECTOR('',#9133,1.);
#9133 = DIRECTION('',(0.,1.,-2.22044604925E-16));
#9134 = ORIENTED_EDGE('',*,*,#9135,.F.);
#9135 = EDGE_CURVE('',#9119,#9128,#9136,.T.);
#9136 = LINE('',#9137,#9138);
#9137 = CARTESIAN_POINT('',(3.3,-58.2,38.3));
#9138 = VECTOR('',#9139,1.);
#9139 = DIRECTION('',(-0.5,-1.922962686384E-16,-0.866025403784));
#9140 = PLANE('',#9141);
#9141 = AXIS2_PLACEMENT_3D('',#9142,#9143,#9144);
#9142 = CARTESIAN_POINT('',(3.3,-58.2,38.3));
#9143 = DIRECTION('',(-0.866025403784,1.110223024625E-16,0.5));
#9144 = DIRECTION('',(-0.5,-1.922962686384E-16,-0.866025403784));
#9145 = ADVANCED_FACE('',(#9146),#9164,.T.);
#9146 = FACE_BOUND('',#9147,.T.);
#9147 = EDGE_LOOP('',(#9148,#9156,#9157,#9158));
#9148 = ORIENTED_EDGE('',*,*,#9149,.T.);
#9149 = EDGE_CURVE('',#9150,#8580,#9152,.T.);
#9150 = VERTEX_POINT('',#9151);
#9151 = CARTESIAN_POINT('',(1.65,-58.2,41.157883832489));
#9152 = LINE('',#9153,#9154);
#9153 = CARTESIAN_POINT('',(1.65,-58.2,41.157883832489));
#9154 = VECTOR('',#9155,1.);
#9155 = DIRECTION('',(0.,1.,-2.22044604925E-16));
#9156 = ORIENTED_EDGE('',*,*,#8587,.T.);
#9157 = ORIENTED_EDGE('',*,*,#9118,.F.);
#9158 = ORIENTED_EDGE('',*,*,#9159,.F.);
#9159 = EDGE_CURVE('',#9150,#9119,#9160,.T.);
#9160 = LINE('',#9161,#9162);
#9161 = CARTESIAN_POINT('',(1.65,-58.2,41.157883832489));
#9162 = VECTOR('',#9163,1.);
#9163 = DIRECTION('',(0.5,-1.922962686384E-16,-0.866025403784));
#9164 = PLANE('',#9165);
#9165 = AXIS2_PLACEMENT_3D('',#9166,#9167,#9168);
#9166 = CARTESIAN_POINT('',(1.65,-58.2,41.157883832489));
#9167 = DIRECTION('',(-0.866025403784,-1.110223024625E-16,-0.5));
#9168 = DIRECTION('',(0.5,-1.922962686384E-16,-0.866025403784));
#9169 = ADVANCED_FACE('',(#9170),#9188,.T.);
#9170 = FACE_BOUND('',#9171,.T.);
#9171 = EDGE_LOOP('',(#9172,#9173,#9174,#9182));
#9172 = ORIENTED_EDGE('',*,*,#9127,.T.);
#9173 = ORIENTED_EDGE('',*,*,#8555,.T.);
#9174 = ORIENTED_EDGE('',*,*,#9175,.F.);
#9175 = EDGE_CURVE('',#9176,#8556,#9178,.T.);
#9176 = VERTEX_POINT('',#9177);
#9177 = CARTESIAN_POINT('',(-1.65,-58.2,35.442116167511));
#9178 = LINE('',#9179,#9180);
#9179 = CARTESIAN_POINT('',(-1.65,-58.2,35.442116167511));
#9180 = VECTOR('',#9181,1.);
#9181 = DIRECTION('',(0.,1.,-2.22044604925E-16));
#9182 = ORIENTED_EDGE('',*,*,#9183,.F.);
#9183 = EDGE_CURVE('',#9128,#9176,#9184,.T.);
#9184 = LINE('',#9185,#9186);
#9185 = CARTESIAN_POINT('',(1.65,-58.2,35.442116167511));
#9186 = VECTOR('',#9187,1.);
#9187 = DIRECTION('',(-1.,0.,0.));
#9188 = PLANE('',#9189);
#9189 = AXIS2_PLACEMENT_3D('',#9190,#9191,#9192);
#9190 = CARTESIAN_POINT('',(1.65,-58.2,35.442116167511));
#9191 = DIRECTION('',(0.,2.22044604925E-16,1.));
#9192 = DIRECTION('',(-1.,0.,0.));
#9193 = ADVANCED_FACE('',(#9194),#9212,.T.);
#9194 = FACE_BOUND('',#9195,.T.);
#9195 = EDGE_LOOP('',(#9196,#9204,#9205,#9206));
#9196 = ORIENTED_EDGE('',*,*,#9197,.T.);
#9197 = EDGE_CURVE('',#9198,#8572,#9200,.T.);
#9198 = VERTEX_POINT('',#9199);
#9199 = CARTESIAN_POINT('',(-1.65,-58.2,41.157883832489));
#9200 = LINE('',#9201,#9202);
#9201 = CARTESIAN_POINT('',(-1.65,-58.2,41.157883832489));
#9202 = VECTOR('',#9203,1.);
#9203 = DIRECTION('',(0.,1.,-2.22044604925E-16));
#9204 = ORIENTED_EDGE('',*,*,#8579,.T.);
#9205 = ORIENTED_EDGE('',*,*,#9149,.F.);
#9206 = ORIENTED_EDGE('',*,*,#9207,.F.);
#9207 = EDGE_CURVE('',#9198,#9150,#9208,.T.);
#9208 = LINE('',#9209,#9210);
#9209 = CARTESIAN_POINT('',(-1.65,-58.2,41.157883832489));
#9210 = VECTOR('',#9211,1.);
#9211 = DIRECTION('',(1.,0.,0.));
#9212 = PLANE('',#9213);
#9213 = AXIS2_PLACEMENT_3D('',#9214,#9215,#9216);
#9214 = CARTESIAN_POINT('',(-1.65,-58.2,41.157883832489));
#9215 = DIRECTION('',(0.,-2.22044604925E-16,-1.));
#9216 = DIRECTION('',(1.,0.,0.));
#9217 = ADVANCED_FACE('',(#9218),#9236,.T.);
#9218 = FACE_BOUND('',#9219,.T.);
#9219 = EDGE_LOOP('',(#9220,#9221,#9222,#9230));
#9220 = ORIENTED_EDGE('',*,*,#9175,.T.);
#9221 = ORIENTED_EDGE('',*,*,#8563,.T.);
#9222 = ORIENTED_EDGE('',*,*,#9223,.F.);
#9223 = EDGE_CURVE('',#9224,#8564,#9226,.T.);
#9224 = VERTEX_POINT('',#9225);
#9225 = CARTESIAN_POINT('',(-3.3,-58.2,38.3));
#9226 = LINE('',#9227,#9228);
#9227 = CARTESIAN_POINT('',(-3.3,-58.2,38.3));
#9228 = VECTOR('',#9229,1.);
#9229 = DIRECTION('',(0.,1.,-2.22044604925E-16));
#9230 = ORIENTED_EDGE('',*,*,#9231,.F.);
#9231 = EDGE_CURVE('',#9176,#9224,#9232,.T.);
#9232 = LINE('',#9233,#9234);
#9233 = CARTESIAN_POINT('',(-1.65,-58.2,35.442116167511));
#9234 = VECTOR('',#9235,1.);
#9235 = DIRECTION('',(-0.5,1.922962686384E-16,0.866025403784));
#9236 = PLANE('',#9237);
#9237 = AXIS2_PLACEMENT_3D('',#9238,#9239,#9240);
#9238 = CARTESIAN_POINT('',(-1.65,-58.2,35.442116167511));
#9239 = DIRECTION('',(0.866025403784,1.110223024625E-16,0.5));
#9240 = DIRECTION('',(-0.5,1.922962686384E-16,0.866025403784));
#9241 = ADVANCED_FACE('',(#9242),#9253,.T.);
#9242 = FACE_BOUND('',#9243,.T.);
#9243 = EDGE_LOOP('',(#9244,#9245,#9246,#9247));
#9244 = ORIENTED_EDGE('',*,*,#9223,.T.);
#9245 = ORIENTED_EDGE('',*,*,#8571,.T.);
#9246 = ORIENTED_EDGE('',*,*,#9197,.F.);
#9247 = ORIENTED_EDGE('',*,*,#9248,.F.);
#9248 = EDGE_CURVE('',#9224,#9198,#9249,.T.);
#9249 = LINE('',#9250,#9251);
#9250 = CARTESIAN_POINT('',(-3.3,-58.2,38.3));
#9251 = VECTOR('',#9252,1.);
#9252 = DIRECTION('',(0.5,1.922962686384E-16,0.866025403784));
#9253 = PLANE('',#9254);
#9254 = AXIS2_PLACEMENT_3D('',#9255,#9256,#9257);
#9255 = CARTESIAN_POINT('',(-3.3,-58.2,38.3));
#9256 = DIRECTION('',(0.866025403784,-1.110223024625E-16,-0.5));
#9257 = DIRECTION('',(0.5,1.922962686384E-16,0.866025403784));
#9258 = ADVANCED_FACE('',(#9259),#9288,.F.);
#9259 = FACE_BOUND('',#9260,.F.);
#9260 = EDGE_LOOP('',(#9261,#9262,#9263,#9264,#9272,#9280,#9286,#9287));
#9261 = ORIENTED_EDGE('',*,*,#8604,.F.);
#9262 = ORIENTED_EDGE('',*,*,#8663,.T.);
#9263 = ORIENTED_EDGE('',*,*,#8829,.T.);
#9264 = ORIENTED_EDGE('',*,*,#9265,.T.);
#9265 = EDGE_CURVE('',#8830,#9266,#9268,.T.);
#9266 = VERTEX_POINT('',#9267);
#9267 = CARTESIAN_POINT('',(-29.4066252312,-61.05087991027,
    -46.57063504275));
#9268 = LINE('',#9269,#9270);
#9269 = CARTESIAN_POINT('',(-34.02689293597,-66.49999999999,
    -26.55805694678));
#9270 = VECTOR('',#9271,1.);
#9271 = DIRECTION('',(0.217429041529,0.256434699025,-0.941788647753));
#9272 = ORIENTED_EDGE('',*,*,#9273,.T.);
#9273 = EDGE_CURVE('',#9266,#9274,#9276,.T.);
#9274 = VERTEX_POINT('',#9275);
#9275 = CARTESIAN_POINT('',(29.406625231201,-61.05087991027,
    -46.57063504275));
#9276 = LINE('',#9277,#9278);
#9277 = CARTESIAN_POINT('',(-29.4066252312,-61.05087991027,
    -46.57063504275));
#9278 = VECTOR('',#9279,1.);
#9279 = DIRECTION('',(1.,0.,0.));
#9280 = ORIENTED_EDGE('',*,*,#9281,.T.);
#9281 = EDGE_CURVE('',#9274,#8840,#9282,.T.);
#9282 = LINE('',#9283,#9284);
#9283 = CARTESIAN_POINT('',(29.406625231201,-61.05087991027,
    -46.57063504275));
#9284 = VECTOR('',#9285,1.);
#9285 = DIRECTION('',(0.217429041529,-0.256434699025,0.941788647753));
#9286 = ORIENTED_EDGE('',*,*,#8839,.T.);
#9287 = ORIENTED_EDGE('',*,*,#8769,.F.);
#9288 = B_SPLINE_SURFACE_WITH_KNOTS('',1,1,(
    (#9289,#9290)
    ,(#9291,#9292
    )),.UNSPECIFIED.,.F.,.F.,.F.,(2,2),(2,2),(0.,31.97435571299),(0.,
    76.296532511701),.PIECEWISE_BEZIER_KNOTS.);
#9289 = CARTESIAN_POINT('',(-32.63696542442,-60.,-50.43012353401));
#9290 = CARTESIAN_POINT('',(32.636965424426,-60.,-50.43012353401));
#9291 = CARTESIAN_POINT('',(-38.14826625585,-66.5,-26.55805694678));
#9292 = CARTESIAN_POINT('',(38.14826625585,-66.5,-26.55805694678));
#9293 = ADVANCED_FACE('',(#9294),#9300,.T.);
#9294 = FACE_BOUND('',#9295,.T.);
#9295 = EDGE_LOOP('',(#9296,#9297,#9298,#9299));
#9296 = ORIENTED_EDGE('',*,*,#8964,.T.);
#9297 = ORIENTED_EDGE('',*,*,#8926,.T.);
#9298 = ORIENTED_EDGE('',*,*,#8901,.F.);
#9299 = ORIENTED_EDGE('',*,*,#8690,.F.);
#9300 = PLANE('',#9301);
#9301 = AXIS2_PLACEMENT_3D('',#9302,#9303,#9304);
#9302 = CARTESIAN_POINT('',(-35.57349873947,-39.26416136191,
    -11.42901141434));
#9303 = DIRECTION('',(0.866025403783,-8.7E-16,0.500000000002));
#9304 = DIRECTION('',(-0.500000000002,-4.930380657631E-32,0.866025403783
    ));
#9305 = ADVANCED_FACE('',(#9306),#9325,.F.);
#9306 = FACE_BOUND('',#9307,.T.);
#9307 = EDGE_LOOP('',(#9308,#9309,#9317,#9324));
#9308 = ORIENTED_EDGE('',*,*,#8716,.F.);
#9309 = ORIENTED_EDGE('',*,*,#9310,.T.);
#9310 = EDGE_CURVE('',#8717,#9311,#9313,.T.);
#9311 = VERTEX_POINT('',#9312);
#9312 = CARTESIAN_POINT('',(-38.2,-38.26416136191,-13.8));
#9313 = LINE('',#9314,#9315);
#9314 = CARTESIAN_POINT('',(-38.2,-35.26416136191,-13.8));
#9315 = VECTOR('',#9316,1.);
#9316 = DIRECTION('',(-0.,-1.,-0.));
#9317 = ORIENTED_EDGE('',*,*,#9318,.F.);
#9318 = EDGE_CURVE('',#9311,#9311,#9319,.T.);
#9319 = CIRCLE('',#9320,1.5);
#9320 = AXIS2_PLACEMENT_3D('',#9321,#9322,#9323);
#9321 = CARTESIAN_POINT('',(-39.7,-38.26416136191,-13.8));
#9322 = DIRECTION('',(-0.,1.,1.998401444325E-15));
#9323 = DIRECTION('',(1.,0.,0.));
#9324 = ORIENTED_EDGE('',*,*,#9310,.F.);
#9325 = CYLINDRICAL_SURFACE('',#9326,1.5);
#9326 = AXIS2_PLACEMENT_3D('',#9327,#9328,#9329);
#9327 = CARTESIAN_POINT('',(-39.7,-35.26416136191,-13.8));
#9328 = DIRECTION('',(0.,1.,1.998401444325E-15));
#9329 = DIRECTION('',(1.,0.,0.));
#9330 = ADVANCED_FACE('',(#9331),#9350,.F.);
#9331 = FACE_BOUND('',#9332,.F.);
#9332 = EDGE_LOOP('',(#9333,#9334,#9342,#9349));
#9333 = ORIENTED_EDGE('',*,*,#8752,.F.);
#9334 = ORIENTED_EDGE('',*,*,#9335,.T.);
#9335 = EDGE_CURVE('',#8753,#9336,#9338,.T.);
#9336 = VERTEX_POINT('',#9337);
#9337 = CARTESIAN_POINT('',(38.2,-38.26416136191,-13.8));
#9338 = LINE('',#9339,#9340);
#9339 = CARTESIAN_POINT('',(38.2,-35.26416136191,-13.8));
#9340 = VECTOR('',#9341,1.);
#9341 = DIRECTION('',(0.,-1.,0.));
#9342 = ORIENTED_EDGE('',*,*,#9343,.T.);
#9343 = EDGE_CURVE('',#9336,#9336,#9344,.T.);
#9344 = CIRCLE('',#9345,1.5);
#9345 = AXIS2_PLACEMENT_3D('',#9346,#9347,#9348);
#9346 = CARTESIAN_POINT('',(39.7,-38.26416136191,-13.8));
#9347 = DIRECTION('',(0.,1.,1.998401444325E-15));
#9348 = DIRECTION('',(-1.,0.,0.));
#9349 = ORIENTED_EDGE('',*,*,#9335,.F.);
#9350 = CYLINDRICAL_SURFACE('',#9351,1.5);
#9351 = AXIS2_PLACEMENT_3D('',#9352,#9353,#9354);
#9352 = CARTESIAN_POINT('',(39.7,-35.26416136191,-13.8));
#9353 = DIRECTION('',(0.,1.,1.998401444325E-15));
#9354 = DIRECTION('',(-1.,0.,0.));
#9355 = ADVANCED_FACE('',(#9356),#9379,.F.);
#9356 = FACE_BOUND('',#9357,.F.);
#9357 = EDGE_LOOP('',(#9358,#9359,#9366,#9374));
#9358 = ORIENTED_EDGE('',*,*,#8862,.T.);
#9359 = ORIENTED_EDGE('',*,*,#9360,.T.);
#9360 = EDGE_CURVE('',#8855,#9361,#9363,.T.);
#9361 = VERTEX_POINT('',#9362);
#9362 = CARTESIAN_POINT('',(-25.375,-85.22093390595,2.898634194921));
#9363 = B_SPLINE_CURVE_WITH_KNOTS('',1,(#9364,#9365),.UNSPECIFIED.,.F.,
  .F.,(2,2),(0.,1.),.PIECEWISE_BEZIER_KNOTS.);
#9364 = CARTESIAN_POINT('',(-25.3714600205,-86.86023016026,
    1.752588468918));
#9365 = CARTESIAN_POINT('',(-25.375,-85.22093390595,2.898634194921));
#9366 = ORIENTED_EDGE('',*,*,#9367,.F.);
#9367 = EDGE_CURVE('',#9368,#9361,#9370,.T.);
#9368 = VERTEX_POINT('',#9369);
#9369 = CARTESIAN_POINT('',(-33.99999999999,-65.02340234806,
    -25.18578084886));
#9370 = LINE('',#9371,#9372);
#9371 = CARTESIAN_POINT('',(-33.99999999999,-65.02340234806,
    -25.18578084886));
#9372 = VECTOR('',#9373,1.);
#9373 = DIRECTION('',(0.2419218956,-0.566518854599,0.787737382516));
#9374 = ORIENTED_EDGE('',*,*,#9375,.F.);
#9375 = EDGE_CURVE('',#8830,#9368,#9376,.T.);
#9376 = B_SPLINE_CURVE_WITH_KNOTS('',1,(#9377,#9378),.UNSPECIFIED.,.F.,
  .F.,(2,2),(0.,1.),.PIECEWISE_BEZIER_KNOTS.);
#9377 = CARTESIAN_POINT('',(-34.02689293597,-66.5,-26.55805694678));
#9378 = CARTESIAN_POINT('',(-33.99999999999,-65.02340234806,
    -25.18578084886));
#9379 = B_SPLINE_SURFACE_WITH_KNOTS('',1,1,(
    (#9380,#9381)
    ,(#9382,#9383
    )),.UNSPECIFIED.,.F.,.F.,.F.,(2,2),(2,2),(0.,35.929766698193),(0.,1.
    ),.PIECEWISE_BEZIER_KNOTS.);
#9380 = CARTESIAN_POINT('',(-34.02689293597,-66.5,-26.55805694678));
#9381 = CARTESIAN_POINT('',(-33.99999999999,-65.02340234806,
    -25.18578084886));
#9382 = CARTESIAN_POINT('',(-25.3714600205,-86.86023016026,
    1.752588468918));
#9383 = CARTESIAN_POINT('',(-25.375,-85.22093390595,2.898634194921));
#9384 = ADVANCED_FACE('',(#9385),#9402,.F.);
#9385 = FACE_BOUND('',#9386,.F.);
#9386 = EDGE_LOOP('',(#9387,#9388,#9395,#9401));
#9387 = ORIENTED_EDGE('',*,*,#8854,.T.);
#9388 = ORIENTED_EDGE('',*,*,#9389,.T.);
#9389 = EDGE_CURVE('',#8847,#9390,#9392,.T.);
#9390 = VERTEX_POINT('',#9391);
#9391 = CARTESIAN_POINT('',(25.375,-85.22093390595,2.898634194923));
#9392 = B_SPLINE_CURVE_WITH_KNOTS('',1,(#9393,#9394),.UNSPECIFIED.,.F.,
  .F.,(2,2),(0.,1.),.PIECEWISE_BEZIER_KNOTS.);
#9393 = CARTESIAN_POINT('',(25.371460020501,-86.86023016026,
    1.75258846892));
#9394 = CARTESIAN_POINT('',(25.375,-85.22093390595,2.898634194923));
#9395 = ORIENTED_EDGE('',*,*,#9396,.F.);
#9396 = EDGE_CURVE('',#9361,#9390,#9397,.T.);
#9397 = LINE('',#9398,#9399);
#9398 = CARTESIAN_POINT('',(-25.375,-85.22093390595,2.898634194921));
#9399 = VECTOR('',#9400,1.);
#9400 = DIRECTION('',(1.,9.040870343698E-15,4.094317029821E-14));
#9401 = ORIENTED_EDGE('',*,*,#9360,.F.);
#9402 = B_SPLINE_SURFACE_WITH_KNOTS('',1,1,(
    (#9403,#9404)
    ,(#9405,#9406
    )),.UNSPECIFIED.,.F.,.F.,.F.,(2,2),(2,2),(0.,50.75),(0.,1.),
  .PIECEWISE_BEZIER_KNOTS.);
#9403 = CARTESIAN_POINT('',(-25.3714600205,-86.86023016026,
    1.752588468918));
#9404 = CARTESIAN_POINT('',(-25.375,-85.22093390595,2.898634194921));
#9405 = CARTESIAN_POINT('',(25.371460020501,-86.86023016026,
    1.75258846892));
#9406 = CARTESIAN_POINT('',(25.375,-85.22093390595,2.898634194923));
#9407 = ADVANCED_FACE('',(#9408),#9425,.F.);
#9408 = FACE_BOUND('',#9409,.F.);
#9409 = EDGE_LOOP('',(#9410,#9411,#9418,#9424));
#9410 = ORIENTED_EDGE('',*,*,#8846,.T.);
#9411 = ORIENTED_EDGE('',*,*,#9412,.T.);
#9412 = EDGE_CURVE('',#8840,#9413,#9415,.T.);
#9413 = VERTEX_POINT('',#9414);
#9414 = CARTESIAN_POINT('',(34.000000000001,-65.02340234806,
    -25.18578084885));
#9415 = B_SPLINE_CURVE_WITH_KNOTS('',1,(#9416,#9417),.UNSPECIFIED.,.F.,
  .F.,(2,2),(0.,1.),.PIECEWISE_BEZIER_KNOTS.);
#9416 = CARTESIAN_POINT('',(34.026892935978,-66.49999999999,
    -26.55805694678));
#9417 = CARTESIAN_POINT('',(34.000000000001,-65.02340234806,
    -25.18578084885));
#9418 = ORIENTED_EDGE('',*,*,#9419,.F.);
#9419 = EDGE_CURVE('',#9390,#9413,#9420,.T.);
#9420 = LINE('',#9421,#9422);
#9421 = CARTESIAN_POINT('',(25.375,-85.22093390595,2.898634194923));
#9422 = VECTOR('',#9423,1.);
#9423 = DIRECTION('',(0.2419218956,0.566518854599,-0.787737382516));
#9424 = ORIENTED_EDGE('',*,*,#9389,.F.);
#9425 = B_SPLINE_SURFACE_WITH_KNOTS('',1,1,(
    (#9426,#9427)
    ,(#9428,#9429
    )),.UNSPECIFIED.,.F.,.F.,.F.,(2,2),(2,2),(0.,35.929766698193),(0.,1.
    ),.PIECEWISE_BEZIER_KNOTS.);
#9426 = CARTESIAN_POINT('',(25.371460020501,-86.86023016026,
    1.75258846892));
#9427 = CARTESIAN_POINT('',(25.375,-85.22093390595,2.898634194923));
#9428 = CARTESIAN_POINT('',(34.026892935978,-66.49999999999,
    -26.55805694678));
#9429 = CARTESIAN_POINT('',(34.000000000001,-65.02340234806,
    -25.18578084885));
#9430 = ADVANCED_FACE('',(#9431),#9451,.F.);
#9431 = FACE_BOUND('',#9432,.F.);
#9432 = EDGE_LOOP('',(#9433,#9439,#9440,#9441,#9442,#9448,#9449,#9450));
#9433 = ORIENTED_EDGE('',*,*,#9434,.F.);
#9434 = EDGE_CURVE('',#9368,#9056,#9435,.T.);
#9435 = LINE('',#9436,#9437);
#9436 = CARTESIAN_POINT('',(-33.99999999999,-65.02340234806,
    -25.18578084886));
#9437 = VECTOR('',#9438,1.);
#9438 = DIRECTION('',(1.,9.029193102642E-15,4.095940735586E-14));
#9439 = ORIENTED_EDGE('',*,*,#9367,.T.);
#9440 = ORIENTED_EDGE('',*,*,#9396,.T.);
#9441 = ORIENTED_EDGE('',*,*,#9419,.T.);
#9442 = ORIENTED_EDGE('',*,*,#9443,.F.);
#9443 = EDGE_CURVE('',#8983,#9413,#9444,.T.);
#9444 = LINE('',#9445,#9446);
#9445 = CARTESIAN_POINT('',(-33.99999999999,-65.02340234806,
    -25.18578084886));
#9446 = VECTOR('',#9447,1.);
#9447 = DIRECTION('',(1.,9.029193102642E-15,4.095940735586E-14));
#9448 = ORIENTED_EDGE('',*,*,#8980,.F.);
#9449 = ORIENTED_EDGE('',*,*,#9009,.F.);
#9450 = ORIENTED_EDGE('',*,*,#9055,.F.);
#9451 = PLANE('',#9452);
#9452 = AXIS2_PLACEMENT_3D('',#9453,#9454,#9455);
#9453 = CARTESIAN_POINT('',(-33.99999999999,-65.02340234806,
    -25.18578084886));
#9454 = DIRECTION('',(-3.116E-14,0.811852882769,0.583862052834));
#9455 = DIRECTION('',(0.864047523059,-0.293922140876,0.408695061139));
#9456 = ADVANCED_FACE('',(#9457),#9486,.F.);
#9457 = FACE_BOUND('',#9458,.F.);
#9458 = EDGE_LOOP('',(#9459,#9467,#9468,#9469,#9470,#9471,#9472,#9480));
#9459 = ORIENTED_EDGE('',*,*,#9460,.F.);
#9460 = EDGE_CURVE('',#9368,#9461,#9463,.T.);
#9461 = VERTEX_POINT('',#9462);
#9462 = CARTESIAN_POINT('',(-29.37445573236,-59.56892352154,
    -45.21803957889));
#9463 = LINE('',#9464,#9465);
#9464 = CARTESIAN_POINT('',(-33.99999999999,-65.02340234806,
    -25.18578084886));
#9465 = VECTOR('',#9466,1.);
#9466 = DIRECTION('',(0.217461869861,0.256432777658,-0.941781591293));
#9467 = ORIENTED_EDGE('',*,*,#9434,.T.);
#9468 = ORIENTED_EDGE('',*,*,#9101,.T.);
#9469 = ORIENTED_EDGE('',*,*,#9078,.T.);
#9470 = ORIENTED_EDGE('',*,*,#9032,.T.);
#9471 = ORIENTED_EDGE('',*,*,#9443,.T.);
#9472 = ORIENTED_EDGE('',*,*,#9473,.F.);
#9473 = EDGE_CURVE('',#9474,#9413,#9476,.T.);
#9474 = VERTEX_POINT('',#9475);
#9475 = CARTESIAN_POINT('',(29.374455732345,-59.56892352157,
    -45.2180395788));
#9476 = LINE('',#9477,#9478);
#9477 = CARTESIAN_POINT('',(29.374455732345,-59.56892352157,
    -45.2180395788));
#9478 = VECTOR('',#9479,1.);
#9479 = DIRECTION('',(0.217461869863,-0.256432777658,0.941781591293));
#9480 = ORIENTED_EDGE('',*,*,#9481,.F.);
#9481 = EDGE_CURVE('',#9461,#9474,#9482,.T.);
#9482 = LINE('',#9483,#9484);
#9483 = CARTESIAN_POINT('',(-29.37445573236,-59.56892352154,
    -45.21803957889));
#9484 = VECTOR('',#9485,1.);
#9485 = DIRECTION('',(1.,-4.524995829425E-13,1.661709832235E-12));
#9486 = PLANE('',#9487);
#9487 = AXIS2_PLACEMENT_3D('',#9488,#9489,#9490);
#9488 = CARTESIAN_POINT('',(-33.99999999999,-65.02340234806,
    -25.18578084886));
#9489 = DIRECTION('',(-3.E-17,0.964872122816,0.262719977568));
#9490 = DIRECTION('',(1.,-9.828453715678E-15,3.621042102966E-14));
#9491 = ADVANCED_FACE('',(#9492),#9500,.T.);
#9492 = FACE_BOUND('',#9493,.T.);
#9493 = EDGE_LOOP('',(#9494,#9495,#9496,#9497,#9498,#9499));
#9494 = ORIENTED_EDGE('',*,*,#9135,.T.);
#9495 = ORIENTED_EDGE('',*,*,#9183,.T.);
#9496 = ORIENTED_EDGE('',*,*,#9231,.T.);
#9497 = ORIENTED_EDGE('',*,*,#9248,.T.);
#9498 = ORIENTED_EDGE('',*,*,#9207,.T.);
#9499 = ORIENTED_EDGE('',*,*,#9159,.T.);
#9500 = PLANE('',#9501);
#9501 = AXIS2_PLACEMENT_3D('',#9502,#9503,#9504);
#9502 = CARTESIAN_POINT('',(-4.485749594445E-17,-58.2,38.3));
#9503 = DIRECTION('',(0.,1.,0.));
#9504 = DIRECTION('',(0.,0.,1.));
#9505 = ADVANCED_FACE('',(#9506),#9516,.T.);
#9506 = FACE_BOUND('',#9507,.T.);
#9507 = EDGE_LOOP('',(#9508,#9509,#9510,#9511));
#9508 = ORIENTED_EDGE('',*,*,#9281,.T.);
#9509 = ORIENTED_EDGE('',*,*,#9412,.T.);
#9510 = ORIENTED_EDGE('',*,*,#9473,.F.);
#9511 = ORIENTED_EDGE('',*,*,#9512,.F.);
#9512 = EDGE_CURVE('',#9274,#9474,#9513,.T.);
#9513 = B_SPLINE_CURVE_WITH_KNOTS('',1,(#9514,#9515),.UNSPECIFIED.,.F.,
  .F.,(2,2),(0.,1.),.PIECEWISE_BEZIER_KNOTS.);
#9514 = CARTESIAN_POINT('',(29.406625231201,-61.05087991027,
    -46.57063504275));
#9515 = CARTESIAN_POINT('',(29.374455732345,-59.56892352157,
    -45.2180395788));
#9516 = B_SPLINE_SURFACE_WITH_KNOTS('',1,1,(
    (#9517,#9518)
    ,(#9519,#9520
    )),.UNSPECIFIED.,.F.,.F.,.F.,(2,2),(2,2),(0.,21.270599165609),(0.,1.
    ),.PIECEWISE_BEZIER_KNOTS.);
#9517 = CARTESIAN_POINT('',(29.406625231201,-61.05087991027,
    -46.57063504275));
#9518 = CARTESIAN_POINT('',(29.374455732345,-59.56892352157,
    -45.2180395788));
#9519 = CARTESIAN_POINT('',(34.026892935978,-66.5,-26.55805694678));
#9520 = CARTESIAN_POINT('',(34.000000000001,-65.02340234806,
    -25.18578084885));
#9521 = ADVANCED_FACE('',(#9522),#9532,.T.);
#9522 = FACE_BOUND('',#9523,.T.);
#9523 = EDGE_LOOP('',(#9524,#9525,#9526,#9527));
#9524 = ORIENTED_EDGE('',*,*,#9273,.T.);
#9525 = ORIENTED_EDGE('',*,*,#9512,.T.);
#9526 = ORIENTED_EDGE('',*,*,#9481,.F.);
#9527 = ORIENTED_EDGE('',*,*,#9528,.F.);
#9528 = EDGE_CURVE('',#9266,#9461,#9529,.T.);
#9529 = B_SPLINE_CURVE_WITH_KNOTS('',1,(#9530,#9531),.UNSPECIFIED.,.F.,
  .F.,(2,2),(0.,1.),.PIECEWISE_BEZIER_KNOTS.);
#9530 = CARTESIAN_POINT('',(-29.4066252312,-61.05087991027,
    -46.57063504275));
#9531 = CARTESIAN_POINT('',(-29.37445573236,-59.56892352154,
    -45.21803957889));
#9532 = B_SPLINE_SURFACE_WITH_KNOTS('',1,1,(
    (#9533,#9534)
    ,(#9535,#9536
    )),.UNSPECIFIED.,.F.,.F.,.F.,(2,2),(2,2),(0.,58.813250462403),(0.,1.
    ),.PIECEWISE_BEZIER_KNOTS.);
#9533 = CARTESIAN_POINT('',(-29.4066252312,-61.05087991027,
    -46.57063504275));
#9534 = CARTESIAN_POINT('',(-29.37445573236,-59.56892352154,
    -45.21803957889));
#9535 = CARTESIAN_POINT('',(29.406625231201,-61.05087991027,
    -46.57063504275));
#9536 = CARTESIAN_POINT('',(29.374455732345,-59.56892352157,
    -45.2180395788));
#9537 = ADVANCED_FACE('',(#9538),#9544,.T.);
#9538 = FACE_BOUND('',#9539,.T.);
#9539 = EDGE_LOOP('',(#9540,#9541,#9542,#9543));
#9540 = ORIENTED_EDGE('',*,*,#9265,.T.);
#9541 = ORIENTED_EDGE('',*,*,#9528,.T.);
#9542 = ORIENTED_EDGE('',*,*,#9460,.F.);
#9543 = ORIENTED_EDGE('',*,*,#9375,.F.);
#9544 = B_SPLINE_SURFACE_WITH_KNOTS('',1,1,(
    (#9545,#9546)
    ,(#9547,#9548
    )),.UNSPECIFIED.,.F.,.F.,.F.,(2,2),(2,2),(0.,21.270599165701),(0.,1.
    ),.PIECEWISE_BEZIER_KNOTS.);
#9545 = CARTESIAN_POINT('',(-34.02689293597,-66.49999999999,
    -26.55805694678));
#9546 = CARTESIAN_POINT('',(-33.99999999999,-65.02340234806,
    -25.18578084886));
#9547 = CARTESIAN_POINT('',(-29.4066252312,-61.05087991027,
    -46.57063504275));
#9548 = CARTESIAN_POINT('',(-29.37445573236,-59.56892352154,
    -45.21803957889));
#9549 = ADVANCED_FACE('',(#9550,#9600),#9603,.F.);
#9550 = FACE_BOUND('',#9551,.T.);
#9551 = EDGE_LOOP('',(#9552,#9562,#9570,#9578,#9586,#9594));
#9552 = ORIENTED_EDGE('',*,*,#9553,.T.);
#9553 = EDGE_CURVE('',#9554,#9556,#9558,.T.);
#9554 = VERTEX_POINT('',#9555);
#9555 = CARTESIAN_POINT('',(-43.,-38.26416136191,-13.79999999998));
#9556 = VERTEX_POINT('',#9557);
#9557 = CARTESIAN_POINT('',(-41.35,-38.26416136191,-16.65788383248));
#9558 = LINE('',#9559,#9560);
#9559 = CARTESIAN_POINT('',(-43.,-38.26416136191,-13.79999999998));
#9560 = VECTOR('',#9561,1.);
#9561 = DIRECTION('',(0.499999999998,1.730666417747E-15,-0.866025403785)
  );
#9562 = ORIENTED_EDGE('',*,*,#9563,.T.);
#9563 = EDGE_CURVE('',#9556,#9564,#9566,.T.);
#9564 = VERTEX_POINT('',#9565);
#9565 = CARTESIAN_POINT('',(-38.05,-38.26416136191,-16.65788383249));
#9566 = LINE('',#9567,#9568);
#9567 = CARTESIAN_POINT('',(-41.35,-38.26416136191,-16.65788383248));
#9568 = VECTOR('',#9569,1.);
#9569 = DIRECTION('',(1.,4.548141691736E-27,-2.275889914237E-12));
#9570 = ORIENTED_EDGE('',*,*,#9571,.T.);
#9571 = EDGE_CURVE('',#9564,#9572,#9574,.T.);
#9572 = VERTEX_POINT('',#9573);
#9573 = CARTESIAN_POINT('',(-36.39999999999,-38.26416136191,-13.8));
#9574 = LINE('',#9575,#9576);
#9575 = CARTESIAN_POINT('',(-38.05,-38.26416136191,-16.65788383249));
#9576 = VECTOR('',#9577,1.);
#9577 = DIRECTION('',(0.500000000002,-1.730666417743E-15,0.866025403783)
  );
#9578 = ORIENTED_EDGE('',*,*,#9579,.T.);
#9579 = EDGE_CURVE('',#9572,#9580,#9582,.T.);
#9580 = VERTEX_POINT('',#9581);
#9581 = CARTESIAN_POINT('',(-38.04999999998,-38.26416136191,
    -10.9421161675));
#9582 = LINE('',#9583,#9584);
#9583 = CARTESIAN_POINT('',(-36.39999999999,-38.26416136191,-13.8));
#9584 = VECTOR('',#9585,1.);
#9585 = DIRECTION('',(-0.499999999997,-1.730666417749E-15,0.866025403786
    ));
#9586 = ORIENTED_EDGE('',*,*,#9587,.T.);
#9587 = EDGE_CURVE('',#9580,#9588,#9590,.T.);
#9588 = VERTEX_POINT('',#9589);
#9589 = CARTESIAN_POINT('',(-41.34999999998,-38.26416136191,
    -10.9421161675));
#9590 = LINE('',#9591,#9592);
#9591 = CARTESIAN_POINT('',(-38.04999999998,-38.26416136191,
    -10.9421161675));
#9592 = VECTOR('',#9593,1.);
#9593 = DIRECTION('',(-1.,0.,0.));
#9594 = ORIENTED_EDGE('',*,*,#9595,.T.);
#9595 = EDGE_CURVE('',#9588,#9554,#9596,.T.);
#9596 = LINE('',#9597,#9598);
#9597 = CARTESIAN_POINT('',(-41.34999999998,-38.26416136191,
    -10.9421161675));
#9598 = VECTOR('',#9599,1.);
#9599 = DIRECTION('',(-0.500000000004,1.73066641774E-15,-0.866025403782)
  );
#9600 = FACE_BOUND('',#9601,.T.);
#9601 = EDGE_LOOP('',(#9602));
#9602 = ORIENTED_EDGE('',*,*,#9318,.T.);
#9603 = PLANE('',#9604);
#9604 = AXIS2_PLACEMENT_3D('',#9605,#9606,#9607);
#9605 = CARTESIAN_POINT('',(-39.69999999999,-38.26416136191,
    -13.79999999999));
#9606 = DIRECTION('',(0.,1.,2.486254786433E-15));
#9607 = DIRECTION('',(0.,2.486254786433E-15,-1.));
#9608 = ADVANCED_FACE('',(#9609,#9659),#9662,.F.);
#9609 = FACE_BOUND('',#9610,.F.);
#9610 = EDGE_LOOP('',(#9611,#9621,#9629,#9637,#9645,#9653));
#9611 = ORIENTED_EDGE('',*,*,#9612,.T.);
#9612 = EDGE_CURVE('',#9613,#9615,#9617,.T.);
#9613 = VERTEX_POINT('',#9614);
#9614 = CARTESIAN_POINT('',(43.000000000003,-38.26416136191,
    -13.79999999998));
#9615 = VERTEX_POINT('',#9616);
#9616 = CARTESIAN_POINT('',(41.350000000005,-38.26416136191,
    -16.65788383248));
#9617 = LINE('',#9618,#9619);
#9618 = CARTESIAN_POINT('',(43.000000000003,-38.26416136191,
    -13.79999999998));
#9619 = VECTOR('',#9620,1.);
#9620 = DIRECTION('',(-0.499999999998,1.730666417747E-15,-0.866025403785
    ));
#9621 = ORIENTED_EDGE('',*,*,#9622,.T.);
#9622 = EDGE_CURVE('',#9615,#9623,#9625,.T.);
#9623 = VERTEX_POINT('',#9624);
#9624 = CARTESIAN_POINT('',(38.050000000004,-38.26416136191,
    -16.65788383249));
#9625 = LINE('',#9626,#9627);
#9626 = CARTESIAN_POINT('',(41.350000000005,-38.26416136191,
    -16.65788383248));
#9627 = VECTOR('',#9628,1.);
#9628 = DIRECTION('',(-1.,4.548141691736E-27,-2.275889914237E-12));
#9629 = ORIENTED_EDGE('',*,*,#9630,.T.);
#9630 = EDGE_CURVE('',#9623,#9631,#9633,.T.);
#9631 = VERTEX_POINT('',#9632);
#9632 = CARTESIAN_POINT('',(36.399999999997,-38.26416136191,-13.8));
#9633 = LINE('',#9634,#9635);
#9634 = CARTESIAN_POINT('',(38.050000000004,-38.26416136191,
    -16.65788383249));
#9635 = VECTOR('',#9636,1.);
#9636 = DIRECTION('',(-0.500000000002,-1.730666417743E-15,0.866025403783
    ));
#9637 = ORIENTED_EDGE('',*,*,#9638,.T.);
#9638 = EDGE_CURVE('',#9631,#9639,#9641,.T.);
#9639 = VERTEX_POINT('',#9640);
#9640 = CARTESIAN_POINT('',(38.049999999989,-38.26416136191,
    -10.9421161675));
#9641 = LINE('',#9642,#9643);
#9642 = CARTESIAN_POINT('',(36.399999999997,-38.26416136191,-13.8));
#9643 = VECTOR('',#9644,1.);
#9644 = DIRECTION('',(0.499999999997,-1.730666417749E-15,0.866025403786)
  );
#9645 = ORIENTED_EDGE('',*,*,#9646,.T.);
#9646 = EDGE_CURVE('',#9639,#9647,#9649,.T.);
#9647 = VERTEX_POINT('',#9648);
#9648 = CARTESIAN_POINT('',(41.349999999989,-38.26416136191,
    -10.9421161675));
#9649 = LINE('',#9650,#9651);
#9650 = CARTESIAN_POINT('',(38.049999999989,-38.26416136191,
    -10.9421161675));
#9651 = VECTOR('',#9652,1.);
#9652 = DIRECTION('',(1.,0.,0.));
#9653 = ORIENTED_EDGE('',*,*,#9654,.T.);
#9654 = EDGE_CURVE('',#9647,#9613,#9655,.T.);
#9655 = LINE('',#9656,#9657);
#9656 = CARTESIAN_POINT('',(41.349999999989,-38.26416136191,
    -10.9421161675));
#9657 = VECTOR('',#9658,1.);
#9658 = DIRECTION('',(0.500000000004,1.73066641774E-15,-0.866025403782)
  );
#9659 = FACE_BOUND('',#9660,.F.);
#9660 = EDGE_LOOP('',(#9661));
#9661 = ORIENTED_EDGE('',*,*,#9343,.F.);
#9662 = PLANE('',#9663);
#9663 = AXIS2_PLACEMENT_3D('',#9664,#9665,#9666);
#9664 = CARTESIAN_POINT('',(39.699999999998,-38.26416136191,
    -13.79999999999));
#9665 = DIRECTION('',(0.,1.,2.486254786433E-15));
#9666 = DIRECTION('',(0.,-2.486254786433E-15,1.));
#9667 = ADVANCED_FACE('',(#9668),#9693,.T.);
#9668 = FACE_BOUND('',#9669,.F.);
#9669 = EDGE_LOOP('',(#9670,#9678,#9679,#9687));
#9670 = ORIENTED_EDGE('',*,*,#9671,.T.);
#9671 = EDGE_CURVE('',#9672,#9554,#9674,.T.);
#9672 = VERTEX_POINT('',#9673);
#9673 = CARTESIAN_POINT('',(-43.,-40.86416136191,-13.79999999998));
#9674 = LINE('',#9675,#9676);
#9675 = CARTESIAN_POINT('',(-43.,-40.86416136191,-13.79999999998));
#9676 = VECTOR('',#9677,1.);
#9677 = DIRECTION('',(0.,1.,2.053912595557E-15));
#9678 = ORIENTED_EDGE('',*,*,#9553,.T.);
#9679 = ORIENTED_EDGE('',*,*,#9680,.F.);
#9680 = EDGE_CURVE('',#9681,#9556,#9683,.T.);
#9681 = VERTEX_POINT('',#9682);
#9682 = CARTESIAN_POINT('',(-41.35,-40.86416136191,-16.65788383248));
#9683 = LINE('',#9684,#9685);
#9684 = CARTESIAN_POINT('',(-41.35,-40.86416136191,-16.65788383248));
#9685 = VECTOR('',#9686,1.);
#9686 = DIRECTION('',(0.,1.,2.053912595557E-15));
#9687 = ORIENTED_EDGE('',*,*,#9688,.F.);
#9688 = EDGE_CURVE('',#9672,#9681,#9689,.T.);
#9689 = LINE('',#9690,#9691);
#9690 = CARTESIAN_POINT('',(-43.,-40.86416136191,-13.79999999998));
#9691 = VECTOR('',#9692,1.);
#9692 = DIRECTION('',(0.499999999998,1.730666417747E-15,-0.866025403785)
  );
#9693 = PLANE('',#9694);
#9694 = AXIS2_PLACEMENT_3D('',#9695,#9696,#9697);
#9695 = CARTESIAN_POINT('',(-43.,-40.86416136191,-13.79999999998));
#9696 = DIRECTION('',(0.866025403785,-1.026956297775E-15,0.499999999998)
  );
#9697 = DIRECTION('',(-0.499999999998,-1.730666417747E-15,0.866025403785
    ));
#9698 = ADVANCED_FACE('',(#9699),#9717,.T.);
#9699 = FACE_BOUND('',#9700,.F.);
#9700 = EDGE_LOOP('',(#9701,#9709,#9710,#9711));
#9701 = ORIENTED_EDGE('',*,*,#9702,.T.);
#9702 = EDGE_CURVE('',#9703,#9588,#9705,.T.);
#9703 = VERTEX_POINT('',#9704);
#9704 = CARTESIAN_POINT('',(-41.34999999998,-40.86416136191,
    -10.9421161675));
#9705 = LINE('',#9706,#9707);
#9706 = CARTESIAN_POINT('',(-41.34999999998,-40.86416136191,
    -10.9421161675));
#9707 = VECTOR('',#9708,1.);
#9708 = DIRECTION('',(0.,1.,2.053912595557E-15));
#9709 = ORIENTED_EDGE('',*,*,#9595,.T.);
#9710 = ORIENTED_EDGE('',*,*,#9671,.F.);
#9711 = ORIENTED_EDGE('',*,*,#9712,.F.);
#9712 = EDGE_CURVE('',#9703,#9672,#9713,.T.);
#9713 = LINE('',#9714,#9715);
#9714 = CARTESIAN_POINT('',(-41.34999999998,-40.86416136191,
    -10.9421161675));
#9715 = VECTOR('',#9716,1.);
#9716 = DIRECTION('',(-0.500000000004,1.73066641774E-15,-0.866025403782)
  );
#9717 = PLANE('',#9718);
#9718 = AXIS2_PLACEMENT_3D('',#9719,#9720,#9721);
#9719 = CARTESIAN_POINT('',(-41.34999999998,-40.86416136191,
    -10.9421161675));
#9720 = DIRECTION('',(0.866025403782,1.026956297787E-15,-0.500000000004)
  );
#9721 = DIRECTION('',(0.500000000004,-1.73066641774E-15,0.866025403782)
  );
#9722 = ADVANCED_FACE('',(#9723),#9741,.T.);
#9723 = FACE_BOUND('',#9724,.F.);
#9724 = EDGE_LOOP('',(#9725,#9726,#9727,#9735));
#9725 = ORIENTED_EDGE('',*,*,#9680,.T.);
#9726 = ORIENTED_EDGE('',*,*,#9563,.T.);
#9727 = ORIENTED_EDGE('',*,*,#9728,.F.);
#9728 = EDGE_CURVE('',#9729,#9564,#9731,.T.);
#9729 = VERTEX_POINT('',#9730);
#9730 = CARTESIAN_POINT('',(-38.05,-40.86416136191,-16.65788383249));
#9731 = LINE('',#9732,#9733);
#9732 = CARTESIAN_POINT('',(-38.05,-40.86416136191,-16.65788383249));
#9733 = VECTOR('',#9734,1.);
#9734 = DIRECTION('',(0.,1.,2.053912595557E-15));
#9735 = ORIENTED_EDGE('',*,*,#9736,.F.);
#9736 = EDGE_CURVE('',#9681,#9729,#9737,.T.);
#9737 = LINE('',#9738,#9739);
#9738 = CARTESIAN_POINT('',(-41.35,-40.86416136191,-16.65788383248));
#9739 = VECTOR('',#9740,1.);
#9740 = DIRECTION('',(1.,4.548141691736E-27,-2.275889914237E-12));
#9741 = PLANE('',#9742);
#9742 = AXIS2_PLACEMENT_3D('',#9743,#9744,#9745);
#9743 = CARTESIAN_POINT('',(-41.35,-40.86416136191,-16.65788383248));
#9744 = DIRECTION('',(2.275889914237E-12,-2.053912595557E-15,1.));
#9745 = DIRECTION('',(-1.,-4.548141691736E-27,2.275889914237E-12));
#9746 = ADVANCED_FACE('',(#9747),#9765,.T.);
#9747 = FACE_BOUND('',#9748,.F.);
#9748 = EDGE_LOOP('',(#9749,#9757,#9758,#9759));
#9749 = ORIENTED_EDGE('',*,*,#9750,.T.);
#9750 = EDGE_CURVE('',#9751,#9580,#9753,.T.);
#9751 = VERTEX_POINT('',#9752);
#9752 = CARTESIAN_POINT('',(-38.04999999998,-40.86416136191,
    -10.9421161675));
#9753 = LINE('',#9754,#9755);
#9754 = CARTESIAN_POINT('',(-38.04999999998,-40.86416136191,
    -10.9421161675));
#9755 = VECTOR('',#9756,1.);
#9756 = DIRECTION('',(0.,1.,2.053912595557E-15));
#9757 = ORIENTED_EDGE('',*,*,#9587,.T.);
#9758 = ORIENTED_EDGE('',*,*,#9702,.F.);
#9759 = ORIENTED_EDGE('',*,*,#9760,.F.);
#9760 = EDGE_CURVE('',#9751,#9703,#9761,.T.);
#9761 = LINE('',#9762,#9763);
#9762 = CARTESIAN_POINT('',(-38.04999999998,-40.86416136191,
    -10.9421161675));
#9763 = VECTOR('',#9764,1.);
#9764 = DIRECTION('',(-1.,0.,0.));
#9765 = PLANE('',#9766);
#9766 = AXIS2_PLACEMENT_3D('',#9767,#9768,#9769);
#9767 = CARTESIAN_POINT('',(-38.04999999998,-40.86416136191,
    -10.9421161675));
#9768 = DIRECTION('',(0.,2.053912595557E-15,-1.));
#9769 = DIRECTION('',(1.,0.,0.));
#9770 = ADVANCED_FACE('',(#9771),#9789,.T.);
#9771 = FACE_BOUND('',#9772,.F.);
#9772 = EDGE_LOOP('',(#9773,#9774,#9775,#9783));
#9773 = ORIENTED_EDGE('',*,*,#9728,.T.);
#9774 = ORIENTED_EDGE('',*,*,#9571,.T.);
#9775 = ORIENTED_EDGE('',*,*,#9776,.F.);
#9776 = EDGE_CURVE('',#9777,#9572,#9779,.T.);
#9777 = VERTEX_POINT('',#9778);
#9778 = CARTESIAN_POINT('',(-36.39999999999,-40.86416136191,-13.8));
#9779 = LINE('',#9780,#9781);
#9780 = CARTESIAN_POINT('',(-36.39999999999,-40.86416136191,-13.8));
#9781 = VECTOR('',#9782,1.);
#9782 = DIRECTION('',(0.,1.,2.053912595557E-15));
#9783 = ORIENTED_EDGE('',*,*,#9784,.F.);
#9784 = EDGE_CURVE('',#9729,#9777,#9785,.T.);
#9785 = LINE('',#9786,#9787);
#9786 = CARTESIAN_POINT('',(-38.05,-40.86416136191,-16.65788383249));
#9787 = VECTOR('',#9788,1.);
#9788 = DIRECTION('',(0.500000000002,-1.730666417743E-15,0.866025403783)
  );
#9789 = PLANE('',#9790);
#9790 = AXIS2_PLACEMENT_3D('',#9791,#9792,#9793);
#9791 = CARTESIAN_POINT('',(-38.05,-40.86416136191,-16.65788383249));
#9792 = DIRECTION('',(-0.866025403783,-1.026956297782E-15,0.500000000002
    ));
#9793 = DIRECTION('',(-0.500000000002,1.730666417743E-15,-0.866025403783
    ));
#9794 = ADVANCED_FACE('',(#9795),#9806,.T.);
#9795 = FACE_BOUND('',#9796,.F.);
#9796 = EDGE_LOOP('',(#9797,#9798,#9799,#9800));
#9797 = ORIENTED_EDGE('',*,*,#9776,.T.);
#9798 = ORIENTED_EDGE('',*,*,#9579,.T.);
#9799 = ORIENTED_EDGE('',*,*,#9750,.F.);
#9800 = ORIENTED_EDGE('',*,*,#9801,.F.);
#9801 = EDGE_CURVE('',#9777,#9751,#9802,.T.);
#9802 = LINE('',#9803,#9804);
#9803 = CARTESIAN_POINT('',(-36.39999999999,-40.86416136191,-13.8));
#9804 = VECTOR('',#9805,1.);
#9805 = DIRECTION('',(-0.499999999997,-1.730666417749E-15,0.866025403786
    ));
#9806 = PLANE('',#9807);
#9807 = AXIS2_PLACEMENT_3D('',#9808,#9809,#9810);
#9808 = CARTESIAN_POINT('',(-36.39999999999,-40.86416136191,-13.8));
#9809 = DIRECTION('',(-0.866025403786,1.026956297772E-15,-0.499999999997
    ));
#9810 = DIRECTION('',(0.499999999997,1.730666417749E-15,-0.866025403786)
  );
#9811 = ADVANCED_FACE('',(#9812),#9837,.T.);
#9812 = FACE_BOUND('',#9813,.T.);
#9813 = EDGE_LOOP('',(#9814,#9822,#9823,#9831));
#9814 = ORIENTED_EDGE('',*,*,#9815,.T.);
#9815 = EDGE_CURVE('',#9816,#9613,#9818,.T.);
#9816 = VERTEX_POINT('',#9817);
#9817 = CARTESIAN_POINT('',(43.000000000003,-40.86416136191,
    -13.79999999998));
#9818 = LINE('',#9819,#9820);
#9819 = CARTESIAN_POINT('',(43.000000000003,-40.86416136191,
    -13.79999999998));
#9820 = VECTOR('',#9821,1.);
#9821 = DIRECTION('',(0.,1.,2.053912595557E-15));
#9822 = ORIENTED_EDGE('',*,*,#9612,.T.);
#9823 = ORIENTED_EDGE('',*,*,#9824,.F.);
#9824 = EDGE_CURVE('',#9825,#9615,#9827,.T.);
#9825 = VERTEX_POINT('',#9826);
#9826 = CARTESIAN_POINT('',(41.350000000005,-40.86416136191,
    -16.65788383248));
#9827 = LINE('',#9828,#9829);
#9828 = CARTESIAN_POINT('',(41.350000000005,-40.86416136191,
    -16.65788383248));
#9829 = VECTOR('',#9830,1.);
#9830 = DIRECTION('',(0.,1.,2.053912595557E-15));
#9831 = ORIENTED_EDGE('',*,*,#9832,.F.);
#9832 = EDGE_CURVE('',#9816,#9825,#9833,.T.);
#9833 = LINE('',#9834,#9835);
#9834 = CARTESIAN_POINT('',(43.000000000003,-40.86416136191,
    -13.79999999998));
#9835 = VECTOR('',#9836,1.);
#9836 = DIRECTION('',(-0.499999999998,1.730666417747E-15,-0.866025403785
    ));
#9837 = PLANE('',#9838);
#9838 = AXIS2_PLACEMENT_3D('',#9839,#9840,#9841);
#9839 = CARTESIAN_POINT('',(43.000000000003,-40.86416136191,
    -13.79999999998));
#9840 = DIRECTION('',(-0.866025403785,-1.026956297775E-15,0.499999999998
    ));
#9841 = DIRECTION('',(-0.499999999998,1.730666417747E-15,-0.866025403785
    ));
#9842 = ADVANCED_FACE('',(#9843),#9861,.T.);
#9843 = FACE_BOUND('',#9844,.T.);
#9844 = EDGE_LOOP('',(#9845,#9853,#9854,#9855));
#9845 = ORIENTED_EDGE('',*,*,#9846,.T.);
#9846 = EDGE_CURVE('',#9847,#9647,#9849,.T.);
#9847 = VERTEX_POINT('',#9848);
#9848 = CARTESIAN_POINT('',(41.349999999989,-40.86416136191,
    -10.9421161675));
#9849 = LINE('',#9850,#9851);
#9850 = CARTESIAN_POINT('',(41.349999999989,-40.86416136191,
    -10.9421161675));
#9851 = VECTOR('',#9852,1.);
#9852 = DIRECTION('',(0.,1.,2.053912595557E-15));
#9853 = ORIENTED_EDGE('',*,*,#9654,.T.);
#9854 = ORIENTED_EDGE('',*,*,#9815,.F.);
#9855 = ORIENTED_EDGE('',*,*,#9856,.F.);
#9856 = EDGE_CURVE('',#9847,#9816,#9857,.T.);
#9857 = LINE('',#9858,#9859);
#9858 = CARTESIAN_POINT('',(41.349999999989,-40.86416136191,
    -10.9421161675));
#9859 = VECTOR('',#9860,1.);
#9860 = DIRECTION('',(0.500000000004,1.73066641774E-15,-0.866025403782)
  );
#9861 = PLANE('',#9862);
#9862 = AXIS2_PLACEMENT_3D('',#9863,#9864,#9865);
#9863 = CARTESIAN_POINT('',(41.349999999989,-40.86416136191,
    -10.9421161675));
#9864 = DIRECTION('',(-0.866025403782,1.026956297787E-15,-0.500000000004
    ));
#9865 = DIRECTION('',(0.500000000004,1.73066641774E-15,-0.866025403782)
  );
#9866 = ADVANCED_FACE('',(#9867),#9885,.T.);
#9867 = FACE_BOUND('',#9868,.T.);
#9868 = EDGE_LOOP('',(#9869,#9870,#9871,#9879));
#9869 = ORIENTED_EDGE('',*,*,#9824,.T.);
#9870 = ORIENTED_EDGE('',*,*,#9622,.T.);
#9871 = ORIENTED_EDGE('',*,*,#9872,.F.);
#9872 = EDGE_CURVE('',#9873,#9623,#9875,.T.);
#9873 = VERTEX_POINT('',#9874);
#9874 = CARTESIAN_POINT('',(38.050000000004,-40.86416136191,
    -16.65788383249));
#9875 = LINE('',#9876,#9877);
#9876 = CARTESIAN_POINT('',(38.050000000004,-40.86416136191,
    -16.65788383249));
#9877 = VECTOR('',#9878,1.);
#9878 = DIRECTION('',(0.,1.,2.053912595557E-15));
#9879 = ORIENTED_EDGE('',*,*,#9880,.F.);
#9880 = EDGE_CURVE('',#9825,#9873,#9881,.T.);
#9881 = LINE('',#9882,#9883);
#9882 = CARTESIAN_POINT('',(41.350000000005,-40.86416136191,
    -16.65788383248));
#9883 = VECTOR('',#9884,1.);
#9884 = DIRECTION('',(-1.,4.548141691736E-27,-2.275889914237E-12));
#9885 = PLANE('',#9886);
#9886 = AXIS2_PLACEMENT_3D('',#9887,#9888,#9889);
#9887 = CARTESIAN_POINT('',(41.350000000005,-40.86416136191,
    -16.65788383248));
#9888 = DIRECTION('',(-2.275889914237E-12,-2.053912595557E-15,1.));
#9889 = DIRECTION('',(-1.,4.548141691736E-27,-2.275889914237E-12));
#9890 = ADVANCED_FACE('',(#9891),#9909,.T.);
#9891 = FACE_BOUND('',#9892,.T.);
#9892 = EDGE_LOOP('',(#9893,#9901,#9902,#9903));
#9893 = ORIENTED_EDGE('',*,*,#9894,.T.);
#9894 = EDGE_CURVE('',#9895,#9639,#9897,.T.);
#9895 = VERTEX_POINT('',#9896);
#9896 = CARTESIAN_POINT('',(38.049999999989,-40.86416136191,
    -10.9421161675));
#9897 = LINE('',#9898,#9899);
#9898 = CARTESIAN_POINT('',(38.049999999989,-40.86416136191,
    -10.9421161675));
#9899 = VECTOR('',#9900,1.);
#9900 = DIRECTION('',(0.,1.,2.053912595557E-15));
#9901 = ORIENTED_EDGE('',*,*,#9646,.T.);
#9902 = ORIENTED_EDGE('',*,*,#9846,.F.);
#9903 = ORIENTED_EDGE('',*,*,#9904,.F.);
#9904 = EDGE_CURVE('',#9895,#9847,#9905,.T.);
#9905 = LINE('',#9906,#9907);
#9906 = CARTESIAN_POINT('',(38.049999999989,-40.86416136191,
    -10.9421161675));
#9907 = VECTOR('',#9908,1.);
#9908 = DIRECTION('',(1.,0.,0.));
#9909 = PLANE('',#9910);
#9910 = AXIS2_PLACEMENT_3D('',#9911,#9912,#9913);
#9911 = CARTESIAN_POINT('',(38.049999999989,-40.86416136191,
    -10.9421161675));
#9912 = DIRECTION('',(0.,2.053912595557E-15,-1.));
#9913 = DIRECTION('',(1.,0.,0.));
#9914 = ADVANCED_FACE('',(#9915),#9933,.T.);
#9915 = FACE_BOUND('',#9916,.T.);
#9916 = EDGE_LOOP('',(#9917,#9918,#9919,#9927));
#9917 = ORIENTED_EDGE('',*,*,#9872,.T.);
#9918 = ORIENTED_EDGE('',*,*,#9630,.T.);
#9919 = ORIENTED_EDGE('',*,*,#9920,.F.);
#9920 = EDGE_CURVE('',#9921,#9631,#9923,.T.);
#9921 = VERTEX_POINT('',#9922);
#9922 = CARTESIAN_POINT('',(36.399999999997,-40.86416136191,-13.8));
#9923 = LINE('',#9924,#9925);
#9924 = CARTESIAN_POINT('',(36.399999999997,-40.86416136191,-13.8));
#9925 = VECTOR('',#9926,1.);
#9926 = DIRECTION('',(0.,1.,2.053912595557E-15));
#9927 = ORIENTED_EDGE('',*,*,#9928,.F.);
#9928 = EDGE_CURVE('',#9873,#9921,#9929,.T.);
#9929 = LINE('',#9930,#9931);
#9930 = CARTESIAN_POINT('',(38.050000000004,-40.86416136191,
    -16.65788383249));
#9931 = VECTOR('',#9932,1.);
#9932 = DIRECTION('',(-0.500000000002,-1.730666417743E-15,0.866025403783
    ));
#9933 = PLANE('',#9934);
#9934 = AXIS2_PLACEMENT_3D('',#9935,#9936,#9937);
#9935 = CARTESIAN_POINT('',(38.050000000004,-40.86416136191,
    -16.65788383249));
#9936 = DIRECTION('',(0.866025403783,-1.026956297782E-15,0.500000000002)
  );
#9937 = DIRECTION('',(-0.500000000002,-1.730666417743E-15,0.866025403783
    ));
#9938 = ADVANCED_FACE('',(#9939),#9950,.T.);
#9939 = FACE_BOUND('',#9940,.T.);
#9940 = EDGE_LOOP('',(#9941,#9942,#9943,#9944));
#9941 = ORIENTED_EDGE('',*,*,#9920,.T.);
#9942 = ORIENTED_EDGE('',*,*,#9638,.T.);
#9943 = ORIENTED_EDGE('',*,*,#9894,.F.);
#9944 = ORIENTED_EDGE('',*,*,#9945,.F.);
#9945 = EDGE_CURVE('',#9921,#9895,#9946,.T.);
#9946 = LINE('',#9947,#9948);
#9947 = CARTESIAN_POINT('',(36.399999999997,-40.86416136191,-13.8));
#9948 = VECTOR('',#9949,1.);
#9949 = DIRECTION('',(0.499999999997,-1.730666417749E-15,0.866025403786)
  );
#9950 = PLANE('',#9951);
#9951 = AXIS2_PLACEMENT_3D('',#9952,#9953,#9954);
#9952 = CARTESIAN_POINT('',(36.399999999997,-40.86416136191,-13.8));
#9953 = DIRECTION('',(0.866025403786,1.026956297772E-15,-0.499999999997)
  );
#9954 = DIRECTION('',(0.499999999997,-1.730666417749E-15,0.866025403786)
  );
#9955 = ADVANCED_FACE('',(#9956),#9964,.T.);
#9956 = FACE_BOUND('',#9957,.F.);
#9957 = EDGE_LOOP('',(#9958,#9959,#9960,#9961,#9962,#9963));
#9958 = ORIENTED_EDGE('',*,*,#9688,.T.);
#9959 = ORIENTED_EDGE('',*,*,#9736,.T.);
#9960 = ORIENTED_EDGE('',*,*,#9784,.T.);
#9961 = ORIENTED_EDGE('',*,*,#9801,.T.);
#9962 = ORIENTED_EDGE('',*,*,#9760,.T.);
#9963 = ORIENTED_EDGE('',*,*,#9712,.T.);
#9964 = PLANE('',#9965);
#9965 = AXIS2_PLACEMENT_3D('',#9966,#9967,#9968);
#9966 = CARTESIAN_POINT('',(-39.69999999999,-40.86416136191,
    -13.79999999999));
#9967 = DIRECTION('',(0.,1.,2.486254786433E-15));
#9968 = DIRECTION('',(0.,2.486254786433E-15,-1.));
#9969 = ADVANCED_FACE('',(#9970),#9978,.T.);
#9970 = FACE_BOUND('',#9971,.T.);
#9971 = EDGE_LOOP('',(#9972,#9973,#9974,#9975,#9976,#9977));
#9972 = ORIENTED_EDGE('',*,*,#9832,.T.);
#9973 = ORIENTED_EDGE('',*,*,#9880,.T.);
#9974 = ORIENTED_EDGE('',*,*,#9928,.T.);
#9975 = ORIENTED_EDGE('',*,*,#9945,.T.);
#9976 = ORIENTED_EDGE('',*,*,#9904,.T.);
#9977 = ORIENTED_EDGE('',*,*,#9856,.T.);
#9978 = PLANE('',#9979);
#9979 = AXIS2_PLACEMENT_3D('',#9980,#9981,#9982);
#9980 = CARTESIAN_POINT('',(39.699999999998,-40.86416136191,
    -13.79999999999));
#9981 = DIRECTION('',(0.,1.,2.486254786433E-15));
#9982 = DIRECTION('',(0.,-2.486254786433E-15,1.));
#9983 = ( GEOMETRIC_REPRESENTATION_CONTEXT(3) 
GLOBAL_UNCERTAINTY_ASSIGNED_CONTEXT((#9987)) 
GLOBAL_UNIT_ASSIGNED_CONTEXT((#9984,#9985,#9986)) REPRESENTATION_CONTEXT
('Context #1','3D Context with UNIT and UNCERTAINTY') );
#9984 = ( LENGTH_UNIT() NAMED_UNIT(*) SI_UNIT(.MILLI.,.METRE.) );
#9985 = ( NAMED_UNIT(*) PLANE_ANGLE_UNIT() SI_UNIT($,.RADIAN.) );
#9986 = ( NAMED_UNIT(*) SI_UNIT($,.STERADIAN.) SOLID_ANGLE_UNIT() );
#9987 = UNCERTAINTY_MEASURE_WITH_UNIT(LENGTH_MEASURE(5.E-06),#9984,
  'distance_accuracy_value','confusion accuracy');
#9988 = PRODUCT_RELATED_PRODUCT_CATEGORY('part',$,(#7));
#9989 = MECHANICAL_DESIGN_GEOMETRIC_PRESENTATION_REPRESENTATION('',(
    #9990),#9983);
#9990 = STYLED_ITEM('color',(#9991),#15);
#9991 = PRESENTATION_STYLE_ASSIGNMENT((#9992,#10000));
#9992 = SURFACE_STYLE_USAGE(.BOTH.,#9993);
#9993 = SURFACE_SIDE_STYLE('',(#9994,#9998));
#9994 = SURFACE_STYLE_FILL_AREA(#9995);
#9995 = FILL_AREA_STYLE('',(#9996));
#9996 = FILL_AREA_STYLE_COLOUR('',#9997);
#9997 = COLOUR_RGB('',1.,1.,0.498039215105);
#9998 = SURFACE_STYLE_RENDERING_WITH_PROPERTIES(.NORMAL_SHADING.,#9997,(
    #9999));
#9999 = SURFACE_STYLE_TRANSPARENT(0.699999988079);
#10000 = CURVE_STYLE('',#10001,POSITIVE_LENGTH_MEASURE(0.1),#10002);
#10001 = DRAUGHTING_PRE_DEFINED_CURVE_FONT('continuous');
#10002 = DRAUGHTING_PRE_DEFINED_COLOUR('black');
ENDSEC;
END-ISO-10303-21;
